audit_id,actor_id,action,entity_type,entity_id,timestamp,metadata
AUD-0000001,USR-MER-0006-01,LOGIN,MERCHANT_SESSION,MER-0006,2026-01-01T08:49:00,"{""method"": ""password+mfa"", ""outcome"": ""success""}"
AUD-0000002,USR-MER-0004-01,VIEW_ANALYTICS,MERCHANT_DASHBOARD,MER-0004,2026-01-01T09:03:00,"{""filters_applied"": 4, ""view"": ""redemption_log""}"
AUD-0000003,USR-MER-0003-01,VIEW_ANALYTICS,MERCHANT_DASHBOARD,MER-0003,2026-01-01T09:20:00,"{""filters_applied"": 3, ""view"": ""customer_detail""}"
AUD-0000004,USR-MER-0001-01,VIEW_ANALYTICS,MERCHANT_DASHBOARD,MER-0001,2026-01-01T09:30:00,"{""filters_applied"": 2, ""view"": ""customer_detail""}"
AUD-0000005,USR-MER-0005-01,LOGIN,MERCHANT_SESSION,MER-0005,2026-01-01T09:33:00,"{""method"": ""password+mfa"", ""outcome"": ""success""}"
AUD-0000006,USR-MER-0016-01,VIEW_ANALYTICS,MERCHANT_DASHBOARD,MER-0016,2026-01-01T11:53:00,"{""filters_applied"": 0, ""view"": ""customer_detail""}"
AUD-0000007,USR-MER-0002-01,CREATE_OFFER,OFFER,OFR-0035,2026-01-01T11:54:00,"{""budget"": 24709.37, ""discount_type"": ""FIXED"", ""discount_value"": 1400.0, ""merchant_id"": ""MER-0002"", ""minimum_spend"": 499.0}"
AUD-0000008,USR-MER-0009-01,LOGIN,MERCHANT_SESSION,MER-0009,2026-01-01T12:46:00,"{""method"": ""password+mfa"", ""outcome"": ""success""}"
AUD-0000009,USR-MER-0008-01,VIEW_ANALYTICS,MERCHANT_DASHBOARD,MER-0008,2026-01-01T13:50:00,"{""filters_applied"": 4, ""view"": ""segmentation""}"
AUD-0000010,USR-MER-0010-01,LOGIN,MERCHANT_SESSION,MER-0010,2026-01-01T15:16:00,"{""method"": ""password+mfa"", ""outcome"": ""success""}"
AUD-0000011,USR-MER-0012-01,VIEW_ANALYTICS,MERCHANT_DASHBOARD,MER-0012,2026-01-01T16:46:00,"{""filters_applied"": 3, ""view"": ""redemption_log""}"
AUD-0000012,USR-MER-0009-01,LOGIN,MERCHANT_SESSION,MER-0009,2026-01-01T18:14:00,"{""method"": ""password+mfa"", ""outcome"": ""success""}"
AUD-0000013,USR-MER-0017-01,LOGIN,MERCHANT_SESSION,MER-0017,2026-01-01T18:57:00,"{""method"": ""password+mfa"", ""outcome"": ""success""}"
AUD-0000014,USR-MER-0001-01,VIEW_ANALYTICS,MERCHANT_DASHBOARD,MER-0001,2026-01-01T19:56:00,"{""filters_applied"": 0, ""view"": ""redemption_log""}"
AUD-0000015,USR-MER-0002-01,LOGIN,MERCHANT_SESSION,MER-0002,2026-01-01T20:33:00,"{""method"": ""password+mfa"", ""outcome"": ""success""}"
AUD-0000016,USR-MER-0007-01,VIEW_ANALYTICS,MERCHANT_DASHBOARD,MER-0007,2026-01-01T20:44:00,"{""filters_applied"": 0, ""view"": ""redemption_log""}"
AUD-0000017,USR-MER-0015-01,VIEW_ANALYTICS,MERCHANT_DASHBOARD,MER-0015,2026-01-01T20:47:00,"{""filters_applied"": 3, ""view"": ""campaign_performance""}"
AUD-0000018,SYS-AI-COPY,GENERATE_AI_CONTENT,CAMPAIGN,CPN-0015,2026-01-02T08:10:00,"{""model"": ""mock-copywriter-v1"", ""output_chars"": 273, ""prompt_version"": ""p2.0""}"
AUD-0000019,USR-MER-0008-01,CREATE_CAMPAIGN,CAMPAIGN,CPN-0040,2026-01-02T08:10:00,"{""merchant_id"": ""MER-0008"", ""objective"": ""WELCOME_NEW_CUSTOMERS"", ""offer_id"": ""OFR-0060""}"
AUD-0000020,USR-MER-0005-01,VIEW_ANALYTICS,MERCHANT_DASHBOARD,MER-0005,2026-01-02T08:17:00,"{""filters_applied"": 4, ""view"": ""redemption_log""}"
AUD-0000021,SYS-AI-COPY,GENERATE_AI_CONTENT,CAMPAIGN,CPN-0065,2026-01-02T08:31:00,"{""model"": ""mock-copywriter-v2"", ""output_chars"": 130, ""prompt_version"": ""p1.2""}"
AUD-0000022,SYS-AI-COPY,GENERATE_AI_CONTENT,CAMPAIGN,CPN-0040,2026-01-02T08:33:00,"{""model"": ""template-fallback-v1"", ""output_chars"": 276, ""prompt_version"": ""p2.0""}"
AUD-0000023,USR-MER-0002-01,CREATE_CAMPAIGN,CAMPAIGN,CPN-0015,2026-01-02T08:33:00,"{""merchant_id"": ""MER-0002"", ""objective"": ""REACTIVATE_INACTIVE"", ""offer_id"": ""OFR-0035""}"
AUD-0000024,USR-MER-0014-01,CREATE_CAMPAIGN,CAMPAIGN,CPN-0065,2026-01-02T08:35:00,"{""merchant_id"": ""MER-0014"", ""objective"": ""PROMOTE_HIGH_VALUE_OFFER"", ""offer_id"": ""OFR-0085""}"
AUD-0000025,USR-MER-0014-01,VIEW_ANALYTICS,MERCHANT_DASHBOARD,MER-0014,2026-01-02T09:05:00,"{""filters_applied"": 4, ""view"": ""redemption_log""}"
AUD-0000026,USR-MER-0008-01,VIEW_ANALYTICS,MERCHANT_DASHBOARD,MER-0008,2026-01-02T09:23:00,"{""filters_applied"": 4, ""view"": ""campaign_performance""}"
AUD-0000027,USR-MER-0018-01,LOGIN,MERCHANT_SESSION,MER-0018,2026-01-02T09:29:00,"{""method"": ""password+mfa"", ""outcome"": ""success""}"
AUD-0000028,USR-MER-0012-01,VIEW_ANALYTICS,MERCHANT_DASHBOARD,MER-0012,2026-01-02T10:43:00,"{""filters_applied"": 1, ""view"": ""segmentation""}"
AUD-0000029,USR-MER-0008-01,VIEW_ANALYTICS,MERCHANT_DASHBOARD,MER-0008,2026-01-02T11:56:00,"{""filters_applied"": 1, ""view"": ""segmentation""}"
AUD-0000030,USR-MER-0018-01,VIEW_ANALYTICS,MERCHANT_DASHBOARD,MER-0018,2026-01-02T12:02:00,"{""filters_applied"": 3, ""view"": ""campaign_performance""}"
AUD-0000031,USR-MER-0011-01,VIEW_ANALYTICS,MERCHANT_DASHBOARD,MER-0011,2026-01-02T12:39:00,"{""filters_applied"": 2, ""view"": ""campaign_performance""}"
AUD-0000032,USR-MER-0011-01,VIEW_ANALYTICS,MERCHANT_DASHBOARD,MER-0011,2026-01-02T13:03:00,"{""filters_applied"": 4, ""view"": ""campaign_performance""}"
AUD-0000033,USR-MER-0008-01,LAUNCH_CAMPAIGN,CAMPAIGN,CPN-0040,2026-01-02T13:38:00,"{""campaign_id"": ""CPN-0040""}"
AUD-0000034,USR-MER-0006-01,VIEW_ANALYTICS,MERCHANT_DASHBOARD,MER-0006,2026-01-02T14:03:00,"{""filters_applied"": 0, ""view"": ""customer_detail""}"
AUD-0000035,USR-MER-0006-01,VIEW_ANALYTICS,MERCHANT_DASHBOARD,MER-0006,2026-01-02T15:10:00,"{""filters_applied"": 3, ""view"": ""customer_detail""}"
AUD-0000036,USR-MER-0008-01,VIEW_ANALYTICS,MERCHANT_DASHBOARD,MER-0008,2026-01-02T16:59:00,"{""filters_applied"": 0, ""view"": ""customer_detail""}"
AUD-0000037,SYS-REDEEM,REDEMPTION_CONFIRMED,REDEMPTION,RED-000001,2026-01-02T18:03:00,"{""discount_applied"": 2837.2, ""gross_bill_amount"": 28372.0, ""offer_id"": ""OFR-0060"", ""redemption_id"": ""RED-000001"", ""transaction_id"": ""TXN-0000147""}"
AUD-0000038,USR-MER-0006-01,LOGIN,MERCHANT_SESSION,MER-0006,2026-01-02T18:21:00,"{""method"": ""password+mfa"", ""outcome"": ""success""}"
AUD-0000039,USR-MER-0002-01,VIEW_ANALYTICS,MERCHANT_DASHBOARD,MER-0002,2026-01-02T18:23:00,"{""filters_applied"": 0, ""view"": ""redemption_log""}"
AUD-0000040,USR-MER-0015-01,VIEW_ANALYTICS,MERCHANT_DASHBOARD,MER-0015,2026-01-02T19:35:00,"{""filters_applied"": 4, ""view"": ""campaign_performance""}"
AUD-0000041,USR-MER-0018-01,VIEW_ANALYTICS,MERCHANT_DASHBOARD,MER-0018,2026-01-02T21:39:00,"{""filters_applied"": 4, ""view"": ""segmentation""}"
AUD-0000042,USR-MER-0015-01,LOGIN,MERCHANT_SESSION,MER-0015,2026-01-03T08:03:00,"{""method"": ""password+mfa"", ""outcome"": ""success""}"
AUD-0000043,USR-MER-0002-01,CREATE_OFFER,OFFER,OFR-0038,2026-01-03T08:59:00,"{""budget"": 14241.41, ""discount_type"": ""FIXED"", ""discount_value"": 600.0, ""merchant_id"": ""MER-0002"", ""minimum_spend"": 1499.0}"
AUD-0000044,USR-MER-0002-01,CREATE_CAMPAIGN,CAMPAIGN,CPN-0018,2026-01-03T09:39:00,"{""merchant_id"": ""MER-0002"", ""objective"": ""REACTIVATE_INACTIVE"", ""offer_id"": ""OFR-0038""}"
AUD-0000045,USR-MER-0014-01,LAUNCH_CAMPAIGN,CAMPAIGN,CPN-0065,2026-01-03T09:40:00,"{""campaign_id"": ""CPN-0065""}"
AUD-0000046,SYS-AI-COPY,GENERATE_AI_CONTENT,CAMPAIGN,CPN-0018,2026-01-03T09:52:00,"{""model"": ""template-fallback-v1"", ""output_chars"": 275, ""prompt_version"": ""p1.1""}"
AUD-0000047,USR-MER-0011-01,LOGIN,MERCHANT_SESSION,MER-0011,2026-01-03T10:38:00,"{""method"": ""password+mfa"", ""outcome"": ""success""}"
AUD-0000048,USR-MER-0008-01,LOGIN,MERCHANT_SESSION,MER-0008,2026-01-03T10:53:00,"{""method"": ""password+mfa"", ""outcome"": ""success""}"
AUD-0000049,USR-MER-0005-01,LOGIN,MERCHANT_SESSION,MER-0005,2026-01-03T11:46:00,"{""method"": ""password+mfa"", ""outcome"": ""success""}"
AUD-0000050,USR-MER-0009-01,VIEW_ANALYTICS,MERCHANT_DASHBOARD,MER-0009,2026-01-03T12:42:00,"{""filters_applied"": 4, ""view"": ""segmentation""}"
AUD-0000051,USR-MER-0015-01,VIEW_ANALYTICS,MERCHANT_DASHBOARD,MER-0015,2026-01-03T13:25:00,"{""filters_applied"": 0, ""view"": ""redemption_log""}"
AUD-0000052,USR-MER-0002-01,UPDATE_OFFER,OFFER,OFR-0035,2026-01-03T15:54:00,"{""changed_fields"": [""minimum_spend""], ""merchant_id"": ""MER-0002""}"
AUD-0000053,USR-MER-0004-01,LOGIN,MERCHANT_SESSION,MER-0004,2026-01-03T16:16:00,"{""method"": ""password+mfa"", ""outcome"": ""success""}"
AUD-0000054,SYS-REDEEM,REDEMPTION_CONFIRMED,REDEMPTION,RED-000002,2026-01-03T18:38:00,"{""discount_applied"": 62.85, ""gross_bill_amount"": 628.49, ""offer_id"": ""OFR-0060"", ""redemption_id"": ""RED-000002"", ""transaction_id"": ""TXN-0000235""}"
AUD-0000055,USR-MER-0002-01,VIEW_ANALYTICS,MERCHANT_DASHBOARD,MER-0002,2026-01-03T18:51:00,"{""filters_applied"": 2, ""view"": ""redemption_log""}"
AUD-0000056,SYS-REDEEM,REDEMPTION_CONFIRMED,REDEMPTION,RED-000003,2026-01-03T19:38:00,"{""discount_applied"": 3279.8, ""gross_bill_amount"": 32797.97, ""offer_id"": ""OFR-0060"", ""redemption_id"": ""RED-000003"", ""transaction_id"": ""TXN-0000246""}"
AUD-0000057,SYS-REDEEM,REDEMPTION_CONFIRMED,REDEMPTION,RED-000004,2026-01-03T19:38:00,"{""discount_applied"": 81.09, ""gross_bill_amount"": 810.92, ""offer_id"": ""OFR-0060"", ""redemption_id"": ""RED-000004"", ""transaction_id"": ""TXN-0000247""}"
AUD-0000058,SYS-REDEEM,REDEMPTION_CONFIRMED,REDEMPTION,RED-000005,2026-01-03T19:38:00,"{""discount_applied"": 53.94, ""gross_bill_amount"": 539.42, ""offer_id"": ""OFR-0060"", ""redemption_id"": ""RED-000005"", ""transaction_id"": ""TXN-0000248""}"
AUD-0000059,USR-MER-0008-01,CANCEL_CAMPAIGN,CAMPAIGN,CPN-0040,2026-01-03T20:38:00,"{""campaign_id"": ""CPN-0040""}"
AUD-0000060,USR-MER-0018-01,LOGIN,MERCHANT_SESSION,MER-0018,2026-01-03T21:14:00,"{""method"": ""password+mfa"", ""outcome"": ""success""}"
AUD-0000061,USR-MER-0002-01,CANCEL_CAMPAIGN,CAMPAIGN,CPN-0015,2026-01-03T23:02:00,"{""campaign_id"": ""CPN-0015""}"
AUD-0000062,USR-MER-0002-01,UPDATE_OFFER,OFFER,OFR-0038,2026-01-03T23:59:00,"{""changed_fields"": [""expiry_time""], ""merchant_id"": ""MER-0002""}"
AUD-0000063,USR-MER-0008-01,APPROVE_CAMPAIGN,CAMPAIGN,CPN-0040,2026-01-04T01:00:00,"{""campaign_id"": ""CPN-0040""}"
AUD-0000064,USR-MER-0014-01,APPROVE_CAMPAIGN,CAMPAIGN,CPN-0065,2026-01-04T01:23:00,"{""campaign_id"": ""CPN-0065""}"
AUD-0000065,USR-MER-0002-01,APPROVE_CAMPAIGN,CAMPAIGN,CPN-0015,2026-01-04T02:27:00,"{""campaign_id"": ""CPN-0015""}"
AUD-0000066,USR-MER-0018-01,VIEW_ANALYTICS,MERCHANT_DASHBOARD,MER-0018,2026-01-04T09:09:00,"{""filters_applied"": 1, ""view"": ""segmentation""}"
AUD-0000067,USR-MER-0016-01,LOGIN,MERCHANT_SESSION,MER-0016,2026-01-04T09:10:00,"{""method"": ""password+mfa"", ""outcome"": ""success""}"
AUD-0000068,USR-MER-0006-01,VIEW_ANALYTICS,MERCHANT_DASHBOARD,MER-0006,2026-01-04T12:44:00,"{""filters_applied"": 4, ""view"": ""redemption_log""}"
AUD-0000069,USR-MER-0006-01,LOGIN,MERCHANT_SESSION,MER-0006,2026-01-04T12:45:00,"{""method"": ""password+mfa"", ""outcome"": ""success""}"
AUD-0000070,USR-MER-0011-01,LOGIN,MERCHANT_SESSION,MER-0011,2026-01-04T17:03:00,"{""method"": ""password+mfa"", ""outcome"": ""success""}"
AUD-0000071,USR-MER-0008-01,VIEW_ANALYTICS,MERCHANT_DASHBOARD,MER-0008,2026-01-04T17:22:00,"{""filters_applied"": 4, ""view"": ""customer_detail""}"
AUD-0000072,USR-MER-0009-01,LOGIN,MERCHANT_SESSION,MER-0009,2026-01-04T18:44:00,"{""method"": ""password+mfa"", ""outcome"": ""success""}"
AUD-0000073,USR-MER-0009-01,VIEW_ANALYTICS,MERCHANT_DASHBOARD,MER-0009,2026-01-04T19:46:00,"{""filters_applied"": 3, ""view"": ""segmentation""}"
AUD-0000074,USR-MER-0005-01,LOGIN,MERCHANT_SESSION,MER-0005,2026-01-04T21:10:00,"{""method"": ""password+mfa"", ""outcome"": ""success""}"
AUD-0000075,USR-MER-0013-01,VIEW_ANALYTICS,MERCHANT_DASHBOARD,MER-0013,2026-01-04T21:54:00,"{""filters_applied"": 4, ""view"": ""customer_detail""}"
AUD-0000076,SYS-AI-COPY,GENERATE_AI_CONTENT,CAMPAIGN,CPN-0051,2026-01-05T05:17:00,"{""model"": ""mock-copywriter-v1"", ""output_chars"": 181, ""prompt_version"": ""p1.0""}"
AUD-0000077,USR-MER-0011-01,CREATE_CAMPAIGN,CAMPAIGN,CPN-0051,2026-01-05T05:19:00,"{""merchant_id"": ""MER-0011"", ""objective"": ""INCREASE_REPEAT_PURCHASE"", ""offer_id"": ""OFR-0071""}"
AUD-0000078,SYS-REDEEM,REDEMPTION_CONFIRMED,REDEMPTION,RED-000006,2026-01-05T06:59:52,"{""discount_applied"": 1200.0, ""gross_bill_amount"": 3593.82, ""offer_id"": ""OFR-0085"", ""redemption_id"": ""RED-000006"", ""transaction_id"": ""TXN-0000330""}"
AUD-0000079,USR-MER-0001-01,LOGIN,MERCHANT_SESSION,MER-0001,2026-01-05T08:43:00,"{""method"": ""password+mfa"", ""outcome"": ""success""}"
AUD-0000080,USR-MER-0007-01,VIEW_ANALYTICS,MERCHANT_DASHBOARD,MER-0007,2026-01-05T09:41:00,"{""filters_applied"": 4, ""view"": ""customer_detail""}"
AUD-0000081,USR-MER-0017-01,LOGIN,MERCHANT_SESSION,MER-0017,2026-01-05T09:47:00,"{""method"": ""password+mfa"", ""outcome"": ""success""}"
AUD-0000082,USR-MER-0002-01,VIEW_ANALYTICS,MERCHANT_DASHBOARD,MER-0002,2026-01-05T10:33:00,"{""filters_applied"": 0, ""view"": ""redemption_log""}"
AUD-0000083,USR-MER-0011-01,VIEW_ANALYTICS,MERCHANT_DASHBOARD,MER-0011,2026-01-05T10:52:00,"{""filters_applied"": 4, ""view"": ""segmentation""}"
AUD-0000084,USR-MER-0002-01,APPROVE_CAMPAIGN,CAMPAIGN,CPN-0018,2026-01-05T11:22:00,"{""campaign_id"": ""CPN-0018""}"
AUD-0000085,USR-MER-0010-01,VIEW_ANALYTICS,MERCHANT_DASHBOARD,MER-0010,2026-01-05T12:13:00,"{""filters_applied"": 2, ""view"": ""redemption_log""}"
AUD-0000086,USR-MER-0006-01,LOGIN,MERCHANT_SESSION,MER-0006,2026-01-05T12:24:00,"{""method"": ""password+mfa"", ""outcome"": ""success""}"
AUD-0000087,USR-MER-0001-01,LOGIN,MERCHANT_SESSION,MER-0001,2026-01-05T12:48:00,"{""method"": ""password+mfa"", ""outcome"": ""success""}"
AUD-0000088,USR-MER-0014-01,LOGIN,MERCHANT_SESSION,MER-0014,2026-01-05T13:29:00,"{""method"": ""password+mfa"", ""outcome"": ""success""}"
AUD-0000089,USR-MER-0015-01,VIEW_ANALYTICS,MERCHANT_DASHBOARD,MER-0015,2026-01-05T13:43:00,"{""filters_applied"": 1, ""view"": ""redemption_log""}"
AUD-0000090,USR-MER-0010-01,LOGIN,MERCHANT_SESSION,MER-0010,2026-01-05T14:32:00,"{""method"": ""password+mfa"", ""outcome"": ""success""}"
AUD-0000091,USR-MER-0011-01,LOGIN,MERCHANT_SESSION,MER-0011,2026-01-05T14:41:00,"{""method"": ""password+mfa"", ""outcome"": ""success""}"
AUD-0000092,USR-MER-0012-01,VIEW_ANALYTICS,MERCHANT_DASHBOARD,MER-0012,2026-01-05T14:45:00,"{""filters_applied"": 3, ""view"": ""campaign_performance""}"
AUD-0000093,USR-MER-0010-01,VIEW_ANALYTICS,MERCHANT_DASHBOARD,MER-0010,2026-01-05T15:01:00,"{""filters_applied"": 4, ""view"": ""customer_detail""}"
AUD-0000094,USR-MER-0018-01,LOGIN,MERCHANT_SESSION,MER-0018,2026-01-05T16:04:00,"{""method"": ""password+mfa"", ""outcome"": ""success""}"
AUD-0000095,USR-MER-0006-01,VIEW_ANALYTICS,MERCHANT_DASHBOARD,MER-0006,2026-01-05T16:43:00,"{""filters_applied"": 3, ""view"": ""campaign_performance""}"
AUD-0000096,USR-MER-0005-01,VIEW_ANALYTICS,MERCHANT_DASHBOARD,MER-0005,2026-01-05T16:45:00,"{""filters_applied"": 4, ""view"": ""customer_detail""}"
AUD-0000097,USR-MER-0012-01,LOGIN,MERCHANT_SESSION,MER-0012,2026-01-05T16:59:00,"{""method"": ""password+mfa"", ""outcome"": ""success""}"
AUD-0000098,USR-MER-0003-01,VIEW_ANALYTICS,MERCHANT_DASHBOARD,MER-0003,2026-01-05T17:29:00,"{""filters_applied"": 2, ""view"": ""segmentation""}"
AUD-0000099,USR-MER-0002-01,VIEW_ANALYTICS,MERCHANT_DASHBOARD,MER-0002,2026-01-05T17:41:00,"{""filters_applied"": 4, ""view"": ""campaign_performance""}"
AUD-0000100,USR-MER-0020-01,CREATE_OFFER,OFFER,OFR-0020,2026-01-05T18:46:00,"{""budget"": 25379.37, ""discount_type"": ""FIXED"", ""discount_value"": 1000.0, ""merchant_id"": ""MER-0020"", ""minimum_spend"": 499.0}"
AUD-0000101,USR-MER-0012-01,LOGIN,MERCHANT_SESSION,MER-0012,2026-01-05T20:38:00,"{""method"": ""password+mfa"", ""outcome"": ""success""}"
AUD-0000102,USR-MER-0013-01,LOGIN,MERCHANT_SESSION,MER-0013,2026-01-05T21:02:00,"{""method"": ""password+mfa"", ""outcome"": ""success""}"
AUD-0000103,USR-MER-0013-01,VIEW_ANALYTICS,MERCHANT_DASHBOARD,MER-0013,2026-01-05T21:06:00,"{""filters_applied"": 0, ""view"": ""redemption_log""}"
AUD-0000104,USR-MER-0016-01,VIEW_ANALYTICS,MERCHANT_DASHBOARD,MER-0016,2026-01-05T21:15:00,"{""filters_applied"": 1, ""view"": ""campaign_performance""}"
AUD-0000105,USR-MER-0012-01,LOGIN,MERCHANT_SESSION,MER-0012,2026-01-05T21:40:00,"{""method"": ""password+mfa"", ""outcome"": ""success""}"
AUD-0000106,USR-MER-0004-01,LOGIN,MERCHANT_SESSION,MER-0004,2026-01-05T21:58:00,"{""method"": ""password+mfa"", ""outcome"": ""success""}"
AUD-0000107,USR-MER-0009-01,LOGIN,MERCHANT_SESSION,MER-0009,2026-01-06T08:33:00,"{""method"": ""password+mfa"", ""outcome"": ""success""}"
AUD-0000108,USR-MER-0005-01,LOGIN,MERCHANT_SESSION,MER-0005,2026-01-06T14:27:00,"{""method"": ""password+mfa"", ""outcome"": ""success""}"
AUD-0000109,USR-MER-0004-01,LOGIN,MERCHANT_SESSION,MER-0004,2026-01-06T15:06:00,"{""method"": ""password+mfa"", ""outcome"": ""success""}"
AUD-0000110,USR-MER-0017-01,VIEW_ANALYTICS,MERCHANT_DASHBOARD,MER-0017,2026-01-06T16:20:00,"{""filters_applied"": 2, ""view"": ""customer_detail""}"
AUD-0000111,USR-MER-0011-01,APPROVE_CAMPAIGN,CAMPAIGN,CPN-0051,2026-01-06T17:36:00,"{""campaign_id"": ""CPN-0051""}"
AUD-0000112,USR-MER-0012-01,LOGIN,MERCHANT_SESSION,MER-0012,2026-01-06T17:39:00,"{""method"": ""password+mfa"", ""outcome"": ""success""}"
AUD-0000113,USR-MER-0002-01,LOGIN,MERCHANT_SESSION,MER-0002,2026-01-06T18:50:00,"{""method"": ""password+mfa"", ""outcome"": ""success""}"
AUD-0000114,USR-MER-0001-01,VIEW_ANALYTICS,MERCHANT_DASHBOARD,MER-0001,2026-01-06T21:18:00,"{""filters_applied"": 4, ""view"": ""customer_detail""}"
AUD-0000115,USR-MER-0018-01,LOGIN,MERCHANT_SESSION,MER-0018,2026-01-06T21:58:00,"{""method"": ""password+mfa"", ""outcome"": ""success""}"
AUD-0000116,USR-MER-0004-01,VIEW_ANALYTICS,MERCHANT_DASHBOARD,MER-0004,2026-01-07T12:32:00,"{""filters_applied"": 2, ""view"": ""campaign_performance""}"
AUD-0000117,USR-MER-0007-01,VIEW_ANALYTICS,MERCHANT_DASHBOARD,MER-0007,2026-01-07T12:58:00,"{""filters_applied"": 4, ""view"": ""segmentation""}"
AUD-0000118,USR-MER-0006-01,VIEW_ANALYTICS,MERCHANT_DASHBOARD,MER-0006,2026-01-07T15:03:00,"{""filters_applied"": 1, ""view"": ""campaign_performance""}"
AUD-0000119,USR-MER-0008-01,LOGIN,MERCHANT_SESSION,MER-0008,2026-01-07T15:32:00,"{""method"": ""password+mfa"", ""outcome"": ""success""}"
AUD-0000120,USR-MER-0006-01,LOGIN,MERCHANT_SESSION,MER-0006,2026-01-07T16:04:00,"{""method"": ""password+mfa"", ""outcome"": ""success""}"
AUD-0000121,USR-MER-0008-01,LOGIN,MERCHANT_SESSION,MER-0008,2026-01-07T18:24:00,"{""method"": ""password+mfa"", ""outcome"": ""success""}"
AUD-0000122,USR-MER-0010-01,LOGIN,MERCHANT_SESSION,MER-0010,2026-01-07T20:36:00,"{""method"": ""password+mfa"", ""outcome"": ""success""}"
AUD-0000123,SYS-REDEEM,REDEMPTION_CONFIRMED,REDEMPTION,RED-000007,2026-01-07T22:55:52,"{""discount_applied"": 1200.0, ""gross_bill_amount"": 4704.77, ""offer_id"": ""OFR-0085"", ""redemption_id"": ""RED-000007"", ""transaction_id"": ""TXN-0000579""}"
AUD-0000124,SYS-REDEEM,REDEMPTION_REJECTED,REDEMPTION,RED-000008,2026-01-07T22:58:52,"{""discount_applied"": 1200.0, ""gross_bill_amount"": 4704.77, ""offer_id"": ""OFR-0085"", ""reason"": ""DUPLICATE_REDEMPTION"", ""redemption_id"": ""RED-000008"", ""transaction_id"": ""TXN-0000579""}"
AUD-0000125,USR-MER-0017-01,VIEW_ANALYTICS,MERCHANT_DASHBOARD,MER-0017,2026-01-08T09:09:00,"{""filters_applied"": 2, ""view"": ""segmentation""}"
AUD-0000126,USR-MER-0004-01,VIEW_ANALYTICS,MERCHANT_DASHBOARD,MER-0004,2026-01-08T11:06:00,"{""filters_applied"": 0, ""view"": ""redemption_log""}"
AUD-0000127,SYS-AI-COPY,GENERATE_AI_CONTENT,CAMPAIGN,CPN-0029,2026-01-08T12:57:00,"{""model"": ""mock-copywriter-v2"", ""output_chars"": 125, ""prompt_version"": ""p1.0""}"
AUD-0000128,USR-MER-0005-01,CREATE_CAMPAIGN,CAMPAIGN,CPN-0029,2026-01-08T13:05:00,"{""merchant_id"": ""MER-0005"", ""objective"": ""REWARD_FREQUENT_CUSTOMERS"", ""offer_id"": ""OFR-0049""}"
AUD-0000129,USR-MER-0002-01,LAUNCH_CAMPAIGN,CAMPAIGN,CPN-0018,2026-01-08T14:15:00,"{""campaign_id"": ""CPN-0018""}"
AUD-0000130,USR-MER-0008-01,LOGIN,MERCHANT_SESSION,MER-0008,2026-01-08T19:26:00,"{""method"": ""password+mfa"", ""outcome"": ""success""}"
AUD-0000131,USR-MER-0015-01,VIEW_ANALYTICS,MERCHANT_DASHBOARD,MER-0015,2026-01-08T20:45:00,"{""filters_applied"": 3, ""view"": ""campaign_performance""}"
AUD-0000132,USR-MER-0001-01,VIEW_ANALYTICS,MERCHANT_DASHBOARD,MER-0001,2026-01-08T21:12:00,"{""filters_applied"": 4, ""view"": ""customer_detail""}"
AUD-0000133,USR-MER-0005-01,APPROVE_CAMPAIGN,CAMPAIGN,CPN-0029,2026-01-09T00:41:00,"{""campaign_id"": ""CPN-0029""}"
AUD-0000134,USR-MER-0007-01,VIEW_ANALYTICS,MERCHANT_DASHBOARD,MER-0007,2026-01-09T09:16:00,"{""filters_applied"": 3, ""view"": ""customer_detail""}"
AUD-0000135,USR-MER-0011-01,LOGIN,MERCHANT_SESSION,MER-0011,2026-01-09T09:40:00,"{""method"": ""password+mfa"", ""outcome"": ""success""}"
AUD-0000136,USR-MER-0003-01,LOGIN,MERCHANT_SESSION,MER-0003,2026-01-09T09:51:00,"{""method"": ""password+mfa"", ""outcome"": ""success""}"
AUD-0000137,USR-MER-0017-01,CREATE_CAMPAIGN,CAMPAIGN,CPN-0073,2026-01-09T10:07:00,"{""merchant_id"": ""MER-0017"", ""objective"": ""SEASONAL_PROMOTION"", ""offer_id"": ""OFR-0093""}"
AUD-0000138,SYS-AI-COPY,GENERATE_AI_CONTENT,CAMPAIGN,CPN-0073,2026-01-09T10:09:00,"{""model"": ""mock-copywriter-v1"", ""output_chars"": 282, ""prompt_version"": ""p2.0""}"
AUD-0000139,USR-MER-0016-01,VIEW_ANALYTICS,MERCHANT_DASHBOARD,MER-0016,2026-01-09T11:19:00,"{""filters_applied"": 2, ""view"": ""redemption_log""}"
AUD-0000140,USR-MER-0004-01,LOGIN,MERCHANT_SESSION,MER-0004,2026-01-09T11:37:00,"{""method"": ""password+mfa"", ""outcome"": ""success""}"
AUD-0000141,USR-MER-0017-01,VIEW_ANALYTICS,MERCHANT_DASHBOARD,MER-0017,2026-01-09T12:04:00,"{""filters_applied"": 4, ""view"": ""segmentation""}"
AUD-0000142,USR-MER-0017-01,VIEW_ANALYTICS,MERCHANT_DASHBOARD,MER-0017,2026-01-09T12:46:00,"{""filters_applied"": 1, ""view"": ""redemption_log""}"
AUD-0000143,USR-MER-0015-01,VIEW_ANALYTICS,MERCHANT_DASHBOARD,MER-0015,2026-01-09T13:26:00,"{""filters_applied"": 2, ""view"": ""redemption_log""}"
AUD-0000144,USR-MER-0013-01,LOGIN,MERCHANT_SESSION,MER-0013,2026-01-09T14:03:00,"{""method"": ""password+mfa"", ""outcome"": ""success""}"
AUD-0000145,USR-MER-0007-01,VIEW_ANALYTICS,MERCHANT_DASHBOARD,MER-0007,2026-01-09T14:39:00,"{""filters_applied"": 1, ""view"": ""segmentation""}"
AUD-0000146,USR-MER-0014-01,LOGIN,MERCHANT_SESSION,MER-0014,2026-01-09T15:53:00,"{""method"": ""password+mfa"", ""outcome"": ""success""}"
AUD-0000147,USR-MER-0017-01,LOGIN,MERCHANT_SESSION,MER-0017,2026-01-09T16:01:00,"{""method"": ""password+mfa"", ""outcome"": ""success""}"
AUD-0000148,USR-MER-0005-01,VIEW_ANALYTICS,MERCHANT_DASHBOARD,MER-0005,2026-01-09T18:03:00,"{""filters_applied"": 3, ""view"": ""segmentation""}"
AUD-0000149,USR-MER-0012-01,VIEW_ANALYTICS,MERCHANT_DASHBOARD,MER-0012,2026-01-09T18:07:00,"{""filters_applied"": 2, ""view"": ""campaign_performance""}"
AUD-0000150,USR-MER-0011-01,VIEW_ANALYTICS,MERCHANT_DASHBOARD,MER-0011,2026-01-09T18:18:00,"{""filters_applied"": 0, ""view"": ""customer_detail""}"
AUD-0000151,USR-MER-0016-01,VIEW_ANALYTICS,MERCHANT_DASHBOARD,MER-0016,2026-01-09T18:47:00,"{""filters_applied"": 3, ""view"": ""customer_detail""}"
AUD-0000152,USR-MER-0002-01,VIEW_ANALYTICS,MERCHANT_DASHBOARD,MER-0002,2026-01-09T19:51:00,"{""filters_applied"": 2, ""view"": ""redemption_log""}"
AUD-0000153,USR-MER-0007-01,VIEW_ANALYTICS,MERCHANT_DASHBOARD,MER-0007,2026-01-09T21:34:00,"{""filters_applied"": 4, ""view"": ""redemption_log""}"
AUD-0000154,USR-MER-0017-01,APPROVE_CAMPAIGN,CAMPAIGN,CPN-0073,2026-01-10T05:29:00,"{""campaign_id"": ""CPN-0073""}"
AUD-0000155,USR-MER-0001-01,LOGIN,MERCHANT_SESSION,MER-0001,2026-01-10T08:13:00,"{""method"": ""password+mfa"", ""outcome"": ""success""}"
AUD-0000156,USR-MER-0009-01,VIEW_ANALYTICS,MERCHANT_DASHBOARD,MER-0009,2026-01-10T11:24:00,"{""filters_applied"": 3, ""view"": ""customer_detail""}"
AUD-0000157,SYS-REDEEM,REDEMPTION_CONFIRMED,REDEMPTION,RED-000009,2026-01-10T11:27:51,"{""discount_applied"": 600.0, ""gross_bill_amount"": 1670.53, ""offer_id"": ""OFR-0038"", ""redemption_id"": ""RED-000009"", ""transaction_id"": ""TXN-0000736""}"
AUD-0000158,USR-MER-0003-01,LOGIN,MERCHANT_SESSION,MER-0003,2026-01-10T11:47:00,"{""method"": ""password+mfa"", ""outcome"": ""success""}"
AUD-0000159,USR-MER-0013-01,VIEW_ANALYTICS,MERCHANT_DASHBOARD,MER-0013,2026-01-10T12:14:00,"{""filters_applied"": 4, ""view"": ""segmentation""}"
AUD-0000160,USR-MER-0004-01,LOGIN,MERCHANT_SESSION,MER-0004,2026-01-10T12:29:00,"{""method"": ""password+mfa"", ""outcome"": ""success""}"
AUD-0000161,USR-MER-0001-01,LOGIN,MERCHANT_SESSION,MER-0001,2026-01-10T13:25:00,"{""method"": ""password+mfa"", ""outcome"": ""success""}"
AUD-0000162,USR-MER-0009-01,VIEW_ANALYTICS,MERCHANT_DASHBOARD,MER-0009,2026-01-10T15:27:00,"{""filters_applied"": 3, ""view"": ""campaign_performance""}"
AUD-0000163,USR-MER-0015-01,VIEW_ANALYTICS,MERCHANT_DASHBOARD,MER-0015,2026-01-10T16:08:00,"{""filters_applied"": 1, ""view"": ""segmentation""}"
AUD-0000164,USR-MER-0015-01,VIEW_ANALYTICS,MERCHANT_DASHBOARD,MER-0015,2026-01-10T17:11:00,"{""filters_applied"": 2, ""view"": ""redemption_log""}"
AUD-0000165,USR-MER-0009-01,LOGIN,MERCHANT_SESSION,MER-0009,2026-01-10T19:21:00,"{""method"": ""password+mfa"", ""outcome"": ""success""}"
AUD-0000166,USR-MER-0018-01,VIEW_ANALYTICS,MERCHANT_DASHBOARD,MER-0018,2026-01-10T20:31:00,"{""filters_applied"": 3, ""view"": ""campaign_performance""}"
AUD-0000167,USR-MER-0018-01,LOGIN,MERCHANT_SESSION,MER-0018,2026-01-10T21:52:00,"{""method"": ""password+mfa"", ""outcome"": ""success""}"
AUD-0000168,USR-MER-0015-01,VIEW_ANALYTICS,MERCHANT_DASHBOARD,MER-0015,2026-01-11T08:06:00,"{""filters_applied"": 0, ""view"": ""campaign_performance""}"
AUD-0000169,USR-MER-0010-01,VIEW_ANALYTICS,MERCHANT_DASHBOARD,MER-0010,2026-01-11T09:00:00,"{""filters_applied"": 1, ""view"": ""redemption_log""}"
AUD-0000170,USR-MER-0005-01,LOGIN,MERCHANT_SESSION,MER-0005,2026-01-11T10:13:00,"{""method"": ""password+mfa"", ""outcome"": ""success""}"
AUD-0000171,SYS-REDEEM,REDEMPTION_CONFIRMED,REDEMPTION,RED-000010,2026-01-11T10:43:09,"{""discount_applied"": 600.0, ""gross_bill_amount"": 2609.82, ""offer_id"": ""OFR-0038"", ""redemption_id"": ""RED-000010"", ""transaction_id"": ""TXN-0000798""}"
AUD-0000172,USR-MER-0009-01,LOGIN,MERCHANT_SESSION,MER-0009,2026-01-11T10:53:00,"{""method"": ""password+mfa"", ""outcome"": ""success""}"
AUD-0000173,USR-MER-0006-01,LOGIN,MERCHANT_SESSION,MER-0006,2026-01-11T12:48:00,"{""method"": ""password+mfa"", ""outcome"": ""success""}"
AUD-0000174,USR-MER-0002-01,VIEW_ANALYTICS,MERCHANT_DASHBOARD,MER-0002,2026-01-11T12:49:00,"{""filters_applied"": 4, ""view"": ""redemption_log""}"
AUD-0000175,USR-MER-0006-01,LOGIN,MERCHANT_SESSION,MER-0006,2026-01-11T14:04:00,"{""method"": ""password+mfa"", ""outcome"": ""success""}"
AUD-0000176,USR-MER-0008-01,VIEW_ANALYTICS,MERCHANT_DASHBOARD,MER-0008,2026-01-11T15:13:00,"{""filters_applied"": 3, ""view"": ""redemption_log""}"
AUD-0000177,USR-MER-0004-01,LOGIN,MERCHANT_SESSION,MER-0004,2026-01-11T15:38:00,"{""method"": ""password+mfa"", ""outcome"": ""success""}"
AUD-0000178,USR-MER-0010-01,LOGIN,MERCHANT_SESSION,MER-0010,2026-01-11T15:42:00,"{""method"": ""password+mfa"", ""outcome"": ""success""}"
AUD-0000179,USR-MER-0009-01,VIEW_ANALYTICS,MERCHANT_DASHBOARD,MER-0009,2026-01-11T16:18:00,"{""filters_applied"": 2, ""view"": ""redemption_log""}"
AUD-0000180,USR-MER-0009-01,VIEW_ANALYTICS,MERCHANT_DASHBOARD,MER-0009,2026-01-11T17:18:00,"{""filters_applied"": 1, ""view"": ""customer_detail""}"
AUD-0000181,USR-MER-0003-01,VIEW_ANALYTICS,MERCHANT_DASHBOARD,MER-0003,2026-01-11T18:14:00,"{""filters_applied"": 4, ""view"": ""segmentation""}"
AUD-0000182,USR-MER-0004-01,VIEW_ANALYTICS,MERCHANT_DASHBOARD,MER-0004,2026-01-11T19:10:00,"{""filters_applied"": 4, ""view"": ""customer_detail""}"
AUD-0000183,USR-MER-0008-01,VIEW_ANALYTICS,MERCHANT_DASHBOARD,MER-0008,2026-01-11T19:39:00,"{""filters_applied"": 3, ""view"": ""campaign_performance""}"
AUD-0000184,USR-MER-0011-01,LOGIN,MERCHANT_SESSION,MER-0011,2026-01-11T19:43:00,"{""method"": ""password+mfa"", ""outcome"": ""success""}"
AUD-0000185,USR-MER-0013-01,VIEW_ANALYTICS,MERCHANT_DASHBOARD,MER-0013,2026-01-11T21:17:00,"{""filters_applied"": 4, ""view"": ""customer_detail""}"
AUD-0000186,USR-MER-0004-01,VIEW_ANALYTICS,MERCHANT_DASHBOARD,MER-0004,2026-01-11T21:58:00,"{""filters_applied"": 3, ""view"": ""redemption_log""}"
AUD-0000187,SYS-REDEEM,REDEMPTION_CONFIRMED,REDEMPTION,RED-000011,2026-01-12T02:38:39,"{""discount_applied"": 600.0, ""gross_bill_amount"": 1716.33, ""offer_id"": ""OFR-0038"", ""redemption_id"": ""RED-000011"", ""transaction_id"": ""TXN-0000863""}"
AUD-0000188,USR-MER-0012-01,VIEW_ANALYTICS,MERCHANT_DASHBOARD,MER-0012,2026-01-12T09:07:00,"{""filters_applied"": 1, ""view"": ""campaign_performance""}"
AUD-0000189,USR-MER-0011-01,LAUNCH_CAMPAIGN,CAMPAIGN,CPN-0051,2026-01-12T11:15:00,"{""campaign_id"": ""CPN-0051""}"
AUD-0000190,USR-MER-0018-01,VIEW_ANALYTICS,MERCHANT_DASHBOARD,MER-0018,2026-01-12T12:15:00,"{""filters_applied"": 4, ""view"": ""customer_detail""}"
AUD-0000191,USR-MER-0013-01,VIEW_ANALYTICS,MERCHANT_DASHBOARD,MER-0013,2026-01-12T13:34:00,"{""filters_applied"": 2, ""view"": ""campaign_performance""}"
AUD-0000192,USR-MER-0003-01,VIEW_ANALYTICS,MERCHANT_DASHBOARD,MER-0003,2026-01-12T14:47:00,"{""filters_applied"": 0, ""view"": ""segmentation""}"
AUD-0000193,USR-MER-0015-01,LOGIN,MERCHANT_SESSION,MER-0015,2026-01-12T15:51:00,"{""method"": ""password+mfa"", ""outcome"": ""success""}"
AUD-0000194,USR-MER-0002-01,VIEW_ANALYTICS,MERCHANT_DASHBOARD,MER-0002,2026-01-12T17:36:00,"{""filters_applied"": 3, ""view"": ""campaign_performance""}"
AUD-0000195,USR-MER-0008-01,VIEW_ANALYTICS,MERCHANT_DASHBOARD,MER-0008,2026-01-12T17:46:00,"{""filters_applied"": 3, ""view"": ""redemption_log""}"
AUD-0000196,USR-MER-0002-01,VIEW_ANALYTICS,MERCHANT_DASHBOARD,MER-0002,2026-01-12T17:57:00,"{""filters_applied"": 4, ""view"": ""campaign_performance""}"
AUD-0000197,SYS-REDEEM,REDEMPTION_CONFIRMED,REDEMPTION,RED-000012,2026-01-13T02:07:15,"{""discount_applied"": 1400.0, ""gross_bill_amount"": 4169.0, ""offer_id"": ""OFR-0071"", ""redemption_id"": ""RED-000012"", ""transaction_id"": ""TXN-0000949""}"
AUD-0000198,SYS-REDEEM,REDEMPTION_CONFIRMED,REDEMPTION,RED-000013,2026-01-13T05:26:44,"{""discount_applied"": 600.0, ""gross_bill_amount"": 1578.86, ""offer_id"": ""OFR-0038"", ""redemption_id"": ""RED-000013"", ""transaction_id"": ""TXN-0000950""}"
AUD-0000199,USR-MER-0012-01,VIEW_ANALYTICS,MERCHANT_DASHBOARD,MER-0012,2026-01-13T08:07:00,"{""filters_applied"": 1, ""view"": ""campaign_performance""}"
AUD-0000200,USR-MER-0011-01,LOGIN,MERCHANT_SESSION,MER-0011,2026-01-13T08:11:00,"{""method"": ""password+mfa"", ""outcome"": ""success""}"
AUD-0000201,USR-MER-0015-01,LOGIN,MERCHANT_SESSION,MER-0015,2026-01-13T09:10:00,"{""method"": ""password+mfa"", ""outcome"": ""success""}"
AUD-0000202,USR-MER-0016-01,LOGIN,MERCHANT_SESSION,MER-0016,2026-01-13T09:52:00,"{""method"": ""password+mfa"", ""outcome"": ""success""}"
AUD-0000203,USR-MER-0007-01,VIEW_ANALYTICS,MERCHANT_DASHBOARD,MER-0007,2026-01-13T11:43:00,"{""filters_applied"": 0, ""view"": ""customer_detail""}"
AUD-0000204,USR-MER-0011-01,LOGIN,MERCHANT_SESSION,MER-0011,2026-01-13T11:43:00,"{""method"": ""password+mfa"", ""outcome"": ""success""}"
AUD-0000205,USR-MER-0015-01,LOGIN,MERCHANT_SESSION,MER-0015,2026-01-13T12:43:00,"{""method"": ""password+mfa"", ""outcome"": ""success""}"
AUD-0000206,USR-MER-0004-01,LOGIN,MERCHANT_SESSION,MER-0004,2026-01-13T13:24:00,"{""method"": ""password+mfa"", ""outcome"": ""success""}"
AUD-0000207,USR-MER-0012-01,LOGIN,MERCHANT_SESSION,MER-0012,2026-01-13T13:46:00,"{""method"": ""password+mfa"", ""outcome"": ""success""}"
AUD-0000208,USR-MER-0011-01,LOGIN,MERCHANT_SESSION,MER-0011,2026-01-13T14:02:00,"{""method"": ""password+mfa"", ""outcome"": ""success""}"
AUD-0000209,USR-MER-0006-01,VIEW_ANALYTICS,MERCHANT_DASHBOARD,MER-0006,2026-01-13T14:09:00,"{""filters_applied"": 1, ""view"": ""segmentation""}"
AUD-0000210,USR-MER-0017-01,LAUNCH_CAMPAIGN,CAMPAIGN,CPN-0073,2026-01-13T16:29:00,"{""campaign_id"": ""CPN-0073""}"
AUD-0000211,USR-MER-0011-01,LOGIN,MERCHANT_SESSION,MER-0011,2026-01-13T17:30:00,"{""method"": ""password+mfa"", ""outcome"": ""success""}"
AUD-0000212,USR-MER-0016-01,VIEW_ANALYTICS,MERCHANT_DASHBOARD,MER-0016,2026-01-13T18:00:00,"{""filters_applied"": 0, ""view"": ""redemption_log""}"
AUD-0000213,USR-MER-0002-01,LOGIN,MERCHANT_SESSION,MER-0002,2026-01-13T18:38:00,"{""method"": ""password+mfa"", ""outcome"": ""success""}"
AUD-0000214,SYS-REDEEM,REDEMPTION_REJECTED,REDEMPTION,RED-000014,2026-01-13T20:53:49,"{""discount_applied"": 276.44, ""gross_bill_amount"": 276.44, ""offer_id"": ""OFR-0071"", ""reason"": ""BELOW_MINIMUM_SPEND"", ""redemption_id"": ""RED-000014"", ""transaction_id"": ""TXN-0001023""}"
AUD-0000215,SYS-REDEEM,REDEMPTION_REJECTED,REDEMPTION,RED-000015,2026-01-13T21:34:49,"{""discount_applied"": 599.0, ""gross_bill_amount"": 599.0, ""offer_id"": ""OFR-0071"", ""reason"": ""WRONG_MERCHANT"", ""redemption_id"": ""RED-000015"", ""transaction_id"": ""TXN-0001028""}"
AUD-0000216,SYS-REDEEM,REDEMPTION_REJECTED,REDEMPTION,RED-000016,2026-01-13T21:42:49,"{""discount_applied"": 870.0, ""gross_bill_amount"": 870.0, ""offer_id"": ""OFR-0071"", ""reason"": ""WRONG_CUSTOMER"", ""redemption_id"": ""RED-000016"", ""transaction_id"": ""TXN-0001030""}"
AUD-0000217,SYS-REDEEM,REDEMPTION_REJECTED,REDEMPTION,RED-000017,2026-01-13T21:51:49,"{""discount_applied"": 1400.0, ""gross_bill_amount"": 1890.99, ""offer_id"": ""OFR-0071"", ""reason"": ""TRANSACTION_FAILED"", ""redemption_id"": ""RED-000017"", ""transaction_id"": ""TXN-0001032""}"
AUD-0000218,USR-MER-0011-01,VIEW_ANALYTICS,MERCHANT_DASHBOARD,MER-0011,2026-01-14T09:50:00,"{""filters_applied"": 0, ""view"": ""redemption_log""}"
AUD-0000219,USR-MER-0004-01,LOGIN,MERCHANT_SESSION,MER-0004,2026-01-14T10:00:00,"{""method"": ""password+mfa"", ""outcome"": ""success""}"
AUD-0000220,SYS-REDEEM,REDEMPTION_REJECTED,REDEMPTION,RED-000018,2026-01-14T11:20:00,"{""discount_applied"": 1400.0, ""gross_bill_amount"": 2398.8, ""offer_id"": ""OFR-0071"", ""reason"": ""INELIGIBLE_CUSTOMER"", ""redemption_id"": ""RED-000018"", ""transaction_id"": ""TXN-0001044""}"
AUD-0000221,USR-MER-0011-01,VIEW_ANALYTICS,MERCHANT_DASHBOARD,MER-0011,2026-01-14T11:30:00,"{""filters_applied"": 1, ""view"": ""redemption_log""}"
AUD-0000222,USR-MER-0018-01,LOGIN,MERCHANT_SESSION,MER-0018,2026-01-14T12:02:00,"{""method"": ""password+mfa"", ""outcome"": ""success""}"
AUD-0000223,USR-MER-0016-01,LOGIN,MERCHANT_SESSION,MER-0016,2026-01-14T12:09:00,"{""method"": ""password+mfa"", ""outcome"": ""success""}"
AUD-0000224,USR-MER-0004-01,VIEW_ANALYTICS,MERCHANT_DASHBOARD,MER-0004,2026-01-14T14:47:00,"{""filters_applied"": 0, ""view"": ""customer_detail""}"
AUD-0000225,SYS-REDEEM,REDEMPTION_CONFIRMED,REDEMPTION,RED-000019,2026-01-14T15:55:09,"{""discount_applied"": 100.0, ""gross_bill_amount"": 790.33, ""offer_id"": ""OFR-0093"", ""redemption_id"": ""RED-000019"", ""transaction_id"": ""TXN-0001065""}"
AUD-0000226,USR-MER-0007-01,LOGIN,MERCHANT_SESSION,MER-0007,2026-01-14T16:39:00,"{""method"": ""password+mfa"", ""outcome"": ""success""}"
AUD-0000227,USR-MER-0014-01,VIEW_ANALYTICS,MERCHANT_DASHBOARD,MER-0014,2026-01-14T16:40:00,"{""filters_applied"": 0, ""view"": ""segmentation""}"
AUD-0000228,USR-MER-0010-01,VIEW_ANALYTICS,MERCHANT_DASHBOARD,MER-0010,2026-01-14T18:08:00,"{""filters_applied"": 1, ""view"": ""customer_detail""}"
AUD-0000229,USR-MER-0006-01,VIEW_ANALYTICS,MERCHANT_DASHBOARD,MER-0006,2026-01-14T19:24:00,"{""filters_applied"": 4, ""view"": ""customer_detail""}"
AUD-0000230,USR-MER-0013-01,LOGIN,MERCHANT_SESSION,MER-0013,2026-01-14T19:33:00,"{""method"": ""password+mfa"", ""outcome"": ""success""}"
AUD-0000231,USR-MER-0002-01,LOGIN,MERCHANT_SESSION,MER-0002,2026-01-14T20:16:00,"{""method"": ""password+mfa"", ""outcome"": ""success""}"
AUD-0000232,USR-MER-0010-01,VIEW_ANALYTICS,MERCHANT_DASHBOARD,MER-0010,2026-01-14T20:18:00,"{""filters_applied"": 4, ""view"": ""campaign_performance""}"
AUD-0000233,USR-MER-0006-01,VIEW_ANALYTICS,MERCHANT_DASHBOARD,MER-0006,2026-01-14T20:29:00,"{""filters_applied"": 2, ""view"": ""campaign_performance""}"
AUD-0000234,USR-MER-0010-01,VIEW_ANALYTICS,MERCHANT_DASHBOARD,MER-0010,2026-01-14T20:35:00,"{""filters_applied"": 0, ""view"": ""segmentation""}"
AUD-0000235,SYS-REDEEM,REDEMPTION_REJECTED,REDEMPTION,RED-000020,2026-01-15T02:25:39,"{""discount_applied"": 100.0, ""gross_bill_amount"": 177.61, ""offer_id"": ""OFR-0093"", ""reason"": ""BELOW_MINIMUM_SPEND"", ""redemption_id"": ""RED-000020"", ""transaction_id"": ""TXN-0001099""}"
AUD-0000236,SYS-REDEEM,REDEMPTION_REJECTED,REDEMPTION,RED-000021,2026-01-15T03:06:39,"{""discount_applied"": 100.0, ""gross_bill_amount"": 955.68, ""offer_id"": ""OFR-0093"", ""reason"": ""WRONG_MERCHANT"", ""redemption_id"": ""RED-000021"", ""transaction_id"": ""TXN-0001100""}"
AUD-0000237,SYS-REDEEM,REDEMPTION_REJECTED,REDEMPTION,RED-000022,2026-01-15T03:14:39,"{""discount_applied"": 100.0, ""gross_bill_amount"": 649.0, ""offer_id"": ""OFR-0093"", ""reason"": ""WRONG_CUSTOMER"", ""redemption_id"": ""RED-000022"", ""transaction_id"": ""TXN-0001101""}"
AUD-0000238,SYS-REDEEM,REDEMPTION_REJECTED,REDEMPTION,RED-000023,2026-01-15T03:23:39,"{""discount_applied"": 100.0, ""gross_bill_amount"": 699.0, ""offer_id"": ""OFR-0093"", ""reason"": ""TRANSACTION_FAILED"", ""redemption_id"": ""RED-000023"", ""transaction_id"": ""TXN-0001102""}"
AUD-0000239,SYS-REDEEM,REDEMPTION_REJECTED,REDEMPTION,RED-000024,2026-01-15T03:34:39,"{""discount_applied"": 100.0, ""gross_bill_amount"": 699.0, ""offer_id"": ""OFR-0093"", ""reason"": ""TRANSACTION_REVERSED"", ""redemption_id"": ""RED-000024"", ""transaction_id"": ""TXN-0001103""}"
AUD-0000240,USR-MER-0002-01,LOGIN,MERCHANT_SESSION,MER-0002,2026-01-15T08:33:00,"{""method"": ""password+mfa"", ""outcome"": ""success""}"
AUD-0000241,USR-MER-0005-01,VIEW_ANALYTICS,MERCHANT_DASHBOARD,MER-0005,2026-01-15T08:52:00,"{""filters_applied"": 0, ""view"": ""segmentation""}"
AUD-0000242,USR-MER-0017-01,LOGIN,MERCHANT_SESSION,MER-0017,2026-01-15T10:39:00,"{""method"": ""password+mfa"", ""outcome"": ""success""}"
AUD-0000243,USR-MER-0013-01,VIEW_ANALYTICS,MERCHANT_DASHBOARD,MER-0013,2026-01-15T11:23:00,"{""filters_applied"": 1, ""view"": ""redemption_log""}"
AUD-0000244,USR-MER-0011-01,CREATE_CAMPAIGN,CAMPAIGN,CPN-0054,2026-01-15T11:47:00,"{""merchant_id"": ""MER-0011"", ""objective"": ""INCREASE_REPEAT_PURCHASE"", ""offer_id"": ""OFR-0074""}"
AUD-0000245,USR-MER-0017-01,VIEW_ANALYTICS,MERCHANT_DASHBOARD,MER-0017,2026-01-15T11:51:00,"{""filters_applied"": 3, ""view"": ""redemption_log""}"
AUD-0000246,SYS-AI-COPY,GENERATE_AI_CONTENT,CAMPAIGN,CPN-0054,2026-01-15T12:01:00,"{""model"": ""mock-copywriter-v1"", ""output_chars"": 295, ""prompt_version"": ""p1.0""}"
AUD-0000247,USR-MER-0004-01,VIEW_ANALYTICS,MERCHANT_DASHBOARD,MER-0004,2026-01-15T14:37:00,"{""filters_applied"": 1, ""view"": ""campaign_performance""}"
AUD-0000248,SYS-REDEEM,REDEMPTION_REJECTED,REDEMPTION,RED-000025,2026-01-15T16:34:00,"{""discount_applied"": 100.0, ""gross_bill_amount"": 950.0, ""offer_id"": ""OFR-0093"", ""reason"": ""INELIGIBLE_CUSTOMER"", ""redemption_id"": ""RED-000025"", ""transaction_id"": ""TXN-0001149""}"
AUD-0000249,USR-MER-0003-01,LOGIN,MERCHANT_SESSION,MER-0003,2026-01-15T17:29:00,"{""method"": ""password+mfa"", ""outcome"": ""success""}"
AUD-0000250,USR-MER-0001-01,LOGIN,MERCHANT_SESSION,MER-0001,2026-01-15T18:19:00,"{""method"": ""password+mfa"", ""outcome"": ""success""}"
AUD-0000251,USR-MER-0009-01,VIEW_ANALYTICS,MERCHANT_DASHBOARD,MER-0009,2026-01-15T19:27:00,"{""filters_applied"": 3, ""view"": ""redemption_log""}"
AUD-0000252,USR-MER-0018-01,VIEW_ANALYTICS,MERCHANT_DASHBOARD,MER-0018,2026-01-15T20:19:00,"{""filters_applied"": 1, ""view"": ""campaign_performance""}"
AUD-0000253,USR-MER-0006-01,VIEW_ANALYTICS,MERCHANT_DASHBOARD,MER-0006,2026-01-15T21:46:00,"{""filters_applied"": 0, ""view"": ""campaign_performance""}"
AUD-0000254,USR-MER-0012-01,LOGIN,MERCHANT_SESSION,MER-0012,2026-01-15T21:53:00,"{""method"": ""password+mfa"", ""outcome"": ""success""}"
AUD-0000255,USR-MER-0012-01,LOGIN,MERCHANT_SESSION,MER-0012,2026-01-16T08:46:00,"{""method"": ""password+mfa"", ""outcome"": ""success""}"
AUD-0000256,USR-MER-0018-01,LOGIN,MERCHANT_SESSION,MER-0018,2026-01-16T09:15:00,"{""method"": ""password+mfa"", ""outcome"": ""success""}"
AUD-0000257,USR-MER-0007-01,VIEW_ANALYTICS,MERCHANT_DASHBOARD,MER-0007,2026-01-16T10:05:00,"{""filters_applied"": 2, ""view"": ""campaign_performance""}"
AUD-0000258,USR-MER-0006-01,LOGIN,MERCHANT_SESSION,MER-0006,2026-01-16T10:55:00,"{""method"": ""password+mfa"", ""outcome"": ""success""}"
AUD-0000259,USR-MER-0011-01,VIEW_ANALYTICS,MERCHANT_DASHBOARD,MER-0011,2026-01-16T11:29:00,"{""filters_applied"": 4, ""view"": ""redemption_log""}"
AUD-0000260,USR-MER-0002-01,LOGIN,MERCHANT_SESSION,MER-0002,2026-01-16T12:24:00,"{""method"": ""password+mfa"", ""outcome"": ""success""}"
AUD-0000261,USR-MER-0005-01,LOGIN,MERCHANT_SESSION,MER-0005,2026-01-16T12:26:00,"{""method"": ""password+mfa"", ""outcome"": ""success""}"
AUD-0000262,USR-MER-0012-01,LOGIN,MERCHANT_SESSION,MER-0012,2026-01-16T12:39:00,"{""method"": ""password+mfa"", ""outcome"": ""success""}"
AUD-0000263,USR-MER-0014-01,VIEW_ANALYTICS,MERCHANT_DASHBOARD,MER-0014,2026-01-16T15:15:00,"{""filters_applied"": 3, ""view"": ""campaign_performance""}"
AUD-0000264,USR-MER-0006-01,VIEW_ANALYTICS,MERCHANT_DASHBOARD,MER-0006,2026-01-16T15:19:00,"{""filters_applied"": 2, ""view"": ""campaign_performance""}"
AUD-0000265,USR-MER-0008-01,VIEW_ANALYTICS,MERCHANT_DASHBOARD,MER-0008,2026-01-16T16:14:00,"{""filters_applied"": 0, ""view"": ""segmentation""}"
AUD-0000266,USR-MER-0002-01,VIEW_ANALYTICS,MERCHANT_DASHBOARD,MER-0002,2026-01-16T16:35:00,"{""filters_applied"": 0, ""view"": ""customer_detail""}"
AUD-0000267,USR-MER-0014-01,VIEW_ANALYTICS,MERCHANT_DASHBOARD,MER-0014,2026-01-16T18:23:00,"{""filters_applied"": 1, ""view"": ""campaign_performance""}"
AUD-0000268,USR-MER-0016-01,VIEW_ANALYTICS,MERCHANT_DASHBOARD,MER-0016,2026-01-16T18:54:00,"{""filters_applied"": 2, ""view"": ""campaign_performance""}"
AUD-0000269,USR-MER-0004-01,VIEW_ANALYTICS,MERCHANT_DASHBOARD,MER-0004,2026-01-16T19:08:00,"{""filters_applied"": 2, ""view"": ""redemption_log""}"
AUD-0000270,USR-MER-0004-01,LOGIN,MERCHANT_SESSION,MER-0004,2026-01-16T20:18:00,"{""method"": ""password+mfa"", ""outcome"": ""success""}"
AUD-0000271,USR-MER-0003-01,LOGIN,MERCHANT_SESSION,MER-0003,2026-01-16T20:29:00,"{""method"": ""password+mfa"", ""outcome"": ""success""}"
AUD-0000272,USR-MER-0003-01,LOGIN,MERCHANT_SESSION,MER-0003,2026-01-16T20:35:00,"{""method"": ""password+mfa"", ""outcome"": ""success""}"
AUD-0000273,USR-MER-0002-01,LOGIN,MERCHANT_SESSION,MER-0002,2026-01-16T21:02:00,"{""method"": ""password+mfa"", ""outcome"": ""success""}"
AUD-0000274,USR-MER-0001-01,VIEW_ANALYTICS,MERCHANT_DASHBOARD,MER-0001,2026-01-16T21:52:00,"{""filters_applied"": 1, ""view"": ""redemption_log""}"
AUD-0000275,USR-MER-0011-01,APPROVE_CAMPAIGN,CAMPAIGN,CPN-0054,2026-01-17T05:26:00,"{""campaign_id"": ""CPN-0054""}"
AUD-0000276,USR-MER-0005-01,VIEW_ANALYTICS,MERCHANT_DASHBOARD,MER-0005,2026-01-17T08:19:00,"{""filters_applied"": 1, ""view"": ""redemption_log""}"
AUD-0000277,USR-MER-0004-01,VIEW_ANALYTICS,MERCHANT_DASHBOARD,MER-0004,2026-01-17T09:22:00,"{""filters_applied"": 2, ""view"": ""segmentation""}"
AUD-0000278,USR-MER-0004-01,VIEW_ANALYTICS,MERCHANT_DASHBOARD,MER-0004,2026-01-17T10:17:00,"{""filters_applied"": 3, ""view"": ""customer_detail""}"
AUD-0000279,USR-MER-0018-01,LOGIN,MERCHANT_SESSION,MER-0018,2026-01-17T13:10:00,"{""method"": ""password+mfa"", ""outcome"": ""success""}"
AUD-0000280,USR-MER-0006-01,LOGIN,MERCHANT_SESSION,MER-0006,2026-01-17T13:18:00,"{""method"": ""password+mfa"", ""outcome"": ""success""}"
AUD-0000281,USR-MER-0015-01,VIEW_ANALYTICS,MERCHANT_DASHBOARD,MER-0015,2026-01-17T13:43:00,"{""filters_applied"": 4, ""view"": ""campaign_performance""}"
AUD-0000282,USR-MER-0002-01,VIEW_ANALYTICS,MERCHANT_DASHBOARD,MER-0002,2026-01-17T14:28:00,"{""filters_applied"": 4, ""view"": ""segmentation""}"
AUD-0000283,USR-MER-0017-01,LOGIN,MERCHANT_SESSION,MER-0017,2026-01-17T14:34:00,"{""method"": ""password+mfa"", ""outcome"": ""success""}"
AUD-0000284,USR-MER-0016-01,VIEW_ANALYTICS,MERCHANT_DASHBOARD,MER-0016,2026-01-17T16:20:00,"{""filters_applied"": 3, ""view"": ""redemption_log""}"
AUD-0000285,USR-MER-0018-01,VIEW_ANALYTICS,MERCHANT_DASHBOARD,MER-0018,2026-01-17T16:24:00,"{""filters_applied"": 0, ""view"": ""campaign_performance""}"
AUD-0000286,USR-MER-0003-01,VIEW_ANALYTICS,MERCHANT_DASHBOARD,MER-0003,2026-01-17T17:18:00,"{""filters_applied"": 3, ""view"": ""customer_detail""}"
AUD-0000287,USR-MER-0007-01,VIEW_ANALYTICS,MERCHANT_DASHBOARD,MER-0007,2026-01-17T17:31:00,"{""filters_applied"": 4, ""view"": ""customer_detail""}"
AUD-0000288,USR-MER-0015-01,VIEW_ANALYTICS,MERCHANT_DASHBOARD,MER-0015,2026-01-17T18:05:00,"{""filters_applied"": 4, ""view"": ""segmentation""}"
AUD-0000289,USR-MER-0005-01,VIEW_ANALYTICS,MERCHANT_DASHBOARD,MER-0005,2026-01-17T21:51:00,"{""filters_applied"": 3, ""view"": ""redemption_log""}"
AUD-0000290,USR-MER-0013-01,VIEW_ANALYTICS,MERCHANT_DASHBOARD,MER-0013,2026-01-18T12:13:00,"{""filters_applied"": 1, ""view"": ""customer_detail""}"
AUD-0000291,USR-MER-0016-01,VIEW_ANALYTICS,MERCHANT_DASHBOARD,MER-0016,2026-01-18T12:22:00,"{""filters_applied"": 0, ""view"": ""customer_detail""}"
AUD-0000292,USR-MER-0014-01,LOGIN,MERCHANT_SESSION,MER-0014,2026-01-18T12:24:00,"{""method"": ""password+mfa"", ""outcome"": ""success""}"
AUD-0000293,USR-MER-0013-01,VIEW_ANALYTICS,MERCHANT_DASHBOARD,MER-0013,2026-01-18T12:42:00,"{""filters_applied"": 4, ""view"": ""redemption_log""}"
AUD-0000294,USR-MER-0012-01,LOGIN,MERCHANT_SESSION,MER-0012,2026-01-18T14:59:00,"{""method"": ""password+mfa"", ""outcome"": ""success""}"
AUD-0000295,USR-MER-0012-01,VIEW_ANALYTICS,MERCHANT_DASHBOARD,MER-0012,2026-01-18T15:24:00,"{""filters_applied"": 2, ""view"": ""redemption_log""}"
AUD-0000296,USR-MER-0005-01,LAUNCH_CAMPAIGN,CAMPAIGN,CPN-0029,2026-01-18T16:41:00,"{""campaign_id"": ""CPN-0029""}"
AUD-0000297,USR-MER-0012-01,VIEW_ANALYTICS,MERCHANT_DASHBOARD,MER-0012,2026-01-18T16:49:00,"{""filters_applied"": 1, ""view"": ""segmentation""}"
AUD-0000298,USR-MER-0004-01,VIEW_ANALYTICS,MERCHANT_DASHBOARD,MER-0004,2026-01-18T18:29:00,"{""filters_applied"": 4, ""view"": ""redemption_log""}"
AUD-0000299,SYS-REDEEM,REDEMPTION_CONFIRMED,REDEMPTION,RED-000026,2026-01-19T05:23:33,"{""discount_applied"": 742.11, ""gross_bill_amount"": 742.11, ""offer_id"": ""OFR-0071"", ""redemption_id"": ""RED-000026"", ""transaction_id"": ""TXN-0001443""}"
AUD-0000300,USR-MER-0001-01,VIEW_ANALYTICS,MERCHANT_DASHBOARD,MER-0001,2026-01-19T08:07:00,"{""filters_applied"": 1, ""view"": ""customer_detail""}"
AUD-0000301,USR-MER-0003-01,VIEW_ANALYTICS,MERCHANT_DASHBOARD,MER-0003,2026-01-19T08:51:00,"{""filters_applied"": 1, ""view"": ""campaign_performance""}"
AUD-0000302,USR-MER-0017-01,VIEW_ANALYTICS,MERCHANT_DASHBOARD,MER-0017,2026-01-19T09:18:00,"{""filters_applied"": 4, ""view"": ""customer_detail""}"
AUD-0000303,USR-MER-0002-01,VIEW_ANALYTICS,MERCHANT_DASHBOARD,MER-0002,2026-01-19T09:40:00,"{""filters_applied"": 2, ""view"": ""customer_detail""}"
AUD-0000304,USR-MER-0006-01,VIEW_ANALYTICS,MERCHANT_DASHBOARD,MER-0006,2026-01-19T11:04:00,"{""filters_applied"": 0, ""view"": ""campaign_performance""}"
AUD-0000305,USR-MER-0018-01,VIEW_ANALYTICS,MERCHANT_DASHBOARD,MER-0018,2026-01-19T11:23:00,"{""filters_applied"": 3, ""view"": ""customer_detail""}"
AUD-0000306,USR-MER-0013-01,VIEW_ANALYTICS,MERCHANT_DASHBOARD,MER-0013,2026-01-19T12:14:00,"{""filters_applied"": 2, ""view"": ""campaign_performance""}"
AUD-0000307,USR-MER-0007-01,LOGIN,MERCHANT_SESSION,MER-0007,2026-01-19T13:20:00,"{""method"": ""password+mfa"", ""outcome"": ""success""}"
AUD-0000308,USR-MER-0006-01,VIEW_ANALYTICS,MERCHANT_DASHBOARD,MER-0006,2026-01-19T14:24:00,"{""filters_applied"": 2, ""view"": ""segmentation""}"
AUD-0000309,USR-MER-0016-01,VIEW_ANALYTICS,MERCHANT_DASHBOARD,MER-0016,2026-01-19T15:08:00,"{""filters_applied"": 3, ""view"": ""campaign_performance""}"
AUD-0000310,USR-MER-0011-01,LAUNCH_CAMPAIGN,CAMPAIGN,CPN-0054,2026-01-19T15:26:00,"{""campaign_id"": ""CPN-0054""}"
AUD-0000311,USR-MER-0003-01,LOGIN,MERCHANT_SESSION,MER-0003,2026-01-19T16:34:00,"{""method"": ""password+mfa"", ""outcome"": ""success""}"
AUD-0000312,USR-MER-0012-01,LOGIN,MERCHANT_SESSION,MER-0012,2026-01-19T16:43:00,"{""method"": ""password+mfa"", ""outcome"": ""success""}"
AUD-0000313,USR-MER-0012-01,LOGIN,MERCHANT_SESSION,MER-0012,2026-01-19T18:00:00,"{""method"": ""password+mfa"", ""outcome"": ""success""}"
AUD-0000314,USR-MER-0011-01,VIEW_ANALYTICS,MERCHANT_DASHBOARD,MER-0011,2026-01-19T18:55:00,"{""filters_applied"": 2, ""view"": ""customer_detail""}"
AUD-0000315,USR-MER-0002-01,VIEW_ANALYTICS,MERCHANT_DASHBOARD,MER-0002,2026-01-19T19:26:00,"{""filters_applied"": 2, ""view"": ""segmentation""}"
AUD-0000316,USR-MER-0005-01,VIEW_ANALYTICS,MERCHANT_DASHBOARD,MER-0005,2026-01-19T20:11:00,"{""filters_applied"": 2, ""view"": ""campaign_performance""}"
AUD-0000317,USR-MER-0018-01,LOGIN,MERCHANT_SESSION,MER-0018,2026-01-19T21:02:00,"{""method"": ""password+mfa"", ""outcome"": ""success""}"
AUD-0000318,USR-MER-0001-01,LOGIN,MERCHANT_SESSION,MER-0001,2026-01-20T08:02:00,"{""method"": ""password+mfa"", ""outcome"": ""success""}"
AUD-0000319,USR-MER-0016-01,VIEW_ANALYTICS,MERCHANT_DASHBOARD,MER-0016,2026-01-20T10:59:00,"{""filters_applied"": 0, ""view"": ""customer_detail""}"
AUD-0000320,USR-MER-0002-01,VIEW_ANALYTICS,MERCHANT_DASHBOARD,MER-0002,2026-01-20T11:05:00,"{""filters_applied"": 0, ""view"": ""campaign_performance""}"
AUD-0000321,USR-MER-0016-01,LOGIN,MERCHANT_SESSION,MER-0016,2026-01-20T11:45:00,"{""method"": ""password+mfa"", ""outcome"": ""success""}"
AUD-0000322,USR-MER-0016-01,VIEW_ANALYTICS,MERCHANT_DASHBOARD,MER-0016,2026-01-20T11:55:00,"{""filters_applied"": 3, ""view"": ""segmentation""}"
AUD-0000323,USR-MER-0017-01,VIEW_ANALYTICS,MERCHANT_DASHBOARD,MER-0017,2026-01-20T12:17:00,"{""filters_applied"": 2, ""view"": ""segmentation""}"
AUD-0000324,USR-MER-0016-01,VIEW_ANALYTICS,MERCHANT_DASHBOARD,MER-0016,2026-01-20T14:08:00,"{""filters_applied"": 2, ""view"": ""redemption_log""}"
AUD-0000325,USR-MER-0005-01,LOGIN,MERCHANT_SESSION,MER-0005,2026-01-20T15:13:00,"{""method"": ""password+mfa"", ""outcome"": ""success""}"
AUD-0000326,USR-MER-0005-01,VIEW_ANALYTICS,MERCHANT_DASHBOARD,MER-0005,2026-01-20T16:09:00,"{""filters_applied"": 0, ""view"": ""customer_detail""}"
AUD-0000327,USR-MER-0015-01,LOGIN,MERCHANT_SESSION,MER-0015,2026-01-20T16:15:00,"{""method"": ""password+mfa"", ""outcome"": ""success""}"
AUD-0000328,USR-MER-0013-01,VIEW_ANALYTICS,MERCHANT_DASHBOARD,MER-0013,2026-01-20T16:32:00,"{""filters_applied"": 3, ""view"": ""segmentation""}"
AUD-0000329,USR-MER-0002-01,LOGIN,MERCHANT_SESSION,MER-0002,2026-01-20T17:26:00,"{""method"": ""password+mfa"", ""outcome"": ""success""}"
AUD-0000330,USR-MER-0011-01,LOGIN,MERCHANT_SESSION,MER-0011,2026-01-20T20:33:00,"{""method"": ""password+mfa"", ""outcome"": ""success""}"
AUD-0000331,USR-MER-0016-01,VIEW_ANALYTICS,MERCHANT_DASHBOARD,MER-0016,2026-01-20T21:12:00,"{""filters_applied"": 4, ""view"": ""customer_detail""}"
AUD-0000332,USR-MER-0003-01,VIEW_ANALYTICS,MERCHANT_DASHBOARD,MER-0003,2026-01-21T08:29:00,"{""filters_applied"": 1, ""view"": ""customer_detail""}"
AUD-0000333,SYS-REDEEM,REDEMPTION_CONFIRMED,REDEMPTION,RED-000027,2026-01-21T10:16:25,"{""discount_applied"": 1100.0, ""gross_bill_amount"": 1723.51, ""offer_id"": ""OFR-0074"", ""redemption_id"": ""RED-000027"", ""transaction_id"": ""TXN-0001638""}"
AUD-0000334,USR-MER-0013-01,VIEW_ANALYTICS,MERCHANT_DASHBOARD,MER-0013,2026-01-21T10:42:00,"{""filters_applied"": 3, ""view"": ""segmentation""}"
AUD-0000335,USR-MER-0016-01,LOGIN,MERCHANT_SESSION,MER-0016,2026-01-21T11:28:00,"{""method"": ""password+mfa"", ""outcome"": ""success""}"
AUD-0000336,USR-MER-0015-01,VIEW_ANALYTICS,MERCHANT_DASHBOARD,MER-0015,2026-01-21T13:16:00,"{""filters_applied"": 1, ""view"": ""segmentation""}"
AUD-0000337,USR-MER-0009-01,VIEW_ANALYTICS,MERCHANT_DASHBOARD,MER-0009,2026-01-21T14:00:00,"{""filters_applied"": 3, ""view"": ""campaign_performance""}"
AUD-0000338,USR-MER-0017-01,LOGIN,MERCHANT_SESSION,MER-0017,2026-01-21T14:47:00,"{""method"": ""password+mfa"", ""outcome"": ""success""}"
AUD-0000339,USR-MER-0004-01,VIEW_ANALYTICS,MERCHANT_DASHBOARD,MER-0004,2026-01-21T17:28:00,"{""filters_applied"": 4, ""view"": ""campaign_performance""}"
AUD-0000340,USR-MER-0015-01,VIEW_ANALYTICS,MERCHANT_DASHBOARD,MER-0015,2026-01-21T20:08:00,"{""filters_applied"": 2, ""view"": ""customer_detail""}"
AUD-0000341,USR-MER-0005-01,LOGIN,MERCHANT_SESSION,MER-0005,2026-01-21T20:50:00,"{""method"": ""password+mfa"", ""outcome"": ""success""}"
AUD-0000342,USR-MER-0016-01,LOGIN,MERCHANT_SESSION,MER-0016,2026-01-22T09:09:00,"{""method"": ""password+mfa"", ""outcome"": ""success""}"
AUD-0000343,USR-MER-0007-01,LOGIN,MERCHANT_SESSION,MER-0007,2026-01-22T10:03:00,"{""method"": ""password+mfa"", ""outcome"": ""success""}"
AUD-0000344,USR-MER-0012-01,LOGIN,MERCHANT_SESSION,MER-0012,2026-01-22T10:22:00,"{""method"": ""password+mfa"", ""outcome"": ""success""}"
AUD-0000345,USR-MER-0002-01,VIEW_ANALYTICS,MERCHANT_DASHBOARD,MER-0002,2026-01-22T10:41:00,"{""filters_applied"": 0, ""view"": ""redemption_log""}"
AUD-0000346,USR-MER-0001-01,VIEW_ANALYTICS,MERCHANT_DASHBOARD,MER-0001,2026-01-22T10:48:00,"{""filters_applied"": 3, ""view"": ""redemption_log""}"
AUD-0000347,USR-MER-0011-01,LOGIN,MERCHANT_SESSION,MER-0011,2026-01-22T10:48:00,"{""method"": ""password+mfa"", ""outcome"": ""success""}"
AUD-0000348,USR-MER-0001-01,VIEW_ANALYTICS,MERCHANT_DASHBOARD,MER-0001,2026-01-22T11:27:00,"{""filters_applied"": 1, ""view"": ""redemption_log""}"
AUD-0000349,USR-MER-0012-01,LOGIN,MERCHANT_SESSION,MER-0012,2026-01-22T11:42:00,"{""method"": ""password+mfa"", ""outcome"": ""success""}"
AUD-0000350,USR-MER-0015-01,LOGIN,MERCHANT_SESSION,MER-0015,2026-01-22T11:48:00,"{""method"": ""password+mfa"", ""outcome"": ""success""}"
AUD-0000351,USR-MER-0009-01,VIEW_ANALYTICS,MERCHANT_DASHBOARD,MER-0009,2026-01-22T14:30:00,"{""filters_applied"": 2, ""view"": ""customer_detail""}"
AUD-0000352,USR-MER-0016-01,VIEW_ANALYTICS,MERCHANT_DASHBOARD,MER-0016,2026-01-22T14:39:00,"{""filters_applied"": 4, ""view"": ""customer_detail""}"
AUD-0000353,USR-MER-0006-01,LOGIN,MERCHANT_SESSION,MER-0006,2026-01-22T14:40:00,"{""method"": ""password+mfa"", ""outcome"": ""success""}"
AUD-0000354,USR-MER-0015-01,VIEW_ANALYTICS,MERCHANT_DASHBOARD,MER-0015,2026-01-22T15:35:00,"{""filters_applied"": 2, ""view"": ""segmentation""}"
AUD-0000355,USR-MER-0003-01,LOGIN,MERCHANT_SESSION,MER-0003,2026-01-22T17:47:00,"{""method"": ""password+mfa"", ""outcome"": ""success""}"
AUD-0000356,USR-MER-0007-01,VIEW_ANALYTICS,MERCHANT_DASHBOARD,MER-0007,2026-01-22T18:05:00,"{""filters_applied"": 0, ""view"": ""campaign_performance""}"
AUD-0000357,USR-MER-0005-01,LOGIN,MERCHANT_SESSION,MER-0005,2026-01-22T19:12:00,"{""method"": ""password+mfa"", ""outcome"": ""success""}"
AUD-0000358,USR-MER-0011-01,VIEW_ANALYTICS,MERCHANT_DASHBOARD,MER-0011,2026-01-22T19:41:00,"{""filters_applied"": 1, ""view"": ""campaign_performance""}"
AUD-0000359,USR-MER-0013-01,VIEW_ANALYTICS,MERCHANT_DASHBOARD,MER-0013,2026-01-22T20:02:00,"{""filters_applied"": 2, ""view"": ""customer_detail""}"
AUD-0000360,USR-MER-0012-01,LOGIN,MERCHANT_SESSION,MER-0012,2026-01-22T20:10:00,"{""method"": ""password+mfa"", ""outcome"": ""success""}"
AUD-0000361,USR-MER-0018-01,VIEW_ANALYTICS,MERCHANT_DASHBOARD,MER-0018,2026-01-22T21:21:00,"{""filters_applied"": 0, ""view"": ""customer_detail""}"
AUD-0000362,USR-MER-0004-01,VIEW_ANALYTICS,MERCHANT_DASHBOARD,MER-0004,2026-01-22T21:39:00,"{""filters_applied"": 4, ""view"": ""segmentation""}"
AUD-0000363,USR-MER-0016-01,VIEW_ANALYTICS,MERCHANT_DASHBOARD,MER-0016,2026-01-23T12:20:00,"{""filters_applied"": 3, ""view"": ""segmentation""}"
AUD-0000364,USR-MER-0014-01,VIEW_ANALYTICS,MERCHANT_DASHBOARD,MER-0014,2026-01-23T13:01:00,"{""filters_applied"": 3, ""view"": ""customer_detail""}"
AUD-0000365,USR-MER-0004-01,VIEW_ANALYTICS,MERCHANT_DASHBOARD,MER-0004,2026-01-23T15:31:00,"{""filters_applied"": 2, ""view"": ""segmentation""}"
AUD-0000366,USR-MER-0007-01,LOGIN,MERCHANT_SESSION,MER-0007,2026-01-23T15:32:00,"{""method"": ""password+mfa"", ""outcome"": ""success""}"
AUD-0000367,USR-MER-0018-01,VIEW_ANALYTICS,MERCHANT_DASHBOARD,MER-0018,2026-01-23T17:17:00,"{""filters_applied"": 0, ""view"": ""redemption_log""}"
AUD-0000368,USR-MER-0017-01,LOGIN,MERCHANT_SESSION,MER-0017,2026-01-23T17:45:00,"{""method"": ""password+mfa"", ""outcome"": ""success""}"
AUD-0000369,USR-MER-0007-01,LOGIN,MERCHANT_SESSION,MER-0007,2026-01-23T18:33:00,"{""method"": ""password+mfa"", ""outcome"": ""success""}"
AUD-0000370,USR-MER-0012-01,VIEW_ANALYTICS,MERCHANT_DASHBOARD,MER-0012,2026-01-23T19:00:00,"{""filters_applied"": 2, ""view"": ""redemption_log""}"
AUD-0000371,USR-MER-0006-01,VIEW_ANALYTICS,MERCHANT_DASHBOARD,MER-0006,2026-01-24T08:04:00,"{""filters_applied"": 3, ""view"": ""customer_detail""}"
AUD-0000372,USR-MER-0017-01,VIEW_ANALYTICS,MERCHANT_DASHBOARD,MER-0017,2026-01-24T08:46:00,"{""filters_applied"": 2, ""view"": ""segmentation""}"
AUD-0000373,USR-MER-0011-01,VIEW_ANALYTICS,MERCHANT_DASHBOARD,MER-0011,2026-01-24T08:53:00,"{""filters_applied"": 2, ""view"": ""customer_detail""}"
AUD-0000374,USR-MER-0014-01,LOGIN,MERCHANT_SESSION,MER-0014,2026-01-24T09:47:00,"{""method"": ""password+mfa"", ""outcome"": ""success""}"
AUD-0000375,USR-MER-0010-01,VIEW_ANALYTICS,MERCHANT_DASHBOARD,MER-0010,2026-01-24T10:23:00,"{""filters_applied"": 4, ""view"": ""redemption_log""}"
AUD-0000376,SYS-REDEEM,REDEMPTION_CONFIRMED,REDEMPTION,RED-000028,2026-01-24T12:08:28,"{""discount_applied"": 1100.0, ""gross_bill_amount"": 1310.69, ""offer_id"": ""OFR-0074"", ""redemption_id"": ""RED-000028"", ""transaction_id"": ""TXN-0001903""}"
AUD-0000377,USR-MER-0008-01,VIEW_ANALYTICS,MERCHANT_DASHBOARD,MER-0008,2026-01-24T13:05:00,"{""filters_applied"": 0, ""view"": ""campaign_performance""}"
AUD-0000378,USR-MER-0013-01,VIEW_ANALYTICS,MERCHANT_DASHBOARD,MER-0013,2026-01-24T13:43:00,"{""filters_applied"": 4, ""view"": ""segmentation""}"
AUD-0000379,USR-MER-0017-01,VIEW_ANALYTICS,MERCHANT_DASHBOARD,MER-0017,2026-01-24T14:20:00,"{""filters_applied"": 0, ""view"": ""campaign_performance""}"
AUD-0000380,USR-MER-0018-01,VIEW_ANALYTICS,MERCHANT_DASHBOARD,MER-0018,2026-01-24T15:27:00,"{""filters_applied"": 3, ""view"": ""campaign_performance""}"
AUD-0000381,USR-MER-0003-01,LOGIN,MERCHANT_SESSION,MER-0003,2026-01-24T16:09:00,"{""method"": ""password+mfa"", ""outcome"": ""success""}"
AUD-0000382,USR-MER-0013-01,VIEW_ANALYTICS,MERCHANT_DASHBOARD,MER-0013,2026-01-24T16:45:00,"{""filters_applied"": 3, ""view"": ""segmentation""}"
AUD-0000383,USR-MER-0014-01,VIEW_ANALYTICS,MERCHANT_DASHBOARD,MER-0014,2026-01-24T17:00:00,"{""filters_applied"": 1, ""view"": ""segmentation""}"
AUD-0000384,USR-MER-0005-01,VIEW_ANALYTICS,MERCHANT_DASHBOARD,MER-0005,2026-01-24T18:01:00,"{""filters_applied"": 3, ""view"": ""segmentation""}"
AUD-0000385,USR-MER-0018-01,LOGIN,MERCHANT_SESSION,MER-0018,2026-01-24T18:34:00,"{""method"": ""password+mfa"", ""outcome"": ""success""}"
AUD-0000386,USR-MER-0018-01,LOGIN,MERCHANT_SESSION,MER-0018,2026-01-24T18:36:00,"{""method"": ""password+mfa"", ""outcome"": ""success""}"
AUD-0000387,USR-MER-0010-01,LOGIN,MERCHANT_SESSION,MER-0010,2026-01-24T18:43:00,"{""method"": ""password+mfa"", ""outcome"": ""success""}"
AUD-0000388,USR-MER-0010-01,VIEW_ANALYTICS,MERCHANT_DASHBOARD,MER-0010,2026-01-24T20:24:00,"{""filters_applied"": 1, ""view"": ""campaign_performance""}"
AUD-0000389,USR-MER-0017-01,LOGIN,MERCHANT_SESSION,MER-0017,2026-01-24T20:45:00,"{""method"": ""password+mfa"", ""outcome"": ""success""}"
AUD-0000390,USR-MER-0018-01,VIEW_ANALYTICS,MERCHANT_DASHBOARD,MER-0018,2026-01-24T21:48:00,"{""filters_applied"": 2, ""view"": ""redemption_log""}"
AUD-0000391,USR-MER-0014-01,VIEW_ANALYTICS,MERCHANT_DASHBOARD,MER-0014,2026-01-25T09:07:00,"{""filters_applied"": 4, ""view"": ""redemption_log""}"
AUD-0000392,USR-MER-0014-01,LOGIN,MERCHANT_SESSION,MER-0014,2026-01-25T09:08:00,"{""method"": ""password+mfa"", ""outcome"": ""success""}"
AUD-0000393,USR-MER-0016-01,LOGIN,MERCHANT_SESSION,MER-0016,2026-01-25T09:37:00,"{""method"": ""password+mfa"", ""outcome"": ""success""}"
AUD-0000394,USR-MER-0005-01,VIEW_ANALYTICS,MERCHANT_DASHBOARD,MER-0005,2026-01-25T11:01:00,"{""filters_applied"": 2, ""view"": ""redemption_log""}"
AUD-0000395,USR-MER-0016-01,VIEW_ANALYTICS,MERCHANT_DASHBOARD,MER-0016,2026-01-25T11:16:00,"{""filters_applied"": 1, ""view"": ""customer_detail""}"
AUD-0000396,USR-MER-0006-01,LOGIN,MERCHANT_SESSION,MER-0006,2026-01-25T11:53:00,"{""method"": ""password+mfa"", ""outcome"": ""success""}"
AUD-0000397,USR-MER-0002-01,LOGIN,MERCHANT_SESSION,MER-0002,2026-01-25T13:07:00,"{""method"": ""password+mfa"", ""outcome"": ""success""}"
AUD-0000398,USR-MER-0017-01,LOGIN,MERCHANT_SESSION,MER-0017,2026-01-25T13:07:00,"{""method"": ""password+mfa"", ""outcome"": ""success""}"
AUD-0000399,USR-MER-0015-01,VIEW_ANALYTICS,MERCHANT_DASHBOARD,MER-0015,2026-01-25T14:16:00,"{""filters_applied"": 2, ""view"": ""campaign_performance""}"
AUD-0000400,USR-MER-0011-01,LOGIN,MERCHANT_SESSION,MER-0011,2026-01-25T14:22:00,"{""method"": ""password+mfa"", ""outcome"": ""success""}"
AUD-0000401,USR-MER-0004-01,VIEW_ANALYTICS,MERCHANT_DASHBOARD,MER-0004,2026-01-25T14:47:00,"{""filters_applied"": 1, ""view"": ""campaign_performance""}"
AUD-0000402,USR-MER-0014-01,LOGIN,MERCHANT_SESSION,MER-0014,2026-01-25T15:28:00,"{""method"": ""password+mfa"", ""outcome"": ""success""}"
AUD-0000403,USR-MER-0015-01,LOGIN,MERCHANT_SESSION,MER-0015,2026-01-25T16:06:00,"{""method"": ""password+mfa"", ""outcome"": ""success""}"
AUD-0000404,USR-MER-0002-01,LOGIN,MERCHANT_SESSION,MER-0002,2026-01-25T17:14:00,"{""method"": ""password+mfa"", ""outcome"": ""success""}"
AUD-0000405,USR-MER-0010-01,LOGIN,MERCHANT_SESSION,MER-0010,2026-01-25T17:21:00,"{""method"": ""password+mfa"", ""outcome"": ""success""}"
AUD-0000406,USR-MER-0018-01,VIEW_ANALYTICS,MERCHANT_DASHBOARD,MER-0018,2026-01-25T20:33:00,"{""filters_applied"": 3, ""view"": ""segmentation""}"
AUD-0000407,USR-MER-0005-01,LOGIN,MERCHANT_SESSION,MER-0005,2026-01-25T20:55:00,"{""method"": ""password+mfa"", ""outcome"": ""success""}"
AUD-0000408,USR-MER-0007-01,LOGIN,MERCHANT_SESSION,MER-0007,2026-01-25T21:12:00,"{""method"": ""password+mfa"", ""outcome"": ""success""}"
AUD-0000409,USR-MER-0002-01,VIEW_ANALYTICS,MERCHANT_DASHBOARD,MER-0002,2026-01-25T21:35:00,"{""filters_applied"": 4, ""view"": ""campaign_performance""}"
AUD-0000410,USR-MER-0008-01,LOGIN,MERCHANT_SESSION,MER-0008,2026-01-25T21:44:00,"{""method"": ""password+mfa"", ""outcome"": ""success""}"
AUD-0000411,USR-MER-0001-01,VIEW_ANALYTICS,MERCHANT_DASHBOARD,MER-0001,2026-01-26T08:03:00,"{""filters_applied"": 4, ""view"": ""customer_detail""}"
AUD-0000412,USR-MER-0006-01,VIEW_ANALYTICS,MERCHANT_DASHBOARD,MER-0006,2026-01-26T08:26:00,"{""filters_applied"": 3, ""view"": ""segmentation""}"
AUD-0000413,USR-MER-0002-01,VIEW_ANALYTICS,MERCHANT_DASHBOARD,MER-0002,2026-01-26T08:49:00,"{""filters_applied"": 1, ""view"": ""campaign_performance""}"
AUD-0000414,USR-MER-0007-01,VIEW_ANALYTICS,MERCHANT_DASHBOARD,MER-0007,2026-01-26T08:59:00,"{""filters_applied"": 1, ""view"": ""redemption_log""}"
AUD-0000415,USR-MER-0003-01,CREATE_OFFER,OFFER,OFR-0039,2026-01-26T10:23:00,"{""budget"": 47992.25, ""discount_type"": ""FIXED"", ""discount_value"": 500.0, ""merchant_id"": ""MER-0003"", ""minimum_spend"": 999.0}"
AUD-0000416,USR-MER-0001-01,VIEW_ANALYTICS,MERCHANT_DASHBOARD,MER-0001,2026-01-26T11:05:00,"{""filters_applied"": 4, ""view"": ""campaign_performance""}"
AUD-0000417,USR-MER-0005-01,LOGIN,MERCHANT_SESSION,MER-0005,2026-01-26T12:10:00,"{""method"": ""password+mfa"", ""outcome"": ""success""}"
AUD-0000418,SYS-REDEEM,REDEMPTION_CONFIRMED,REDEMPTION,RED-000029,2026-01-26T12:45:15,"{""discount_applied"": 1100.0, ""gross_bill_amount"": 2634.0, ""offer_id"": ""OFR-0074"", ""redemption_id"": ""RED-000029"", ""transaction_id"": ""TXN-0002071""}"
AUD-0000419,USR-MER-0015-01,LOGIN,MERCHANT_SESSION,MER-0015,2026-01-26T15:06:00,"{""method"": ""password+mfa"", ""outcome"": ""success""}"
AUD-0000420,USR-MER-0011-01,VIEW_ANALYTICS,MERCHANT_DASHBOARD,MER-0011,2026-01-26T18:21:00,"{""filters_applied"": 3, ""view"": ""customer_detail""}"
AUD-0000421,USR-MER-0005-01,VIEW_ANALYTICS,MERCHANT_DASHBOARD,MER-0005,2026-01-26T18:38:00,"{""filters_applied"": 3, ""view"": ""campaign_performance""}"
AUD-0000422,USR-MER-0013-01,VIEW_ANALYTICS,MERCHANT_DASHBOARD,MER-0013,2026-01-26T19:03:00,"{""filters_applied"": 0, ""view"": ""customer_detail""}"
AUD-0000423,USR-MER-0009-01,VIEW_ANALYTICS,MERCHANT_DASHBOARD,MER-0009,2026-01-26T19:29:00,"{""filters_applied"": 2, ""view"": ""redemption_log""}"
AUD-0000424,USR-MER-0002-01,LOGIN,MERCHANT_SESSION,MER-0002,2026-01-26T19:36:00,"{""method"": ""password+mfa"", ""outcome"": ""success""}"
AUD-0000425,USR-MER-0012-01,VIEW_ANALYTICS,MERCHANT_DASHBOARD,MER-0012,2026-01-26T19:49:00,"{""filters_applied"": 0, ""view"": ""segmentation""}"
AUD-0000426,USR-MER-0005-01,LOGIN,MERCHANT_SESSION,MER-0005,2026-01-26T20:23:00,"{""method"": ""password+mfa"", ""outcome"": ""success""}"
AUD-0000427,USR-MER-0011-01,VIEW_ANALYTICS,MERCHANT_DASHBOARD,MER-0011,2026-01-26T21:11:00,"{""filters_applied"": 1, ""view"": ""customer_detail""}"
AUD-0000428,USR-MER-0005-01,VIEW_ANALYTICS,MERCHANT_DASHBOARD,MER-0005,2026-01-26T21:38:00,"{""filters_applied"": 4, ""view"": ""segmentation""}"
AUD-0000429,USR-MER-0003-01,CREATE_CAMPAIGN,CAMPAIGN,CPN-0019,2026-01-27T06:19:00,"{""merchant_id"": ""MER-0003"", ""objective"": ""REWARD_FREQUENT_CUSTOMERS"", ""offer_id"": ""OFR-0039""}"
AUD-0000430,SYS-AI-COPY,GENERATE_AI_CONTENT,CAMPAIGN,CPN-0019,2026-01-27T06:39:00,"{""model"": ""template-fallback-v1"", ""output_chars"": 234, ""prompt_version"": ""p1.0""}"
AUD-0000431,USR-MER-0014-01,VIEW_ANALYTICS,MERCHANT_DASHBOARD,MER-0014,2026-01-27T08:50:00,"{""filters_applied"": 0, ""view"": ""customer_detail""}"
AUD-0000432,USR-MER-0008-01,VIEW_ANALYTICS,MERCHANT_DASHBOARD,MER-0008,2026-01-27T09:11:00,"{""filters_applied"": 2, ""view"": ""campaign_performance""}"
AUD-0000433,USR-MER-0010-01,VIEW_ANALYTICS,MERCHANT_DASHBOARD,MER-0010,2026-01-27T10:45:00,"{""filters_applied"": 4, ""view"": ""segmentation""}"
AUD-0000434,USR-MER-0013-01,VIEW_ANALYTICS,MERCHANT_DASHBOARD,MER-0013,2026-01-27T13:05:00,"{""filters_applied"": 3, ""view"": ""campaign_performance""}"
AUD-0000435,USR-MER-0007-01,VIEW_ANALYTICS,MERCHANT_DASHBOARD,MER-0007,2026-01-27T13:50:00,"{""filters_applied"": 1, ""view"": ""campaign_performance""}"
AUD-0000436,USR-MER-0013-01,LOGIN,MERCHANT_SESSION,MER-0013,2026-01-27T18:56:00,"{""method"": ""password+mfa"", ""outcome"": ""success""}"
AUD-0000437,USR-MER-0017-01,VIEW_ANALYTICS,MERCHANT_DASHBOARD,MER-0017,2026-01-28T08:11:00,"{""filters_applied"": 2, ""view"": ""campaign_performance""}"
AUD-0000438,USR-MER-0010-01,LOGIN,MERCHANT_SESSION,MER-0010,2026-01-28T09:51:00,"{""method"": ""password+mfa"", ""outcome"": ""success""}"
AUD-0000439,USR-MER-0017-01,VIEW_ANALYTICS,MERCHANT_DASHBOARD,MER-0017,2026-01-28T10:23:00,"{""filters_applied"": 0, ""view"": ""customer_detail""}"
AUD-0000440,USR-MER-0007-01,VIEW_ANALYTICS,MERCHANT_DASHBOARD,MER-0007,2026-01-28T10:42:00,"{""filters_applied"": 1, ""view"": ""customer_detail""}"
AUD-0000441,USR-MER-0013-01,VIEW_ANALYTICS,MERCHANT_DASHBOARD,MER-0013,2026-01-28T12:07:00,"{""filters_applied"": 2, ""view"": ""segmentation""}"
AUD-0000442,USR-MER-0010-01,VIEW_ANALYTICS,MERCHANT_DASHBOARD,MER-0010,2026-01-28T13:25:00,"{""filters_applied"": 3, ""view"": ""redemption_log""}"
AUD-0000443,USR-MER-0003-01,VIEW_ANALYTICS,MERCHANT_DASHBOARD,MER-0003,2026-01-28T13:29:00,"{""filters_applied"": 1, ""view"": ""segmentation""}"
AUD-0000444,USR-MER-0011-01,VIEW_ANALYTICS,MERCHANT_DASHBOARD,MER-0011,2026-01-28T13:47:00,"{""filters_applied"": 1, ""view"": ""segmentation""}"
AUD-0000445,USR-MER-0016-01,LOGIN,MERCHANT_SESSION,MER-0016,2026-01-28T18:12:00,"{""method"": ""password+mfa"", ""outcome"": ""success""}"
AUD-0000446,USR-MER-0016-01,LOGIN,MERCHANT_SESSION,MER-0016,2026-01-28T19:16:00,"{""method"": ""password+mfa"", ""outcome"": ""success""}"
AUD-0000447,USR-MER-0003-01,APPROVE_CAMPAIGN,CAMPAIGN,CPN-0019,2026-01-28T19:41:00,"{""campaign_id"": ""CPN-0019""}"
AUD-0000448,USR-MER-0002-01,VIEW_ANALYTICS,MERCHANT_DASHBOARD,MER-0002,2026-01-28T21:12:00,"{""filters_applied"": 1, ""view"": ""customer_detail""}"
AUD-0000449,USR-MER-0010-01,VIEW_ANALYTICS,MERCHANT_DASHBOARD,MER-0010,2026-01-28T21:42:00,"{""filters_applied"": 2, ""view"": ""campaign_performance""}"
AUD-0000450,USR-MER-0004-01,VIEW_ANALYTICS,MERCHANT_DASHBOARD,MER-0004,2026-01-28T21:50:00,"{""filters_applied"": 0, ""view"": ""customer_detail""}"
AUD-0000451,USR-MER-0015-01,VIEW_ANALYTICS,MERCHANT_DASHBOARD,MER-0015,2026-02-01T11:34:00,"{""filters_applied"": 1, ""view"": ""segmentation""}"
AUD-0000452,USR-MER-0007-01,LOGIN,MERCHANT_SESSION,MER-0007,2026-02-01T12:41:00,"{""method"": ""password+mfa"", ""outcome"": ""success""}"
AUD-0000453,USR-MER-0007-01,LOGIN,MERCHANT_SESSION,MER-0007,2026-02-01T14:07:00,"{""method"": ""password+mfa"", ""outcome"": ""success""}"
AUD-0000454,USR-MER-0017-01,LOGIN,MERCHANT_SESSION,MER-0017,2026-02-01T17:13:00,"{""method"": ""password+mfa"", ""outcome"": ""success""}"
AUD-0000455,USR-MER-0006-01,VIEW_ANALYTICS,MERCHANT_DASHBOARD,MER-0006,2026-02-01T19:49:00,"{""filters_applied"": 0, ""view"": ""campaign_performance""}"
AUD-0000456,USR-MER-0004-01,LOGIN,MERCHANT_SESSION,MER-0004,2026-02-01T20:05:00,"{""method"": ""password+mfa"", ""outcome"": ""success""}"
AUD-0000457,USR-MER-0010-01,LOGIN,MERCHANT_SESSION,MER-0010,2026-02-01T21:04:00,"{""method"": ""password+mfa"", ""outcome"": ""success""}"
AUD-0000458,USR-MER-0006-01,LOGIN,MERCHANT_SESSION,MER-0006,2026-02-01T21:11:00,"{""method"": ""password+mfa"", ""outcome"": ""success""}"
AUD-0000459,USR-MER-0015-01,LOGIN,MERCHANT_SESSION,MER-0015,2026-02-01T21:27:00,"{""method"": ""password+mfa"", ""outcome"": ""success""}"
AUD-0000460,USR-MER-0002-01,VIEW_ANALYTICS,MERCHANT_DASHBOARD,MER-0002,2026-02-01T21:50:00,"{""filters_applied"": 4, ""view"": ""customer_detail""}"
AUD-0000461,USR-MER-0009-01,VIEW_ANALYTICS,MERCHANT_DASHBOARD,MER-0009,2026-02-02T08:37:00,"{""filters_applied"": 3, ""view"": ""redemption_log""}"
AUD-0000462,USR-MER-0015-01,LOGIN,MERCHANT_SESSION,MER-0015,2026-02-02T09:17:00,"{""method"": ""password+mfa"", ""outcome"": ""success""}"
AUD-0000463,USR-MER-0006-01,LOGIN,MERCHANT_SESSION,MER-0006,2026-02-02T09:43:00,"{""method"": ""password+mfa"", ""outcome"": ""success""}"
AUD-0000464,USR-MER-0009-01,LOGIN,MERCHANT_SESSION,MER-0009,2026-02-02T10:12:00,"{""method"": ""password+mfa"", ""outcome"": ""success""}"
AUD-0000465,USR-MER-0011-01,LOGIN,MERCHANT_SESSION,MER-0011,2026-02-02T11:26:00,"{""method"": ""password+mfa"", ""outcome"": ""success""}"
AUD-0000466,USR-MER-0006-01,VIEW_ANALYTICS,MERCHANT_DASHBOARD,MER-0006,2026-02-02T12:14:00,"{""filters_applied"": 2, ""view"": ""redemption_log""}"
AUD-0000467,USR-MER-0016-01,VIEW_ANALYTICS,MERCHANT_DASHBOARD,MER-0016,2026-02-02T13:07:00,"{""filters_applied"": 1, ""view"": ""customer_detail""}"
AUD-0000468,USR-MER-0011-01,LOGIN,MERCHANT_SESSION,MER-0011,2026-02-02T14:46:00,"{""method"": ""password+mfa"", ""outcome"": ""success""}"
AUD-0000469,USR-MER-0009-01,LOGIN,MERCHANT_SESSION,MER-0009,2026-02-02T15:09:00,"{""method"": ""password+mfa"", ""outcome"": ""success""}"
AUD-0000470,USR-MER-0014-01,LOGIN,MERCHANT_SESSION,MER-0014,2026-02-02T15:19:00,"{""method"": ""password+mfa"", ""outcome"": ""success""}"
AUD-0000471,USR-MER-0010-01,VIEW_ANALYTICS,MERCHANT_DASHBOARD,MER-0010,2026-02-02T15:44:00,"{""filters_applied"": 1, ""view"": ""segmentation""}"
AUD-0000472,USR-MER-0001-01,VIEW_ANALYTICS,MERCHANT_DASHBOARD,MER-0001,2026-02-02T15:54:00,"{""filters_applied"": 3, ""view"": ""campaign_performance""}"
AUD-0000473,USR-MER-0001-01,CREATE_OFFER,OFFER,OFR-0024,2026-02-02T16:15:00,"{""budget"": 7540.56, ""discount_type"": ""PERCENTAGE"", ""discount_value"": 5.0, ""merchant_id"": ""MER-0001"", ""minimum_spend"": 699.0}"
AUD-0000474,USR-MER-0008-01,VIEW_ANALYTICS,MERCHANT_DASHBOARD,MER-0008,2026-02-02T16:35:00,"{""filters_applied"": 0, ""view"": ""segmentation""}"
AUD-0000475,USR-MER-0002-01,VIEW_ANALYTICS,MERCHANT_DASHBOARD,MER-0002,2026-02-02T18:08:00,"{""filters_applied"": 4, ""view"": ""segmentation""}"
AUD-0000476,USR-MER-0001-01,UPDATE_OFFER,OFFER,OFR-0024,2026-02-02T18:15:00,"{""changed_fields"": [""expiry_time""], ""merchant_id"": ""MER-0001""}"
AUD-0000477,USR-MER-0015-01,LOGIN,MERCHANT_SESSION,MER-0015,2026-02-02T21:07:00,"{""method"": ""password+mfa"", ""outcome"": ""success""}"
AUD-0000478,USR-MER-0013-01,VIEW_ANALYTICS,MERCHANT_DASHBOARD,MER-0013,2026-02-02T21:19:00,"{""filters_applied"": 2, ""view"": ""segmentation""}"
AUD-0000479,USR-MER-0012-01,VIEW_ANALYTICS,MERCHANT_DASHBOARD,MER-0012,2026-02-02T21:25:00,"{""filters_applied"": 1, ""view"": ""campaign_performance""}"
AUD-0000480,USR-MER-0014-01,VIEW_ANALYTICS,MERCHANT_DASHBOARD,MER-0014,2026-02-02T21:56:00,"{""filters_applied"": 0, ""view"": ""redemption_log""}"
AUD-0000481,USR-MER-0006-01,VIEW_ANALYTICS,MERCHANT_DASHBOARD,MER-0006,2026-02-03T11:15:00,"{""filters_applied"": 4, ""view"": ""redemption_log""}"
AUD-0000482,USR-MER-0013-01,LOGIN,MERCHANT_SESSION,MER-0013,2026-02-03T12:40:00,"{""method"": ""password+mfa"", ""outcome"": ""success""}"
AUD-0000483,SYS-AI-COPY,GENERATE_AI_CONTENT,CAMPAIGN,CPN-0004,2026-02-03T12:50:00,"{""model"": ""template-fallback-v1"", ""output_chars"": 191, ""prompt_version"": ""p2.0""}"
AUD-0000484,USR-MER-0001-01,CREATE_CAMPAIGN,CAMPAIGN,CPN-0004,2026-02-03T13:08:00,"{""merchant_id"": ""MER-0001"", ""objective"": ""WELCOME_NEW_CUSTOMERS"", ""offer_id"": ""OFR-0024""}"
AUD-0000485,USR-MER-0011-01,VIEW_ANALYTICS,MERCHANT_DASHBOARD,MER-0011,2026-02-03T19:13:00,"{""filters_applied"": 3, ""view"": ""customer_detail""}"
AUD-0000486,USR-MER-0002-01,LOGIN,MERCHANT_SESSION,MER-0002,2026-02-03T19:44:00,"{""method"": ""password+mfa"", ""outcome"": ""success""}"
AUD-0000487,USR-MER-0015-01,VIEW_ANALYTICS,MERCHANT_DASHBOARD,MER-0015,2026-02-04T08:18:00,"{""filters_applied"": 3, ""view"": ""campaign_performance""}"
AUD-0000488,USR-MER-0001-01,VIEW_ANALYTICS,MERCHANT_DASHBOARD,MER-0001,2026-02-04T09:39:00,"{""filters_applied"": 4, ""view"": ""campaign_performance""}"
AUD-0000489,USR-MER-0018-01,VIEW_ANALYTICS,MERCHANT_DASHBOARD,MER-0018,2026-02-04T10:16:00,"{""filters_applied"": 2, ""view"": ""campaign_performance""}"
AUD-0000490,USR-MER-0014-01,LOGIN,MERCHANT_SESSION,MER-0014,2026-02-04T11:32:00,"{""method"": ""password+mfa"", ""outcome"": ""success""}"
AUD-0000491,USR-MER-0016-01,LOGIN,MERCHANT_SESSION,MER-0016,2026-02-04T12:24:00,"{""method"": ""password+mfa"", ""outcome"": ""success""}"
AUD-0000492,USR-MER-0009-01,CREATE_CAMPAIGN,CAMPAIGN,CPN-0044,2026-02-04T12:27:00,"{""merchant_id"": ""MER-0009"", ""objective"": ""INCREASE_REPEAT_PURCHASE"", ""offer_id"": ""OFR-0064""}"
AUD-0000493,SYS-AI-COPY,GENERATE_AI_CONTENT,CAMPAIGN,CPN-0044,2026-02-04T12:52:00,"{""model"": ""mock-copywriter-v2"", ""output_chars"": 220, ""prompt_version"": ""p1.1""}"
AUD-0000494,USR-MER-0017-01,VIEW_ANALYTICS,MERCHANT_DASHBOARD,MER-0017,2026-02-04T14:04:00,"{""filters_applied"": 2, ""view"": ""campaign_performance""}"
AUD-0000495,SYS-AI-COPY,GENERATE_AI_CONTENT,CAMPAIGN,CPN-0068,2026-02-04T14:32:00,"{""model"": ""template-fallback-v1"", ""output_chars"": 218, ""prompt_version"": ""p2.0""}"
AUD-0000496,USR-MER-0015-01,CREATE_CAMPAIGN,CAMPAIGN,CPN-0068,2026-02-04T15:22:00,"{""merchant_id"": ""MER-0015"", ""objective"": ""SEASONAL_PROMOTION"", ""offer_id"": ""OFR-0088""}"
AUD-0000497,USR-MER-0006-01,VIEW_ANALYTICS,MERCHANT_DASHBOARD,MER-0006,2026-02-04T15:23:00,"{""filters_applied"": 4, ""view"": ""segmentation""}"
AUD-0000498,USR-MER-0010-01,LOGIN,MERCHANT_SESSION,MER-0010,2026-02-04T16:10:00,"{""method"": ""password+mfa"", ""outcome"": ""success""}"
AUD-0000499,USR-MER-0005-01,VIEW_ANALYTICS,MERCHANT_DASHBOARD,MER-0005,2026-02-04T16:55:00,"{""filters_applied"": 0, ""view"": ""customer_detail""}"
AUD-0000500,USR-MER-0013-01,VIEW_ANALYTICS,MERCHANT_DASHBOARD,MER-0013,2026-02-04T17:56:00,"{""filters_applied"": 1, ""view"": ""redemption_log""}"
AUD-0000501,USR-MER-0015-01,LOGIN,MERCHANT_SESSION,MER-0015,2026-02-04T19:52:00,"{""method"": ""password+mfa"", ""outcome"": ""success""}"
AUD-0000502,USR-MER-0010-01,LOGIN,MERCHANT_SESSION,MER-0010,2026-02-04T20:51:00,"{""method"": ""password+mfa"", ""outcome"": ""success""}"
AUD-0000503,USR-MER-0018-01,VIEW_ANALYTICS,MERCHANT_DASHBOARD,MER-0018,2026-02-04T21:03:00,"{""filters_applied"": 0, ""view"": ""segmentation""}"
AUD-0000504,USR-MER-0003-01,LOGIN,MERCHANT_SESSION,MER-0003,2026-02-04T21:35:00,"{""method"": ""password+mfa"", ""outcome"": ""success""}"
AUD-0000505,USR-MER-0001-01,APPROVE_CAMPAIGN,CAMPAIGN,CPN-0004,2026-02-05T07:28:00,"{""campaign_id"": ""CPN-0004""}"
AUD-0000506,USR-MER-0018-01,LOGIN,MERCHANT_SESSION,MER-0018,2026-02-05T08:41:00,"{""method"": ""password+mfa"", ""outcome"": ""success""}"
AUD-0000507,USR-MER-0016-01,LOGIN,MERCHANT_SESSION,MER-0016,2026-02-05T08:49:00,"{""method"": ""password+mfa"", ""outcome"": ""success""}"
AUD-0000508,USR-MER-0003-01,VIEW_ANALYTICS,MERCHANT_DASHBOARD,MER-0003,2026-02-05T09:41:00,"{""filters_applied"": 3, ""view"": ""segmentation""}"
AUD-0000509,USR-MER-0008-01,VIEW_ANALYTICS,MERCHANT_DASHBOARD,MER-0008,2026-02-05T09:41:00,"{""filters_applied"": 1, ""view"": ""segmentation""}"
AUD-0000510,USR-MER-0004-01,LOGIN,MERCHANT_SESSION,MER-0004,2026-02-05T10:10:00,"{""method"": ""password+mfa"", ""outcome"": ""success""}"
AUD-0000511,USR-MER-0001-01,LOGIN,MERCHANT_SESSION,MER-0001,2026-02-05T13:52:00,"{""method"": ""password+mfa"", ""outcome"": ""success""}"
AUD-0000512,USR-MER-0013-01,VIEW_ANALYTICS,MERCHANT_DASHBOARD,MER-0013,2026-02-05T15:00:00,"{""filters_applied"": 4, ""view"": ""redemption_log""}"
AUD-0000513,USR-MER-0009-01,APPROVE_CAMPAIGN,CAMPAIGN,CPN-0044,2026-02-05T15:24:00,"{""campaign_id"": ""CPN-0044""}"
AUD-0000514,USR-MER-0007-01,LOGIN,MERCHANT_SESSION,MER-0007,2026-02-05T15:55:00,"{""method"": ""password+mfa"", ""outcome"": ""success""}"
AUD-0000515,USR-MER-0007-01,VIEW_ANALYTICS,MERCHANT_DASHBOARD,MER-0007,2026-02-05T16:17:00,"{""filters_applied"": 4, ""view"": ""segmentation""}"
AUD-0000516,USR-MER-0015-01,APPROVE_CAMPAIGN,CAMPAIGN,CPN-0068,2026-02-05T16:57:00,"{""campaign_id"": ""CPN-0068""}"
AUD-0000517,USR-MER-0012-01,VIEW_ANALYTICS,MERCHANT_DASHBOARD,MER-0012,2026-02-05T19:38:00,"{""filters_applied"": 4, ""view"": ""redemption_log""}"
AUD-0000518,USR-MER-0012-01,VIEW_ANALYTICS,MERCHANT_DASHBOARD,MER-0012,2026-02-05T19:58:00,"{""filters_applied"": 1, ""view"": ""campaign_performance""}"
AUD-0000519,USR-MER-0013-01,VIEW_ANALYTICS,MERCHANT_DASHBOARD,MER-0013,2026-02-05T20:51:00,"{""filters_applied"": 2, ""view"": ""campaign_performance""}"
AUD-0000520,USR-MER-0004-01,VIEW_ANALYTICS,MERCHANT_DASHBOARD,MER-0004,2026-02-05T21:54:00,"{""filters_applied"": 0, ""view"": ""redemption_log""}"
AUD-0000521,SYS-REDEEM,REDEMPTION_REJECTED,REDEMPTION,RED-000030,2026-02-05T23:31:00,"{""discount_applied"": 100.0, ""gross_bill_amount"": 864.0, ""offer_id"": ""OFR-0093"", ""reason"": ""OFFER_EXPIRED"", ""redemption_id"": ""RED-000030"", ""transaction_id"": ""TXN-0002894""}"
AUD-0000522,USR-MER-0013-01,LOGIN,MERCHANT_SESSION,MER-0013,2026-02-06T08:27:00,"{""method"": ""password+mfa"", ""outcome"": ""success""}"
AUD-0000523,USR-MER-0018-01,VIEW_ANALYTICS,MERCHANT_DASHBOARD,MER-0018,2026-02-06T10:39:00,"{""filters_applied"": 3, ""view"": ""campaign_performance""}"
AUD-0000524,USR-MER-0013-01,VIEW_ANALYTICS,MERCHANT_DASHBOARD,MER-0013,2026-02-06T11:32:00,"{""filters_applied"": 0, ""view"": ""redemption_log""}"
AUD-0000525,USR-MER-0013-01,LOGIN,MERCHANT_SESSION,MER-0013,2026-02-06T12:20:00,"{""method"": ""password+mfa"", ""outcome"": ""success""}"
AUD-0000526,USR-MER-0005-01,VIEW_ANALYTICS,MERCHANT_DASHBOARD,MER-0005,2026-02-06T12:24:00,"{""filters_applied"": 2, ""view"": ""redemption_log""}"
AUD-0000527,USR-MER-0011-01,VIEW_ANALYTICS,MERCHANT_DASHBOARD,MER-0011,2026-02-06T13:22:00,"{""filters_applied"": 1, ""view"": ""segmentation""}"
AUD-0000528,USR-MER-0016-01,VIEW_ANALYTICS,MERCHANT_DASHBOARD,MER-0016,2026-02-06T13:55:00,"{""filters_applied"": 3, ""view"": ""customer_detail""}"
AUD-0000529,USR-MER-0009-01,VIEW_ANALYTICS,MERCHANT_DASHBOARD,MER-0009,2026-02-06T19:07:00,"{""filters_applied"": 1, ""view"": ""customer_detail""}"
AUD-0000530,USR-MER-0018-01,VIEW_ANALYTICS,MERCHANT_DASHBOARD,MER-0018,2026-02-06T19:30:00,"{""filters_applied"": 2, ""view"": ""campaign_performance""}"
AUD-0000531,USR-MER-0005-01,LOGIN,MERCHANT_SESSION,MER-0005,2026-02-06T21:13:00,"{""method"": ""password+mfa"", ""outcome"": ""success""}"
AUD-0000532,USR-MER-0001-01,VIEW_ANALYTICS,MERCHANT_DASHBOARD,MER-0001,2026-02-06T21:48:00,"{""filters_applied"": 1, ""view"": ""customer_detail""}"
AUD-0000533,USR-MER-0010-01,VIEW_ANALYTICS,MERCHANT_DASHBOARD,MER-0010,2026-02-07T08:44:00,"{""filters_applied"": 3, ""view"": ""redemption_log""}"
AUD-0000534,USR-MER-0007-01,VIEW_ANALYTICS,MERCHANT_DASHBOARD,MER-0007,2026-02-07T09:21:00,"{""filters_applied"": 2, ""view"": ""redemption_log""}"
AUD-0000535,USR-MER-0004-01,LOGIN,MERCHANT_SESSION,MER-0004,2026-02-07T09:37:00,"{""method"": ""password+mfa"", ""outcome"": ""success""}"
AUD-0000536,USR-MER-0007-01,LOGIN,MERCHANT_SESSION,MER-0007,2026-02-07T09:37:00,"{""method"": ""password+mfa"", ""outcome"": ""success""}"
AUD-0000537,USR-MER-0008-01,VIEW_ANALYTICS,MERCHANT_DASHBOARD,MER-0008,2026-02-07T10:57:00,"{""filters_applied"": 1, ""view"": ""campaign_performance""}"
AUD-0000538,USR-MER-0010-01,LOGIN,MERCHANT_SESSION,MER-0010,2026-02-07T12:26:00,"{""method"": ""password+mfa"", ""outcome"": ""success""}"
AUD-0000539,USR-MER-0018-01,LOGIN,MERCHANT_SESSION,MER-0018,2026-02-07T14:37:00,"{""method"": ""password+mfa"", ""outcome"": ""success""}"
AUD-0000540,USR-MER-0005-01,VIEW_ANALYTICS,MERCHANT_DASHBOARD,MER-0005,2026-02-07T14:50:00,"{""filters_applied"": 1, ""view"": ""customer_detail""}"
AUD-0000541,USR-MER-0005-01,LOGIN,MERCHANT_SESSION,MER-0005,2026-02-07T16:21:00,"{""method"": ""password+mfa"", ""outcome"": ""success""}"
AUD-0000542,USR-MER-0017-01,LOGIN,MERCHANT_SESSION,MER-0017,2026-02-07T17:08:00,"{""method"": ""password+mfa"", ""outcome"": ""success""}"
AUD-0000543,USR-MER-0016-01,VIEW_ANALYTICS,MERCHANT_DASHBOARD,MER-0016,2026-02-07T20:56:00,"{""filters_applied"": 3, ""view"": ""customer_detail""}"
AUD-0000544,USR-MER-0006-01,VIEW_ANALYTICS,MERCHANT_DASHBOARD,MER-0006,2026-02-08T08:02:00,"{""filters_applied"": 4, ""view"": ""customer_detail""}"
AUD-0000545,USR-MER-0012-01,CREATE_CAMPAIGN,CAMPAIGN,CPN-0055,2026-02-08T08:16:00,"{""merchant_id"": ""MER-0012"", ""objective"": ""PROMOTE_HIGH_VALUE_OFFER"", ""offer_id"": ""OFR-0075""}"
AUD-0000546,SYS-AI-COPY,GENERATE_AI_CONTENT,CAMPAIGN,CPN-0055,2026-02-08T08:27:00,"{""model"": ""template-fallback-v1"", ""output_chars"": 268, ""prompt_version"": ""p2.0""}"
AUD-0000547,USR-MER-0003-01,LAUNCH_CAMPAIGN,CAMPAIGN,CPN-0019,2026-02-08T09:01:00,"{""campaign_id"": ""CPN-0019""}"
AUD-0000548,USR-MER-0007-01,LOGIN,MERCHANT_SESSION,MER-0007,2026-02-08T17:13:00,"{""method"": ""password+mfa"", ""outcome"": ""success""}"
AUD-0000549,USR-MER-0005-01,VIEW_ANALYTICS,MERCHANT_DASHBOARD,MER-0005,2026-02-08T17:14:00,"{""filters_applied"": 0, ""view"": ""redemption_log""}"
AUD-0000550,USR-MER-0008-01,VIEW_ANALYTICS,MERCHANT_DASHBOARD,MER-0008,2026-02-08T19:03:00,"{""filters_applied"": 4, ""view"": ""redemption_log""}"
AUD-0000551,USR-MER-0003-01,VIEW_ANALYTICS,MERCHANT_DASHBOARD,MER-0003,2026-02-08T19:21:00,"{""filters_applied"": 1, ""view"": ""customer_detail""}"
AUD-0000552,USR-MER-0012-01,APPROVE_CAMPAIGN,CAMPAIGN,CPN-0055,2026-02-08T19:50:00,"{""campaign_id"": ""CPN-0055""}"
AUD-0000553,USR-MER-0014-01,LOGIN,MERCHANT_SESSION,MER-0014,2026-02-08T20:00:00,"{""method"": ""password+mfa"", ""outcome"": ""success""}"
AUD-0000554,SYS-REDEEM,REDEMPTION_REJECTED,REDEMPTION,RED-000031,2026-02-08T20:17:00,"{""discount_applied"": 1400.0, ""gross_bill_amount"": 3269.85, ""offer_id"": ""OFR-0071"", ""reason"": ""OFFER_EXPIRED"", ""redemption_id"": ""RED-000031"", ""transaction_id"": ""TXN-0003128""}"
AUD-0000555,USR-MER-0010-01,LOGIN,MERCHANT_SESSION,MER-0010,2026-02-08T20:19:00,"{""method"": ""password+mfa"", ""outcome"": ""success""}"
AUD-0000556,USR-MER-0006-01,VIEW_ANALYTICS,MERCHANT_DASHBOARD,MER-0006,2026-02-08T21:50:00,"{""filters_applied"": 3, ""view"": ""customer_detail""}"
AUD-0000557,USR-MER-0003-01,CREATE_OFFER,OFFER,OFR-0042,2026-02-09T04:50:00,"{""budget"": 45481.59, ""discount_type"": ""FIXED"", ""discount_value"": 2400.0, ""merchant_id"": ""MER-0003"", ""minimum_spend"": 499.0}"
AUD-0000558,SYS-AI-COPY,GENERATE_AI_CONTENT,CAMPAIGN,CPN-0022,2026-02-09T05:49:00,"{""model"": ""mock-copywriter-v1"", ""output_chars"": 145, ""prompt_version"": ""p1.2""}"
AUD-0000559,USR-MER-0003-01,CREATE_CAMPAIGN,CAMPAIGN,CPN-0022,2026-02-09T06:13:00,"{""merchant_id"": ""MER-0003"", ""objective"": ""REWARD_FREQUENT_CUSTOMERS"", ""offer_id"": ""OFR-0042""}"
AUD-0000560,USR-MER-0004-01,LOGIN,MERCHANT_SESSION,MER-0004,2026-02-09T10:02:00,"{""method"": ""password+mfa"", ""outcome"": ""success""}"
AUD-0000561,USR-MER-0003-01,APPROVE_CAMPAIGN,CAMPAIGN,CPN-0022,2026-02-09T13:33:00,"{""campaign_id"": ""CPN-0022""}"
AUD-0000562,USR-MER-0009-01,LAUNCH_CAMPAIGN,CAMPAIGN,CPN-0044,2026-02-09T14:24:00,"{""campaign_id"": ""CPN-0044""}"
AUD-0000563,USR-MER-0013-01,LOGIN,MERCHANT_SESSION,MER-0013,2026-02-09T15:31:00,"{""method"": ""password+mfa"", ""outcome"": ""success""}"
AUD-0000564,USR-MER-0018-01,VIEW_ANALYTICS,MERCHANT_DASHBOARD,MER-0018,2026-02-09T17:53:00,"{""filters_applied"": 2, ""view"": ""customer_detail""}"
AUD-0000565,SYS-REDEEM,REDEMPTION_CONFIRMED,REDEMPTION,RED-000032,2026-02-09T18:33:04,"{""discount_applied"": 161.15, ""gross_bill_amount"": 1611.47, ""offer_id"": ""OFR-0064"", ""redemption_id"": ""RED-000032"", ""transaction_id"": ""TXN-0003201""}"
AUD-0000566,SYS-REDEEM,REDEMPTION_CONFIRMED,REDEMPTION,RED-000033,2026-02-09T20:24:00,"{""discount_applied"": 115.94, ""gross_bill_amount"": 1159.41, ""offer_id"": ""OFR-0064"", ""redemption_id"": ""RED-000033"", ""transaction_id"": ""TXN-0003216""}"
AUD-0000567,SYS-REDEEM,REDEMPTION_CONFIRMED,REDEMPTION,RED-000034,2026-02-09T20:24:00,"{""discount_applied"": 91.9, ""gross_bill_amount"": 918.97, ""offer_id"": ""OFR-0064"", ""redemption_id"": ""RED-000034"", ""transaction_id"": ""TXN-0003217""}"
AUD-0000568,SYS-REDEEM,REDEMPTION_CONFIRMED,REDEMPTION,RED-000035,2026-02-09T21:24:00,"{""discount_applied"": 137.57, ""gross_bill_amount"": 1375.68, ""offer_id"": ""OFR-0064"", ""redemption_id"": ""RED-000035"", ""transaction_id"": ""TXN-0003221""}"
AUD-0000569,SYS-REDEEM,REDEMPTION_CONFIRMED,REDEMPTION,RED-000036,2026-02-09T22:24:00,"{""discount_applied"": 457.6, ""gross_bill_amount"": 4576.0, ""offer_id"": ""OFR-0064"", ""redemption_id"": ""RED-000036"", ""transaction_id"": ""TXN-0003224""}"
AUD-0000570,SYS-REDEEM,REDEMPTION_CONFIRMED,REDEMPTION,RED-000037,2026-02-09T22:24:00,"{""discount_applied"": 288.1, ""gross_bill_amount"": 2881.0, ""offer_id"": ""OFR-0064"", ""redemption_id"": ""RED-000037"", ""transaction_id"": ""TXN-0003225""}"
AUD-0000571,SYS-REDEEM,REDEMPTION_CONFIRMED,REDEMPTION,RED-000038,2026-02-09T22:24:00,"{""discount_applied"": 640.0, ""gross_bill_amount"": 8000.0, ""offer_id"": ""OFR-0064"", ""redemption_id"": ""RED-000038"", ""transaction_id"": ""TXN-0003226""}"
AUD-0000572,SYS-REDEEM,REDEMPTION_CONFIRMED,REDEMPTION,RED-000039,2026-02-09T23:24:00,"{""discount_applied"": 116.31, ""gross_bill_amount"": 1163.11, ""offer_id"": ""OFR-0064"", ""redemption_id"": ""RED-000039"", ""transaction_id"": ""TXN-0003227""}"
AUD-0000573,SYS-REDEEM,REDEMPTION_CONFIRMED,REDEMPTION,RED-000040,2026-02-09T23:24:00,"{""discount_applied"": 109.72, ""gross_bill_amount"": 1097.25, ""offer_id"": ""OFR-0064"", ""redemption_id"": ""RED-000040"", ""transaction_id"": ""TXN-0003228""}"
AUD-0000574,SYS-REDEEM,REDEMPTION_CONFIRMED,REDEMPTION,RED-000041,2026-02-10T00:24:00,"{""discount_applied"": 98.6, ""gross_bill_amount"": 986.03, ""offer_id"": ""OFR-0064"", ""redemption_id"": ""RED-000041"", ""transaction_id"": ""TXN-0003229""}"
AUD-0000575,SYS-REDEEM,REDEMPTION_CONFIRMED,REDEMPTION,RED-000042,2026-02-10T00:24:00,"{""discount_applied"": 159.97, ""gross_bill_amount"": 1599.74, ""offer_id"": ""OFR-0064"", ""redemption_id"": ""RED-000042"", ""transaction_id"": ""TXN-0003230""}"
AUD-0000576,SYS-REDEEM,REDEMPTION_CONFIRMED,REDEMPTION,RED-000043,2026-02-10T00:24:00,"{""discount_applied"": 144.99, ""gross_bill_amount"": 1449.88, ""offer_id"": ""OFR-0064"", ""redemption_id"": ""RED-000043"", ""transaction_id"": ""TXN-0003231""}"
AUD-0000577,SYS-REDEEM,REDEMPTION_REJECTED,REDEMPTION,RED-000044,2026-02-10T00:54:00,"{""discount_applied"": 109.72, ""gross_bill_amount"": 1097.25, ""offer_id"": ""OFR-0064"", ""reason"": ""DUPLICATE_REDEMPTION"", ""redemption_id"": ""RED-000044"", ""transaction_id"": ""TXN-0003228""}"
AUD-0000578,SYS-REDEEM,REDEMPTION_CONFIRMED,REDEMPTION,RED-000045,2026-02-10T01:24:00,"{""discount_applied"": 144.85, ""gross_bill_amount"": 1448.51, ""offer_id"": ""OFR-0064"", ""redemption_id"": ""RED-000045"", ""transaction_id"": ""TXN-0003232""}"
AUD-0000579,SYS-REDEEM,REDEMPTION_CONFIRMED,REDEMPTION,RED-000046,2026-02-10T01:24:00,"{""discount_applied"": 104.46, ""gross_bill_amount"": 1044.58, ""offer_id"": ""OFR-0064"", ""redemption_id"": ""RED-000046"", ""transaction_id"": ""TXN-0003233""}"
AUD-0000580,USR-MER-0009-01,CANCEL_CAMPAIGN,CAMPAIGN,CPN-0044,2026-02-10T02:24:00,"{""campaign_id"": ""CPN-0044""}"
AUD-0000581,USR-MER-0016-01,LOGIN,MERCHANT_SESSION,MER-0016,2026-02-10T08:03:00,"{""method"": ""password+mfa"", ""outcome"": ""success""}"
AUD-0000582,USR-MER-0006-01,VIEW_ANALYTICS,MERCHANT_DASHBOARD,MER-0006,2026-02-10T08:07:00,"{""filters_applied"": 4, ""view"": ""campaign_performance""}"
AUD-0000583,USR-MER-0015-01,VIEW_ANALYTICS,MERCHANT_DASHBOARD,MER-0015,2026-02-10T08:14:00,"{""filters_applied"": 0, ""view"": ""customer_detail""}"
AUD-0000584,USR-MER-0014-01,LOGIN,MERCHANT_SESSION,MER-0014,2026-02-10T08:20:00,"{""method"": ""password+mfa"", ""outcome"": ""success""}"
AUD-0000585,USR-MER-0001-01,LOGIN,MERCHANT_SESSION,MER-0001,2026-02-10T10:26:00,"{""method"": ""password+mfa"", ""outcome"": ""success""}"
AUD-0000586,USR-MER-0018-01,VIEW_ANALYTICS,MERCHANT_DASHBOARD,MER-0018,2026-02-10T10:36:00,"{""filters_applied"": 3, ""view"": ""segmentation""}"
AUD-0000587,USR-MER-0007-01,VIEW_ANALYTICS,MERCHANT_DASHBOARD,MER-0007,2026-02-10T11:44:00,"{""filters_applied"": 4, ""view"": ""customer_detail""}"
AUD-0000588,USR-MER-0006-01,VIEW_ANALYTICS,MERCHANT_DASHBOARD,MER-0006,2026-02-10T15:41:00,"{""filters_applied"": 2, ""view"": ""customer_detail""}"
AUD-0000589,USR-MER-0005-01,VIEW_ANALYTICS,MERCHANT_DASHBOARD,MER-0005,2026-02-10T15:56:00,"{""filters_applied"": 0, ""view"": ""campaign_performance""}"
AUD-0000590,USR-MER-0010-01,VIEW_ANALYTICS,MERCHANT_DASHBOARD,MER-0010,2026-02-10T16:10:00,"{""filters_applied"": 0, ""view"": ""customer_detail""}"
AUD-0000591,USR-MER-0015-01,LOGIN,MERCHANT_SESSION,MER-0015,2026-02-10T16:45:00,"{""method"": ""password+mfa"", ""outcome"": ""success""}"
AUD-0000592,USR-MER-0007-01,LOGIN,MERCHANT_SESSION,MER-0007,2026-02-10T16:57:00,"{""method"": ""password+mfa"", ""outcome"": ""success""}"
AUD-0000593,USR-MER-0001-01,VIEW_ANALYTICS,MERCHANT_DASHBOARD,MER-0001,2026-02-10T17:09:00,"{""filters_applied"": 4, ""view"": ""campaign_performance""}"
AUD-0000594,USR-MER-0014-01,LOGIN,MERCHANT_SESSION,MER-0014,2026-02-10T17:26:00,"{""method"": ""password+mfa"", ""outcome"": ""success""}"
AUD-0000595,USR-MER-0015-01,LAUNCH_CAMPAIGN,CAMPAIGN,CPN-0068,2026-02-10T17:57:00,"{""campaign_id"": ""CPN-0068""}"
AUD-0000596,USR-MER-0014-01,VIEW_ANALYTICS,MERCHANT_DASHBOARD,MER-0014,2026-02-10T19:48:00,"{""filters_applied"": 0, ""view"": ""campaign_performance""}"
AUD-0000597,USR-MER-0018-01,VIEW_ANALYTICS,MERCHANT_DASHBOARD,MER-0018,2026-02-10T19:53:00,"{""filters_applied"": 3, ""view"": ""customer_detail""}"
AUD-0000598,USR-MER-0011-01,VIEW_ANALYTICS,MERCHANT_DASHBOARD,MER-0011,2026-02-10T20:56:00,"{""filters_applied"": 3, ""view"": ""segmentation""}"
AUD-0000599,USR-MER-0005-01,VIEW_ANALYTICS,MERCHANT_DASHBOARD,MER-0005,2026-02-10T21:06:00,"{""filters_applied"": 4, ""view"": ""customer_detail""}"
AUD-0000600,USR-MER-0008-01,VIEW_ANALYTICS,MERCHANT_DASHBOARD,MER-0008,2026-02-10T21:40:00,"{""filters_applied"": 2, ""view"": ""segmentation""}"
AUD-0000601,SYS-REDEEM,REDEMPTION_CONFIRMED,REDEMPTION,RED-000047,2026-02-11T03:40:59,"{""discount_applied"": 500.0, ""gross_bill_amount"": 4259.0, ""offer_id"": ""OFR-0039"", ""redemption_id"": ""RED-000047"", ""transaction_id"": ""TXN-0003325""}"
AUD-0000602,USR-MER-0003-01,UPDATE_OFFER,OFFER,OFR-0042,2026-02-11T06:50:00,"{""changed_fields"": [""minimum_spend""], ""merchant_id"": ""MER-0003""}"
AUD-0000603,USR-MER-0002-01,LOGIN,MERCHANT_SESSION,MER-0002,2026-02-11T10:18:00,"{""method"": ""password+mfa"", ""outcome"": ""success""}"
AUD-0000604,USR-MER-0010-01,VIEW_ANALYTICS,MERCHANT_DASHBOARD,MER-0010,2026-02-11T11:29:00,"{""filters_applied"": 1, ""view"": ""segmentation""}"
AUD-0000605,USR-MER-0015-01,VIEW_ANALYTICS,MERCHANT_DASHBOARD,MER-0015,2026-02-11T11:38:00,"{""filters_applied"": 1, ""view"": ""campaign_performance""}"
AUD-0000606,USR-MER-0007-01,LOGIN,MERCHANT_SESSION,MER-0007,2026-02-11T13:02:00,"{""method"": ""password+mfa"", ""outcome"": ""success""}"
AUD-0000607,USR-MER-0005-01,LOGIN,MERCHANT_SESSION,MER-0005,2026-02-11T13:18:00,"{""method"": ""password+mfa"", ""outcome"": ""success""}"
AUD-0000608,USR-MER-0003-01,VIEW_ANALYTICS,MERCHANT_DASHBOARD,MER-0003,2026-02-11T13:42:00,"{""filters_applied"": 0, ""view"": ""redemption_log""}"
AUD-0000609,USR-MER-0001-01,VIEW_ANALYTICS,MERCHANT_DASHBOARD,MER-0001,2026-02-11T13:56:00,"{""filters_applied"": 0, ""view"": ""redemption_log""}"
AUD-0000610,SYS-REDEEM,REDEMPTION_CONFIRMED,REDEMPTION,RED-000048,2026-02-11T18:17:11,"{""discount_applied"": 306.39, ""gross_bill_amount"": 6127.86, ""offer_id"": ""OFR-0088"", ""redemption_id"": ""RED-000048"", ""transaction_id"": ""TXN-0003394""}"
AUD-0000611,USR-MER-0001-01,LAUNCH_CAMPAIGN,CAMPAIGN,CPN-0004,2026-02-11T18:32:00,"{""campaign_id"": ""CPN-0004""}"
AUD-0000612,USR-MER-0009-01,VIEW_ANALYTICS,MERCHANT_DASHBOARD,MER-0009,2026-02-11T18:42:00,"{""filters_applied"": 3, ""view"": ""customer_detail""}"
AUD-0000613,USR-MER-0004-01,VIEW_ANALYTICS,MERCHANT_DASHBOARD,MER-0004,2026-02-11T18:58:00,"{""filters_applied"": 3, ""view"": ""customer_detail""}"
AUD-0000614,USR-MER-0010-01,VIEW_ANALYTICS,MERCHANT_DASHBOARD,MER-0010,2026-02-11T21:07:00,"{""filters_applied"": 4, ""view"": ""segmentation""}"
AUD-0000615,USR-MER-0013-01,VIEW_ANALYTICS,MERCHANT_DASHBOARD,MER-0013,2026-02-11T21:26:00,"{""filters_applied"": 3, ""view"": ""campaign_performance""}"
AUD-0000616,SYS-REDEEM,REDEMPTION_CONFIRMED,REDEMPTION,RED-000049,2026-02-12T05:21:31,"{""discount_applied"": 35.0, ""gross_bill_amount"": 700.0, ""offer_id"": ""OFR-0024"", ""redemption_id"": ""RED-000049"", ""transaction_id"": ""TXN-0003414""}"
AUD-0000617,SYS-REDEEM,REDEMPTION_CONFIRMED,REDEMPTION,RED-000050,2026-02-12T07:53:01,"{""discount_applied"": 37.0, ""gross_bill_amount"": 740.0, ""offer_id"": ""OFR-0024"", ""redemption_id"": ""RED-000050"", ""transaction_id"": ""TXN-0003418""}"
AUD-0000618,USR-MER-0011-01,LOGIN,MERCHANT_SESSION,MER-0011,2026-02-12T08:34:00,"{""method"": ""password+mfa"", ""outcome"": ""success""}"
AUD-0000619,USR-MER-0014-01,LOGIN,MERCHANT_SESSION,MER-0014,2026-02-12T10:14:00,"{""method"": ""password+mfa"", ""outcome"": ""success""}"
AUD-0000620,USR-MER-0010-01,LOGIN,MERCHANT_SESSION,MER-0010,2026-02-12T10:33:00,"{""method"": ""password+mfa"", ""outcome"": ""success""}"
AUD-0000621,USR-MER-0002-01,LOGIN,MERCHANT_SESSION,MER-0002,2026-02-12T11:05:00,"{""method"": ""password+mfa"", ""outcome"": ""success""}"
AUD-0000622,USR-MER-0014-01,LOGIN,MERCHANT_SESSION,MER-0014,2026-02-12T11:06:00,"{""method"": ""password+mfa"", ""outcome"": ""success""}"
AUD-0000623,USR-MER-0001-01,LOGIN,MERCHANT_SESSION,MER-0001,2026-02-12T11:52:00,"{""method"": ""password+mfa"", ""outcome"": ""success""}"
AUD-0000624,USR-MER-0013-01,LOGIN,MERCHANT_SESSION,MER-0013,2026-02-12T12:19:00,"{""method"": ""password+mfa"", ""outcome"": ""success""}"
AUD-0000625,USR-MER-0006-01,VIEW_ANALYTICS,MERCHANT_DASHBOARD,MER-0006,2026-02-12T13:15:00,"{""filters_applied"": 4, ""view"": ""redemption_log""}"
AUD-0000626,USR-MER-0006-01,LOGIN,MERCHANT_SESSION,MER-0006,2026-02-12T13:19:00,"{""method"": ""password+mfa"", ""outcome"": ""success""}"
AUD-0000627,USR-MER-0010-01,VIEW_ANALYTICS,MERCHANT_DASHBOARD,MER-0010,2026-02-12T13:25:00,"{""filters_applied"": 2, ""view"": ""redemption_log""}"
AUD-0000628,USR-MER-0018-01,CREATE_OFFER,OFFER,OFR-0018,2026-02-12T13:48:00,"{""budget"": 15276.04, ""discount_type"": ""PERCENTAGE"", ""discount_value"": 25.0, ""merchant_id"": ""MER-0018"", ""minimum_spend"": 1999.0}"
AUD-0000629,USR-MER-0004-01,VIEW_ANALYTICS,MERCHANT_DASHBOARD,MER-0004,2026-02-12T13:56:00,"{""filters_applied"": 1, ""view"": ""redemption_log""}"
AUD-0000630,USR-MER-0012-01,VIEW_ANALYTICS,MERCHANT_DASHBOARD,MER-0012,2026-02-12T15:27:00,"{""filters_applied"": 0, ""view"": ""redemption_log""}"
AUD-0000631,USR-MER-0003-01,VIEW_ANALYTICS,MERCHANT_DASHBOARD,MER-0003,2026-02-12T15:35:00,"{""filters_applied"": 2, ""view"": ""campaign_performance""}"
AUD-0000632,USR-MER-0010-01,LOGIN,MERCHANT_SESSION,MER-0010,2026-02-12T17:35:00,"{""method"": ""password+mfa"", ""outcome"": ""success""}"
AUD-0000633,USR-MER-0018-01,UPDATE_OFFER,OFFER,OFR-0018,2026-02-12T17:48:00,"{""changed_fields"": [""expiry_time""], ""merchant_id"": ""MER-0018""}"
AUD-0000634,USR-MER-0016-01,LOGIN,MERCHANT_SESSION,MER-0016,2026-02-12T18:58:00,"{""method"": ""password+mfa"", ""outcome"": ""success""}"
AUD-0000635,USR-MER-0009-01,LOGIN,MERCHANT_SESSION,MER-0009,2026-02-12T19:48:00,"{""method"": ""password+mfa"", ""outcome"": ""success""}"
AUD-0000636,USR-MER-0007-01,LOGIN,MERCHANT_SESSION,MER-0007,2026-02-12T20:05:00,"{""method"": ""password+mfa"", ""outcome"": ""success""}"
AUD-0000637,SYS-REDEEM,REDEMPTION_CONFIRMED,REDEMPTION,RED-000051,2026-02-13T01:05:34,"{""discount_applied"": 38.0, ""gross_bill_amount"": 865.48, ""offer_id"": ""OFR-0024"", ""redemption_id"": ""RED-000051"", ""transaction_id"": ""TXN-0003490""}"
AUD-0000638,SYS-REDEEM,REDEMPTION_CONFIRMED,REDEMPTION,RED-000052,2026-02-13T01:41:43,"{""discount_applied"": 247.3, ""gross_bill_amount"": 4946.0, ""offer_id"": ""OFR-0088"", ""redemption_id"": ""RED-000052"", ""transaction_id"": ""TXN-0003491""}"
AUD-0000639,SYS-REDEEM,REDEMPTION_CONFIRMED,REDEMPTION,RED-000053,2026-02-13T02:44:52,"{""discount_applied"": 480.0, ""gross_bill_amount"": 12000.0, ""offer_id"": ""OFR-0088"", ""redemption_id"": ""RED-000053"", ""transaction_id"": ""TXN-0003492""}"
AUD-0000640,USR-MER-0016-01,VIEW_ANALYTICS,MERCHANT_DASHBOARD,MER-0016,2026-02-13T08:13:00,"{""filters_applied"": 1, ""view"": ""campaign_performance""}"
AUD-0000641,USR-MER-0010-01,LOGIN,MERCHANT_SESSION,MER-0010,2026-02-13T09:10:00,"{""method"": ""password+mfa"", ""outcome"": ""success""}"
AUD-0000642,USR-MER-0014-01,VIEW_ANALYTICS,MERCHANT_DASHBOARD,MER-0014,2026-02-13T09:38:00,"{""filters_applied"": 4, ""view"": ""customer_detail""}"
AUD-0000643,USR-MER-0008-01,VIEW_ANALYTICS,MERCHANT_DASHBOARD,MER-0008,2026-02-13T12:32:00,"{""filters_applied"": 2, ""view"": ""customer_detail""}"
AUD-0000644,USR-MER-0010-01,VIEW_ANALYTICS,MERCHANT_DASHBOARD,MER-0010,2026-02-13T12:34:00,"{""filters_applied"": 2, ""view"": ""campaign_performance""}"
AUD-0000645,USR-MER-0013-01,VIEW_ANALYTICS,MERCHANT_DASHBOARD,MER-0013,2026-02-13T15:36:00,"{""filters_applied"": 4, ""view"": ""customer_detail""}"
AUD-0000646,SYS-REDEEM,REDEMPTION_CONFIRMED,REDEMPTION,RED-000054,2026-02-13T15:40:45,"{""discount_applied"": 38.0, ""gross_bill_amount"": 963.55, ""offer_id"": ""OFR-0024"", ""redemption_id"": ""RED-000054"", ""transaction_id"": ""TXN-0003534""}"
AUD-0000647,USR-MER-0018-01,LOGIN,MERCHANT_SESSION,MER-0018,2026-02-13T15:48:00,"{""method"": ""password+mfa"", ""outcome"": ""success""}"
AUD-0000648,USR-MER-0017-01,VIEW_ANALYTICS,MERCHANT_DASHBOARD,MER-0017,2026-02-13T15:52:00,"{""filters_applied"": 4, ""view"": ""campaign_performance""}"
AUD-0000649,SYS-REDEEM,REDEMPTION_CONFIRMED,REDEMPTION,RED-000055,2026-02-13T16:08:27,"{""discount_applied"": 38.0, ""gross_bill_amount"": 853.0, ""offer_id"": ""OFR-0024"", ""redemption_id"": ""RED-000055"", ""transaction_id"": ""TXN-0003542""}"
AUD-0000650,USR-MER-0001-01,VIEW_ANALYTICS,MERCHANT_DASHBOARD,MER-0001,2026-02-13T16:42:00,"{""filters_applied"": 1, ""view"": ""redemption_log""}"
AUD-0000651,USR-MER-0015-01,LOGIN,MERCHANT_SESSION,MER-0015,2026-02-13T17:18:00,"{""method"": ""password+mfa"", ""outcome"": ""success""}"
AUD-0000652,USR-MER-0015-01,LOGIN,MERCHANT_SESSION,MER-0015,2026-02-13T19:15:00,"{""method"": ""password+mfa"", ""outcome"": ""success""}"
AUD-0000653,USR-MER-0017-01,VIEW_ANALYTICS,MERCHANT_DASHBOARD,MER-0017,2026-02-13T20:25:00,"{""filters_applied"": 0, ""view"": ""redemption_log""}"
AUD-0000654,USR-MER-0007-01,VIEW_ANALYTICS,MERCHANT_DASHBOARD,MER-0007,2026-02-13T20:48:00,"{""filters_applied"": 0, ""view"": ""campaign_performance""}"
AUD-0000655,USR-MER-0003-01,LOGIN,MERCHANT_SESSION,MER-0003,2026-02-13T21:51:00,"{""method"": ""password+mfa"", ""outcome"": ""success""}"
AUD-0000656,USR-MER-0006-01,CREATE_CAMPAIGN,CAMPAIGN,CPN-0033,2026-02-14T03:32:00,"{""merchant_id"": ""MER-0006"", ""objective"": ""WELCOME_NEW_CUSTOMERS"", ""offer_id"": ""OFR-0053""}"
AUD-0000657,SYS-AI-COPY,GENERATE_AI_CONTENT,CAMPAIGN,CPN-0033,2026-02-14T03:38:00,"{""model"": ""mock-copywriter-v1"", ""output_chars"": 193, ""prompt_version"": ""p1.1""}"
AUD-0000658,USR-MER-0006-01,LOGIN,MERCHANT_SESSION,MER-0006,2026-02-14T08:12:00,"{""method"": ""password+mfa"", ""outcome"": ""success""}"
AUD-0000659,USR-MER-0006-01,VIEW_ANALYTICS,MERCHANT_DASHBOARD,MER-0006,2026-02-14T09:08:00,"{""filters_applied"": 1, ""view"": ""segmentation""}"
AUD-0000660,USR-MER-0002-01,LOGIN,MERCHANT_SESSION,MER-0002,2026-02-14T09:20:00,"{""method"": ""password+mfa"", ""outcome"": ""success""}"
AUD-0000661,USR-MER-0018-01,LOGIN,MERCHANT_SESSION,MER-0018,2026-02-14T09:44:00,"{""method"": ""password+mfa"", ""outcome"": ""success""}"
AUD-0000662,USR-MER-0011-01,VIEW_ANALYTICS,MERCHANT_DASHBOARD,MER-0011,2026-02-14T09:50:00,"{""filters_applied"": 2, ""view"": ""redemption_log""}"
AUD-0000663,SYS-REDEEM,REDEMPTION_CONFIRMED,REDEMPTION,RED-000056,2026-02-14T11:20:22,"{""discount_applied"": 35.0, ""gross_bill_amount"": 700.0, ""offer_id"": ""OFR-0024"", ""redemption_id"": ""RED-000056"", ""transaction_id"": ""TXN-0003588""}"
AUD-0000664,SYS-REDEEM,REDEMPTION_CONFIRMED,REDEMPTION,RED-000057,2026-02-14T11:39:20,"{""discount_applied"": 192.42, ""gross_bill_amount"": 3848.31, ""offer_id"": ""OFR-0088"", ""redemption_id"": ""RED-000057"", ""transaction_id"": ""TXN-0003590""}"
AUD-0000665,SYS-AI-COPY,GENERATE_AI_CONTENT,CAMPAIGN,CPN-0076,2026-02-14T12:09:00,"{""model"": ""template-fallback-v1"", ""output_chars"": 140, ""prompt_version"": ""p1.0""}"
AUD-0000666,SYS-REDEEM,REDEMPTION_REJECTED,REDEMPTION,RED-000058,2026-02-14T12:28:20,"{""discount_applied"": 192.42, ""gross_bill_amount"": 3848.31, ""offer_id"": ""OFR-0088"", ""reason"": ""DUPLICATE_REDEMPTION"", ""redemption_id"": ""RED-000058"", ""transaction_id"": ""TXN-0003590""}"
AUD-0000667,USR-MER-0018-01,CREATE_CAMPAIGN,CAMPAIGN,CPN-0076,2026-02-14T12:44:00,"{""merchant_id"": ""MER-0018"", ""objective"": ""REACTIVATE_INACTIVE"", ""offer_id"": ""OFR-0096""}"
AUD-0000668,SYS-REDEEM,REDEMPTION_CONFIRMED,REDEMPTION,RED-000059,2026-02-14T13:11:47,"{""discount_applied"": 41.63, ""gross_bill_amount"": 832.57, ""offer_id"": ""OFR-0088"", ""redemption_id"": ""RED-000059"", ""transaction_id"": ""TXN-0003599""}"
AUD-0000669,SYS-REDEEM,REDEMPTION_CONFIRMED,REDEMPTION,RED-000060,2026-02-14T13:21:36,"{""discount_applied"": 32.48, ""gross_bill_amount"": 649.56, ""offer_id"": ""OFR-0088"", ""redemption_id"": ""RED-000060"", ""transaction_id"": ""TXN-0003600""}"
AUD-0000670,USR-MER-0012-01,LOGIN,MERCHANT_SESSION,MER-0012,2026-02-14T14:33:00,"{""method"": ""password+mfa"", ""outcome"": ""success""}"
AUD-0000671,USR-MER-0007-01,VIEW_ANALYTICS,MERCHANT_DASHBOARD,MER-0007,2026-02-14T15:35:00,"{""filters_applied"": 4, ""view"": ""segmentation""}"
AUD-0000672,USR-MER-0001-01,VIEW_ANALYTICS,MERCHANT_DASHBOARD,MER-0001,2026-02-14T20:38:00,"{""filters_applied"": 1, ""view"": ""customer_detail""}"
AUD-0000673,USR-MER-0002-01,LOGIN,MERCHANT_SESSION,MER-0002,2026-02-14T20:57:00,"{""method"": ""password+mfa"", ""outcome"": ""success""}"
AUD-0000674,USR-MER-0003-01,VIEW_ANALYTICS,MERCHANT_DASHBOARD,MER-0003,2026-02-15T09:26:00,"{""filters_applied"": 3, ""view"": ""campaign_performance""}"
AUD-0000675,USR-MER-0003-01,LAUNCH_CAMPAIGN,CAMPAIGN,CPN-0022,2026-02-15T09:33:00,"{""campaign_id"": ""CPN-0022""}"
AUD-0000676,USR-MER-0005-01,LOGIN,MERCHANT_SESSION,MER-0005,2026-02-15T09:49:00,"{""method"": ""password+mfa"", ""outcome"": ""success""}"
AUD-0000677,USR-MER-0018-01,VIEW_ANALYTICS,MERCHANT_DASHBOARD,MER-0018,2026-02-15T09:54:00,"{""filters_applied"": 1, ""view"": ""segmentation""}"
AUD-0000678,USR-MER-0015-01,LOGIN,MERCHANT_SESSION,MER-0015,2026-02-15T11:45:00,"{""method"": ""password+mfa"", ""outcome"": ""success""}"
AUD-0000679,USR-MER-0014-01,VIEW_ANALYTICS,MERCHANT_DASHBOARD,MER-0014,2026-02-15T13:09:00,"{""filters_applied"": 4, ""view"": ""redemption_log""}"
AUD-0000680,USR-MER-0010-01,VIEW_ANALYTICS,MERCHANT_DASHBOARD,MER-0010,2026-02-15T13:48:00,"{""filters_applied"": 3, ""view"": ""customer_detail""}"
AUD-0000681,USR-MER-0015-01,LOGIN,MERCHANT_SESSION,MER-0015,2026-02-15T14:03:00,"{""method"": ""password+mfa"", ""outcome"": ""success""}"
AUD-0000682,USR-MER-0014-01,LOGIN,MERCHANT_SESSION,MER-0014,2026-02-15T16:16:00,"{""method"": ""password+mfa"", ""outcome"": ""success""}"
AUD-0000683,USR-MER-0013-01,LOGIN,MERCHANT_SESSION,MER-0013,2026-02-15T17:02:00,"{""method"": ""password+mfa"", ""outcome"": ""success""}"
AUD-0000684,USR-MER-0008-01,LOGIN,MERCHANT_SESSION,MER-0008,2026-02-15T18:18:00,"{""method"": ""password+mfa"", ""outcome"": ""success""}"
AUD-0000685,USR-MER-0004-01,VIEW_ANALYTICS,MERCHANT_DASHBOARD,MER-0004,2026-02-15T19:25:00,"{""filters_applied"": 1, ""view"": ""campaign_performance""}"
AUD-0000686,USR-MER-0009-01,VIEW_ANALYTICS,MERCHANT_DASHBOARD,MER-0009,2026-02-15T21:34:00,"{""filters_applied"": 0, ""view"": ""campaign_performance""}"
AUD-0000687,USR-MER-0004-01,LOGIN,MERCHANT_SESSION,MER-0004,2026-02-15T21:47:00,"{""method"": ""password+mfa"", ""outcome"": ""success""}"
AUD-0000688,USR-MER-0006-01,APPROVE_CAMPAIGN,CAMPAIGN,CPN-0033,2026-02-15T22:57:00,"{""campaign_id"": ""CPN-0033""}"
AUD-0000689,USR-MER-0018-01,APPROVE_CAMPAIGN,CAMPAIGN,CPN-0076,2026-02-16T02:38:00,"{""campaign_id"": ""CPN-0076""}"
AUD-0000690,SYS-REDEEM,REDEMPTION_CONFIRMED,REDEMPTION,RED-000061,2026-02-16T05:57:00,"{""discount_applied"": 318.45, ""gross_bill_amount"": 6369.0, ""offer_id"": ""OFR-0088"", ""redemption_id"": ""RED-000061"", ""transaction_id"": ""TXN-0003738""}"
AUD-0000691,SYS-REDEEM,REDEMPTION_REJECTED,REDEMPTION,RED-000062,2026-02-16T06:29:00,"{""discount_applied"": 318.45, ""gross_bill_amount"": 6369.0, ""offer_id"": ""OFR-0088"", ""reason"": ""DUPLICATE_REDEMPTION"", ""redemption_id"": ""RED-000062"", ""transaction_id"": ""TXN-0003738""}"
AUD-0000692,USR-MER-0001-01,VIEW_ANALYTICS,MERCHANT_DASHBOARD,MER-0001,2026-02-16T08:04:00,"{""filters_applied"": 2, ""view"": ""campaign_performance""}"
AUD-0000693,USR-MER-0015-01,VIEW_ANALYTICS,MERCHANT_DASHBOARD,MER-0015,2026-02-16T08:25:00,"{""filters_applied"": 4, ""view"": ""segmentation""}"
AUD-0000694,USR-MER-0008-01,LOGIN,MERCHANT_SESSION,MER-0008,2026-02-16T08:38:00,"{""method"": ""password+mfa"", ""outcome"": ""success""}"
AUD-0000695,USR-MER-0013-01,VIEW_ANALYTICS,MERCHANT_DASHBOARD,MER-0013,2026-02-16T11:59:00,"{""filters_applied"": 1, ""view"": ""segmentation""}"
AUD-0000696,USR-MER-0012-01,VIEW_ANALYTICS,MERCHANT_DASHBOARD,MER-0012,2026-02-16T14:06:00,"{""filters_applied"": 1, ""view"": ""campaign_performance""}"
AUD-0000697,USR-MER-0007-01,VIEW_ANALYTICS,MERCHANT_DASHBOARD,MER-0007,2026-02-16T15:20:00,"{""filters_applied"": 2, ""view"": ""segmentation""}"
AUD-0000698,USR-MER-0007-01,VIEW_ANALYTICS,MERCHANT_DASHBOARD,MER-0007,2026-02-16T16:58:00,"{""filters_applied"": 0, ""view"": ""campaign_performance""}"
AUD-0000699,USR-MER-0017-01,VIEW_ANALYTICS,MERCHANT_DASHBOARD,MER-0017,2026-02-16T18:04:00,"{""filters_applied"": 2, ""view"": ""campaign_performance""}"
AUD-0000700,USR-MER-0005-01,VIEW_ANALYTICS,MERCHANT_DASHBOARD,MER-0005,2026-02-16T18:28:00,"{""filters_applied"": 0, ""view"": ""customer_detail""}"
AUD-0000701,USR-MER-0013-01,LOGIN,MERCHANT_SESSION,MER-0013,2026-02-16T18:30:00,"{""method"": ""password+mfa"", ""outcome"": ""success""}"
AUD-0000702,USR-MER-0007-01,VIEW_ANALYTICS,MERCHANT_DASHBOARD,MER-0007,2026-02-16T20:02:00,"{""filters_applied"": 0, ""view"": ""redemption_log""}"
AUD-0000703,USR-MER-0005-01,LOGIN,MERCHANT_SESSION,MER-0005,2026-02-16T20:20:00,"{""method"": ""password+mfa"", ""outcome"": ""success""}"
AUD-0000704,USR-MER-0004-01,LOGIN,MERCHANT_SESSION,MER-0004,2026-02-16T20:35:00,"{""method"": ""password+mfa"", ""outcome"": ""success""}"
AUD-0000705,USR-MER-0010-01,LOGIN,MERCHANT_SESSION,MER-0010,2026-02-16T20:39:00,"{""method"": ""password+mfa"", ""outcome"": ""success""}"
AUD-0000706,USR-MER-0013-01,VIEW_ANALYTICS,MERCHANT_DASHBOARD,MER-0013,2026-02-16T21:44:00,"{""filters_applied"": 0, ""view"": ""customer_detail""}"
AUD-0000707,SYS-AI-COPY,GENERATE_AI_CONTENT,CAMPAIGN,CPN-0058,2026-02-17T03:30:00,"{""model"": ""mock-copywriter-v1"", ""output_chars"": 121, ""prompt_version"": ""p1.1""}"
AUD-0000708,SYS-REDEEM,REDEMPTION_CONFIRMED,REDEMPTION,RED-000063,2026-02-17T04:03:16,"{""discount_applied"": 35.0, ""gross_bill_amount"": 700.0, ""offer_id"": ""OFR-0024"", ""redemption_id"": ""RED-000063"", ""transaction_id"": ""TXN-0003840""}"
AUD-0000709,USR-MER-0012-01,CREATE_CAMPAIGN,CAMPAIGN,CPN-0058,2026-02-17T04:39:00,"{""merchant_id"": ""MER-0012"", ""objective"": ""PROMOTE_HIGH_VALUE_OFFER"", ""offer_id"": ""OFR-0078""}"
AUD-0000710,SYS-REDEEM,REDEMPTION_CONFIRMED,REDEMPTION,RED-000064,2026-02-17T07:23:13,"{""discount_applied"": 35.0, ""gross_bill_amount"": 700.0, ""offer_id"": ""OFR-0024"", ""redemption_id"": ""RED-000064"", ""transaction_id"": ""TXN-0003846""}"
AUD-0000711,USR-MER-0011-01,VIEW_ANALYTICS,MERCHANT_DASHBOARD,MER-0011,2026-02-17T08:00:00,"{""filters_applied"": 2, ""view"": ""campaign_performance""}"
AUD-0000712,SYS-REDEEM,REDEMPTION_CONFIRMED,REDEMPTION,RED-000065,2026-02-17T08:28:26,"{""discount_applied"": 35.0, ""gross_bill_amount"": 700.0, ""offer_id"": ""OFR-0024"", ""redemption_id"": ""RED-000065"", ""transaction_id"": ""TXN-0003851""}"
AUD-0000713,USR-MER-0017-01,VIEW_ANALYTICS,MERCHANT_DASHBOARD,MER-0017,2026-02-17T08:45:00,"{""filters_applied"": 2, ""view"": ""customer_detail""}"
AUD-0000714,USR-MER-0015-01,LOGIN,MERCHANT_SESSION,MER-0015,2026-02-17T08:47:00,"{""method"": ""password+mfa"", ""outcome"": ""success""}"
AUD-0000715,USR-MER-0010-01,VIEW_ANALYTICS,MERCHANT_DASHBOARD,MER-0010,2026-02-17T09:18:00,"{""filters_applied"": 3, ""view"": ""redemption_log""}"
AUD-0000716,USR-MER-0011-01,LOGIN,MERCHANT_SESSION,MER-0011,2026-02-17T09:27:00,"{""method"": ""password+mfa"", ""outcome"": ""success""}"
AUD-0000717,USR-MER-0014-01,VIEW_ANALYTICS,MERCHANT_DASHBOARD,MER-0014,2026-02-17T10:35:00,"{""filters_applied"": 0, ""view"": ""customer_detail""}"
AUD-0000718,USR-MER-0005-01,VIEW_ANALYTICS,MERCHANT_DASHBOARD,MER-0005,2026-02-17T11:02:00,"{""filters_applied"": 0, ""view"": ""campaign_performance""}"
AUD-0000719,USR-MER-0009-01,VIEW_ANALYTICS,MERCHANT_DASHBOARD,MER-0009,2026-02-17T11:45:00,"{""filters_applied"": 2, ""view"": ""segmentation""}"
AUD-0000720,USR-MER-0007-01,VIEW_ANALYTICS,MERCHANT_DASHBOARD,MER-0007,2026-02-17T12:31:00,"{""filters_applied"": 1, ""view"": ""campaign_performance""}"
AUD-0000721,USR-MER-0003-01,VIEW_ANALYTICS,MERCHANT_DASHBOARD,MER-0003,2026-02-17T12:34:00,"{""filters_applied"": 1, ""view"": ""campaign_performance""}"
AUD-0000722,USR-MER-0015-01,LOGIN,MERCHANT_SESSION,MER-0015,2026-02-17T12:50:00,"{""method"": ""password+mfa"", ""outcome"": ""success""}"
AUD-0000723,USR-MER-0016-01,VIEW_ANALYTICS,MERCHANT_DASHBOARD,MER-0016,2026-02-17T13:09:00,"{""filters_applied"": 0, ""view"": ""campaign_performance""}"
AUD-0000724,SYS-REDEEM,REDEMPTION_CONFIRMED,REDEMPTION,RED-000066,2026-02-17T14:55:07,"{""discount_applied"": 38.0, ""gross_bill_amount"": 1225.0, ""offer_id"": ""OFR-0024"", ""redemption_id"": ""RED-000066"", ""transaction_id"": ""TXN-0003884""}"
AUD-0000725,USR-MER-0003-01,LOGIN,MERCHANT_SESSION,MER-0003,2026-02-17T16:31:00,"{""method"": ""password+mfa"", ""outcome"": ""success""}"
AUD-0000726,USR-MER-0008-01,VIEW_ANALYTICS,MERCHANT_DASHBOARD,MER-0008,2026-02-17T17:14:00,"{""filters_applied"": 1, ""view"": ""redemption_log""}"
AUD-0000727,USR-MER-0004-01,VIEW_ANALYTICS,MERCHANT_DASHBOARD,MER-0004,2026-02-17T17:26:00,"{""filters_applied"": 3, ""view"": ""segmentation""}"
AUD-0000728,USR-MER-0004-01,VIEW_ANALYTICS,MERCHANT_DASHBOARD,MER-0004,2026-02-17T18:23:00,"{""filters_applied"": 2, ""view"": ""redemption_log""}"
AUD-0000729,USR-MER-0012-01,VIEW_ANALYTICS,MERCHANT_DASHBOARD,MER-0012,2026-02-17T19:41:00,"{""filters_applied"": 3, ""view"": ""customer_detail""}"
AUD-0000730,USR-MER-0003-01,VIEW_ANALYTICS,MERCHANT_DASHBOARD,MER-0003,2026-02-17T20:13:00,"{""filters_applied"": 3, ""view"": ""campaign_performance""}"
AUD-0000731,USR-MER-0006-01,LOGIN,MERCHANT_SESSION,MER-0006,2026-02-17T21:02:00,"{""method"": ""password+mfa"", ""outcome"": ""success""}"
AUD-0000732,USR-MER-0001-01,VIEW_ANALYTICS,MERCHANT_DASHBOARD,MER-0001,2026-02-17T21:42:00,"{""filters_applied"": 2, ""view"": ""campaign_performance""}"
AUD-0000733,SYS-REDEEM,REDEMPTION_CONFIRMED,REDEMPTION,RED-000067,2026-02-18T00:01:13,"{""discount_applied"": 38.0, ""gross_bill_amount"": 1275.9, ""offer_id"": ""OFR-0024"", ""redemption_id"": ""RED-000067"", ""transaction_id"": ""TXN-0003931""}"
AUD-0000734,USR-MER-0012-01,APPROVE_CAMPAIGN,CAMPAIGN,CPN-0058,2026-02-18T08:20:00,"{""campaign_id"": ""CPN-0058""}"
AUD-0000735,USR-MER-0002-01,VIEW_ANALYTICS,MERCHANT_DASHBOARD,MER-0002,2026-02-18T08:47:00,"{""filters_applied"": 2, ""view"": ""segmentation""}"
AUD-0000736,USR-MER-0017-01,VIEW_ANALYTICS,MERCHANT_DASHBOARD,MER-0017,2026-02-18T10:07:00,"{""filters_applied"": 0, ""view"": ""campaign_performance""}"
AUD-0000737,USR-MER-0017-01,LOGIN,MERCHANT_SESSION,MER-0017,2026-02-18T11:30:00,"{""method"": ""password+mfa"", ""outcome"": ""success""}"
AUD-0000738,USR-MER-0015-01,LOGIN,MERCHANT_SESSION,MER-0015,2026-02-18T11:41:00,"{""method"": ""password+mfa"", ""outcome"": ""success""}"
AUD-0000739,USR-MER-0005-01,LOGIN,MERCHANT_SESSION,MER-0005,2026-02-18T15:04:00,"{""method"": ""password+mfa"", ""outcome"": ""success""}"
AUD-0000740,USR-MER-0005-01,VIEW_ANALYTICS,MERCHANT_DASHBOARD,MER-0005,2026-02-18T15:05:00,"{""filters_applied"": 0, ""view"": ""redemption_log""}"
AUD-0000741,USR-MER-0017-01,LOGIN,MERCHANT_SESSION,MER-0017,2026-02-18T15:23:00,"{""method"": ""password+mfa"", ""outcome"": ""success""}"
AUD-0000742,USR-MER-0014-01,LOGIN,MERCHANT_SESSION,MER-0014,2026-02-18T15:34:00,"{""method"": ""password+mfa"", ""outcome"": ""success""}"
AUD-0000743,USR-MER-0007-01,LOGIN,MERCHANT_SESSION,MER-0007,2026-02-18T17:49:00,"{""method"": ""password+mfa"", ""outcome"": ""success""}"
AUD-0000744,USR-MER-0006-01,VIEW_ANALYTICS,MERCHANT_DASHBOARD,MER-0006,2026-02-18T18:24:00,"{""filters_applied"": 1, ""view"": ""segmentation""}"
AUD-0000745,SYS-REDEEM,REDEMPTION_CONFIRMED,REDEMPTION,RED-000068,2026-02-18T19:13:43,"{""discount_applied"": 35.0, ""gross_bill_amount"": 700.0, ""offer_id"": ""OFR-0024"", ""redemption_id"": ""RED-000068"", ""transaction_id"": ""TXN-0004008""}"
AUD-0000746,USR-MER-0002-01,VIEW_ANALYTICS,MERCHANT_DASHBOARD,MER-0002,2026-02-18T20:33:00,"{""filters_applied"": 0, ""view"": ""campaign_performance""}"
AUD-0000747,USR-MER-0003-01,VIEW_ANALYTICS,MERCHANT_DASHBOARD,MER-0003,2026-02-18T20:44:00,"{""filters_applied"": 1, ""view"": ""segmentation""}"
AUD-0000748,USR-MER-0016-01,VIEW_ANALYTICS,MERCHANT_DASHBOARD,MER-0016,2026-02-19T08:17:00,"{""filters_applied"": 3, ""view"": ""campaign_performance""}"
AUD-0000749,USR-MER-0002-01,VIEW_ANALYTICS,MERCHANT_DASHBOARD,MER-0002,2026-02-19T08:53:00,"{""filters_applied"": 4, ""view"": ""campaign_performance""}"
AUD-0000750,USR-MER-0006-01,VIEW_ANALYTICS,MERCHANT_DASHBOARD,MER-0006,2026-02-19T10:10:00,"{""filters_applied"": 4, ""view"": ""segmentation""}"
AUD-0000751,USR-MER-0017-01,VIEW_ANALYTICS,MERCHANT_DASHBOARD,MER-0017,2026-02-19T10:47:00,"{""filters_applied"": 2, ""view"": ""redemption_log""}"
AUD-0000752,USR-MER-0009-01,VIEW_ANALYTICS,MERCHANT_DASHBOARD,MER-0009,2026-02-19T11:17:00,"{""filters_applied"": 2, ""view"": ""redemption_log""}"
AUD-0000753,USR-MER-0003-01,LOGIN,MERCHANT_SESSION,MER-0003,2026-02-19T12:21:00,"{""method"": ""password+mfa"", ""outcome"": ""success""}"
AUD-0000754,USR-MER-0010-01,VIEW_ANALYTICS,MERCHANT_DASHBOARD,MER-0010,2026-02-19T12:40:00,"{""filters_applied"": 0, ""view"": ""campaign_performance""}"
AUD-0000755,USR-MER-0012-01,LAUNCH_CAMPAIGN,CAMPAIGN,CPN-0055,2026-02-19T12:50:00,"{""campaign_id"": ""CPN-0055""}"
AUD-0000756,USR-MER-0005-01,VIEW_ANALYTICS,MERCHANT_DASHBOARD,MER-0005,2026-02-19T14:00:00,"{""filters_applied"": 1, ""view"": ""customer_detail""}"
AUD-0000757,USR-MER-0009-01,VIEW_ANALYTICS,MERCHANT_DASHBOARD,MER-0009,2026-02-19T14:39:00,"{""filters_applied"": 2, ""view"": ""campaign_performance""}"
AUD-0000758,USR-MER-0011-01,LOGIN,MERCHANT_SESSION,MER-0011,2026-02-19T14:56:00,"{""method"": ""password+mfa"", ""outcome"": ""success""}"
AUD-0000759,USR-MER-0004-01,VIEW_ANALYTICS,MERCHANT_DASHBOARD,MER-0004,2026-02-19T15:14:00,"{""filters_applied"": 0, ""view"": ""segmentation""}"
AUD-0000760,USR-MER-0013-01,VIEW_ANALYTICS,MERCHANT_DASHBOARD,MER-0013,2026-02-19T18:14:00,"{""filters_applied"": 3, ""view"": ""redemption_log""}"
AUD-0000761,SYS-REDEEM,REDEMPTION_CONFIRMED,REDEMPTION,RED-000069,2026-02-19T18:19:32,"{""discount_applied"": 1000.0, ""gross_bill_amount"": 2881.0, ""offer_id"": ""OFR-0075"", ""redemption_id"": ""RED-000069"", ""transaction_id"": ""TXN-0004089""}"
AUD-0000762,SYS-REDEEM,REDEMPTION_REJECTED,REDEMPTION,RED-000070,2026-02-19T19:19:32,"{""discount_applied"": 1000.0, ""gross_bill_amount"": 2881.0, ""offer_id"": ""OFR-0075"", ""reason"": ""DUPLICATE_REDEMPTION"", ""redemption_id"": ""RED-000070"", ""transaction_id"": ""TXN-0004089""}"
AUD-0000763,USR-MER-0002-01,VIEW_ANALYTICS,MERCHANT_DASHBOARD,MER-0002,2026-02-19T20:50:00,"{""filters_applied"": 2, ""view"": ""segmentation""}"
AUD-0000764,USR-MER-0009-01,VIEW_ANALYTICS,MERCHANT_DASHBOARD,MER-0009,2026-02-19T20:50:00,"{""filters_applied"": 2, ""view"": ""segmentation""}"
AUD-0000765,USR-MER-0006-01,LOGIN,MERCHANT_SESSION,MER-0006,2026-02-19T21:58:00,"{""method"": ""password+mfa"", ""outcome"": ""success""}"
AUD-0000766,SYS-REDEEM,REDEMPTION_CONFIRMED,REDEMPTION,RED-000071,2026-02-20T01:37:26,"{""discount_applied"": 1000.0, ""gross_bill_amount"": 1485.93, ""offer_id"": ""OFR-0075"", ""redemption_id"": ""RED-000071"", ""transaction_id"": ""TXN-0004111""}"
AUD-0000767,SYS-REDEEM,REDEMPTION_CONFIRMED,REDEMPTION,RED-000072,2026-02-20T01:42:10,"{""discount_applied"": 35.9, ""gross_bill_amount"": 718.0, ""offer_id"": ""OFR-0024"", ""redemption_id"": ""RED-000072"", ""transaction_id"": ""TXN-0004112""}"
AUD-0000768,SYS-REDEEM,REDEMPTION_CONFIRMED,REDEMPTION,RED-000073,2026-02-20T06:00:08,"{""discount_applied"": 1000.0, ""gross_bill_amount"": 1548.39, ""offer_id"": ""OFR-0075"", ""redemption_id"": ""RED-000073"", ""transaction_id"": ""TXN-0004113""}"
AUD-0000769,SYS-REDEEM,REDEMPTION_REJECTED,REDEMPTION,RED-000074,2026-02-20T06:01:08,"{""discount_applied"": 1000.0, ""gross_bill_amount"": 1548.39, ""offer_id"": ""OFR-0075"", ""reason"": ""DUPLICATE_REDEMPTION"", ""redemption_id"": ""RED-000074"", ""transaction_id"": ""TXN-0004113""}"
AUD-0000770,SYS-REDEEM,REDEMPTION_CONFIRMED,REDEMPTION,RED-000075,2026-02-20T08:39:45,"{""discount_applied"": 38.0, ""gross_bill_amount"": 801.06, ""offer_id"": ""OFR-0024"", ""redemption_id"": ""RED-000075"", ""transaction_id"": ""TXN-0004121""}"
AUD-0000771,SYS-REDEEM,REDEMPTION_REJECTED,REDEMPTION,RED-000076,2026-02-20T08:41:45,"{""discount_applied"": 38.0, ""gross_bill_amount"": 801.06, ""offer_id"": ""OFR-0024"", ""reason"": ""DUPLICATE_REDEMPTION"", ""redemption_id"": ""RED-000076"", ""transaction_id"": ""TXN-0004121""}"
AUD-0000772,USR-MER-0008-01,VIEW_ANALYTICS,MERCHANT_DASHBOARD,MER-0008,2026-02-20T09:27:00,"{""filters_applied"": 0, ""view"": ""customer_detail""}"
AUD-0000773,USR-MER-0010-01,LOGIN,MERCHANT_SESSION,MER-0010,2026-02-20T10:07:00,"{""method"": ""password+mfa"", ""outcome"": ""success""}"
AUD-0000774,USR-MER-0003-01,VIEW_ANALYTICS,MERCHANT_DASHBOARD,MER-0003,2026-02-20T10:17:00,"{""filters_applied"": 1, ""view"": ""campaign_performance""}"
AUD-0000775,USR-MER-0010-01,LOGIN,MERCHANT_SESSION,MER-0010,2026-02-20T10:29:00,"{""method"": ""password+mfa"", ""outcome"": ""success""}"
AUD-0000776,USR-MER-0007-01,LOGIN,MERCHANT_SESSION,MER-0007,2026-02-20T10:46:00,"{""method"": ""password+mfa"", ""outcome"": ""success""}"
AUD-0000777,USR-MER-0014-01,LOGIN,MERCHANT_SESSION,MER-0014,2026-02-20T10:58:00,"{""method"": ""password+mfa"", ""outcome"": ""success""}"
AUD-0000778,SYS-REDEEM,REDEMPTION_CONFIRMED,REDEMPTION,RED-000077,2026-02-20T12:13:48,"{""discount_applied"": 35.0, ""gross_bill_amount"": 700.0, ""offer_id"": ""OFR-0024"", ""redemption_id"": ""RED-000077"", ""transaction_id"": ""TXN-0004140""}"
AUD-0000779,USR-MER-0018-01,LAUNCH_CAMPAIGN,CAMPAIGN,CPN-0076,2026-02-20T12:38:00,"{""campaign_id"": ""CPN-0076""}"
AUD-0000780,USR-MER-0013-01,LOGIN,MERCHANT_SESSION,MER-0013,2026-02-20T12:57:00,"{""method"": ""password+mfa"", ""outcome"": ""success""}"
AUD-0000781,USR-MER-0001-01,VIEW_ANALYTICS,MERCHANT_DASHBOARD,MER-0001,2026-02-20T15:03:00,"{""filters_applied"": 0, ""view"": ""campaign_performance""}"
AUD-0000782,USR-MER-0004-01,VIEW_ANALYTICS,MERCHANT_DASHBOARD,MER-0004,2026-02-20T15:37:00,"{""filters_applied"": 4, ""view"": ""customer_detail""}"
AUD-0000783,USR-MER-0009-01,VIEW_ANALYTICS,MERCHANT_DASHBOARD,MER-0009,2026-02-20T15:46:00,"{""filters_applied"": 2, ""view"": ""campaign_performance""}"
AUD-0000784,USR-MER-0003-01,VIEW_ANALYTICS,MERCHANT_DASHBOARD,MER-0003,2026-02-20T15:51:00,"{""filters_applied"": 3, ""view"": ""customer_detail""}"
AUD-0000785,USR-MER-0010-01,LOGIN,MERCHANT_SESSION,MER-0010,2026-02-20T17:28:00,"{""method"": ""password+mfa"", ""outcome"": ""success""}"
AUD-0000786,USR-MER-0001-01,VIEW_ANALYTICS,MERCHANT_DASHBOARD,MER-0001,2026-02-20T17:44:00,"{""filters_applied"": 4, ""view"": ""customer_detail""}"
AUD-0000787,USR-MER-0014-01,LOGIN,MERCHANT_SESSION,MER-0014,2026-02-20T18:25:00,"{""method"": ""password+mfa"", ""outcome"": ""success""}"
AUD-0000788,USR-MER-0005-01,LOGIN,MERCHANT_SESSION,MER-0005,2026-02-20T19:15:00,"{""method"": ""password+mfa"", ""outcome"": ""success""}"
AUD-0000789,USR-MER-0016-01,LOGIN,MERCHANT_SESSION,MER-0016,2026-02-20T20:03:00,"{""method"": ""password+mfa"", ""outcome"": ""success""}"
AUD-0000790,USR-MER-0009-01,LOGIN,MERCHANT_SESSION,MER-0009,2026-02-20T20:23:00,"{""method"": ""password+mfa"", ""outcome"": ""success""}"
AUD-0000791,SYS-REDEEM,REDEMPTION_CONFIRMED,REDEMPTION,RED-000078,2026-02-20T23:27:46,"{""discount_applied"": 280.0, ""gross_bill_amount"": 5000.0, ""offer_id"": ""OFR-0096"", ""redemption_id"": ""RED-000078"", ""transaction_id"": ""TXN-0004194""}"
AUD-0000792,SYS-REDEEM,REDEMPTION_CONFIRMED,REDEMPTION,RED-000079,2026-02-21T01:40:28,"{""discount_applied"": 1000.0, ""gross_bill_amount"": 2588.91, ""offer_id"": ""OFR-0075"", ""redemption_id"": ""RED-000079"", ""transaction_id"": ""TXN-0004195""}"
AUD-0000793,SYS-REDEEM,REDEMPTION_CONFIRMED,REDEMPTION,RED-000080,2026-02-21T08:52:05,"{""discount_applied"": 1000.0, ""gross_bill_amount"": 1277.15, ""offer_id"": ""OFR-0075"", ""redemption_id"": ""RED-000080"", ""transaction_id"": ""TXN-0004203""}"
AUD-0000794,SYS-REDEEM,REDEMPTION_REJECTED,REDEMPTION,RED-000081,2026-02-21T09:33:05,"{""discount_applied"": 1000.0, ""gross_bill_amount"": 1277.15, ""offer_id"": ""OFR-0075"", ""reason"": ""DUPLICATE_REDEMPTION"", ""redemption_id"": ""RED-000081"", ""transaction_id"": ""TXN-0004203""}"
AUD-0000795,SYS-REDEEM,REDEMPTION_CONFIRMED,REDEMPTION,RED-000082,2026-02-21T09:41:38,"{""discount_applied"": 1000.0, ""gross_bill_amount"": 1298.41, ""offer_id"": ""OFR-0075"", ""redemption_id"": ""RED-000082"", ""transaction_id"": ""TXN-0004208""}"
AUD-0000796,USR-MER-0006-01,LOGIN,MERCHANT_SESSION,MER-0006,2026-02-21T14:42:00,"{""method"": ""password+mfa"", ""outcome"": ""success""}"
AUD-0000797,USR-MER-0009-01,VIEW_ANALYTICS,MERCHANT_DASHBOARD,MER-0009,2026-02-21T16:00:00,"{""filters_applied"": 2, ""view"": ""redemption_log""}"
AUD-0000798,USR-MER-0016-01,LOGIN,MERCHANT_SESSION,MER-0016,2026-02-21T16:51:00,"{""method"": ""password+mfa"", ""outcome"": ""success""}"
AUD-0000799,USR-MER-0018-01,VIEW_ANALYTICS,MERCHANT_DASHBOARD,MER-0018,2026-02-21T19:01:00,"{""filters_applied"": 2, ""view"": ""segmentation""}"
AUD-0000800,USR-MER-0015-01,LOGIN,MERCHANT_SESSION,MER-0015,2026-02-21T19:37:00,"{""method"": ""password+mfa"", ""outcome"": ""success""}"
AUD-0000801,USR-MER-0015-01,VIEW_ANALYTICS,MERCHANT_DASHBOARD,MER-0015,2026-02-21T19:46:00,"{""filters_applied"": 3, ""view"": ""segmentation""}"
AUD-0000802,USR-MER-0007-01,LOGIN,MERCHANT_SESSION,MER-0007,2026-02-21T20:01:00,"{""method"": ""password+mfa"", ""outcome"": ""success""}"
AUD-0000803,USR-MER-0002-01,VIEW_ANALYTICS,MERCHANT_DASHBOARD,MER-0002,2026-02-21T21:07:00,"{""filters_applied"": 2, ""view"": ""customer_detail""}"
AUD-0000804,USR-MER-0013-01,LOGIN,MERCHANT_SESSION,MER-0013,2026-02-21T21:53:00,"{""method"": ""password+mfa"", ""outcome"": ""success""}"
AUD-0000805,USR-MER-0016-01,LOGIN,MERCHANT_SESSION,MER-0016,2026-02-22T09:17:00,"{""method"": ""password+mfa"", ""outcome"": ""success""}"
AUD-0000806,USR-MER-0014-01,LOGIN,MERCHANT_SESSION,MER-0014,2026-02-22T10:07:00,"{""method"": ""password+mfa"", ""outcome"": ""success""}"
AUD-0000807,USR-MER-0011-01,VIEW_ANALYTICS,MERCHANT_DASHBOARD,MER-0011,2026-02-22T10:10:00,"{""filters_applied"": 2, ""view"": ""segmentation""}"
AUD-0000808,USR-MER-0017-01,VIEW_ANALYTICS,MERCHANT_DASHBOARD,MER-0017,2026-02-22T10:18:00,"{""filters_applied"": 3, ""view"": ""campaign_performance""}"
AUD-0000809,USR-MER-0005-01,LOGIN,MERCHANT_SESSION,MER-0005,2026-02-22T10:19:00,"{""method"": ""password+mfa"", ""outcome"": ""success""}"
AUD-0000810,USR-MER-0010-01,LOGIN,MERCHANT_SESSION,MER-0010,2026-02-22T12:52:00,"{""method"": ""password+mfa"", ""outcome"": ""success""}"
AUD-0000811,USR-MER-0003-01,LOGIN,MERCHANT_SESSION,MER-0003,2026-02-22T15:16:00,"{""method"": ""password+mfa"", ""outcome"": ""success""}"
AUD-0000812,USR-MER-0001-01,LOGIN,MERCHANT_SESSION,MER-0001,2026-02-22T17:00:00,"{""method"": ""password+mfa"", ""outcome"": ""success""}"
AUD-0000813,USR-MER-0015-01,LOGIN,MERCHANT_SESSION,MER-0015,2026-02-22T17:05:00,"{""method"": ""password+mfa"", ""outcome"": ""success""}"
AUD-0000814,USR-MER-0009-01,VIEW_ANALYTICS,MERCHANT_DASHBOARD,MER-0009,2026-02-22T18:19:00,"{""filters_applied"": 3, ""view"": ""customer_detail""}"
AUD-0000815,USR-MER-0002-01,VIEW_ANALYTICS,MERCHANT_DASHBOARD,MER-0002,2026-02-22T18:50:00,"{""filters_applied"": 0, ""view"": ""customer_detail""}"
AUD-0000816,SYS-REDEEM,REDEMPTION_CONFIRMED,REDEMPTION,RED-000083,2026-02-23T06:17:28,"{""discount_applied"": 1000.0, ""gross_bill_amount"": 1469.0, ""offer_id"": ""OFR-0075"", ""redemption_id"": ""RED-000083"", ""transaction_id"": ""TXN-0004377""}"
AUD-0000817,USR-MER-0015-01,VIEW_ANALYTICS,MERCHANT_DASHBOARD,MER-0015,2026-02-23T08:11:00,"{""filters_applied"": 3, ""view"": ""segmentation""}"
AUD-0000818,USR-MER-0012-01,VIEW_ANALYTICS,MERCHANT_DASHBOARD,MER-0012,2026-02-23T09:40:00,"{""filters_applied"": 1, ""view"": ""customer_detail""}"
AUD-0000819,USR-MER-0012-01,VIEW_ANALYTICS,MERCHANT_DASHBOARD,MER-0012,2026-02-23T09:42:00,"{""filters_applied"": 4, ""view"": ""segmentation""}"
AUD-0000820,USR-MER-0015-01,VIEW_ANALYTICS,MERCHANT_DASHBOARD,MER-0015,2026-02-23T11:49:00,"{""filters_applied"": 2, ""view"": ""redemption_log""}"
AUD-0000821,USR-MER-0016-01,LOGIN,MERCHANT_SESSION,MER-0016,2026-02-23T12:31:00,"{""method"": ""password+mfa"", ""outcome"": ""success""}"
AUD-0000822,USR-MER-0004-01,VIEW_ANALYTICS,MERCHANT_DASHBOARD,MER-0004,2026-02-23T12:35:00,"{""filters_applied"": 3, ""view"": ""customer_detail""}"
AUD-0000823,USR-MER-0005-01,VIEW_ANALYTICS,MERCHANT_DASHBOARD,MER-0005,2026-02-23T12:38:00,"{""filters_applied"": 0, ""view"": ""customer_detail""}"
AUD-0000824,USR-MER-0007-01,LOGIN,MERCHANT_SESSION,MER-0007,2026-02-23T15:19:00,"{""method"": ""password+mfa"", ""outcome"": ""success""}"
AUD-0000825,USR-MER-0003-01,VIEW_ANALYTICS,MERCHANT_DASHBOARD,MER-0003,2026-02-23T15:56:00,"{""filters_applied"": 3, ""view"": ""campaign_performance""}"
AUD-0000826,USR-MER-0016-01,LOGIN,MERCHANT_SESSION,MER-0016,2026-02-23T16:21:00,"{""method"": ""password+mfa"", ""outcome"": ""success""}"
AUD-0000827,USR-MER-0011-01,VIEW_ANALYTICS,MERCHANT_DASHBOARD,MER-0011,2026-02-23T16:27:00,"{""filters_applied"": 4, ""view"": ""segmentation""}"
AUD-0000828,USR-MER-0013-01,VIEW_ANALYTICS,MERCHANT_DASHBOARD,MER-0013,2026-02-23T16:39:00,"{""filters_applied"": 4, ""view"": ""redemption_log""}"
AUD-0000829,USR-MER-0014-01,VIEW_ANALYTICS,MERCHANT_DASHBOARD,MER-0014,2026-02-23T17:09:00,"{""filters_applied"": 1, ""view"": ""segmentation""}"
AUD-0000830,USR-MER-0003-01,VIEW_ANALYTICS,MERCHANT_DASHBOARD,MER-0003,2026-02-23T18:03:00,"{""filters_applied"": 0, ""view"": ""customer_detail""}"
AUD-0000831,SYS-REDEEM,REDEMPTION_CONFIRMED,REDEMPTION,RED-000084,2026-02-24T06:20:08,"{""discount_applied"": 280.0, ""gross_bill_amount"": 7159.03, ""offer_id"": ""OFR-0096"", ""redemption_id"": ""RED-000084"", ""transaction_id"": ""TXN-0004459""}"
AUD-0000832,SYS-AI-COPY,GENERATE_AI_CONTENT,CAMPAIGN,CPN-0062,2026-02-24T08:03:00,"{""model"": ""mock-copywriter-v1"", ""output_chars"": 285, ""prompt_version"": ""p2.0""}"
AUD-0000833,USR-MER-0013-01,CREATE_CAMPAIGN,CAMPAIGN,CPN-0062,2026-02-24T08:15:00,"{""merchant_id"": ""MER-0013"", ""objective"": ""SEASONAL_PROMOTION"", ""offer_id"": ""OFR-0082""}"
AUD-0000834,USR-MER-0014-01,VIEW_ANALYTICS,MERCHANT_DASHBOARD,MER-0014,2026-02-24T08:17:00,"{""filters_applied"": 0, ""view"": ""redemption_log""}"
AUD-0000835,USR-MER-0004-01,VIEW_ANALYTICS,MERCHANT_DASHBOARD,MER-0004,2026-02-24T09:03:00,"{""filters_applied"": 1, ""view"": ""customer_detail""}"
AUD-0000836,USR-MER-0005-01,VIEW_ANALYTICS,MERCHANT_DASHBOARD,MER-0005,2026-02-24T09:46:00,"{""filters_applied"": 3, ""view"": ""segmentation""}"
AUD-0000837,USR-MER-0012-01,LOGIN,MERCHANT_SESSION,MER-0012,2026-02-24T11:22:00,"{""method"": ""password+mfa"", ""outcome"": ""success""}"
AUD-0000838,USR-MER-0012-01,LOGIN,MERCHANT_SESSION,MER-0012,2026-02-24T12:41:00,"{""method"": ""password+mfa"", ""outcome"": ""success""}"
AUD-0000839,USR-MER-0001-01,VIEW_ANALYTICS,MERCHANT_DASHBOARD,MER-0001,2026-02-24T13:02:00,"{""filters_applied"": 2, ""view"": ""redemption_log""}"
AUD-0000840,USR-MER-0002-01,LOGIN,MERCHANT_SESSION,MER-0002,2026-02-24T13:40:00,"{""method"": ""password+mfa"", ""outcome"": ""success""}"
AUD-0000841,USR-MER-0013-01,LOGIN,MERCHANT_SESSION,MER-0013,2026-02-24T14:34:00,"{""method"": ""password+mfa"", ""outcome"": ""success""}"
AUD-0000842,SYS-AI-COPY,GENERATE_AI_CONTENT,CAMPAIGN,CPN-0037,2026-02-24T17:18:00,"{""model"": ""template-fallback-v1"", ""output_chars"": 206, ""prompt_version"": ""p1.2""}"
AUD-0000843,USR-MER-0016-01,LOGIN,MERCHANT_SESSION,MER-0016,2026-02-24T17:44:00,"{""method"": ""password+mfa"", ""outcome"": ""success""}"
AUD-0000844,USR-MER-0007-01,CREATE_CAMPAIGN,CAMPAIGN,CPN-0037,2026-02-24T17:45:00,"{""merchant_id"": ""MER-0007"", ""objective"": ""INCREASE_REPEAT_PURCHASE"", ""offer_id"": ""OFR-0057""}"
AUD-0000845,USR-MER-0002-01,VIEW_ANALYTICS,MERCHANT_DASHBOARD,MER-0002,2026-02-24T18:20:00,"{""filters_applied"": 2, ""view"": ""customer_detail""}"
AUD-0000846,USR-MER-0009-01,LOGIN,MERCHANT_SESSION,MER-0009,2026-02-24T19:51:00,"{""method"": ""password+mfa"", ""outcome"": ""success""}"
AUD-0000847,USR-MER-0001-01,VIEW_ANALYTICS,MERCHANT_DASHBOARD,MER-0001,2026-02-24T20:02:00,"{""filters_applied"": 0, ""view"": ""segmentation""}"
AUD-0000848,USR-MER-0018-01,LOGIN,MERCHANT_SESSION,MER-0018,2026-02-24T20:11:00,"{""method"": ""password+mfa"", ""outcome"": ""success""}"
AUD-0000849,USR-MER-0017-01,LOGIN,MERCHANT_SESSION,MER-0017,2026-02-24T21:22:00,"{""method"": ""password+mfa"", ""outcome"": ""success""}"
AUD-0000850,USR-MER-0006-01,LAUNCH_CAMPAIGN,CAMPAIGN,CPN-0033,2026-02-25T09:11:00,"{""campaign_id"": ""CPN-0033""}"
AUD-0000851,USR-MER-0018-01,VIEW_ANALYTICS,MERCHANT_DASHBOARD,MER-0018,2026-02-25T09:17:00,"{""filters_applied"": 1, ""view"": ""campaign_performance""}"
AUD-0000852,USR-MER-0010-01,LOGIN,MERCHANT_SESSION,MER-0010,2026-02-25T11:24:00,"{""method"": ""password+mfa"", ""outcome"": ""success""}"
AUD-0000853,USR-MER-0016-01,LOGIN,MERCHANT_SESSION,MER-0016,2026-02-25T12:09:00,"{""method"": ""password+mfa"", ""outcome"": ""success""}"
AUD-0000854,USR-MER-0005-01,VIEW_ANALYTICS,MERCHANT_DASHBOARD,MER-0005,2026-02-25T13:16:00,"{""filters_applied"": 3, ""view"": ""campaign_performance""}"
AUD-0000855,USR-MER-0001-01,LOGIN,MERCHANT_SESSION,MER-0001,2026-02-25T13:53:00,"{""method"": ""password+mfa"", ""outcome"": ""success""}"
AUD-0000856,USR-MER-0017-01,VIEW_ANALYTICS,MERCHANT_DASHBOARD,MER-0017,2026-02-25T14:18:00,"{""filters_applied"": 1, ""view"": ""campaign_performance""}"
AUD-0000857,USR-MER-0002-01,VIEW_ANALYTICS,MERCHANT_DASHBOARD,MER-0002,2026-02-25T17:01:00,"{""filters_applied"": 2, ""view"": ""customer_detail""}"
AUD-0000858,USR-MER-0014-01,VIEW_ANALYTICS,MERCHANT_DASHBOARD,MER-0014,2026-02-25T19:06:00,"{""filters_applied"": 3, ""view"": ""customer_detail""}"
AUD-0000859,USR-MER-0007-01,APPROVE_CAMPAIGN,CAMPAIGN,CPN-0037,2026-02-26T01:19:00,"{""campaign_id"": ""CPN-0037""}"
AUD-0000860,SYS-REDEEM,REDEMPTION_CONFIRMED,REDEMPTION,RED-000085,2026-02-26T03:15:30,"{""discount_applied"": 250.0, ""gross_bill_amount"": 8977.62, ""offer_id"": ""OFR-0053"", ""redemption_id"": ""RED-000085"", ""transaction_id"": ""TXN-0004611""}"
AUD-0000861,SYS-REDEEM,REDEMPTION_REJECTED,REDEMPTION,RED-000086,2026-02-26T04:40:30,"{""discount_applied"": 250.0, ""gross_bill_amount"": 8977.62, ""offer_id"": ""OFR-0053"", ""reason"": ""DUPLICATE_REDEMPTION"", ""redemption_id"": ""RED-000086"", ""transaction_id"": ""TXN-0004611""}"
AUD-0000862,SYS-REDEEM,REDEMPTION_CONFIRMED,REDEMPTION,RED-000087,2026-02-26T05:37:25,"{""discount_applied"": 1000.0, ""gross_bill_amount"": 1817.91, ""offer_id"": ""OFR-0075"", ""redemption_id"": ""RED-000087"", ""transaction_id"": ""TXN-0004612""}"
AUD-0000863,SYS-REDEEM,REDEMPTION_CONFIRMED,REDEMPTION,RED-000088,2026-02-26T05:42:58,"{""discount_applied"": 250.0, ""gross_bill_amount"": 6626.2, ""offer_id"": ""OFR-0053"", ""redemption_id"": ""RED-000088"", ""transaction_id"": ""TXN-0004613""}"
AUD-0000864,SYS-REDEEM,REDEMPTION_CONFIRMED,REDEMPTION,RED-000089,2026-02-26T06:41:38,"{""discount_applied"": 280.0, ""gross_bill_amount"": 7798.51, ""offer_id"": ""OFR-0096"", ""redemption_id"": ""RED-000089"", ""transaction_id"": ""TXN-0004614""}"
AUD-0000865,SYS-REDEEM,REDEMPTION_REJECTED,REDEMPTION,RED-000090,2026-02-26T06:55:25,"{""discount_applied"": 1000.0, ""gross_bill_amount"": 1817.91, ""offer_id"": ""OFR-0075"", ""reason"": ""DUPLICATE_REDEMPTION"", ""redemption_id"": ""RED-000090"", ""transaction_id"": ""TXN-0004612""}"
AUD-0000866,USR-MER-0007-01,LOGIN,MERCHANT_SESSION,MER-0007,2026-02-26T08:24:00,"{""method"": ""password+mfa"", ""outcome"": ""success""}"
AUD-0000867,USR-MER-0011-01,VIEW_ANALYTICS,MERCHANT_DASHBOARD,MER-0011,2026-02-26T08:48:00,"{""filters_applied"": 3, ""view"": ""segmentation""}"
AUD-0000868,USR-MER-0011-01,VIEW_ANALYTICS,MERCHANT_DASHBOARD,MER-0011,2026-02-26T10:13:00,"{""filters_applied"": 2, ""view"": ""segmentation""}"
AUD-0000869,USR-MER-0005-01,LOGIN,MERCHANT_SESSION,MER-0005,2026-02-26T10:18:00,"{""method"": ""password+mfa"", ""outcome"": ""success""}"
AUD-0000870,USR-MER-0007-01,VIEW_ANALYTICS,MERCHANT_DASHBOARD,MER-0007,2026-02-26T10:25:00,"{""filters_applied"": 1, ""view"": ""segmentation""}"
AUD-0000871,USR-MER-0012-01,LAUNCH_CAMPAIGN,CAMPAIGN,CPN-0058,2026-02-26T11:20:00,"{""campaign_id"": ""CPN-0058""}"
AUD-0000872,USR-MER-0008-01,VIEW_ANALYTICS,MERCHANT_DASHBOARD,MER-0008,2026-02-26T11:35:00,"{""filters_applied"": 4, ""view"": ""redemption_log""}"
AUD-0000873,USR-MER-0013-01,LOGIN,MERCHANT_SESSION,MER-0013,2026-02-26T12:20:00,"{""method"": ""password+mfa"", ""outcome"": ""success""}"
AUD-0000874,USR-MER-0015-01,VIEW_ANALYTICS,MERCHANT_DASHBOARD,MER-0015,2026-02-26T12:59:00,"{""filters_applied"": 4, ""view"": ""segmentation""}"
AUD-0000875,USR-MER-0013-01,APPROVE_CAMPAIGN,CAMPAIGN,CPN-0062,2026-02-26T13:24:00,"{""campaign_id"": ""CPN-0062""}"
AUD-0000876,USR-MER-0017-01,LOGIN,MERCHANT_SESSION,MER-0017,2026-02-26T13:32:00,"{""method"": ""password+mfa"", ""outcome"": ""success""}"
AUD-0000877,USR-MER-0007-01,LOGIN,MERCHANT_SESSION,MER-0007,2026-02-26T14:46:00,"{""method"": ""password+mfa"", ""outcome"": ""success""}"
AUD-0000878,SYS-REDEEM,REDEMPTION_CONFIRMED,REDEMPTION,RED-000091,2026-02-26T15:08:52,"{""discount_applied"": 250.0, ""gross_bill_amount"": 5898.22, ""offer_id"": ""OFR-0053"", ""redemption_id"": ""RED-000091"", ""transaction_id"": ""TXN-0004662""}"
AUD-0000879,SYS-REDEEM,REDEMPTION_CONFIRMED,REDEMPTION,RED-000092,2026-02-26T16:38:20,"{""discount_applied"": 280.0, ""gross_bill_amount"": 6893.26, ""offer_id"": ""OFR-0096"", ""redemption_id"": ""RED-000092"", ""transaction_id"": ""TXN-0004672""}"
AUD-0000880,USR-MER-0002-01,LOGIN,MERCHANT_SESSION,MER-0002,2026-02-26T17:04:00,"{""method"": ""password+mfa"", ""outcome"": ""success""}"
AUD-0000881,SYS-REDEEM,REDEMPTION_CONFIRMED,REDEMPTION,RED-000093,2026-02-26T18:16:26,"{""discount_applied"": 250.0, ""gross_bill_amount"": 7236.35, ""offer_id"": ""OFR-0053"", ""redemption_id"": ""RED-000093"", ""transaction_id"": ""TXN-0004685""}"
AUD-0000882,SYS-REDEEM,REDEMPTION_REJECTED,REDEMPTION,RED-000094,2026-02-26T18:34:26,"{""discount_applied"": 250.0, ""gross_bill_amount"": 7236.35, ""offer_id"": ""OFR-0053"", ""reason"": ""DUPLICATE_REDEMPTION"", ""redemption_id"": ""RED-000094"", ""transaction_id"": ""TXN-0004685""}"
AUD-0000883,SYS-REDEEM,REDEMPTION_CONFIRMED,REDEMPTION,RED-000095,2026-02-26T19:14:48,"{""discount_applied"": 250.0, ""gross_bill_amount"": 7758.53, ""offer_id"": ""OFR-0053"", ""redemption_id"": ""RED-000095"", ""transaction_id"": ""TXN-0004692""}"
AUD-0000884,USR-MER-0001-01,LOGIN,MERCHANT_SESSION,MER-0001,2026-02-26T19:31:00,"{""method"": ""password+mfa"", ""outcome"": ""success""}"
AUD-0000885,USR-MER-0017-01,LOGIN,MERCHANT_SESSION,MER-0017,2026-02-26T19:57:00,"{""method"": ""password+mfa"", ""outcome"": ""success""}"
AUD-0000886,USR-MER-0008-01,VIEW_ANALYTICS,MERCHANT_DASHBOARD,MER-0008,2026-02-26T20:41:00,"{""filters_applied"": 3, ""view"": ""segmentation""}"
AUD-0000887,SYS-REDEEM,REDEMPTION_CONFIRMED,REDEMPTION,RED-000096,2026-02-26T23:27:15,"{""discount_applied"": 1400.0, ""gross_bill_amount"": 16763.61, ""offer_id"": ""OFR-0078"", ""redemption_id"": ""RED-000096"", ""transaction_id"": ""TXN-0004706""}"
AUD-0000888,SYS-REDEEM,REDEMPTION_CONFIRMED,REDEMPTION,RED-000097,2026-02-27T02:00:40,"{""discount_applied"": 1400.0, ""gross_bill_amount"": 10000.0, ""offer_id"": ""OFR-0078"", ""redemption_id"": ""RED-000097"", ""transaction_id"": ""TXN-0004707""}"
AUD-0000889,SYS-REDEEM,REDEMPTION_CONFIRMED,REDEMPTION,RED-000098,2026-02-27T08:28:20,"{""discount_applied"": 250.0, ""gross_bill_amount"": 5727.55, ""offer_id"": ""OFR-0053"", ""redemption_id"": ""RED-000098"", ""transaction_id"": ""TXN-0004713""}"
AUD-0000890,USR-MER-0018-01,VIEW_ANALYTICS,MERCHANT_DASHBOARD,MER-0018,2026-02-27T08:43:00,"{""filters_applied"": 0, ""view"": ""segmentation""}"
AUD-0000891,USR-MER-0006-01,LOGIN,MERCHANT_SESSION,MER-0006,2026-02-27T09:19:00,"{""method"": ""password+mfa"", ""outcome"": ""success""}"
AUD-0000892,USR-MER-0017-01,LOGIN,MERCHANT_SESSION,MER-0017,2026-02-27T09:35:00,"{""method"": ""password+mfa"", ""outcome"": ""success""}"
AUD-0000893,SYS-REDEEM,REDEMPTION_CONFIRMED,REDEMPTION,RED-000099,2026-02-27T09:36:22,"{""discount_applied"": 1400.0, ""gross_bill_amount"": 17154.02, ""offer_id"": ""OFR-0078"", ""redemption_id"": ""RED-000099"", ""transaction_id"": ""TXN-0004720""}"
AUD-0000894,USR-MER-0015-01,LOGIN,MERCHANT_SESSION,MER-0015,2026-02-27T11:15:00,"{""method"": ""password+mfa"", ""outcome"": ""success""}"
AUD-0000895,USR-MER-0012-01,LOGIN,MERCHANT_SESSION,MER-0012,2026-02-27T11:20:00,"{""method"": ""password+mfa"", ""outcome"": ""success""}"
AUD-0000896,USR-MER-0013-01,LOGIN,MERCHANT_SESSION,MER-0013,2026-02-27T14:08:00,"{""method"": ""password+mfa"", ""outcome"": ""success""}"
AUD-0000897,USR-MER-0008-01,LOGIN,MERCHANT_SESSION,MER-0008,2026-02-27T14:49:00,"{""method"": ""password+mfa"", ""outcome"": ""success""}"
AUD-0000898,USR-MER-0011-01,VIEW_ANALYTICS,MERCHANT_DASHBOARD,MER-0011,2026-02-27T14:55:00,"{""filters_applied"": 4, ""view"": ""segmentation""}"
AUD-0000899,SYS-REDEEM,REDEMPTION_CONFIRMED,REDEMPTION,RED-000100,2026-02-27T15:19:09,"{""discount_applied"": 1400.0, ""gross_bill_amount"": 15894.78, ""offer_id"": ""OFR-0078"", ""redemption_id"": ""RED-000100"", ""transaction_id"": ""TXN-0004740""}"
AUD-0000900,USR-MER-0018-01,VIEW_ANALYTICS,MERCHANT_DASHBOARD,MER-0018,2026-02-27T16:05:00,"{""filters_applied"": 1, ""view"": ""campaign_performance""}"
AUD-0000901,USR-MER-0001-01,LOGIN,MERCHANT_SESSION,MER-0001,2026-02-27T18:00:00,"{""method"": ""password+mfa"", ""outcome"": ""success""}"
AUD-0000902,SYS-REDEEM,REDEMPTION_CONFIRMED,REDEMPTION,RED-000101,2026-02-27T18:35:43,"{""discount_applied"": 1400.0, ""gross_bill_amount"": 10000.0, ""offer_id"": ""OFR-0078"", ""redemption_id"": ""RED-000101"", ""transaction_id"": ""TXN-0004757""}"
AUD-0000903,USR-MER-0018-01,LOGIN,MERCHANT_SESSION,MER-0018,2026-02-27T21:02:00,"{""method"": ""password+mfa"", ""outcome"": ""success""}"
AUD-0000904,SYS-REDEEM,REDEMPTION_CONFIRMED,REDEMPTION,RED-000102,2026-02-27T21:04:55,"{""discount_applied"": 1400.0, ""gross_bill_amount"": 10000.0, ""offer_id"": ""OFR-0078"", ""redemption_id"": ""RED-000102"", ""transaction_id"": ""TXN-0004780""}"
AUD-0000905,SYS-REDEEM,REDEMPTION_CONFIRMED,REDEMPTION,RED-000103,2026-02-28T04:03:45,"{""discount_applied"": 250.0, ""gross_bill_amount"": 5000.0, ""offer_id"": ""OFR-0053"", ""redemption_id"": ""RED-000103"", ""transaction_id"": ""TXN-0004782""}"
AUD-0000906,SYS-REDEEM,REDEMPTION_CONFIRMED,REDEMPTION,RED-000104,2026-02-28T07:08:00,"{""discount_applied"": 1000.0, ""gross_bill_amount"": 1804.46, ""offer_id"": ""OFR-0075"", ""redemption_id"": ""RED-000104"", ""transaction_id"": ""TXN-0004784""}"
AUD-0000907,USR-MER-0005-01,LOGIN,MERCHANT_SESSION,MER-0005,2026-02-28T11:19:00,"{""method"": ""password+mfa"", ""outcome"": ""success""}"
AUD-0000908,USR-MER-0011-01,VIEW_ANALYTICS,MERCHANT_DASHBOARD,MER-0011,2026-02-28T13:46:00,"{""filters_applied"": 0, ""view"": ""campaign_performance""}"
AUD-0000909,USR-MER-0005-01,VIEW_ANALYTICS,MERCHANT_DASHBOARD,MER-0005,2026-02-28T15:25:00,"{""filters_applied"": 0, ""view"": ""campaign_performance""}"
AUD-0000910,USR-MER-0017-01,LOGIN,MERCHANT_SESSION,MER-0017,2026-02-28T17:38:00,"{""method"": ""password+mfa"", ""outcome"": ""success""}"
AUD-0000911,USR-MER-0007-01,LOGIN,MERCHANT_SESSION,MER-0007,2026-02-28T18:18:00,"{""method"": ""password+mfa"", ""outcome"": ""success""}"
AUD-0000912,SYS-REDEEM,REDEMPTION_CONFIRMED,REDEMPTION,RED-000105,2026-02-28T20:37:05,"{""discount_applied"": 1400.0, ""gross_bill_amount"": 10000.0, ""offer_id"": ""OFR-0078"", ""redemption_id"": ""RED-000105"", ""transaction_id"": ""TXN-0004862""}"
AUD-0000913,USR-MER-0015-01,VIEW_ANALYTICS,MERCHANT_DASHBOARD,MER-0015,2026-02-28T21:51:00,"{""filters_applied"": 1, ""view"": ""customer_detail""}"
AUD-0000914,SYS-REDEEM,REDEMPTION_CONFIRMED,REDEMPTION,RED-000106,2026-03-01T00:45:52,"{""discount_applied"": 1400.0, ""gross_bill_amount"": 10000.0, ""offer_id"": ""OFR-0078"", ""redemption_id"": ""RED-000106"", ""transaction_id"": ""TXN-0004866""}"
AUD-0000915,SYS-REDEEM,REDEMPTION_REJECTED,REDEMPTION,RED-000107,2026-03-01T01:22:52,"{""discount_applied"": 1400.0, ""gross_bill_amount"": 10000.0, ""offer_id"": ""OFR-0078"", ""reason"": ""DUPLICATE_REDEMPTION"", ""redemption_id"": ""RED-000107"", ""transaction_id"": ""TXN-0004866""}"
AUD-0000916,SYS-REDEEM,REDEMPTION_CONFIRMED,REDEMPTION,RED-000108,2026-03-01T01:26:32,"{""discount_applied"": 1400.0, ""gross_bill_amount"": 14331.04, ""offer_id"": ""OFR-0078"", ""redemption_id"": ""RED-000108"", ""transaction_id"": ""TXN-0004867""}"
AUD-0000917,SYS-REDEEM,REDEMPTION_CONFIRMED,REDEMPTION,RED-000109,2026-03-01T02:24:18,"{""discount_applied"": 250.0, ""gross_bill_amount"": 5120.43, ""offer_id"": ""OFR-0053"", ""redemption_id"": ""RED-000109"", ""transaction_id"": ""TXN-0004868""}"
AUD-0000918,USR-MER-0012-01,VIEW_ANALYTICS,MERCHANT_DASHBOARD,MER-0012,2026-03-01T08:11:00,"{""filters_applied"": 1, ""view"": ""campaign_performance""}"
AUD-0000919,USR-MER-0007-01,LOGIN,MERCHANT_SESSION,MER-0007,2026-03-01T08:24:00,"{""method"": ""password+mfa"", ""outcome"": ""success""}"
AUD-0000920,USR-MER-0013-01,LOGIN,MERCHANT_SESSION,MER-0013,2026-03-01T09:18:00,"{""method"": ""password+mfa"", ""outcome"": ""success""}"
AUD-0000921,USR-MER-0012-01,VIEW_ANALYTICS,MERCHANT_DASHBOARD,MER-0012,2026-03-01T10:47:00,"{""filters_applied"": 1, ""view"": ""redemption_log""}"
AUD-0000922,USR-MER-0009-01,VIEW_ANALYTICS,MERCHANT_DASHBOARD,MER-0009,2026-03-01T11:21:00,"{""filters_applied"": 1, ""view"": ""segmentation""}"
AUD-0000923,USR-MER-0015-01,LOGIN,MERCHANT_SESSION,MER-0015,2026-03-01T15:04:00,"{""method"": ""password+mfa"", ""outcome"": ""success""}"
AUD-0000924,USR-MER-0016-01,LOGIN,MERCHANT_SESSION,MER-0016,2026-03-01T15:55:00,"{""method"": ""password+mfa"", ""outcome"": ""success""}"
AUD-0000925,USR-MER-0006-01,LOGIN,MERCHANT_SESSION,MER-0006,2026-03-01T16:22:00,"{""method"": ""password+mfa"", ""outcome"": ""success""}"
AUD-0000926,USR-MER-0001-01,LOGIN,MERCHANT_SESSION,MER-0001,2026-03-01T16:43:00,"{""method"": ""password+mfa"", ""outcome"": ""success""}"
AUD-0000927,USR-MER-0006-01,VIEW_ANALYTICS,MERCHANT_DASHBOARD,MER-0006,2026-03-01T17:23:00,"{""filters_applied"": 2, ""view"": ""customer_detail""}"
AUD-0000928,SYS-REDEEM,REDEMPTION_CONFIRMED,REDEMPTION,RED-000110,2026-03-01T17:32:26,"{""discount_applied"": 1400.0, ""gross_bill_amount"": 10834.18, ""offer_id"": ""OFR-0078"", ""redemption_id"": ""RED-000110"", ""transaction_id"": ""TXN-0004911""}"
AUD-0000929,USR-MER-0011-01,LOGIN,MERCHANT_SESSION,MER-0011,2026-03-01T17:33:00,"{""method"": ""password+mfa"", ""outcome"": ""success""}"
AUD-0000930,SYS-REDEEM,REDEMPTION_CONFIRMED,REDEMPTION,RED-000111,2026-03-01T18:36:22,"{""discount_applied"": 1400.0, ""gross_bill_amount"": 14542.81, ""offer_id"": ""OFR-0078"", ""redemption_id"": ""RED-000111"", ""transaction_id"": ""TXN-0004923""}"
AUD-0000931,USR-MER-0009-01,VIEW_ANALYTICS,MERCHANT_DASHBOARD,MER-0009,2026-03-01T18:38:00,"{""filters_applied"": 2, ""view"": ""campaign_performance""}"
AUD-0000932,SYS-REDEEM,REDEMPTION_CONFIRMED,REDEMPTION,RED-000112,2026-03-01T19:01:31,"{""discount_applied"": 1400.0, ""gross_bill_amount"": 13982.46, ""offer_id"": ""OFR-0078"", ""redemption_id"": ""RED-000112"", ""transaction_id"": ""TXN-0004927""}"
AUD-0000933,SYS-REDEEM,REDEMPTION_CONFIRMED,REDEMPTION,RED-000113,2026-03-01T19:41:56,"{""discount_applied"": 1400.0, ""gross_bill_amount"": 18701.19, ""offer_id"": ""OFR-0078"", ""redemption_id"": ""RED-000113"", ""transaction_id"": ""TXN-0004929""}"
AUD-0000934,SYS-REDEEM,REDEMPTION_REJECTED,REDEMPTION,RED-000114,2026-03-01T20:02:31,"{""discount_applied"": 1400.0, ""gross_bill_amount"": 13982.46, ""offer_id"": ""OFR-0078"", ""reason"": ""DUPLICATE_REDEMPTION"", ""redemption_id"": ""RED-000114"", ""transaction_id"": ""TXN-0004927""}"
AUD-0000935,SYS-REDEEM,REDEMPTION_CONFIRMED,REDEMPTION,RED-000115,2026-03-01T21:05:59,"{""discount_applied"": 250.0, ""gross_bill_amount"": 8917.29, ""offer_id"": ""OFR-0053"", ""redemption_id"": ""RED-000115"", ""transaction_id"": ""TXN-0004935""}"
AUD-0000936,USR-MER-0014-01,VIEW_ANALYTICS,MERCHANT_DASHBOARD,MER-0014,2026-03-02T09:53:00,"{""filters_applied"": 4, ""view"": ""redemption_log""}"
AUD-0000937,USR-MER-0012-01,LOGIN,MERCHANT_SESSION,MER-0012,2026-03-02T10:16:00,"{""method"": ""password+mfa"", ""outcome"": ""success""}"
AUD-0000938,USR-MER-0009-01,LOGIN,MERCHANT_SESSION,MER-0009,2026-03-02T10:23:00,"{""method"": ""password+mfa"", ""outcome"": ""success""}"
AUD-0000939,USR-MER-0010-01,VIEW_ANALYTICS,MERCHANT_DASHBOARD,MER-0010,2026-03-02T11:59:00,"{""filters_applied"": 1, ""view"": ""redemption_log""}"
AUD-0000940,USR-MER-0011-01,LOGIN,MERCHANT_SESSION,MER-0011,2026-03-02T12:34:00,"{""method"": ""password+mfa"", ""outcome"": ""success""}"
AUD-0000941,USR-MER-0001-01,VIEW_ANALYTICS,MERCHANT_DASHBOARD,MER-0001,2026-03-02T13:23:00,"{""filters_applied"": 2, ""view"": ""campaign_performance""}"
AUD-0000942,USR-MER-0007-01,VIEW_ANALYTICS,MERCHANT_DASHBOARD,MER-0007,2026-03-02T13:59:00,"{""filters_applied"": 0, ""view"": ""campaign_performance""}"
AUD-0000943,USR-MER-0011-01,LOGIN,MERCHANT_SESSION,MER-0011,2026-03-02T14:29:00,"{""method"": ""password+mfa"", ""outcome"": ""success""}"
AUD-0000944,USR-MER-0001-01,LOGIN,MERCHANT_SESSION,MER-0001,2026-03-02T15:36:00,"{""method"": ""password+mfa"", ""outcome"": ""success""}"
AUD-0000945,USR-MER-0012-01,LOGIN,MERCHANT_SESSION,MER-0012,2026-03-02T15:36:00,"{""method"": ""password+mfa"", ""outcome"": ""success""}"
AUD-0000946,USR-MER-0013-01,VIEW_ANALYTICS,MERCHANT_DASHBOARD,MER-0013,2026-03-02T15:46:00,"{""filters_applied"": 0, ""view"": ""campaign_performance""}"
AUD-0000947,USR-MER-0018-01,VIEW_ANALYTICS,MERCHANT_DASHBOARD,MER-0018,2026-03-02T16:41:00,"{""filters_applied"": 2, ""view"": ""redemption_log""}"
AUD-0000948,USR-MER-0004-01,LOGIN,MERCHANT_SESSION,MER-0004,2026-03-02T18:41:00,"{""method"": ""password+mfa"", ""outcome"": ""success""}"
AUD-0000949,USR-MER-0015-01,LOGIN,MERCHANT_SESSION,MER-0015,2026-03-02T18:57:00,"{""method"": ""password+mfa"", ""outcome"": ""success""}"
AUD-0000950,SYS-REDEEM,REDEMPTION_CONFIRMED,REDEMPTION,RED-000116,2026-03-02T20:39:13,"{""discount_applied"": 250.0, ""gross_bill_amount"": 7018.07, ""offer_id"": ""OFR-0053"", ""redemption_id"": ""RED-000116"", ""transaction_id"": ""TXN-0005004""}"
AUD-0000951,USR-MER-0002-01,VIEW_ANALYTICS,MERCHANT_DASHBOARD,MER-0002,2026-03-02T21:33:00,"{""filters_applied"": 3, ""view"": ""campaign_performance""}"
AUD-0000952,SYS-REDEEM,REDEMPTION_CONFIRMED,REDEMPTION,RED-000117,2026-03-02T23:11:00,"{""discount_applied"": 250.0, ""gross_bill_amount"": 5702.08, ""offer_id"": ""OFR-0053"", ""redemption_id"": ""RED-000117"", ""transaction_id"": ""TXN-0005007""}"
AUD-0000953,SYS-REDEEM,REDEMPTION_CONFIRMED,REDEMPTION,RED-000118,2026-03-03T02:24:53,"{""discount_applied"": 250.0, ""gross_bill_amount"": 5000.0, ""offer_id"": ""OFR-0053"", ""redemption_id"": ""RED-000118"", ""transaction_id"": ""TXN-0005008""}"
AUD-0000954,SYS-REDEEM,REDEMPTION_REJECTED,REDEMPTION,RED-000119,2026-03-03T03:15:53,"{""discount_applied"": 250.0, ""gross_bill_amount"": 5000.0, ""offer_id"": ""OFR-0053"", ""reason"": ""DUPLICATE_REDEMPTION"", ""redemption_id"": ""RED-000119"", ""transaction_id"": ""TXN-0005008""}"
AUD-0000955,SYS-REDEEM,REDEMPTION_CONFIRMED,REDEMPTION,RED-000120,2026-03-03T09:11:00,"{""discount_applied"": 250.0, ""gross_bill_amount"": 5000.0, ""offer_id"": ""OFR-0053"", ""redemption_id"": ""RED-000120"", ""transaction_id"": ""TXN-0005012""}"
AUD-0000956,SYS-REDEEM,REDEMPTION_CONFIRMED,REDEMPTION,RED-000121,2026-03-03T09:28:30,"{""discount_applied"": 1400.0, ""gross_bill_amount"": 18224.56, ""offer_id"": ""OFR-0078"", ""redemption_id"": ""RED-000121"", ""transaction_id"": ""TXN-0005013""}"
AUD-0000957,USR-MER-0012-01,VIEW_ANALYTICS,MERCHANT_DASHBOARD,MER-0012,2026-03-03T10:23:00,"{""filters_applied"": 1, ""view"": ""redemption_log""}"
AUD-0000958,USR-MER-0002-01,LOGIN,MERCHANT_SESSION,MER-0002,2026-03-03T11:23:00,"{""method"": ""password+mfa"", ""outcome"": ""success""}"
AUD-0000959,USR-MER-0011-01,LOGIN,MERCHANT_SESSION,MER-0011,2026-03-03T12:02:00,"{""method"": ""password+mfa"", ""outcome"": ""success""}"
AUD-0000960,USR-MER-0017-01,LOGIN,MERCHANT_SESSION,MER-0017,2026-03-03T12:29:00,"{""method"": ""password+mfa"", ""outcome"": ""success""}"
AUD-0000961,USR-MER-0007-01,LOGIN,MERCHANT_SESSION,MER-0007,2026-03-03T12:56:00,"{""method"": ""password+mfa"", ""outcome"": ""success""}"
AUD-0000962,USR-MER-0018-01,VIEW_ANALYTICS,MERCHANT_DASHBOARD,MER-0018,2026-03-03T14:28:00,"{""filters_applied"": 4, ""view"": ""redemption_log""}"
AUD-0000963,USR-MER-0005-01,LOGIN,MERCHANT_SESSION,MER-0005,2026-03-03T14:48:00,"{""method"": ""password+mfa"", ""outcome"": ""success""}"
AUD-0000964,USR-MER-0018-01,VIEW_ANALYTICS,MERCHANT_DASHBOARD,MER-0018,2026-03-03T15:11:00,"{""filters_applied"": 1, ""view"": ""campaign_performance""}"
AUD-0000965,USR-MER-0012-01,LOGIN,MERCHANT_SESSION,MER-0012,2026-03-03T15:13:00,"{""method"": ""password+mfa"", ""outcome"": ""success""}"
AUD-0000966,USR-MER-0018-01,LOGIN,MERCHANT_SESSION,MER-0018,2026-03-03T15:57:00,"{""method"": ""password+mfa"", ""outcome"": ""success""}"
AUD-0000967,USR-MER-0015-01,VIEW_ANALYTICS,MERCHANT_DASHBOARD,MER-0015,2026-03-03T16:18:00,"{""filters_applied"": 1, ""view"": ""customer_detail""}"
AUD-0000968,USR-MER-0005-01,VIEW_ANALYTICS,MERCHANT_DASHBOARD,MER-0005,2026-03-03T17:42:00,"{""filters_applied"": 4, ""view"": ""redemption_log""}"
AUD-0000969,USR-MER-0016-01,VIEW_ANALYTICS,MERCHANT_DASHBOARD,MER-0016,2026-03-03T17:54:00,"{""filters_applied"": 2, ""view"": ""redemption_log""}"
AUD-0000970,USR-MER-0002-01,VIEW_ANALYTICS,MERCHANT_DASHBOARD,MER-0002,2026-03-03T18:14:00,"{""filters_applied"": 0, ""view"": ""customer_detail""}"
AUD-0000971,USR-MER-0013-01,VIEW_ANALYTICS,MERCHANT_DASHBOARD,MER-0013,2026-03-03T18:27:00,"{""filters_applied"": 2, ""view"": ""redemption_log""}"
AUD-0000972,USR-MER-0018-01,LOGIN,MERCHANT_SESSION,MER-0018,2026-03-03T21:13:00,"{""method"": ""password+mfa"", ""outcome"": ""success""}"
AUD-0000973,USR-MER-0003-01,LOGIN,MERCHANT_SESSION,MER-0003,2026-03-03T21:25:00,"{""method"": ""password+mfa"", ""outcome"": ""success""}"
AUD-0000974,USR-MER-0005-01,LOGIN,MERCHANT_SESSION,MER-0005,2026-03-03T21:43:00,"{""method"": ""password+mfa"", ""outcome"": ""success""}"
AUD-0000975,USR-MER-0005-01,VIEW_ANALYTICS,MERCHANT_DASHBOARD,MER-0005,2026-03-04T09:39:00,"{""filters_applied"": 3, ""view"": ""redemption_log""}"
AUD-0000976,SYS-AI-COPY,GENERATE_AI_CONTENT,CAMPAIGN,CPN-0048,2026-03-04T09:52:00,"{""model"": ""mock-copywriter-v1"", ""output_chars"": 249, ""prompt_version"": ""p1.2""}"
AUD-0000977,USR-MER-0012-01,VIEW_ANALYTICS,MERCHANT_DASHBOARD,MER-0012,2026-03-04T11:03:00,"{""filters_applied"": 3, ""view"": ""campaign_performance""}"
AUD-0000978,USR-MER-0010-01,CREATE_CAMPAIGN,CAMPAIGN,CPN-0048,2026-03-04T11:09:00,"{""merchant_id"": ""MER-0010"", ""objective"": ""PROMOTE_HIGH_VALUE_OFFER"", ""offer_id"": ""OFR-0068""}"
AUD-0000979,USR-MER-0016-01,LOGIN,MERCHANT_SESSION,MER-0016,2026-03-04T13:42:00,"{""method"": ""password+mfa"", ""outcome"": ""success""}"
AUD-0000980,USR-MER-0001-01,VIEW_ANALYTICS,MERCHANT_DASHBOARD,MER-0001,2026-03-04T14:26:00,"{""filters_applied"": 2, ""view"": ""segmentation""}"
AUD-0000981,USR-MER-0014-01,LOGIN,MERCHANT_SESSION,MER-0014,2026-03-04T15:17:00,"{""method"": ""password+mfa"", ""outcome"": ""success""}"
AUD-0000982,USR-MER-0017-01,VIEW_ANALYTICS,MERCHANT_DASHBOARD,MER-0017,2026-03-04T15:42:00,"{""filters_applied"": 3, ""view"": ""segmentation""}"
AUD-0000983,USR-MER-0005-01,LOGIN,MERCHANT_SESSION,MER-0005,2026-03-04T16:49:00,"{""method"": ""password+mfa"", ""outcome"": ""success""}"
AUD-0000984,SYS-REDEEM,REDEMPTION_CONFIRMED,REDEMPTION,RED-000122,2026-03-04T18:08:23,"{""discount_applied"": 1400.0, ""gross_bill_amount"": 18995.28, ""offer_id"": ""OFR-0078"", ""redemption_id"": ""RED-000122"", ""transaction_id"": ""TXN-0005117""}"
AUD-0000985,USR-MER-0018-01,LOGIN,MERCHANT_SESSION,MER-0018,2026-03-04T19:03:00,"{""method"": ""password+mfa"", ""outcome"": ""success""}"
AUD-0000986,USR-MER-0001-01,VIEW_ANALYTICS,MERCHANT_DASHBOARD,MER-0001,2026-03-04T21:42:00,"{""filters_applied"": 3, ""view"": ""segmentation""}"
AUD-0000987,USR-MER-0001-01,VIEW_ANALYTICS,MERCHANT_DASHBOARD,MER-0001,2026-03-04T21:47:00,"{""filters_applied"": 3, ""view"": ""segmentation""}"
AUD-0000988,USR-MER-0016-01,LOGIN,MERCHANT_SESSION,MER-0016,2026-03-05T08:32:00,"{""method"": ""password+mfa"", ""outcome"": ""success""}"
AUD-0000989,USR-MER-0009-01,LOGIN,MERCHANT_SESSION,MER-0009,2026-03-05T08:42:00,"{""method"": ""password+mfa"", ""outcome"": ""success""}"
AUD-0000990,USR-MER-0004-01,VIEW_ANALYTICS,MERCHANT_DASHBOARD,MER-0004,2026-03-05T09:24:00,"{""filters_applied"": 2, ""view"": ""segmentation""}"
AUD-0000991,SYS-REDEEM,REDEMPTION_CONFIRMED,REDEMPTION,RED-000123,2026-03-05T09:24:40,"{""discount_applied"": 1400.0, ""gross_bill_amount"": 10000.0, ""offer_id"": ""OFR-0078"", ""redemption_id"": ""RED-000123"", ""transaction_id"": ""TXN-0005148""}"
AUD-0000992,USR-MER-0010-01,LOGIN,MERCHANT_SESSION,MER-0010,2026-03-05T10:09:00,"{""method"": ""password+mfa"", ""outcome"": ""success""}"
AUD-0000993,USR-MER-0018-01,VIEW_ANALYTICS,MERCHANT_DASHBOARD,MER-0018,2026-03-05T13:13:00,"{""filters_applied"": 0, ""view"": ""customer_detail""}"
AUD-0000994,USR-MER-0010-01,VIEW_ANALYTICS,MERCHANT_DASHBOARD,MER-0010,2026-03-05T13:24:00,"{""filters_applied"": 0, ""view"": ""redemption_log""}"
AUD-0000995,USR-MER-0009-01,LOGIN,MERCHANT_SESSION,MER-0009,2026-03-05T13:29:00,"{""method"": ""password+mfa"", ""outcome"": ""success""}"
AUD-0000996,USR-MER-0003-01,LOGIN,MERCHANT_SESSION,MER-0003,2026-03-05T13:47:00,"{""method"": ""password+mfa"", ""outcome"": ""success""}"
AUD-0000997,USR-MER-0003-01,VIEW_ANALYTICS,MERCHANT_DASHBOARD,MER-0003,2026-03-05T14:15:00,"{""filters_applied"": 3, ""view"": ""redemption_log""}"
AUD-0000998,USR-MER-0014-01,VIEW_ANALYTICS,MERCHANT_DASHBOARD,MER-0014,2026-03-05T14:32:00,"{""filters_applied"": 2, ""view"": ""redemption_log""}"
AUD-0000999,USR-MER-0015-01,VIEW_ANALYTICS,MERCHANT_DASHBOARD,MER-0015,2026-03-05T14:40:00,"{""filters_applied"": 3, ""view"": ""redemption_log""}"
AUD-0001000,USR-MER-0013-01,LOGIN,MERCHANT_SESSION,MER-0013,2026-03-05T14:43:00,"{""method"": ""password+mfa"", ""outcome"": ""success""}"
AUD-0001001,USR-MER-0017-01,LOGIN,MERCHANT_SESSION,MER-0017,2026-03-05T15:16:00,"{""method"": ""password+mfa"", ""outcome"": ""success""}"
AUD-0001002,USR-MER-0004-01,VIEW_ANALYTICS,MERCHANT_DASHBOARD,MER-0004,2026-03-05T15:22:00,"{""filters_applied"": 2, ""view"": ""segmentation""}"
AUD-0001003,USR-MER-0008-01,LOGIN,MERCHANT_SESSION,MER-0008,2026-03-05T16:09:00,"{""method"": ""password+mfa"", ""outcome"": ""success""}"
AUD-0001004,USR-MER-0018-01,VIEW_ANALYTICS,MERCHANT_DASHBOARD,MER-0018,2026-03-05T21:01:00,"{""filters_applied"": 0, ""view"": ""customer_detail""}"
AUD-0001005,USR-MER-0010-01,APPROVE_CAMPAIGN,CAMPAIGN,CPN-0048,2026-03-06T03:29:00,"{""campaign_id"": ""CPN-0048""}"
AUD-0001006,USR-MER-0016-01,VIEW_ANALYTICS,MERCHANT_DASHBOARD,MER-0016,2026-03-06T08:53:00,"{""filters_applied"": 3, ""view"": ""campaign_performance""}"
AUD-0001007,USR-MER-0012-01,LOGIN,MERCHANT_SESSION,MER-0012,2026-03-06T09:33:00,"{""method"": ""password+mfa"", ""outcome"": ""success""}"
AUD-0001008,USR-MER-0006-01,VIEW_ANALYTICS,MERCHANT_DASHBOARD,MER-0006,2026-03-06T10:02:00,"{""filters_applied"": 4, ""view"": ""redemption_log""}"
AUD-0001009,USR-MER-0007-01,LOGIN,MERCHANT_SESSION,MER-0007,2026-03-06T10:31:00,"{""method"": ""password+mfa"", ""outcome"": ""success""}"
AUD-0001010,USR-MER-0002-01,LOGIN,MERCHANT_SESSION,MER-0002,2026-03-06T12:52:00,"{""method"": ""password+mfa"", ""outcome"": ""success""}"
AUD-0001011,SYS-REDEEM,REDEMPTION_CONFIRMED,REDEMPTION,RED-000124,2026-03-06T14:13:44,"{""discount_applied"": 1400.0, ""gross_bill_amount"": 16266.3, ""offer_id"": ""OFR-0078"", ""redemption_id"": ""RED-000124"", ""transaction_id"": ""TXN-0005236""}"
AUD-0001012,USR-MER-0007-01,CANCEL_CAMPAIGN,CAMPAIGN,CPN-0037,2026-03-06T15:07:00,"{""campaign_id"": ""CPN-0037""}"
AUD-0001013,USR-MER-0008-01,VIEW_ANALYTICS,MERCHANT_DASHBOARD,MER-0008,2026-03-06T15:22:00,"{""filters_applied"": 0, ""view"": ""customer_detail""}"
AUD-0001014,USR-MER-0016-01,LOGIN,MERCHANT_SESSION,MER-0016,2026-03-06T15:49:00,"{""method"": ""password+mfa"", ""outcome"": ""success""}"
AUD-0001015,USR-MER-0001-01,VIEW_ANALYTICS,MERCHANT_DASHBOARD,MER-0001,2026-03-06T19:16:00,"{""filters_applied"": 2, ""view"": ""campaign_performance""}"
AUD-0001016,USR-MER-0004-01,LOGIN,MERCHANT_SESSION,MER-0004,2026-03-06T20:42:00,"{""method"": ""password+mfa"", ""outcome"": ""success""}"
AUD-0001017,USR-MER-0006-01,VIEW_ANALYTICS,MERCHANT_DASHBOARD,MER-0006,2026-03-06T20:49:00,"{""filters_applied"": 4, ""view"": ""campaign_performance""}"
AUD-0001018,USR-MER-0015-01,LOGIN,MERCHANT_SESSION,MER-0015,2026-03-06T21:30:00,"{""method"": ""password+mfa"", ""outcome"": ""success""}"
AUD-0001019,USR-MER-0013-01,VIEW_ANALYTICS,MERCHANT_DASHBOARD,MER-0013,2026-03-06T21:49:00,"{""filters_applied"": 0, ""view"": ""campaign_performance""}"
AUD-0001020,USR-MER-0008-01,VIEW_ANALYTICS,MERCHANT_DASHBOARD,MER-0008,2026-03-07T08:32:00,"{""filters_applied"": 3, ""view"": ""redemption_log""}"
AUD-0001021,USR-MER-0006-01,VIEW_ANALYTICS,MERCHANT_DASHBOARD,MER-0006,2026-03-07T10:59:00,"{""filters_applied"": 2, ""view"": ""campaign_performance""}"
AUD-0001022,USR-MER-0003-01,LOGIN,MERCHANT_SESSION,MER-0003,2026-03-07T11:58:00,"{""method"": ""password+mfa"", ""outcome"": ""success""}"
AUD-0001023,USR-MER-0012-01,VIEW_ANALYTICS,MERCHANT_DASHBOARD,MER-0012,2026-03-07T12:31:00,"{""filters_applied"": 1, ""view"": ""campaign_performance""}"
AUD-0001024,USR-MER-0015-01,LOGIN,MERCHANT_SESSION,MER-0015,2026-03-07T12:56:00,"{""method"": ""password+mfa"", ""outcome"": ""success""}"
AUD-0001025,USR-MER-0013-01,LAUNCH_CAMPAIGN,CAMPAIGN,CPN-0062,2026-03-07T13:33:00,"{""campaign_id"": ""CPN-0062""}"
AUD-0001026,USR-MER-0003-01,VIEW_ANALYTICS,MERCHANT_DASHBOARD,MER-0003,2026-03-07T13:38:00,"{""filters_applied"": 1, ""view"": ""customer_detail""}"
AUD-0001027,USR-MER-0017-01,LOGIN,MERCHANT_SESSION,MER-0017,2026-03-07T13:58:00,"{""method"": ""password+mfa"", ""outcome"": ""success""}"
AUD-0001028,USR-MER-0011-01,LOGIN,MERCHANT_SESSION,MER-0011,2026-03-07T15:21:00,"{""method"": ""password+mfa"", ""outcome"": ""success""}"
AUD-0001029,USR-MER-0009-01,LOGIN,MERCHANT_SESSION,MER-0009,2026-03-07T15:25:00,"{""method"": ""password+mfa"", ""outcome"": ""success""}"
AUD-0001030,USR-MER-0010-01,VIEW_ANALYTICS,MERCHANT_DASHBOARD,MER-0010,2026-03-07T16:42:00,"{""filters_applied"": 1, ""view"": ""customer_detail""}"
AUD-0001031,USR-MER-0019-01,CREATE_OFFER,OFFER,OFR-0019,2026-03-07T17:32:00,"{""budget"": 145900.46, ""discount_type"": ""FIXED"", ""discount_value"": 14100.0, ""merchant_id"": ""MER-0019"", ""minimum_spend"": 799.0}"
AUD-0001032,SYS-REDEEM,REDEMPTION_REJECTED,REDEMPTION,RED-000125,2026-03-07T19:41:05,"{""discount_applied"": 100.0, ""gross_bill_amount"": 1591.7, ""offer_id"": ""OFR-0082"", ""reason"": ""OFFER_BUDGET_EXHAUSTED"", ""redemption_id"": ""RED-000125"", ""transaction_id"": ""TXN-0005327""}"
AUD-0001033,SYS-REDEEM,REDEMPTION_REJECTED,REDEMPTION,RED-000126,2026-03-08T01:54:07,"{""discount_applied"": 100.0, ""gross_bill_amount"": 1294.12, ""offer_id"": ""OFR-0082"", ""reason"": ""OFFER_BUDGET_EXHAUSTED"", ""redemption_id"": ""RED-000126"", ""transaction_id"": ""TXN-0005333""}"
AUD-0001034,USR-MER-0015-01,VIEW_ANALYTICS,MERCHANT_DASHBOARD,MER-0015,2026-03-08T10:38:00,"{""filters_applied"": 3, ""view"": ""customer_detail""}"
AUD-0001035,USR-MER-0016-01,LOGIN,MERCHANT_SESSION,MER-0016,2026-03-08T12:01:00,"{""method"": ""password+mfa"", ""outcome"": ""success""}"
AUD-0001036,USR-MER-0001-01,VIEW_ANALYTICS,MERCHANT_DASHBOARD,MER-0001,2026-03-08T14:56:00,"{""filters_applied"": 3, ""view"": ""segmentation""}"
AUD-0001037,USR-MER-0004-01,CREATE_OFFER,OFFER,OFR-0043,2026-03-08T16:08:00,"{""budget"": 39890.85, ""discount_type"": ""FIXED"", ""discount_value"": 1600.0, ""merchant_id"": ""MER-0004"", ""minimum_spend"": 4999.0}"
AUD-0001038,USR-MER-0005-01,LOGIN,MERCHANT_SESSION,MER-0005,2026-03-08T18:01:00,"{""method"": ""password+mfa"", ""outcome"": ""success""}"
AUD-0001039,USR-MER-0008-01,LOGIN,MERCHANT_SESSION,MER-0008,2026-03-08T18:56:00,"{""method"": ""password+mfa"", ""outcome"": ""success""}"
AUD-0001040,USR-MER-0016-01,VIEW_ANALYTICS,MERCHANT_DASHBOARD,MER-0016,2026-03-08T19:44:00,"{""filters_applied"": 4, ""view"": ""customer_detail""}"
AUD-0001041,USR-MER-0005-01,VIEW_ANALYTICS,MERCHANT_DASHBOARD,MER-0005,2026-03-08T21:27:00,"{""filters_applied"": 2, ""view"": ""customer_detail""}"
AUD-0001042,SYS-REDEEM,REDEMPTION_REJECTED,REDEMPTION,RED-000127,2026-03-08T21:57:17,"{""discount_applied"": 100.0, ""gross_bill_amount"": 1302.84, ""offer_id"": ""OFR-0082"", ""reason"": ""OFFER_BUDGET_EXHAUSTED"", ""redemption_id"": ""RED-000127"", ""transaction_id"": ""TXN-0005405""}"
AUD-0001043,SYS-REDEEM,REDEMPTION_CONFIRMED,REDEMPTION,RED-000128,2026-03-09T00:27:58,"{""discount_applied"": 100.0, ""gross_bill_amount"": 1000.0, ""offer_id"": ""OFR-0082"", ""redemption_id"": ""RED-000128"", ""transaction_id"": ""TXN-0005406""}"
AUD-0001044,SYS-REDEEM,REDEMPTION_REJECTED,REDEMPTION,RED-000129,2026-03-09T04:25:24,"{""discount_applied"": 100.0, ""gross_bill_amount"": 1042.24, ""offer_id"": ""OFR-0082"", ""reason"": ""OFFER_BUDGET_EXHAUSTED"", ""redemption_id"": ""RED-000129"", ""transaction_id"": ""TXN-0005407""}"
AUD-0001045,SYS-REDEEM,REDEMPTION_REJECTED,REDEMPTION,RED-000130,2026-03-09T07:16:31,"{""discount_applied"": 100.0, ""gross_bill_amount"": 1000.0, ""offer_id"": ""OFR-0082"", ""reason"": ""OFFER_BUDGET_EXHAUSTED"", ""redemption_id"": ""RED-000130"", ""transaction_id"": ""TXN-0005409""}"
AUD-0001046,USR-MER-0010-01,LOGIN,MERCHANT_SESSION,MER-0010,2026-03-09T08:02:00,"{""method"": ""password+mfa"", ""outcome"": ""success""}"
AUD-0001047,USR-MER-0001-01,CREATE_OFFER,OFFER,OFR-0021,2026-03-09T08:55:00,"{""budget"": 3579.57, ""discount_type"": ""FIXED"", ""discount_value"": 250.0, ""merchant_id"": ""MER-0001"", ""minimum_spend"": 2499.0}"
AUD-0001048,USR-MER-0003-01,VIEW_ANALYTICS,MERCHANT_DASHBOARD,MER-0003,2026-03-09T09:05:00,"{""filters_applied"": 0, ""view"": ""customer_detail""}"
AUD-0001049,USR-MER-0001-01,VIEW_ANALYTICS,MERCHANT_DASHBOARD,MER-0001,2026-03-09T11:35:00,"{""filters_applied"": 4, ""view"": ""campaign_performance""}"
AUD-0001050,SYS-REDEEM,REDEMPTION_REJECTED,REDEMPTION,RED-000131,2026-03-09T12:02:15,"{""discount_applied"": 100.0, ""gross_bill_amount"": 1852.84, ""offer_id"": ""OFR-0082"", ""reason"": ""OFFER_BUDGET_EXHAUSTED"", ""redemption_id"": ""RED-000131"", ""transaction_id"": ""TXN-0005428""}"
AUD-0001051,USR-MER-0013-01,VIEW_ANALYTICS,MERCHANT_DASHBOARD,MER-0013,2026-03-09T12:34:00,"{""filters_applied"": 1, ""view"": ""redemption_log""}"
AUD-0001052,USR-MER-0005-01,LOGIN,MERCHANT_SESSION,MER-0005,2026-03-09T12:49:00,"{""method"": ""password+mfa"", ""outcome"": ""success""}"
AUD-0001053,USR-MER-0003-01,LOGIN,MERCHANT_SESSION,MER-0003,2026-03-09T13:52:00,"{""method"": ""password+mfa"", ""outcome"": ""success""}"
AUD-0001054,USR-MER-0012-01,LOGIN,MERCHANT_SESSION,MER-0012,2026-03-09T14:06:00,"{""method"": ""password+mfa"", ""outcome"": ""success""}"
AUD-0001055,USR-MER-0014-01,LOGIN,MERCHANT_SESSION,MER-0014,2026-03-09T14:06:00,"{""method"": ""password+mfa"", ""outcome"": ""success""}"
AUD-0001056,SYS-AI-COPY,GENERATE_AI_CONTENT,CAMPAIGN,CPN-0023,2026-03-09T14:15:00,"{""model"": ""mock-copywriter-v2"", ""output_chars"": 244, ""prompt_version"": ""p1.0""}"
AUD-0001057,USR-MER-0004-01,CREATE_CAMPAIGN,CAMPAIGN,CPN-0023,2026-03-09T15:09:00,"{""merchant_id"": ""MER-0004"", ""objective"": ""WELCOME_NEW_CUSTOMERS"", ""offer_id"": ""OFR-0043""}"
AUD-0001058,USR-MER-0016-01,LOGIN,MERCHANT_SESSION,MER-0016,2026-03-09T15:20:00,"{""method"": ""password+mfa"", ""outcome"": ""success""}"
AUD-0001059,USR-MER-0011-01,LOGIN,MERCHANT_SESSION,MER-0011,2026-03-09T15:29:00,"{""method"": ""password+mfa"", ""outcome"": ""success""}"
AUD-0001060,USR-MER-0008-01,VIEW_ANALYTICS,MERCHANT_DASHBOARD,MER-0008,2026-03-09T15:47:00,"{""filters_applied"": 1, ""view"": ""segmentation""}"
AUD-0001061,USR-MER-0013-01,LOGIN,MERCHANT_SESSION,MER-0013,2026-03-09T17:08:00,"{""method"": ""password+mfa"", ""outcome"": ""success""}"
AUD-0001062,USR-MER-0005-01,VIEW_ANALYTICS,MERCHANT_DASHBOARD,MER-0005,2026-03-09T17:11:00,"{""filters_applied"": 1, ""view"": ""segmentation""}"
AUD-0001063,USR-MER-0004-01,LOGIN,MERCHANT_SESSION,MER-0004,2026-03-09T17:46:00,"{""method"": ""password+mfa"", ""outcome"": ""success""}"
AUD-0001064,USR-MER-0006-01,VIEW_ANALYTICS,MERCHANT_DASHBOARD,MER-0006,2026-03-09T17:50:00,"{""filters_applied"": 3, ""view"": ""campaign_performance""}"
AUD-0001065,USR-MER-0004-01,VIEW_ANALYTICS,MERCHANT_DASHBOARD,MER-0004,2026-03-09T20:26:00,"{""filters_applied"": 4, ""view"": ""customer_detail""}"
AUD-0001066,USR-MER-0007-01,VIEW_ANALYTICS,MERCHANT_DASHBOARD,MER-0007,2026-03-10T08:08:00,"{""filters_applied"": 2, ""view"": ""redemption_log""}"
AUD-0001067,SYS-AI-COPY,GENERATE_AI_CONTENT,CAMPAIGN,CPN-0001,2026-03-10T09:24:00,"{""model"": ""mock-copywriter-v1"", ""output_chars"": 171, ""prompt_version"": ""p2.0""}"
AUD-0001068,USR-MER-0001-01,CREATE_CAMPAIGN,CAMPAIGN,CPN-0001,2026-03-10T09:34:00,"{""merchant_id"": ""MER-0001"", ""objective"": ""REACTIVATE_INACTIVE"", ""offer_id"": ""OFR-0021""}"
AUD-0001069,USR-MER-0010-01,LOGIN,MERCHANT_SESSION,MER-0010,2026-03-10T12:56:00,"{""method"": ""password+mfa"", ""outcome"": ""success""}"
AUD-0001070,USR-MER-0005-01,VIEW_ANALYTICS,MERCHANT_DASHBOARD,MER-0005,2026-03-10T14:14:00,"{""filters_applied"": 0, ""view"": ""campaign_performance""}"
AUD-0001071,USR-MER-0007-01,LOGIN,MERCHANT_SESSION,MER-0007,2026-03-10T18:22:00,"{""method"": ""password+mfa"", ""outcome"": ""success""}"
AUD-0001072,USR-MER-0009-01,VIEW_ANALYTICS,MERCHANT_DASHBOARD,MER-0009,2026-03-10T19:29:00,"{""filters_applied"": 1, ""view"": ""campaign_performance""}"
AUD-0001073,USR-MER-0005-01,VIEW_ANALYTICS,MERCHANT_DASHBOARD,MER-0005,2026-03-10T19:51:00,"{""filters_applied"": 4, ""view"": ""redemption_log""}"
AUD-0001074,USR-MER-0007-01,VIEW_ANALYTICS,MERCHANT_DASHBOARD,MER-0007,2026-03-10T20:02:00,"{""filters_applied"": 1, ""view"": ""customer_detail""}"
AUD-0001075,USR-MER-0016-01,VIEW_ANALYTICS,MERCHANT_DASHBOARD,MER-0016,2026-03-10T20:16:00,"{""filters_applied"": 0, ""view"": ""redemption_log""}"
AUD-0001076,SYS-REDEEM,REDEMPTION_REJECTED,REDEMPTION,RED-000132,2026-03-11T04:11:41,"{""discount_applied"": 100.0, ""gross_bill_amount"": 1075.8, ""offer_id"": ""OFR-0082"", ""reason"": ""OFFER_BUDGET_EXHAUSTED"", ""redemption_id"": ""RED-000132"", ""transaction_id"": ""TXN-0005557""}"
AUD-0001077,USR-MER-0001-01,APPROVE_CAMPAIGN,CAMPAIGN,CPN-0001,2026-03-11T07:08:00,"{""campaign_id"": ""CPN-0001""}"
AUD-0001078,SYS-REDEEM,REDEMPTION_REJECTED,REDEMPTION,RED-000133,2026-03-11T08:19:44,"{""discount_applied"": 100.0, ""gross_bill_amount"": 1000.0, ""offer_id"": ""OFR-0082"", ""reason"": ""OFFER_BUDGET_EXHAUSTED"", ""redemption_id"": ""RED-000133"", ""transaction_id"": ""TXN-0005564""}"
AUD-0001079,USR-MER-0006-01,VIEW_ANALYTICS,MERCHANT_DASHBOARD,MER-0006,2026-03-11T09:04:00,"{""filters_applied"": 1, ""view"": ""campaign_performance""}"
AUD-0001080,USR-MER-0002-01,LOGIN,MERCHANT_SESSION,MER-0002,2026-03-11T09:33:00,"{""method"": ""password+mfa"", ""outcome"": ""success""}"
AUD-0001081,USR-MER-0004-01,REJECT_CAMPAIGN,CAMPAIGN,CPN-0023,2026-03-11T11:45:00,"{""campaign_id"": ""CPN-0023""}"
AUD-0001082,USR-MER-0008-01,LOGIN,MERCHANT_SESSION,MER-0008,2026-03-11T12:20:00,"{""method"": ""password+mfa"", ""outcome"": ""success""}"
AUD-0001083,USR-MER-0003-01,LOGIN,MERCHANT_SESSION,MER-0003,2026-03-11T12:52:00,"{""method"": ""password+mfa"", ""outcome"": ""success""}"
AUD-0001084,USR-MER-0009-01,LOGIN,MERCHANT_SESSION,MER-0009,2026-03-11T13:24:00,"{""method"": ""password+mfa"", ""outcome"": ""success""}"
AUD-0001085,USR-MER-0008-01,LOGIN,MERCHANT_SESSION,MER-0008,2026-03-11T15:14:00,"{""method"": ""password+mfa"", ""outcome"": ""success""}"
AUD-0001086,SYS-REDEEM,REDEMPTION_CONFIRMED,REDEMPTION,RED-000134,2026-03-11T15:58:35,"{""discount_applied"": 100.0, ""gross_bill_amount"": 1413.59, ""offer_id"": ""OFR-0082"", ""redemption_id"": ""RED-000134"", ""transaction_id"": ""TXN-0005587""}"
AUD-0001087,USR-MER-0004-01,LOGIN,MERCHANT_SESSION,MER-0004,2026-03-11T15:59:00,"{""method"": ""password+mfa"", ""outcome"": ""success""}"
AUD-0001088,USR-MER-0008-01,LOGIN,MERCHANT_SESSION,MER-0008,2026-03-11T17:25:00,"{""method"": ""password+mfa"", ""outcome"": ""success""}"
AUD-0001089,USR-MER-0001-01,LOGIN,MERCHANT_SESSION,MER-0001,2026-03-11T17:51:00,"{""method"": ""password+mfa"", ""outcome"": ""success""}"
AUD-0001090,USR-MER-0008-01,LOGIN,MERCHANT_SESSION,MER-0008,2026-03-11T18:23:00,"{""method"": ""password+mfa"", ""outcome"": ""success""}"
AUD-0001091,USR-MER-0013-01,LOGIN,MERCHANT_SESSION,MER-0013,2026-03-11T18:26:00,"{""method"": ""password+mfa"", ""outcome"": ""success""}"
AUD-0001092,USR-MER-0010-01,VIEW_ANALYTICS,MERCHANT_DASHBOARD,MER-0010,2026-03-11T20:39:00,"{""filters_applied"": 0, ""view"": ""customer_detail""}"
AUD-0001093,USR-MER-0009-01,VIEW_ANALYTICS,MERCHANT_DASHBOARD,MER-0009,2026-03-11T20:59:00,"{""filters_applied"": 1, ""view"": ""redemption_log""}"
AUD-0001094,USR-MER-0011-01,LOGIN,MERCHANT_SESSION,MER-0011,2026-03-11T21:20:00,"{""method"": ""password+mfa"", ""outcome"": ""success""}"
AUD-0001095,USR-MER-0005-01,VIEW_ANALYTICS,MERCHANT_DASHBOARD,MER-0005,2026-03-11T21:31:00,"{""filters_applied"": 4, ""view"": ""customer_detail""}"
AUD-0001096,USR-MER-0001-01,VIEW_ANALYTICS,MERCHANT_DASHBOARD,MER-0001,2026-03-11T21:43:00,"{""filters_applied"": 3, ""view"": ""segmentation""}"
AUD-0001097,USR-MER-0007-01,CREATE_OFFER,OFFER,OFR-0007,2026-03-11T22:10:00,"{""budget"": 44341.91, ""discount_type"": ""FIXED"", ""discount_value"": 1700.0, ""merchant_id"": ""MER-0007"", ""minimum_spend"": 999.0}"
AUD-0001098,SYS-AI-COPY,GENERATE_AI_CONTENT,CAMPAIGN,CPN-0071,2026-03-12T03:24:00,"{""model"": ""mock-copywriter-v1"", ""output_chars"": 170, ""prompt_version"": ""p1.1""}"
AUD-0001099,USR-MER-0016-01,CREATE_CAMPAIGN,CAMPAIGN,CPN-0071,2026-03-12T03:30:00,"{""merchant_id"": ""MER-0016"", ""objective"": ""REACTIVATE_INACTIVE"", ""offer_id"": ""OFR-0091""}"
AUD-0001100,USR-MER-0011-01,LOGIN,MERCHANT_SESSION,MER-0011,2026-03-12T08:36:00,"{""method"": ""password+mfa"", ""outcome"": ""success""}"
AUD-0001101,SYS-REDEEM,REDEMPTION_REJECTED,REDEMPTION,RED-000135,2026-03-12T08:46:23,"{""discount_applied"": 100.0, ""gross_bill_amount"": 1000.0, ""offer_id"": ""OFR-0082"", ""reason"": ""OFFER_BUDGET_EXHAUSTED"", ""redemption_id"": ""RED-000135"", ""transaction_id"": ""TXN-0005625""}"
AUD-0001102,USR-MER-0017-01,VIEW_ANALYTICS,MERCHANT_DASHBOARD,MER-0017,2026-03-12T13:18:00,"{""filters_applied"": 3, ""view"": ""segmentation""}"
AUD-0001103,USR-MER-0012-01,LOGIN,MERCHANT_SESSION,MER-0012,2026-03-12T14:51:00,"{""method"": ""password+mfa"", ""outcome"": ""success""}"
AUD-0001104,USR-MER-0001-01,VIEW_ANALYTICS,MERCHANT_DASHBOARD,MER-0001,2026-03-12T15:32:00,"{""filters_applied"": 3, ""view"": ""segmentation""}"
AUD-0001105,SYS-AI-COPY,GENERATE_AI_CONTENT,CAMPAIGN,CPN-0026,2026-03-12T17:54:00,"{""model"": ""mock-copywriter-v1"", ""output_chars"": 121, ""prompt_version"": ""p1.1""}"
AUD-0001106,USR-MER-0005-01,LOGIN,MERCHANT_SESSION,MER-0005,2026-03-12T18:10:00,"{""method"": ""password+mfa"", ""outcome"": ""success""}"
AUD-0001107,USR-MER-0004-01,CREATE_CAMPAIGN,CAMPAIGN,CPN-0026,2026-03-12T19:09:00,"{""merchant_id"": ""MER-0004"", ""objective"": ""WELCOME_NEW_CUSTOMERS"", ""offer_id"": ""OFR-0046""}"
AUD-0001108,USR-MER-0017-01,LOGIN,MERCHANT_SESSION,MER-0017,2026-03-12T19:45:00,"{""method"": ""password+mfa"", ""outcome"": ""success""}"
AUD-0001109,SYS-REDEEM,REDEMPTION_REJECTED,REDEMPTION,RED-000136,2026-03-12T20:34:40,"{""discount_applied"": 100.0, ""gross_bill_amount"": 1000.0, ""offer_id"": ""OFR-0082"", ""reason"": ""OFFER_BUDGET_EXHAUSTED"", ""redemption_id"": ""RED-000136"", ""transaction_id"": ""TXN-0005681""}"
AUD-0001110,USR-MER-0001-01,LOGIN,MERCHANT_SESSION,MER-0001,2026-03-12T20:40:00,"{""method"": ""password+mfa"", ""outcome"": ""success""}"
AUD-0001111,USR-MER-0005-01,VIEW_ANALYTICS,MERCHANT_DASHBOARD,MER-0005,2026-03-13T08:59:00,"{""filters_applied"": 2, ""view"": ""redemption_log""}"
AUD-0001112,USR-MER-0005-01,LOGIN,MERCHANT_SESSION,MER-0005,2026-03-13T09:36:00,"{""method"": ""password+mfa"", ""outcome"": ""success""}"
AUD-0001113,USR-MER-0014-01,VIEW_ANALYTICS,MERCHANT_DASHBOARD,MER-0014,2026-03-13T11:34:00,"{""filters_applied"": 1, ""view"": ""segmentation""}"
AUD-0001114,USR-MER-0016-01,LOGIN,MERCHANT_SESSION,MER-0016,2026-03-13T11:50:00,"{""method"": ""password+mfa"", ""outcome"": ""success""}"
AUD-0001115,USR-MER-0011-01,VIEW_ANALYTICS,MERCHANT_DASHBOARD,MER-0011,2026-03-13T11:52:00,"{""filters_applied"": 1, ""view"": ""segmentation""}"
AUD-0001116,USR-MER-0018-01,VIEW_ANALYTICS,MERCHANT_DASHBOARD,MER-0018,2026-03-13T12:21:00,"{""filters_applied"": 4, ""view"": ""redemption_log""}"
AUD-0001117,USR-MER-0011-01,LOGIN,MERCHANT_SESSION,MER-0011,2026-03-13T12:57:00,"{""method"": ""password+mfa"", ""outcome"": ""success""}"
AUD-0001118,USR-MER-0008-01,LOGIN,MERCHANT_SESSION,MER-0008,2026-03-13T13:24:00,"{""method"": ""password+mfa"", ""outcome"": ""success""}"
AUD-0001119,USR-MER-0010-01,VIEW_ANALYTICS,MERCHANT_DASHBOARD,MER-0010,2026-03-13T13:32:00,"{""filters_applied"": 1, ""view"": ""redemption_log""}"
AUD-0001120,USR-MER-0007-01,VIEW_ANALYTICS,MERCHANT_DASHBOARD,MER-0007,2026-03-13T14:28:00,"{""filters_applied"": 4, ""view"": ""segmentation""}"
AUD-0001121,USR-MER-0017-01,VIEW_ANALYTICS,MERCHANT_DASHBOARD,MER-0017,2026-03-13T16:59:00,"{""filters_applied"": 1, ""view"": ""segmentation""}"
AUD-0001122,USR-MER-0015-01,LOGIN,MERCHANT_SESSION,MER-0015,2026-03-13T17:41:00,"{""method"": ""password+mfa"", ""outcome"": ""success""}"
AUD-0001123,USR-MER-0002-01,LOGIN,MERCHANT_SESSION,MER-0002,2026-03-13T19:30:00,"{""method"": ""password+mfa"", ""outcome"": ""success""}"
AUD-0001124,USR-MER-0008-01,LOGIN,MERCHANT_SESSION,MER-0008,2026-03-13T20:17:00,"{""method"": ""password+mfa"", ""outcome"": ""success""}"
AUD-0001125,SYS-REDEEM,REDEMPTION_CONFIRMED,REDEMPTION,RED-000137,2026-03-13T21:42:28,"{""discount_applied"": 100.0, ""gross_bill_amount"": 1000.0, ""offer_id"": ""OFR-0082"", ""redemption_id"": ""RED-000137"", ""transaction_id"": ""TXN-0005755""}"
AUD-0001126,SYS-REDEEM,REDEMPTION_REJECTED,REDEMPTION,RED-000138,2026-03-13T23:03:27,"{""discount_applied"": 100.0, ""gross_bill_amount"": 1341.97, ""offer_id"": ""OFR-0082"", ""reason"": ""OFFER_BUDGET_EXHAUSTED"", ""redemption_id"": ""RED-000138"", ""transaction_id"": ""TXN-0005757""}"
AUD-0001127,USR-MER-0016-01,APPROVE_CAMPAIGN,CAMPAIGN,CPN-0071,2026-03-14T00:23:00,"{""campaign_id"": ""CPN-0071""}"
AUD-0001128,SYS-REDEEM,REDEMPTION_CONFIRMED,REDEMPTION,RED-000139,2026-03-14T01:24:09,"{""discount_applied"": 100.0, ""gross_bill_amount"": 1244.58, ""offer_id"": ""OFR-0082"", ""redemption_id"": ""RED-000139"", ""transaction_id"": ""TXN-0005758""}"
AUD-0001129,SYS-REDEEM,REDEMPTION_CONFIRMED,REDEMPTION,RED-000140,2026-03-14T05:55:38,"{""discount_applied"": 100.0, ""gross_bill_amount"": 1000.0, ""offer_id"": ""OFR-0082"", ""redemption_id"": ""RED-000140"", ""transaction_id"": ""TXN-0005759""}"
AUD-0001130,SYS-REDEEM,REDEMPTION_REJECTED,REDEMPTION,RED-000141,2026-03-14T06:40:38,"{""discount_applied"": 100.0, ""gross_bill_amount"": 1000.0, ""offer_id"": ""OFR-0082"", ""reason"": ""DUPLICATE_REDEMPTION"", ""redemption_id"": ""RED-000141"", ""transaction_id"": ""TXN-0005759""}"
AUD-0001131,USR-MER-0004-01,APPROVE_CAMPAIGN,CAMPAIGN,CPN-0026,2026-03-14T06:49:00,"{""campaign_id"": ""CPN-0026""}"
AUD-0001132,USR-MER-0009-01,LOGIN,MERCHANT_SESSION,MER-0009,2026-03-14T08:26:00,"{""method"": ""password+mfa"", ""outcome"": ""success""}"
AUD-0001133,SYS-REDEEM,REDEMPTION_CONFIRMED,REDEMPTION,RED-000142,2026-03-14T08:29:10,"{""discount_applied"": 100.0, ""gross_bill_amount"": 1416.58, ""offer_id"": ""OFR-0082"", ""redemption_id"": ""RED-000142"", ""transaction_id"": ""TXN-0005766""}"
AUD-0001134,USR-MER-0010-01,VIEW_ANALYTICS,MERCHANT_DASHBOARD,MER-0010,2026-03-14T09:10:00,"{""filters_applied"": 0, ""view"": ""campaign_performance""}"
AUD-0001135,USR-MER-0006-01,VIEW_ANALYTICS,MERCHANT_DASHBOARD,MER-0006,2026-03-14T11:07:00,"{""filters_applied"": 0, ""view"": ""segmentation""}"
AUD-0001136,USR-MER-0009-01,LOGIN,MERCHANT_SESSION,MER-0009,2026-03-14T11:34:00,"{""method"": ""password+mfa"", ""outcome"": ""success""}"
AUD-0001137,USR-MER-0011-01,VIEW_ANALYTICS,MERCHANT_DASHBOARD,MER-0011,2026-03-14T12:33:00,"{""filters_applied"": 4, ""view"": ""campaign_performance""}"
AUD-0001138,USR-MER-0005-01,VIEW_ANALYTICS,MERCHANT_DASHBOARD,MER-0005,2026-03-14T13:16:00,"{""filters_applied"": 4, ""view"": ""redemption_log""}"
AUD-0001139,USR-MER-0001-01,LAUNCH_CAMPAIGN,CAMPAIGN,CPN-0001,2026-03-14T14:14:00,"{""campaign_id"": ""CPN-0001""}"
AUD-0001140,USR-MER-0010-01,VIEW_ANALYTICS,MERCHANT_DASHBOARD,MER-0010,2026-03-14T15:25:00,"{""filters_applied"": 2, ""view"": ""segmentation""}"
AUD-0001141,USR-MER-0017-01,VIEW_ANALYTICS,MERCHANT_DASHBOARD,MER-0017,2026-03-14T17:06:00,"{""filters_applied"": 4, ""view"": ""segmentation""}"
AUD-0001142,USR-MER-0010-01,VIEW_ANALYTICS,MERCHANT_DASHBOARD,MER-0010,2026-03-14T17:24:00,"{""filters_applied"": 0, ""view"": ""segmentation""}"
AUD-0001143,USR-MER-0010-01,VIEW_ANALYTICS,MERCHANT_DASHBOARD,MER-0010,2026-03-14T17:24:00,"{""filters_applied"": 1, ""view"": ""campaign_performance""}"
AUD-0001144,USR-MER-0011-01,VIEW_ANALYTICS,MERCHANT_DASHBOARD,MER-0011,2026-03-14T17:38:00,"{""filters_applied"": 1, ""view"": ""customer_detail""}"
AUD-0001145,USR-MER-0009-01,VIEW_ANALYTICS,MERCHANT_DASHBOARD,MER-0009,2026-03-14T17:47:00,"{""filters_applied"": 1, ""view"": ""segmentation""}"
AUD-0001146,USR-MER-0006-01,VIEW_ANALYTICS,MERCHANT_DASHBOARD,MER-0006,2026-03-14T20:30:00,"{""filters_applied"": 2, ""view"": ""campaign_performance""}"
AUD-0001147,USR-MER-0015-01,VIEW_ANALYTICS,MERCHANT_DASHBOARD,MER-0015,2026-03-14T20:43:00,"{""filters_applied"": 2, ""view"": ""segmentation""}"
AUD-0001148,USR-MER-0018-01,VIEW_ANALYTICS,MERCHANT_DASHBOARD,MER-0018,2026-03-14T21:04:00,"{""filters_applied"": 4, ""view"": ""campaign_performance""}"
AUD-0001149,USR-MER-0008-01,VIEW_ANALYTICS,MERCHANT_DASHBOARD,MER-0008,2026-03-15T08:20:00,"{""filters_applied"": 0, ""view"": ""segmentation""}"
AUD-0001150,USR-MER-0001-01,VIEW_ANALYTICS,MERCHANT_DASHBOARD,MER-0001,2026-03-15T09:26:00,"{""filters_applied"": 4, ""view"": ""campaign_performance""}"
AUD-0001151,USR-MER-0016-01,VIEW_ANALYTICS,MERCHANT_DASHBOARD,MER-0016,2026-03-15T09:41:00,"{""filters_applied"": 0, ""view"": ""segmentation""}"
AUD-0001152,USR-MER-0015-01,LOGIN,MERCHANT_SESSION,MER-0015,2026-03-15T10:28:00,"{""method"": ""password+mfa"", ""outcome"": ""success""}"
AUD-0001153,USR-MER-0009-01,VIEW_ANALYTICS,MERCHANT_DASHBOARD,MER-0009,2026-03-15T13:40:00,"{""filters_applied"": 1, ""view"": ""campaign_performance""}"
AUD-0001154,USR-MER-0012-01,VIEW_ANALYTICS,MERCHANT_DASHBOARD,MER-0012,2026-03-15T13:57:00,"{""filters_applied"": 1, ""view"": ""campaign_performance""}"
AUD-0001155,USR-MER-0010-01,VIEW_ANALYTICS,MERCHANT_DASHBOARD,MER-0010,2026-03-15T13:58:00,"{""filters_applied"": 4, ""view"": ""campaign_performance""}"
AUD-0001156,USR-MER-0015-01,VIEW_ANALYTICS,MERCHANT_DASHBOARD,MER-0015,2026-03-15T14:52:00,"{""filters_applied"": 1, ""view"": ""segmentation""}"
AUD-0001157,USR-MER-0003-01,LOGIN,MERCHANT_SESSION,MER-0003,2026-03-15T15:35:00,"{""method"": ""password+mfa"", ""outcome"": ""success""}"
AUD-0001158,USR-MER-0004-01,VIEW_ANALYTICS,MERCHANT_DASHBOARD,MER-0004,2026-03-15T16:50:00,"{""filters_applied"": 4, ""view"": ""campaign_performance""}"
AUD-0001159,USR-MER-0006-01,VIEW_ANALYTICS,MERCHANT_DASHBOARD,MER-0006,2026-03-15T17:28:00,"{""filters_applied"": 0, ""view"": ""customer_detail""}"
AUD-0001160,USR-MER-0009-01,LOGIN,MERCHANT_SESSION,MER-0009,2026-03-15T18:16:00,"{""method"": ""password+mfa"", ""outcome"": ""success""}"
AUD-0001161,USR-MER-0005-01,VIEW_ANALYTICS,MERCHANT_DASHBOARD,MER-0005,2026-03-15T19:12:00,"{""filters_applied"": 1, ""view"": ""redemption_log""}"
AUD-0001162,USR-MER-0012-01,VIEW_ANALYTICS,MERCHANT_DASHBOARD,MER-0012,2026-03-15T19:36:00,"{""filters_applied"": 0, ""view"": ""campaign_performance""}"
AUD-0001163,USR-MER-0005-01,LOGIN,MERCHANT_SESSION,MER-0005,2026-03-15T19:57:00,"{""method"": ""password+mfa"", ""outcome"": ""success""}"
AUD-0001164,USR-MER-0013-01,VIEW_ANALYTICS,MERCHANT_DASHBOARD,MER-0013,2026-03-15T21:11:00,"{""filters_applied"": 2, ""view"": ""segmentation""}"
AUD-0001165,USR-MER-0018-01,VIEW_ANALYTICS,MERCHANT_DASHBOARD,MER-0018,2026-03-16T08:19:00,"{""filters_applied"": 1, ""view"": ""redemption_log""}"
AUD-0001166,USR-MER-0010-01,CANCEL_CAMPAIGN,CAMPAIGN,CPN-0048,2026-03-16T12:46:00,"{""campaign_id"": ""CPN-0048""}"
AUD-0001167,USR-MER-0006-01,LOGIN,MERCHANT_SESSION,MER-0006,2026-03-16T14:23:00,"{""method"": ""password+mfa"", ""outcome"": ""success""}"
AUD-0001168,USR-MER-0003-01,LOGIN,MERCHANT_SESSION,MER-0003,2026-03-16T15:55:00,"{""method"": ""password+mfa"", ""outcome"": ""success""}"
AUD-0001169,USR-MER-0001-01,VIEW_ANALYTICS,MERCHANT_DASHBOARD,MER-0001,2026-03-16T16:10:00,"{""filters_applied"": 0, ""view"": ""redemption_log""}"
AUD-0001170,USR-MER-0013-01,VIEW_ANALYTICS,MERCHANT_DASHBOARD,MER-0013,2026-03-16T18:03:00,"{""filters_applied"": 2, ""view"": ""redemption_log""}"
AUD-0001171,USR-MER-0005-01,VIEW_ANALYTICS,MERCHANT_DASHBOARD,MER-0005,2026-03-16T19:51:00,"{""filters_applied"": 4, ""view"": ""segmentation""}"
AUD-0001172,USR-MER-0017-01,LOGIN,MERCHANT_SESSION,MER-0017,2026-03-16T20:31:00,"{""method"": ""password+mfa"", ""outcome"": ""success""}"
AUD-0001173,USR-MER-0001-01,VIEW_ANALYTICS,MERCHANT_DASHBOARD,MER-0001,2026-03-16T21:36:00,"{""filters_applied"": 2, ""view"": ""customer_detail""}"
AUD-0001174,USR-MER-0017-01,VIEW_ANALYTICS,MERCHANT_DASHBOARD,MER-0017,2026-03-16T21:59:00,"{""filters_applied"": 2, ""view"": ""redemption_log""}"
AUD-0001175,SYS-REDEEM,REDEMPTION_CONFIRMED,REDEMPTION,RED-000143,2026-03-17T06:19:37,"{""discount_applied"": 250.0, ""gross_bill_amount"": 2701.63, ""offer_id"": ""OFR-0021"", ""redemption_id"": ""RED-000143"", ""transaction_id"": ""TXN-0005971""}"
AUD-0001176,USR-MER-0013-01,CREATE_CAMPAIGN,CAMPAIGN,CPN-0059,2026-03-17T07:45:00,"{""merchant_id"": ""MER-0013"", ""objective"": ""SEASONAL_PROMOTION"", ""offer_id"": ""OFR-0079""}"
AUD-0001177,SYS-AI-COPY,GENERATE_AI_CONTENT,CAMPAIGN,CPN-0059,2026-03-17T07:51:00,"{""model"": ""mock-copywriter-v1"", ""output_chars"": 228, ""prompt_version"": ""p1.0""}"
AUD-0001178,USR-MER-0010-01,VIEW_ANALYTICS,MERCHANT_DASHBOARD,MER-0010,2026-03-17T08:17:00,"{""filters_applied"": 3, ""view"": ""customer_detail""}"
AUD-0001179,USR-MER-0003-01,VIEW_ANALYTICS,MERCHANT_DASHBOARD,MER-0003,2026-03-17T11:17:00,"{""filters_applied"": 3, ""view"": ""campaign_performance""}"
AUD-0001180,USR-MER-0010-01,VIEW_ANALYTICS,MERCHANT_DASHBOARD,MER-0010,2026-03-17T11:24:00,"{""filters_applied"": 1, ""view"": ""customer_detail""}"
AUD-0001181,USR-MER-0016-01,LAUNCH_CAMPAIGN,CAMPAIGN,CPN-0071,2026-03-17T12:08:00,"{""campaign_id"": ""CPN-0071""}"
AUD-0001182,USR-MER-0015-01,LOGIN,MERCHANT_SESSION,MER-0015,2026-03-17T12:58:00,"{""method"": ""password+mfa"", ""outcome"": ""success""}"
AUD-0001183,USR-MER-0003-01,VIEW_ANALYTICS,MERCHANT_DASHBOARD,MER-0003,2026-03-17T14:13:00,"{""filters_applied"": 2, ""view"": ""customer_detail""}"
AUD-0001184,USR-MER-0012-01,LOGIN,MERCHANT_SESSION,MER-0012,2026-03-17T15:16:00,"{""method"": ""password+mfa"", ""outcome"": ""success""}"
AUD-0001185,USR-MER-0002-01,LOGIN,MERCHANT_SESSION,MER-0002,2026-03-17T16:11:00,"{""method"": ""password+mfa"", ""outcome"": ""success""}"
AUD-0001186,SYS-REDEEM,REDEMPTION_CONFIRMED,REDEMPTION,RED-000144,2026-03-17T17:12:06,"{""discount_applied"": 800.0, ""gross_bill_amount"": 2788.88, ""offer_id"": ""OFR-0091"", ""redemption_id"": ""RED-000144"", ""transaction_id"": ""TXN-0006011""}"
AUD-0001187,SYS-REDEEM,REDEMPTION_REJECTED,REDEMPTION,RED-000145,2026-03-17T17:16:06,"{""discount_applied"": 800.0, ""gross_bill_amount"": 2788.88, ""offer_id"": ""OFR-0091"", ""reason"": ""DUPLICATE_REDEMPTION"", ""redemption_id"": ""RED-000145"", ""transaction_id"": ""TXN-0006011""}"
AUD-0001188,USR-MER-0013-01,APPROVE_CAMPAIGN,CAMPAIGN,CPN-0059,2026-03-17T17:30:00,"{""campaign_id"": ""CPN-0059""}"
AUD-0001189,USR-MER-0016-01,VIEW_ANALYTICS,MERCHANT_DASHBOARD,MER-0016,2026-03-17T20:04:00,"{""filters_applied"": 4, ""view"": ""segmentation""}"
AUD-0001190,SYS-REDEEM,REDEMPTION_CONFIRMED,REDEMPTION,RED-000146,2026-03-18T06:44:52,"{""discount_applied"": 800.0, ""gross_bill_amount"": 1500.0, ""offer_id"": ""OFR-0091"", ""redemption_id"": ""RED-000146"", ""transaction_id"": ""TXN-0006043""}"
AUD-0001191,USR-MER-0001-01,VIEW_ANALYTICS,MERCHANT_DASHBOARD,MER-0001,2026-03-18T08:37:00,"{""filters_applied"": 1, ""view"": ""segmentation""}"
AUD-0001192,USR-MER-0009-01,VIEW_ANALYTICS,MERCHANT_DASHBOARD,MER-0009,2026-03-18T11:00:00,"{""filters_applied"": 0, ""view"": ""campaign_performance""}"
AUD-0001193,USR-MER-0015-01,LOGIN,MERCHANT_SESSION,MER-0015,2026-03-18T12:09:00,"{""method"": ""password+mfa"", ""outcome"": ""success""}"
AUD-0001194,USR-MER-0005-01,LOGIN,MERCHANT_SESSION,MER-0005,2026-03-18T12:17:00,"{""method"": ""password+mfa"", ""outcome"": ""success""}"
AUD-0001195,USR-MER-0018-01,LOGIN,MERCHANT_SESSION,MER-0018,2026-03-18T13:08:00,"{""method"": ""password+mfa"", ""outcome"": ""success""}"
AUD-0001196,USR-MER-0006-01,VIEW_ANALYTICS,MERCHANT_DASHBOARD,MER-0006,2026-03-18T13:37:00,"{""filters_applied"": 4, ""view"": ""campaign_performance""}"
AUD-0001197,USR-MER-0004-01,LOGIN,MERCHANT_SESSION,MER-0004,2026-03-18T15:30:00,"{""method"": ""password+mfa"", ""outcome"": ""success""}"
AUD-0001198,USR-MER-0002-01,LOGIN,MERCHANT_SESSION,MER-0002,2026-03-18T16:36:00,"{""method"": ""password+mfa"", ""outcome"": ""success""}"
AUD-0001199,USR-MER-0002-01,VIEW_ANALYTICS,MERCHANT_DASHBOARD,MER-0002,2026-03-18T17:41:00,"{""filters_applied"": 1, ""view"": ""segmentation""}"
AUD-0001200,USR-MER-0003-01,LOGIN,MERCHANT_SESSION,MER-0003,2026-03-18T18:49:00,"{""method"": ""password+mfa"", ""outcome"": ""success""}"
AUD-0001201,USR-MER-0014-01,LOGIN,MERCHANT_SESSION,MER-0014,2026-03-18T19:13:00,"{""method"": ""password+mfa"", ""outcome"": ""success""}"
AUD-0001202,USR-MER-0013-01,LOGIN,MERCHANT_SESSION,MER-0013,2026-03-18T19:20:00,"{""method"": ""password+mfa"", ""outcome"": ""success""}"
AUD-0001203,USR-MER-0013-01,LOGIN,MERCHANT_SESSION,MER-0013,2026-03-18T19:52:00,"{""method"": ""password+mfa"", ""outcome"": ""success""}"
AUD-0001204,USR-MER-0016-01,VIEW_ANALYTICS,MERCHANT_DASHBOARD,MER-0016,2026-03-18T19:57:00,"{""filters_applied"": 4, ""view"": ""segmentation""}"
AUD-0001205,SYS-REDEEM,REDEMPTION_CONFIRMED,REDEMPTION,RED-000147,2026-03-18T21:49:21,"{""discount_applied"": 800.0, ""gross_bill_amount"": 2112.97, ""offer_id"": ""OFR-0091"", ""redemption_id"": ""RED-000147"", ""transaction_id"": ""TXN-0006117""}"
AUD-0001206,SYS-REDEEM,REDEMPTION_CONFIRMED,REDEMPTION,RED-000148,2026-03-18T22:10:07,"{""discount_applied"": 800.0, ""gross_bill_amount"": 1641.14, ""offer_id"": ""OFR-0091"", ""redemption_id"": ""RED-000148"", ""transaction_id"": ""TXN-0006118""}"
AUD-0001207,SYS-REDEEM,REDEMPTION_CONFIRMED,REDEMPTION,RED-000149,2026-03-19T08:08:42,"{""discount_applied"": 800.0, ""gross_bill_amount"": 2960.0, ""offer_id"": ""OFR-0091"", ""redemption_id"": ""RED-000149"", ""transaction_id"": ""TXN-0006125""}"
AUD-0001208,USR-MER-0011-01,LOGIN,MERCHANT_SESSION,MER-0011,2026-03-19T08:13:00,"{""method"": ""password+mfa"", ""outcome"": ""success""}"
AUD-0001209,USR-MER-0008-01,VIEW_ANALYTICS,MERCHANT_DASHBOARD,MER-0008,2026-03-19T08:57:00,"{""filters_applied"": 4, ""view"": ""customer_detail""}"
AUD-0001210,USR-MER-0003-01,VIEW_ANALYTICS,MERCHANT_DASHBOARD,MER-0003,2026-03-19T09:36:00,"{""filters_applied"": 1, ""view"": ""campaign_performance""}"
AUD-0001211,USR-MER-0003-01,VIEW_ANALYTICS,MERCHANT_DASHBOARD,MER-0003,2026-03-19T10:38:00,"{""filters_applied"": 0, ""view"": ""customer_detail""}"
AUD-0001212,USR-MER-0014-01,LOGIN,MERCHANT_SESSION,MER-0014,2026-03-19T11:33:00,"{""method"": ""password+mfa"", ""outcome"": ""success""}"
AUD-0001213,USR-MER-0006-01,LOGIN,MERCHANT_SESSION,MER-0006,2026-03-19T12:29:00,"{""method"": ""password+mfa"", ""outcome"": ""success""}"
AUD-0001214,USR-MER-0016-01,VIEW_ANALYTICS,MERCHANT_DASHBOARD,MER-0016,2026-03-19T12:44:00,"{""filters_applied"": 1, ""view"": ""campaign_performance""}"
AUD-0001215,USR-MER-0011-01,LOGIN,MERCHANT_SESSION,MER-0011,2026-03-19T14:41:00,"{""method"": ""password+mfa"", ""outcome"": ""success""}"
AUD-0001216,USR-MER-0011-01,VIEW_ANALYTICS,MERCHANT_DASHBOARD,MER-0011,2026-03-19T15:04:00,"{""filters_applied"": 0, ""view"": ""segmentation""}"
AUD-0001217,USR-MER-0009-01,VIEW_ANALYTICS,MERCHANT_DASHBOARD,MER-0009,2026-03-19T15:16:00,"{""filters_applied"": 1, ""view"": ""customer_detail""}"
AUD-0001218,USR-MER-0017-01,LOGIN,MERCHANT_SESSION,MER-0017,2026-03-19T16:05:00,"{""method"": ""password+mfa"", ""outcome"": ""success""}"
AUD-0001219,USR-MER-0018-01,LOGIN,MERCHANT_SESSION,MER-0018,2026-03-19T16:15:00,"{""method"": ""password+mfa"", ""outcome"": ""success""}"
AUD-0001220,USR-MER-0002-01,VIEW_ANALYTICS,MERCHANT_DASHBOARD,MER-0002,2026-03-19T16:54:00,"{""filters_applied"": 2, ""view"": ""segmentation""}"
AUD-0001221,USR-MER-0003-01,VIEW_ANALYTICS,MERCHANT_DASHBOARD,MER-0003,2026-03-19T17:00:00,"{""filters_applied"": 4, ""view"": ""campaign_performance""}"
AUD-0001222,USR-MER-0008-01,VIEW_ANALYTICS,MERCHANT_DASHBOARD,MER-0008,2026-03-19T17:43:00,"{""filters_applied"": 4, ""view"": ""customer_detail""}"
AUD-0001223,USR-MER-0015-01,VIEW_ANALYTICS,MERCHANT_DASHBOARD,MER-0015,2026-03-19T18:33:00,"{""filters_applied"": 2, ""view"": ""campaign_performance""}"
AUD-0001224,USR-MER-0007-01,LOGIN,MERCHANT_SESSION,MER-0007,2026-03-19T20:37:00,"{""method"": ""password+mfa"", ""outcome"": ""success""}"
AUD-0001225,SYS-REDEEM,REDEMPTION_CONFIRMED,REDEMPTION,RED-000150,2026-03-19T20:37:43,"{""discount_applied"": 250.0, ""gross_bill_amount"": 3317.76, ""offer_id"": ""OFR-0021"", ""redemption_id"": ""RED-000150"", ""transaction_id"": ""TXN-0006191""}"
AUD-0001226,SYS-REDEEM,REDEMPTION_CONFIRMED,REDEMPTION,RED-000151,2026-03-19T20:48:13,"{""discount_applied"": 250.0, ""gross_bill_amount"": 4572.98, ""offer_id"": ""OFR-0021"", ""redemption_id"": ""RED-000151"", ""transaction_id"": ""TXN-0006194""}"
AUD-0001227,USR-MER-0016-01,LOGIN,MERCHANT_SESSION,MER-0016,2026-03-19T21:31:00,"{""method"": ""password+mfa"", ""outcome"": ""success""}"
AUD-0001228,USR-MER-0012-01,VIEW_ANALYTICS,MERCHANT_DASHBOARD,MER-0012,2026-03-20T09:01:00,"{""filters_applied"": 1, ""view"": ""campaign_performance""}"
AUD-0001229,USR-MER-0012-01,VIEW_ANALYTICS,MERCHANT_DASHBOARD,MER-0012,2026-03-20T10:26:00,"{""filters_applied"": 4, ""view"": ""campaign_performance""}"
AUD-0001230,USR-MER-0016-01,VIEW_ANALYTICS,MERCHANT_DASHBOARD,MER-0016,2026-03-20T13:21:00,"{""filters_applied"": 4, ""view"": ""campaign_performance""}"
AUD-0001231,USR-MER-0004-01,VIEW_ANALYTICS,MERCHANT_DASHBOARD,MER-0004,2026-03-20T14:21:00,"{""filters_applied"": 1, ""view"": ""redemption_log""}"
AUD-0001232,USR-MER-0005-01,VIEW_ANALYTICS,MERCHANT_DASHBOARD,MER-0005,2026-03-20T14:41:00,"{""filters_applied"": 0, ""view"": ""campaign_performance""}"
AUD-0001233,SYS-REDEEM,REDEMPTION_CONFIRMED,REDEMPTION,RED-000152,2026-03-20T14:58:20,"{""discount_applied"": 800.0, ""gross_bill_amount"": 1500.0, ""offer_id"": ""OFR-0091"", ""redemption_id"": ""RED-000152"", ""transaction_id"": ""TXN-0006229""}"
AUD-0001234,USR-MER-0009-01,LOGIN,MERCHANT_SESSION,MER-0009,2026-03-20T15:56:00,"{""method"": ""password+mfa"", ""outcome"": ""success""}"
AUD-0001235,USR-MER-0008-01,LOGIN,MERCHANT_SESSION,MER-0008,2026-03-20T16:56:00,"{""method"": ""password+mfa"", ""outcome"": ""success""}"
AUD-0001236,USR-MER-0003-01,VIEW_ANALYTICS,MERCHANT_DASHBOARD,MER-0003,2026-03-20T17:06:00,"{""filters_applied"": 4, ""view"": ""segmentation""}"
AUD-0001237,SYS-REDEEM,REDEMPTION_CONFIRMED,REDEMPTION,RED-000153,2026-03-20T17:09:55,"{""discount_applied"": 800.0, ""gross_bill_amount"": 2709.2, ""offer_id"": ""OFR-0091"", ""redemption_id"": ""RED-000153"", ""transaction_id"": ""TXN-0006242""}"
AUD-0001238,USR-MER-0008-01,VIEW_ANALYTICS,MERCHANT_DASHBOARD,MER-0008,2026-03-20T18:39:00,"{""filters_applied"": 0, ""view"": ""customer_detail""}"
AUD-0001239,USR-MER-0001-01,VIEW_ANALYTICS,MERCHANT_DASHBOARD,MER-0001,2026-03-20T19:54:00,"{""filters_applied"": 2, ""view"": ""customer_detail""}"
AUD-0001240,SYS-REDEEM,REDEMPTION_CONFIRMED,REDEMPTION,RED-000154,2026-03-20T23:35:09,"{""discount_applied"": 250.0, ""gross_bill_amount"": 2669.01, ""offer_id"": ""OFR-0021"", ""redemption_id"": ""RED-000154"", ""transaction_id"": ""TXN-0006275""}"
AUD-0001241,USR-MER-0013-01,VIEW_ANALYTICS,MERCHANT_DASHBOARD,MER-0013,2026-03-21T08:47:00,"{""filters_applied"": 1, ""view"": ""segmentation""}"
AUD-0001242,USR-MER-0007-01,LOGIN,MERCHANT_SESSION,MER-0007,2026-03-21T09:31:00,"{""method"": ""password+mfa"", ""outcome"": ""success""}"
AUD-0001243,SYS-REDEEM,REDEMPTION_CONFIRMED,REDEMPTION,RED-000155,2026-03-21T09:31:11,"{""discount_applied"": 250.0, ""gross_bill_amount"": 3436.99, ""offer_id"": ""OFR-0021"", ""redemption_id"": ""RED-000155"", ""transaction_id"": ""TXN-0006283""}"
AUD-0001244,USR-MER-0013-01,VIEW_ANALYTICS,MERCHANT_DASHBOARD,MER-0013,2026-03-21T11:24:00,"{""filters_applied"": 4, ""view"": ""redemption_log""}"
AUD-0001245,USR-MER-0018-01,LOGIN,MERCHANT_SESSION,MER-0018,2026-03-21T12:05:00,"{""method"": ""password+mfa"", ""outcome"": ""success""}"
AUD-0001246,USR-MER-0009-01,LOGIN,MERCHANT_SESSION,MER-0009,2026-03-21T16:28:00,"{""method"": ""password+mfa"", ""outcome"": ""success""}"
AUD-0001247,SYS-REDEEM,REDEMPTION_CONFIRMED,REDEMPTION,RED-000156,2026-03-21T17:37:20,"{""discount_applied"": 800.0, ""gross_bill_amount"": 2169.0, ""offer_id"": ""OFR-0091"", ""redemption_id"": ""RED-000156"", ""transaction_id"": ""TXN-0006321""}"
AUD-0001248,USR-MER-0009-01,LOGIN,MERCHANT_SESSION,MER-0009,2026-03-21T17:52:00,"{""method"": ""password+mfa"", ""outcome"": ""success""}"
AUD-0001249,SYS-REDEEM,REDEMPTION_REJECTED,REDEMPTION,RED-000157,2026-03-21T18:43:20,"{""discount_applied"": 800.0, ""gross_bill_amount"": 2169.0, ""offer_id"": ""OFR-0091"", ""reason"": ""DUPLICATE_REDEMPTION"", ""redemption_id"": ""RED-000157"", ""transaction_id"": ""TXN-0006321""}"
AUD-0001250,SYS-REDEEM,REDEMPTION_CONFIRMED,REDEMPTION,RED-000158,2026-03-21T19:42:58,"{""discount_applied"": 800.0, ""gross_bill_amount"": 1500.0, ""offer_id"": ""OFR-0091"", ""redemption_id"": ""RED-000158"", ""transaction_id"": ""TXN-0006333""}"
AUD-0001251,USR-MER-0001-01,LOGIN,MERCHANT_SESSION,MER-0001,2026-03-21T21:37:00,"{""method"": ""password+mfa"", ""outcome"": ""success""}"
AUD-0001252,USR-MER-0004-01,CANCEL_CAMPAIGN,CAMPAIGN,CPN-0026,2026-03-22T08:49:00,"{""campaign_id"": ""CPN-0026""}"
AUD-0001253,USR-MER-0008-01,LOGIN,MERCHANT_SESSION,MER-0008,2026-03-22T09:47:00,"{""method"": ""password+mfa"", ""outcome"": ""success""}"
AUD-0001254,USR-MER-0015-01,VIEW_ANALYTICS,MERCHANT_DASHBOARD,MER-0015,2026-03-22T11:19:00,"{""filters_applied"": 0, ""view"": ""customer_detail""}"
AUD-0001255,USR-MER-0010-01,VIEW_ANALYTICS,MERCHANT_DASHBOARD,MER-0010,2026-03-22T11:58:00,"{""filters_applied"": 1, ""view"": ""customer_detail""}"
AUD-0001256,SYS-REDEEM,REDEMPTION_CONFIRMED,REDEMPTION,RED-000159,2026-03-22T12:13:26,"{""discount_applied"": 800.0, ""gross_bill_amount"": 1752.55, ""offer_id"": ""OFR-0091"", ""redemption_id"": ""RED-000159"", ""transaction_id"": ""TXN-0006376""}"
AUD-0001257,USR-MER-0017-01,LOGIN,MERCHANT_SESSION,MER-0017,2026-03-22T12:14:00,"{""method"": ""password+mfa"", ""outcome"": ""success""}"
AUD-0001258,USR-MER-0004-01,VIEW_ANALYTICS,MERCHANT_DASHBOARD,MER-0004,2026-03-22T12:46:00,"{""filters_applied"": 4, ""view"": ""redemption_log""}"
AUD-0001259,USR-MER-0018-01,VIEW_ANALYTICS,MERCHANT_DASHBOARD,MER-0018,2026-03-22T15:06:00,"{""filters_applied"": 0, ""view"": ""customer_detail""}"
AUD-0001260,USR-MER-0011-01,VIEW_ANALYTICS,MERCHANT_DASHBOARD,MER-0011,2026-03-22T15:11:00,"{""filters_applied"": 3, ""view"": ""segmentation""}"
AUD-0001261,USR-MER-0011-01,VIEW_ANALYTICS,MERCHANT_DASHBOARD,MER-0011,2026-03-22T19:02:00,"{""filters_applied"": 0, ""view"": ""redemption_log""}"
AUD-0001262,USR-MER-0002-01,LOGIN,MERCHANT_SESSION,MER-0002,2026-03-22T20:07:00,"{""method"": ""password+mfa"", ""outcome"": ""success""}"
AUD-0001263,USR-MER-0016-01,VIEW_ANALYTICS,MERCHANT_DASHBOARD,MER-0016,2026-03-23T10:22:00,"{""filters_applied"": 1, ""view"": ""segmentation""}"
AUD-0001264,USR-MER-0004-01,VIEW_ANALYTICS,MERCHANT_DASHBOARD,MER-0004,2026-03-23T10:37:00,"{""filters_applied"": 0, ""view"": ""customer_detail""}"
AUD-0001265,USR-MER-0001-01,VIEW_ANALYTICS,MERCHANT_DASHBOARD,MER-0001,2026-03-23T11:02:00,"{""filters_applied"": 0, ""view"": ""campaign_performance""}"
AUD-0001266,USR-MER-0012-01,VIEW_ANALYTICS,MERCHANT_DASHBOARD,MER-0012,2026-03-23T11:52:00,"{""filters_applied"": 1, ""view"": ""campaign_performance""}"
AUD-0001267,USR-MER-0006-01,LOGIN,MERCHANT_SESSION,MER-0006,2026-03-23T15:06:00,"{""method"": ""password+mfa"", ""outcome"": ""success""}"
AUD-0001268,USR-MER-0014-01,LOGIN,MERCHANT_SESSION,MER-0014,2026-03-23T15:23:00,"{""method"": ""password+mfa"", ""outcome"": ""success""}"
AUD-0001269,USR-MER-0016-01,VIEW_ANALYTICS,MERCHANT_DASHBOARD,MER-0016,2026-03-23T16:46:00,"{""filters_applied"": 2, ""view"": ""customer_detail""}"
AUD-0001270,USR-MER-0012-01,CREATE_OFFER,OFFER,OFR-0012,2026-03-23T16:47:00,"{""budget"": 13963.65, ""discount_type"": ""FIXED"", ""discount_value"": 1700.0, ""merchant_id"": ""MER-0012"", ""minimum_spend"": 499.0}"
AUD-0001271,USR-MER-0004-01,VIEW_ANALYTICS,MERCHANT_DASHBOARD,MER-0004,2026-03-23T17:50:00,"{""filters_applied"": 2, ""view"": ""campaign_performance""}"
AUD-0001272,USR-MER-0008-01,LOGIN,MERCHANT_SESSION,MER-0008,2026-03-23T18:12:00,"{""method"": ""password+mfa"", ""outcome"": ""success""}"
AUD-0001273,USR-MER-0016-01,VIEW_ANALYTICS,MERCHANT_DASHBOARD,MER-0016,2026-03-23T18:26:00,"{""filters_applied"": 1, ""view"": ""campaign_performance""}"
AUD-0001274,USR-MER-0017-01,LOGIN,MERCHANT_SESSION,MER-0017,2026-03-23T20:15:00,"{""method"": ""password+mfa"", ""outcome"": ""success""}"
AUD-0001275,USR-MER-0015-01,VIEW_ANALYTICS,MERCHANT_DASHBOARD,MER-0015,2026-03-23T20:50:00,"{""filters_applied"": 4, ""view"": ""campaign_performance""}"
AUD-0001276,USR-MER-0011-01,VIEW_ANALYTICS,MERCHANT_DASHBOARD,MER-0011,2026-03-23T20:54:00,"{""filters_applied"": 2, ""view"": ""redemption_log""}"
AUD-0001277,USR-MER-0017-01,LOGIN,MERCHANT_SESSION,MER-0017,2026-03-24T08:05:00,"{""method"": ""password+mfa"", ""outcome"": ""success""}"
AUD-0001278,USR-MER-0008-01,VIEW_ANALYTICS,MERCHANT_DASHBOARD,MER-0008,2026-03-24T09:15:00,"{""filters_applied"": 0, ""view"": ""segmentation""}"
AUD-0001279,USR-MER-0002-01,LOGIN,MERCHANT_SESSION,MER-0002,2026-03-24T09:17:00,"{""method"": ""password+mfa"", ""outcome"": ""success""}"
AUD-0001280,USR-MER-0010-01,LOGIN,MERCHANT_SESSION,MER-0010,2026-03-24T12:33:00,"{""method"": ""password+mfa"", ""outcome"": ""success""}"
AUD-0001281,USR-MER-0011-01,LOGIN,MERCHANT_SESSION,MER-0011,2026-03-24T15:09:00,"{""method"": ""password+mfa"", ""outcome"": ""success""}"
AUD-0001282,USR-MER-0018-01,VIEW_ANALYTICS,MERCHANT_DASHBOARD,MER-0018,2026-03-24T16:25:00,"{""filters_applied"": 1, ""view"": ""redemption_log""}"
AUD-0001283,USR-MER-0010-01,VIEW_ANALYTICS,MERCHANT_DASHBOARD,MER-0010,2026-03-24T16:27:00,"{""filters_applied"": 2, ""view"": ""campaign_performance""}"
AUD-0001284,USR-MER-0012-01,LOGIN,MERCHANT_SESSION,MER-0012,2026-03-24T18:03:00,"{""method"": ""password+mfa"", ""outcome"": ""success""}"
AUD-0001285,USR-MER-0015-01,VIEW_ANALYTICS,MERCHANT_DASHBOARD,MER-0015,2026-03-24T19:27:00,"{""filters_applied"": 2, ""view"": ""campaign_performance""}"
AUD-0001286,USR-MER-0018-01,VIEW_ANALYTICS,MERCHANT_DASHBOARD,MER-0018,2026-03-24T21:26:00,"{""filters_applied"": 3, ""view"": ""segmentation""}"
AUD-0001287,SYS-AI-COPY,GENERATE_AI_CONTENT,CAMPAIGN,CPN-0030,2026-03-25T02:44:00,"{""model"": ""mock-copywriter-v1"", ""output_chars"": 310, ""prompt_version"": ""p1.0""}"
AUD-0001288,USR-MER-0005-01,CREATE_CAMPAIGN,CAMPAIGN,CPN-0030,2026-03-25T03:26:00,"{""merchant_id"": ""MER-0005"", ""objective"": ""INCREASE_REPEAT_PURCHASE"", ""offer_id"": ""OFR-0050""}"
AUD-0001289,USR-MER-0010-01,VIEW_ANALYTICS,MERCHANT_DASHBOARD,MER-0010,2026-03-25T10:00:00,"{""filters_applied"": 0, ""view"": ""segmentation""}"
AUD-0001290,USR-MER-0014-01,VIEW_ANALYTICS,MERCHANT_DASHBOARD,MER-0014,2026-03-25T10:53:00,"{""filters_applied"": 2, ""view"": ""segmentation""}"
AUD-0001291,USR-MER-0015-01,VIEW_ANALYTICS,MERCHANT_DASHBOARD,MER-0015,2026-03-25T11:55:00,"{""filters_applied"": 3, ""view"": ""customer_detail""}"
AUD-0001292,USR-MER-0013-01,LOGIN,MERCHANT_SESSION,MER-0013,2026-03-25T12:47:00,"{""method"": ""password+mfa"", ""outcome"": ""success""}"
AUD-0001293,USR-MER-0002-01,LOGIN,MERCHANT_SESSION,MER-0002,2026-03-25T13:07:00,"{""method"": ""password+mfa"", ""outcome"": ""success""}"
AUD-0001294,USR-MER-0007-01,VIEW_ANALYTICS,MERCHANT_DASHBOARD,MER-0007,2026-03-25T15:03:00,"{""filters_applied"": 4, ""view"": ""segmentation""}"
AUD-0001295,USR-MER-0001-01,VIEW_ANALYTICS,MERCHANT_DASHBOARD,MER-0001,2026-03-25T15:30:00,"{""filters_applied"": 4, ""view"": ""redemption_log""}"
AUD-0001296,USR-MER-0012-01,VIEW_ANALYTICS,MERCHANT_DASHBOARD,MER-0012,2026-03-25T15:58:00,"{""filters_applied"": 1, ""view"": ""segmentation""}"
AUD-0001297,USR-MER-0012-01,UPDATE_OFFER,OFFER,OFR-0012,2026-03-25T16:47:00,"{""changed_fields"": [""expiry_time""], ""merchant_id"": ""MER-0012""}"
AUD-0001298,USR-MER-0007-01,LOGIN,MERCHANT_SESSION,MER-0007,2026-03-25T17:06:00,"{""method"": ""password+mfa"", ""outcome"": ""success""}"
AUD-0001299,USR-MER-0011-01,LOGIN,MERCHANT_SESSION,MER-0011,2026-03-25T17:30:00,"{""method"": ""password+mfa"", ""outcome"": ""success""}"
AUD-0001300,USR-MER-0001-01,LOGIN,MERCHANT_SESSION,MER-0001,2026-03-25T18:11:00,"{""method"": ""password+mfa"", ""outcome"": ""success""}"
AUD-0001301,USR-MER-0014-01,VIEW_ANALYTICS,MERCHANT_DASHBOARD,MER-0014,2026-03-25T19:27:00,"{""filters_applied"": 1, ""view"": ""campaign_performance""}"
AUD-0001302,SYS-REDEEM,REDEMPTION_CONFIRMED,REDEMPTION,RED-000160,2026-03-26T02:39:33,"{""discount_applied"": 800.0, ""gross_bill_amount"": 1894.41, ""offer_id"": ""OFR-0091"", ""redemption_id"": ""RED-000160"", ""transaction_id"": ""TXN-0006643""}"
AUD-0001303,USR-MER-0013-01,CANCEL_CAMPAIGN,CAMPAIGN,CPN-0059,2026-03-26T03:43:00,"{""campaign_id"": ""CPN-0059""}"
AUD-0001304,USR-MER-0015-01,VIEW_ANALYTICS,MERCHANT_DASHBOARD,MER-0015,2026-03-26T08:15:00,"{""filters_applied"": 3, ""view"": ""customer_detail""}"
AUD-0001305,USR-MER-0018-01,VIEW_ANALYTICS,MERCHANT_DASHBOARD,MER-0018,2026-03-26T08:29:00,"{""filters_applied"": 2, ""view"": ""segmentation""}"
AUD-0001306,USR-MER-0011-01,LOGIN,MERCHANT_SESSION,MER-0011,2026-03-26T09:12:00,"{""method"": ""password+mfa"", ""outcome"": ""success""}"
AUD-0001307,USR-MER-0006-01,LOGIN,MERCHANT_SESSION,MER-0006,2026-03-26T10:03:00,"{""method"": ""password+mfa"", ""outcome"": ""success""}"
AUD-0001308,USR-MER-0007-01,LOGIN,MERCHANT_SESSION,MER-0007,2026-03-26T11:44:00,"{""method"": ""password+mfa"", ""outcome"": ""success""}"
AUD-0001309,USR-MER-0003-01,VIEW_ANALYTICS,MERCHANT_DASHBOARD,MER-0003,2026-03-26T13:04:00,"{""filters_applied"": 3, ""view"": ""redemption_log""}"
AUD-0001310,USR-MER-0005-01,APPROVE_CAMPAIGN,CAMPAIGN,CPN-0030,2026-03-26T13:19:00,"{""campaign_id"": ""CPN-0030""}"
AUD-0001311,USR-MER-0013-01,VIEW_ANALYTICS,MERCHANT_DASHBOARD,MER-0013,2026-03-26T14:16:00,"{""filters_applied"": 2, ""view"": ""customer_detail""}"
AUD-0001312,USR-MER-0005-01,VIEW_ANALYTICS,MERCHANT_DASHBOARD,MER-0005,2026-03-26T14:17:00,"{""filters_applied"": 2, ""view"": ""redemption_log""}"
AUD-0001313,USR-MER-0013-01,VIEW_ANALYTICS,MERCHANT_DASHBOARD,MER-0013,2026-03-26T15:52:00,"{""filters_applied"": 0, ""view"": ""segmentation""}"
AUD-0001314,USR-MER-0008-01,CREATE_OFFER,OFFER,OFR-0008,2026-03-26T20:28:00,"{""budget"": 126986.31, ""discount_type"": ""FIXED"", ""discount_value"": 6300.0, ""merchant_id"": ""MER-0008"", ""minimum_spend"": 499.0}"
AUD-0001315,USR-MER-0004-01,VIEW_ANALYTICS,MERCHANT_DASHBOARD,MER-0004,2026-03-27T08:16:00,"{""filters_applied"": 1, ""view"": ""campaign_performance""}"
AUD-0001316,USR-MER-0003-01,VIEW_ANALYTICS,MERCHANT_DASHBOARD,MER-0003,2026-03-27T12:01:00,"{""filters_applied"": 1, ""view"": ""campaign_performance""}"
AUD-0001317,USR-MER-0018-01,VIEW_ANALYTICS,MERCHANT_DASHBOARD,MER-0018,2026-03-27T14:45:00,"{""filters_applied"": 2, ""view"": ""redemption_log""}"
AUD-0001318,USR-MER-0012-01,LOGIN,MERCHANT_SESSION,MER-0012,2026-03-27T17:17:00,"{""method"": ""password+mfa"", ""outcome"": ""success""}"
AUD-0001319,USR-MER-0010-01,LOGIN,MERCHANT_SESSION,MER-0010,2026-03-27T18:24:00,"{""method"": ""password+mfa"", ""outcome"": ""success""}"
AUD-0001320,USR-MER-0001-01,LOGIN,MERCHANT_SESSION,MER-0001,2026-03-27T21:03:00,"{""method"": ""password+mfa"", ""outcome"": ""success""}"
AUD-0001321,USR-MER-0017-01,VIEW_ANALYTICS,MERCHANT_DASHBOARD,MER-0017,2026-03-27T21:42:00,"{""filters_applied"": 4, ""view"": ""campaign_performance""}"
AUD-0001322,USR-MER-0014-01,LOGIN,MERCHANT_SESSION,MER-0014,2026-03-28T10:13:00,"{""method"": ""password+mfa"", ""outcome"": ""success""}"
AUD-0001323,USR-MER-0013-01,VIEW_ANALYTICS,MERCHANT_DASHBOARD,MER-0013,2026-03-28T10:31:00,"{""filters_applied"": 3, ""view"": ""segmentation""}"
AUD-0001324,USR-MER-0018-01,LOGIN,MERCHANT_SESSION,MER-0018,2026-03-28T10:55:00,"{""method"": ""password+mfa"", ""outcome"": ""success""}"
AUD-0001325,USR-MER-0003-01,LOGIN,MERCHANT_SESSION,MER-0003,2026-03-28T12:06:00,"{""method"": ""password+mfa"", ""outcome"": ""success""}"
AUD-0001326,USR-MER-0006-01,VIEW_ANALYTICS,MERCHANT_DASHBOARD,MER-0006,2026-03-28T13:37:00,"{""filters_applied"": 2, ""view"": ""segmentation""}"
AUD-0001327,USR-MER-0013-01,VIEW_ANALYTICS,MERCHANT_DASHBOARD,MER-0013,2026-03-28T14:35:00,"{""filters_applied"": 0, ""view"": ""customer_detail""}"
AUD-0001328,USR-MER-0014-01,VIEW_ANALYTICS,MERCHANT_DASHBOARD,MER-0014,2026-03-28T15:45:00,"{""filters_applied"": 0, ""view"": ""campaign_performance""}"
AUD-0001329,USR-MER-0001-01,VIEW_ANALYTICS,MERCHANT_DASHBOARD,MER-0001,2026-03-28T16:19:00,"{""filters_applied"": 3, ""view"": ""segmentation""}"
AUD-0001330,USR-MER-0008-01,LOGIN,MERCHANT_SESSION,MER-0008,2026-03-28T16:37:00,"{""method"": ""password+mfa"", ""outcome"": ""success""}"
AUD-0001331,USR-MER-0007-01,VIEW_ANALYTICS,MERCHANT_DASHBOARD,MER-0007,2026-03-28T18:44:00,"{""filters_applied"": 2, ""view"": ""customer_detail""}"
AUD-0001332,USR-MER-0014-01,LOGIN,MERCHANT_SESSION,MER-0014,2026-03-28T19:20:00,"{""method"": ""password+mfa"", ""outcome"": ""success""}"
AUD-0001333,USR-MER-0015-01,VIEW_ANALYTICS,MERCHANT_DASHBOARD,MER-0015,2026-03-28T20:05:00,"{""filters_applied"": 1, ""view"": ""redemption_log""}"
AUD-0001334,SYS-AI-COPY,GENERATE_AI_CONTENT,CAMPAIGN,CPN-0063,2026-03-29T06:07:00,"{""model"": ""mock-copywriter-v1"", ""output_chars"": 123, ""prompt_version"": ""p1.0""}"
AUD-0001335,USR-MER-0014-01,CREATE_CAMPAIGN,CAMPAIGN,CPN-0063,2026-03-29T07:25:00,"{""merchant_id"": ""MER-0014"", ""objective"": ""REACTIVATE_INACTIVE"", ""offer_id"": ""OFR-0083""}"
AUD-0001336,USR-MER-0002-01,CREATE_OFFER,OFFER,OFR-0036,2026-03-29T20:21:00,"{""budget"": 21712.84, ""discount_type"": ""PERCENTAGE"", ""discount_value"": 20.0, ""merchant_id"": ""MER-0002"", ""minimum_spend"": 2499.0}"
AUD-0001337,USR-MER-0001-01,CREATE_OFFER,OFFER,OFR-0022,2026-03-30T03:36:00,"{""budget"": 7000.24, ""discount_type"": ""FIXED"", ""discount_value"": 150.0, ""merchant_id"": ""MER-0001"", ""minimum_spend"": 1499.0}"
AUD-0001338,USR-MER-0014-01,APPROVE_CAMPAIGN,CAMPAIGN,CPN-0063,2026-03-30T16:55:00,"{""campaign_id"": ""CPN-0063""}"
AUD-0001339,SYS-AI-COPY,GENERATE_AI_CONTENT,CAMPAIGN,CPN-0016,2026-03-31T08:36:00,"{""model"": ""template-fallback-v1"", ""output_chars"": 309, ""prompt_version"": ""p1.1""}"
AUD-0001340,USR-MER-0002-01,CREATE_CAMPAIGN,CAMPAIGN,CPN-0016,2026-03-31T09:00:00,"{""merchant_id"": ""MER-0002"", ""objective"": ""WELCOME_NEW_CUSTOMERS"", ""offer_id"": ""OFR-0036""}"
AUD-0001341,SYS-AI-COPY,GENERATE_AI_CONTENT,CAMPAIGN,CPN-0002,2026-03-31T10:32:00,"{""model"": ""template-fallback-v1"", ""output_chars"": 271, ""prompt_version"": ""p1.0""}"
AUD-0001342,USR-MER-0001-01,CREATE_CAMPAIGN,CAMPAIGN,CPN-0002,2026-03-31T10:39:00,"{""merchant_id"": ""MER-0001"", ""objective"": ""REWARD_FREQUENT_CUSTOMERS"", ""offer_id"": ""OFR-0022""}"
AUD-0001343,USR-MER-0001-01,APPROVE_CAMPAIGN,CAMPAIGN,CPN-0002,2026-04-01T04:20:00,"{""campaign_id"": ""CPN-0002""}"
AUD-0001344,USR-MER-0005-01,VIEW_ANALYTICS,MERCHANT_DASHBOARD,MER-0005,2026-04-01T08:59:00,"{""filters_applied"": 4, ""view"": ""customer_detail""}"
AUD-0001345,USR-MER-0008-01,VIEW_ANALYTICS,MERCHANT_DASHBOARD,MER-0008,2026-04-01T09:12:00,"{""filters_applied"": 4, ""view"": ""campaign_performance""}"
AUD-0001346,USR-MER-0011-01,VIEW_ANALYTICS,MERCHANT_DASHBOARD,MER-0011,2026-04-01T09:31:00,"{""filters_applied"": 4, ""view"": ""redemption_log""}"
AUD-0001347,USR-MER-0001-01,LOGIN,MERCHANT_SESSION,MER-0001,2026-04-01T10:20:00,"{""method"": ""password+mfa"", ""outcome"": ""success""}"
AUD-0001348,USR-MER-0017-01,LOGIN,MERCHANT_SESSION,MER-0017,2026-04-01T10:46:00,"{""method"": ""password+mfa"", ""outcome"": ""success""}"
AUD-0001349,USR-MER-0017-01,CREATE_OFFER,OFFER,OFR-0017,2026-04-01T12:17:00,"{""budget"": 8074.84, ""discount_type"": ""FIXED"", ""discount_value"": 200.0, ""merchant_id"": ""MER-0017"", ""minimum_spend"": 599.0}"
AUD-0001350,USR-MER-0001-01,VIEW_ANALYTICS,MERCHANT_DASHBOARD,MER-0001,2026-04-01T12:53:00,"{""filters_applied"": 3, ""view"": ""segmentation""}"
AUD-0001351,USR-MER-0014-01,VIEW_ANALYTICS,MERCHANT_DASHBOARD,MER-0014,2026-04-01T14:41:00,"{""filters_applied"": 3, ""view"": ""campaign_performance""}"
AUD-0001352,USR-MER-0011-01,VIEW_ANALYTICS,MERCHANT_DASHBOARD,MER-0011,2026-04-01T14:44:00,"{""filters_applied"": 0, ""view"": ""campaign_performance""}"
AUD-0001353,USR-MER-0014-01,VIEW_ANALYTICS,MERCHANT_DASHBOARD,MER-0014,2026-04-01T15:06:00,"{""filters_applied"": 3, ""view"": ""redemption_log""}"
AUD-0001354,USR-MER-0006-01,VIEW_ANALYTICS,MERCHANT_DASHBOARD,MER-0006,2026-04-01T17:11:00,"{""filters_applied"": 0, ""view"": ""segmentation""}"
AUD-0001355,USR-MER-0018-01,VIEW_ANALYTICS,MERCHANT_DASHBOARD,MER-0018,2026-04-01T18:25:00,"{""filters_applied"": 1, ""view"": ""campaign_performance""}"
AUD-0001356,USR-MER-0011-01,VIEW_ANALYTICS,MERCHANT_DASHBOARD,MER-0011,2026-04-01T19:10:00,"{""filters_applied"": 2, ""view"": ""customer_detail""}"
AUD-0001357,USR-MER-0006-01,LOGIN,MERCHANT_SESSION,MER-0006,2026-04-01T20:06:00,"{""method"": ""password+mfa"", ""outcome"": ""success""}"
AUD-0001358,USR-MER-0009-01,LOGIN,MERCHANT_SESSION,MER-0009,2026-04-01T20:13:00,"{""method"": ""password+mfa"", ""outcome"": ""success""}"
AUD-0001359,USR-MER-0008-01,VIEW_ANALYTICS,MERCHANT_DASHBOARD,MER-0008,2026-04-02T08:29:00,"{""filters_applied"": 1, ""view"": ""campaign_performance""}"
AUD-0001360,USR-MER-0008-01,CREATE_CAMPAIGN,CAMPAIGN,CPN-0041,2026-04-02T09:11:00,"{""merchant_id"": ""MER-0008"", ""objective"": ""PROMOTE_HIGH_VALUE_OFFER"", ""offer_id"": ""OFR-0061""}"
AUD-0001361,USR-MER-0018-01,VIEW_ANALYTICS,MERCHANT_DASHBOARD,MER-0018,2026-04-02T09:12:00,"{""filters_applied"": 0, ""view"": ""segmentation""}"
AUD-0001362,SYS-AI-COPY,GENERATE_AI_CONTENT,CAMPAIGN,CPN-0041,2026-04-02T09:14:00,"{""model"": ""mock-copywriter-v2"", ""output_chars"": 157, ""prompt_version"": ""p1.2""}"
AUD-0001363,USR-MER-0007-01,LOGIN,MERCHANT_SESSION,MER-0007,2026-04-02T10:46:00,"{""method"": ""password+mfa"", ""outcome"": ""success""}"
AUD-0001364,USR-MER-0007-01,LOGIN,MERCHANT_SESSION,MER-0007,2026-04-02T12:04:00,"{""method"": ""password+mfa"", ""outcome"": ""success""}"
AUD-0001365,USR-MER-0006-01,LOGIN,MERCHANT_SESSION,MER-0006,2026-04-02T12:16:00,"{""method"": ""password+mfa"", ""outcome"": ""success""}"
AUD-0001366,USR-MER-0013-01,LOGIN,MERCHANT_SESSION,MER-0013,2026-04-02T13:49:00,"{""method"": ""password+mfa"", ""outcome"": ""success""}"
AUD-0001367,USR-MER-0014-01,LOGIN,MERCHANT_SESSION,MER-0014,2026-04-02T14:02:00,"{""method"": ""password+mfa"", ""outcome"": ""success""}"
AUD-0001368,USR-MER-0011-01,LOGIN,MERCHANT_SESSION,MER-0011,2026-04-02T14:21:00,"{""method"": ""password+mfa"", ""outcome"": ""success""}"
AUD-0001369,USR-MER-0002-01,APPROVE_CAMPAIGN,CAMPAIGN,CPN-0016,2026-04-02T15:52:00,"{""campaign_id"": ""CPN-0016""}"
AUD-0001370,USR-MER-0011-01,LOGIN,MERCHANT_SESSION,MER-0011,2026-04-02T16:19:00,"{""method"": ""password+mfa"", ""outcome"": ""success""}"
AUD-0001371,USR-MER-0009-01,VIEW_ANALYTICS,MERCHANT_DASHBOARD,MER-0009,2026-04-02T16:20:00,"{""filters_applied"": 4, ""view"": ""redemption_log""}"
AUD-0001372,USR-MER-0001-01,VIEW_ANALYTICS,MERCHANT_DASHBOARD,MER-0001,2026-04-02T18:32:00,"{""filters_applied"": 1, ""view"": ""customer_detail""}"
AUD-0001373,USR-MER-0016-01,LOGIN,MERCHANT_SESSION,MER-0016,2026-04-02T19:00:00,"{""method"": ""password+mfa"", ""outcome"": ""success""}"
AUD-0001374,USR-MER-0001-01,VIEW_ANALYTICS,MERCHANT_DASHBOARD,MER-0001,2026-04-02T20:41:00,"{""filters_applied"": 1, ""view"": ""segmentation""}"
AUD-0001375,USR-MER-0006-01,VIEW_ANALYTICS,MERCHANT_DASHBOARD,MER-0006,2026-04-03T08:01:00,"{""filters_applied"": 3, ""view"": ""customer_detail""}"
AUD-0001376,USR-MER-0008-01,VIEW_ANALYTICS,MERCHANT_DASHBOARD,MER-0008,2026-04-03T08:42:00,"{""filters_applied"": 3, ""view"": ""segmentation""}"
AUD-0001377,USR-MER-0002-01,VIEW_ANALYTICS,MERCHANT_DASHBOARD,MER-0002,2026-04-03T09:16:00,"{""filters_applied"": 1, ""view"": ""redemption_log""}"
AUD-0001378,USR-MER-0005-01,LAUNCH_CAMPAIGN,CAMPAIGN,CPN-0030,2026-04-03T09:19:00,"{""campaign_id"": ""CPN-0030""}"
AUD-0001379,USR-MER-0016-01,LOGIN,MERCHANT_SESSION,MER-0016,2026-04-03T09:35:00,"{""method"": ""password+mfa"", ""outcome"": ""success""}"
AUD-0001380,USR-MER-0011-01,LOGIN,MERCHANT_SESSION,MER-0011,2026-04-03T10:15:00,"{""method"": ""password+mfa"", ""outcome"": ""success""}"
AUD-0001381,USR-MER-0017-01,UPDATE_OFFER,OFFER,OFR-0017,2026-04-03T10:17:00,"{""changed_fields"": [""expiry_time""], ""merchant_id"": ""MER-0017""}"
AUD-0001382,USR-MER-0011-01,LOGIN,MERCHANT_SESSION,MER-0011,2026-04-03T11:25:00,"{""method"": ""password+mfa"", ""outcome"": ""success""}"
AUD-0001383,USR-MER-0002-01,LOGIN,MERCHANT_SESSION,MER-0002,2026-04-03T11:45:00,"{""method"": ""password+mfa"", ""outcome"": ""success""}"
AUD-0001384,USR-MER-0005-01,LOGIN,MERCHANT_SESSION,MER-0005,2026-04-03T11:50:00,"{""method"": ""password+mfa"", ""outcome"": ""success""}"
AUD-0001385,USR-MER-0004-01,LOGIN,MERCHANT_SESSION,MER-0004,2026-04-03T11:57:00,"{""method"": ""password+mfa"", ""outcome"": ""success""}"
AUD-0001386,USR-MER-0007-01,VIEW_ANALYTICS,MERCHANT_DASHBOARD,MER-0007,2026-04-03T12:07:00,"{""filters_applied"": 2, ""view"": ""segmentation""}"
AUD-0001387,USR-MER-0009-01,VIEW_ANALYTICS,MERCHANT_DASHBOARD,MER-0009,2026-04-03T12:07:00,"{""filters_applied"": 1, ""view"": ""campaign_performance""}"
AUD-0001388,USR-MER-0018-01,LOGIN,MERCHANT_SESSION,MER-0018,2026-04-03T12:32:00,"{""method"": ""password+mfa"", ""outcome"": ""success""}"
AUD-0001389,USR-MER-0013-01,LOGIN,MERCHANT_SESSION,MER-0013,2026-04-03T12:36:00,"{""method"": ""password+mfa"", ""outcome"": ""success""}"
AUD-0001390,USR-MER-0008-01,APPROVE_CAMPAIGN,CAMPAIGN,CPN-0041,2026-04-03T12:42:00,"{""campaign_id"": ""CPN-0041""}"
AUD-0001391,USR-MER-0011-01,LOGIN,MERCHANT_SESSION,MER-0011,2026-04-03T12:42:00,"{""method"": ""password+mfa"", ""outcome"": ""success""}"
AUD-0001392,USR-MER-0007-01,LOGIN,MERCHANT_SESSION,MER-0007,2026-04-03T15:19:00,"{""method"": ""password+mfa"", ""outcome"": ""success""}"
AUD-0001393,USR-MER-0012-01,LOGIN,MERCHANT_SESSION,MER-0012,2026-04-03T15:54:00,"{""method"": ""password+mfa"", ""outcome"": ""success""}"
AUD-0001394,USR-MER-0009-01,LOGIN,MERCHANT_SESSION,MER-0009,2026-04-03T15:57:00,"{""method"": ""password+mfa"", ""outcome"": ""success""}"
AUD-0001395,USR-MER-0013-01,VIEW_ANALYTICS,MERCHANT_DASHBOARD,MER-0013,2026-04-03T16:15:00,"{""filters_applied"": 4, ""view"": ""customer_detail""}"
AUD-0001396,USR-MER-0002-01,VIEW_ANALYTICS,MERCHANT_DASHBOARD,MER-0002,2026-04-03T18:33:00,"{""filters_applied"": 1, ""view"": ""campaign_performance""}"
AUD-0001397,USR-MER-0002-01,VIEW_ANALYTICS,MERCHANT_DASHBOARD,MER-0002,2026-04-03T21:16:00,"{""filters_applied"": 1, ""view"": ""segmentation""}"
AUD-0001398,USR-MER-0012-01,VIEW_ANALYTICS,MERCHANT_DASHBOARD,MER-0012,2026-04-04T09:46:00,"{""filters_applied"": 4, ""view"": ""campaign_performance""}"
AUD-0001399,USR-MER-0008-01,VIEW_ANALYTICS,MERCHANT_DASHBOARD,MER-0008,2026-04-04T13:58:00,"{""filters_applied"": 4, ""view"": ""campaign_performance""}"
AUD-0001400,USR-MER-0003-01,LOGIN,MERCHANT_SESSION,MER-0003,2026-04-04T16:16:00,"{""method"": ""password+mfa"", ""outcome"": ""success""}"
AUD-0001401,USR-MER-0014-01,VIEW_ANALYTICS,MERCHANT_DASHBOARD,MER-0014,2026-04-04T16:48:00,"{""filters_applied"": 3, ""view"": ""customer_detail""}"
AUD-0001402,USR-MER-0004-01,VIEW_ANALYTICS,MERCHANT_DASHBOARD,MER-0004,2026-04-04T18:02:00,"{""filters_applied"": 4, ""view"": ""campaign_performance""}"
AUD-0001403,USR-MER-0017-01,LOGIN,MERCHANT_SESSION,MER-0017,2026-04-04T18:23:00,"{""method"": ""password+mfa"", ""outcome"": ""success""}"
AUD-0001404,USR-MER-0012-01,LOGIN,MERCHANT_SESSION,MER-0012,2026-04-04T18:32:00,"{""method"": ""password+mfa"", ""outcome"": ""success""}"
AUD-0001405,USR-MER-0001-01,LOGIN,MERCHANT_SESSION,MER-0001,2026-04-04T18:37:00,"{""method"": ""password+mfa"", ""outcome"": ""success""}"
AUD-0001406,USR-MER-0012-01,VIEW_ANALYTICS,MERCHANT_DASHBOARD,MER-0012,2026-04-04T18:37:00,"{""filters_applied"": 3, ""view"": ""segmentation""}"
AUD-0001407,USR-MER-0013-01,LOGIN,MERCHANT_SESSION,MER-0013,2026-04-04T19:32:00,"{""method"": ""password+mfa"", ""outcome"": ""success""}"
AUD-0001408,USR-MER-0001-01,VIEW_ANALYTICS,MERCHANT_DASHBOARD,MER-0001,2026-04-04T21:02:00,"{""filters_applied"": 2, ""view"": ""redemption_log""}"
AUD-0001409,USR-MER-0008-01,LOGIN,MERCHANT_SESSION,MER-0008,2026-04-04T21:31:00,"{""method"": ""password+mfa"", ""outcome"": ""success""}"
AUD-0001410,USR-MER-0008-01,VIEW_ANALYTICS,MERCHANT_DASHBOARD,MER-0008,2026-04-05T08:25:00,"{""filters_applied"": 0, ""view"": ""segmentation""}"
AUD-0001411,USR-MER-0016-01,VIEW_ANALYTICS,MERCHANT_DASHBOARD,MER-0016,2026-04-05T09:29:00,"{""filters_applied"": 3, ""view"": ""redemption_log""}"
AUD-0001412,USR-MER-0009-01,LOGIN,MERCHANT_SESSION,MER-0009,2026-04-05T12:49:00,"{""method"": ""password+mfa"", ""outcome"": ""success""}"
AUD-0001413,USR-MER-0009-01,VIEW_ANALYTICS,MERCHANT_DASHBOARD,MER-0009,2026-04-05T15:42:00,"{""filters_applied"": 0, ""view"": ""customer_detail""}"
AUD-0001414,USR-MER-0005-01,LOGIN,MERCHANT_SESSION,MER-0005,2026-04-05T18:56:00,"{""method"": ""password+mfa"", ""outcome"": ""success""}"
AUD-0001415,USR-MER-0008-01,LOGIN,MERCHANT_SESSION,MER-0008,2026-04-05T19:22:00,"{""method"": ""password+mfa"", ""outcome"": ""success""}"
AUD-0001416,USR-MER-0010-01,VIEW_ANALYTICS,MERCHANT_DASHBOARD,MER-0010,2026-04-05T19:43:00,"{""filters_applied"": 2, ""view"": ""customer_detail""}"
AUD-0001417,USR-MER-0011-01,LOGIN,MERCHANT_SESSION,MER-0011,2026-04-05T21:14:00,"{""method"": ""password+mfa"", ""outcome"": ""success""}"
AUD-0001418,USR-MER-0001-01,VIEW_ANALYTICS,MERCHANT_DASHBOARD,MER-0001,2026-04-06T08:37:00,"{""filters_applied"": 4, ""view"": ""customer_detail""}"
AUD-0001419,USR-MER-0013-01,VIEW_ANALYTICS,MERCHANT_DASHBOARD,MER-0013,2026-04-06T11:17:00,"{""filters_applied"": 2, ""view"": ""campaign_performance""}"
AUD-0001420,USR-MER-0015-01,LOGIN,MERCHANT_SESSION,MER-0015,2026-04-06T12:03:00,"{""method"": ""password+mfa"", ""outcome"": ""success""}"
AUD-0001421,USR-MER-0018-01,LOGIN,MERCHANT_SESSION,MER-0018,2026-04-06T12:19:00,"{""method"": ""password+mfa"", ""outcome"": ""success""}"
AUD-0001422,USR-MER-0014-01,VIEW_ANALYTICS,MERCHANT_DASHBOARD,MER-0014,2026-04-06T12:39:00,"{""filters_applied"": 0, ""view"": ""customer_detail""}"
AUD-0001423,USR-MER-0003-01,LOGIN,MERCHANT_SESSION,MER-0003,2026-04-06T13:03:00,"{""method"": ""password+mfa"", ""outcome"": ""success""}"
AUD-0001424,USR-MER-0006-01,LOGIN,MERCHANT_SESSION,MER-0006,2026-04-06T14:11:00,"{""method"": ""password+mfa"", ""outcome"": ""success""}"
AUD-0001425,USR-MER-0001-01,VIEW_ANALYTICS,MERCHANT_DASHBOARD,MER-0001,2026-04-06T14:18:00,"{""filters_applied"": 4, ""view"": ""segmentation""}"
AUD-0001426,USR-MER-0011-01,LOGIN,MERCHANT_SESSION,MER-0011,2026-04-06T15:42:00,"{""method"": ""password+mfa"", ""outcome"": ""success""}"
AUD-0001427,USR-MER-0011-01,VIEW_ANALYTICS,MERCHANT_DASHBOARD,MER-0011,2026-04-06T20:58:00,"{""filters_applied"": 3, ""view"": ""redemption_log""}"
AUD-0001428,USR-MER-0001-01,LOGIN,MERCHANT_SESSION,MER-0001,2026-04-06T20:59:00,"{""method"": ""password+mfa"", ""outcome"": ""success""}"
AUD-0001429,USR-MER-0004-01,VIEW_ANALYTICS,MERCHANT_DASHBOARD,MER-0004,2026-04-07T08:50:00,"{""filters_applied"": 4, ""view"": ""customer_detail""}"
AUD-0001430,USR-MER-0001-01,VIEW_ANALYTICS,MERCHANT_DASHBOARD,MER-0001,2026-04-07T08:53:00,"{""filters_applied"": 1, ""view"": ""customer_detail""}"
AUD-0001431,USR-MER-0009-01,LOGIN,MERCHANT_SESSION,MER-0009,2026-04-07T10:54:00,"{""method"": ""password+mfa"", ""outcome"": ""success""}"
AUD-0001432,USR-MER-0002-01,VIEW_ANALYTICS,MERCHANT_DASHBOARD,MER-0002,2026-04-07T11:25:00,"{""filters_applied"": 2, ""view"": ""segmentation""}"
AUD-0001433,USR-MER-0008-01,LOGIN,MERCHANT_SESSION,MER-0008,2026-04-07T11:33:00,"{""method"": ""password+mfa"", ""outcome"": ""success""}"
AUD-0001434,USR-MER-0014-01,LAUNCH_CAMPAIGN,CAMPAIGN,CPN-0063,2026-04-07T13:00:00,"{""campaign_id"": ""CPN-0063""}"
AUD-0001435,USR-MER-0002-01,LOGIN,MERCHANT_SESSION,MER-0002,2026-04-07T13:28:00,"{""method"": ""password+mfa"", ""outcome"": ""success""}"
AUD-0001436,USR-MER-0004-01,VIEW_ANALYTICS,MERCHANT_DASHBOARD,MER-0004,2026-04-07T14:58:00,"{""filters_applied"": 4, ""view"": ""campaign_performance""}"
AUD-0001437,USR-MER-0009-01,LOGIN,MERCHANT_SESSION,MER-0009,2026-04-07T15:35:00,"{""method"": ""password+mfa"", ""outcome"": ""success""}"
AUD-0001438,SYS-REDEEM,REDEMPTION_CONFIRMED,REDEMPTION,RED-000161,2026-04-07T17:09:51,"{""discount_applied"": 1200.0, ""gross_bill_amount"": 2372.0, ""offer_id"": ""OFR-0083"", ""redemption_id"": ""RED-000161"", ""transaction_id"": ""TXN-0007551""}"
AUD-0001439,USR-MER-0015-01,VIEW_ANALYTICS,MERCHANT_DASHBOARD,MER-0015,2026-04-07T17:29:00,"{""filters_applied"": 3, ""view"": ""segmentation""}"
AUD-0001440,USR-MER-0001-01,VIEW_ANALYTICS,MERCHANT_DASHBOARD,MER-0001,2026-04-07T17:48:00,"{""filters_applied"": 0, ""view"": ""customer_detail""}"
AUD-0001441,SYS-REDEEM,REDEMPTION_REJECTED,REDEMPTION,RED-000162,2026-04-07T18:29:51,"{""discount_applied"": 1200.0, ""gross_bill_amount"": 2372.0, ""offer_id"": ""OFR-0083"", ""reason"": ""DUPLICATE_REDEMPTION"", ""redemption_id"": ""RED-000162"", ""transaction_id"": ""TXN-0007551""}"
AUD-0001442,USR-MER-0013-01,VIEW_ANALYTICS,MERCHANT_DASHBOARD,MER-0013,2026-04-07T18:54:00,"{""filters_applied"": 2, ""view"": ""customer_detail""}"
AUD-0001443,USR-MER-0011-01,VIEW_ANALYTICS,MERCHANT_DASHBOARD,MER-0011,2026-04-07T19:29:00,"{""filters_applied"": 0, ""view"": ""campaign_performance""}"
AUD-0001444,USR-MER-0011-01,LOGIN,MERCHANT_SESSION,MER-0011,2026-04-07T19:45:00,"{""method"": ""password+mfa"", ""outcome"": ""success""}"
AUD-0001445,USR-MER-0001-01,VIEW_ANALYTICS,MERCHANT_DASHBOARD,MER-0001,2026-04-07T20:16:00,"{""filters_applied"": 1, ""view"": ""customer_detail""}"
AUD-0001446,USR-MER-0005-01,VIEW_ANALYTICS,MERCHANT_DASHBOARD,MER-0005,2026-04-07T20:28:00,"{""filters_applied"": 2, ""view"": ""customer_detail""}"
AUD-0001447,USR-MER-0004-01,LOGIN,MERCHANT_SESSION,MER-0004,2026-04-07T20:49:00,"{""method"": ""password+mfa"", ""outcome"": ""success""}"
AUD-0001448,USR-MER-0004-01,VIEW_ANALYTICS,MERCHANT_DASHBOARD,MER-0004,2026-04-07T20:59:00,"{""filters_applied"": 1, ""view"": ""campaign_performance""}"
AUD-0001449,USR-MER-0011-01,VIEW_ANALYTICS,MERCHANT_DASHBOARD,MER-0011,2026-04-08T11:36:00,"{""filters_applied"": 3, ""view"": ""campaign_performance""}"
AUD-0001450,USR-MER-0016-01,VIEW_ANALYTICS,MERCHANT_DASHBOARD,MER-0016,2026-04-08T11:46:00,"{""filters_applied"": 1, ""view"": ""customer_detail""}"
AUD-0001451,USR-MER-0014-01,VIEW_ANALYTICS,MERCHANT_DASHBOARD,MER-0014,2026-04-08T11:52:00,"{""filters_applied"": 0, ""view"": ""customer_detail""}"
AUD-0001452,USR-MER-0006-01,VIEW_ANALYTICS,MERCHANT_DASHBOARD,MER-0006,2026-04-08T12:51:00,"{""filters_applied"": 4, ""view"": ""redemption_log""}"
AUD-0001453,USR-MER-0018-01,LOGIN,MERCHANT_SESSION,MER-0018,2026-04-08T13:20:00,"{""method"": ""password+mfa"", ""outcome"": ""success""}"
AUD-0001454,USR-MER-0009-01,LOGIN,MERCHANT_SESSION,MER-0009,2026-04-08T13:28:00,"{""method"": ""password+mfa"", ""outcome"": ""success""}"
AUD-0001455,USR-MER-0007-01,LOGIN,MERCHANT_SESSION,MER-0007,2026-04-08T14:50:00,"{""method"": ""password+mfa"", ""outcome"": ""success""}"
AUD-0001456,USR-MER-0010-01,LOGIN,MERCHANT_SESSION,MER-0010,2026-04-08T15:41:00,"{""method"": ""password+mfa"", ""outcome"": ""success""}"
AUD-0001457,USR-MER-0010-01,LOGIN,MERCHANT_SESSION,MER-0010,2026-04-08T15:57:00,"{""method"": ""password+mfa"", ""outcome"": ""success""}"
AUD-0001458,USR-MER-0001-01,LOGIN,MERCHANT_SESSION,MER-0001,2026-04-08T19:56:00,"{""method"": ""password+mfa"", ""outcome"": ""success""}"
AUD-0001459,USR-MER-0011-01,VIEW_ANALYTICS,MERCHANT_DASHBOARD,MER-0011,2026-04-08T19:59:00,"{""filters_applied"": 2, ""view"": ""campaign_performance""}"
AUD-0001460,USR-MER-0008-01,VIEW_ANALYTICS,MERCHANT_DASHBOARD,MER-0008,2026-04-08T21:02:00,"{""filters_applied"": 1, ""view"": ""customer_detail""}"
AUD-0001461,SYS-REDEEM,REDEMPTION_CONFIRMED,REDEMPTION,RED-000163,2026-04-09T05:13:14,"{""discount_applied"": 1113.85, ""gross_bill_amount"": 1113.85, ""offer_id"": ""OFR-0083"", ""redemption_id"": ""RED-000163"", ""transaction_id"": ""TXN-0007639""}"
AUD-0001462,USR-MER-0008-01,LOGIN,MERCHANT_SESSION,MER-0008,2026-04-09T08:06:00,"{""method"": ""password+mfa"", ""outcome"": ""success""}"
AUD-0001463,SYS-REDEEM,REDEMPTION_CONFIRMED,REDEMPTION,RED-000164,2026-04-09T09:49:28,"{""discount_applied"": 1200.0, ""gross_bill_amount"": 2553.0, ""offer_id"": ""OFR-0083"", ""redemption_id"": ""RED-000164"", ""transaction_id"": ""TXN-0007651""}"
AUD-0001464,USR-MER-0016-01,LOGIN,MERCHANT_SESSION,MER-0016,2026-04-09T10:29:00,"{""method"": ""password+mfa"", ""outcome"": ""success""}"
AUD-0001465,USR-MER-0003-01,VIEW_ANALYTICS,MERCHANT_DASHBOARD,MER-0003,2026-04-09T13:41:00,"{""filters_applied"": 0, ""view"": ""redemption_log""}"
AUD-0001466,SYS-REDEEM,REDEMPTION_CONFIRMED,REDEMPTION,RED-000165,2026-04-09T13:42:24,"{""discount_applied"": 1200.0, ""gross_bill_amount"": 1398.17, ""offer_id"": ""OFR-0083"", ""redemption_id"": ""RED-000165"", ""transaction_id"": ""TXN-0007673""}"
AUD-0001467,USR-MER-0004-01,VIEW_ANALYTICS,MERCHANT_DASHBOARD,MER-0004,2026-04-09T14:25:00,"{""filters_applied"": 3, ""view"": ""customer_detail""}"
AUD-0001468,USR-MER-0008-01,VIEW_ANALYTICS,MERCHANT_DASHBOARD,MER-0008,2026-04-09T14:36:00,"{""filters_applied"": 0, ""view"": ""redemption_log""}"
AUD-0001469,SYS-REDEEM,REDEMPTION_REJECTED,REDEMPTION,RED-000166,2026-04-09T14:56:24,"{""discount_applied"": 1200.0, ""gross_bill_amount"": 1398.17, ""offer_id"": ""OFR-0083"", ""reason"": ""DUPLICATE_REDEMPTION"", ""redemption_id"": ""RED-000166"", ""transaction_id"": ""TXN-0007673""}"
AUD-0001470,USR-MER-0014-01,LOGIN,MERCHANT_SESSION,MER-0014,2026-04-09T14:58:00,"{""method"": ""password+mfa"", ""outcome"": ""success""}"
AUD-0001471,USR-MER-0001-01,LAUNCH_CAMPAIGN,CAMPAIGN,CPN-0002,2026-04-09T15:20:00,"{""campaign_id"": ""CPN-0002""}"
AUD-0001472,USR-MER-0016-01,LOGIN,MERCHANT_SESSION,MER-0016,2026-04-09T18:11:00,"{""method"": ""password+mfa"", ""outcome"": ""success""}"
AUD-0001473,USR-MER-0012-01,VIEW_ANALYTICS,MERCHANT_DASHBOARD,MER-0012,2026-04-09T19:02:00,"{""filters_applied"": 2, ""view"": ""redemption_log""}"
AUD-0001474,SYS-REDEEM,REDEMPTION_CONFIRMED,REDEMPTION,RED-000167,2026-04-09T20:46:47,"{""discount_applied"": 150.0, ""gross_bill_amount"": 1500.0, ""offer_id"": ""OFR-0022"", ""redemption_id"": ""RED-000167"", ""transaction_id"": ""TXN-0007713""}"
AUD-0001475,USR-MER-0014-01,VIEW_ANALYTICS,MERCHANT_DASHBOARD,MER-0014,2026-04-09T21:54:00,"{""filters_applied"": 4, ""view"": ""redemption_log""}"
AUD-0001476,SYS-REDEEM,REDEMPTION_CONFIRMED,REDEMPTION,RED-000168,2026-04-10T07:12:23,"{""discount_applied"": 150.0, ""gross_bill_amount"": 2660.88, ""offer_id"": ""OFR-0022"", ""redemption_id"": ""RED-000168"", ""transaction_id"": ""TXN-0007719""}"
AUD-0001477,SYS-REDEEM,REDEMPTION_CONFIRMED,REDEMPTION,RED-000169,2026-04-10T07:49:42,"{""discount_applied"": 150.0, ""gross_bill_amount"": 1500.0, ""offer_id"": ""OFR-0022"", ""redemption_id"": ""RED-000169"", ""transaction_id"": ""TXN-0007720""}"
AUD-0001478,USR-MER-0007-01,VIEW_ANALYTICS,MERCHANT_DASHBOARD,MER-0007,2026-04-10T08:26:00,"{""filters_applied"": 1, ""view"": ""campaign_performance""}"
AUD-0001479,USR-MER-0015-01,VIEW_ANALYTICS,MERCHANT_DASHBOARD,MER-0015,2026-04-10T08:35:00,"{""filters_applied"": 3, ""view"": ""customer_detail""}"
AUD-0001480,USR-MER-0017-01,LOGIN,MERCHANT_SESSION,MER-0017,2026-04-10T12:23:00,"{""method"": ""password+mfa"", ""outcome"": ""success""}"
AUD-0001481,USR-MER-0011-01,LOGIN,MERCHANT_SESSION,MER-0011,2026-04-10T13:06:00,"{""method"": ""password+mfa"", ""outcome"": ""success""}"
AUD-0001482,SYS-REDEEM,REDEMPTION_CONFIRMED,REDEMPTION,RED-000170,2026-04-10T13:33:20,"{""discount_applied"": 150.0, ""gross_bill_amount"": 1500.0, ""offer_id"": ""OFR-0022"", ""redemption_id"": ""RED-000170"", ""transaction_id"": ""TXN-0007753""}"
AUD-0001483,USR-MER-0011-01,LOGIN,MERCHANT_SESSION,MER-0011,2026-04-10T13:58:00,"{""method"": ""password+mfa"", ""outcome"": ""success""}"
AUD-0001484,USR-MER-0013-01,VIEW_ANALYTICS,MERCHANT_DASHBOARD,MER-0013,2026-04-10T14:43:00,"{""filters_applied"": 0, ""view"": ""customer_detail""}"
AUD-0001485,USR-MER-0018-01,VIEW_ANALYTICS,MERCHANT_DASHBOARD,MER-0018,2026-04-10T14:43:00,"{""filters_applied"": 4, ""view"": ""segmentation""}"
AUD-0001486,SYS-REDEEM,REDEMPTION_CONFIRMED,REDEMPTION,RED-000171,2026-04-10T14:52:15,"{""discount_applied"": 150.0, ""gross_bill_amount"": 1500.0, ""offer_id"": ""OFR-0022"", ""redemption_id"": ""RED-000171"", ""transaction_id"": ""TXN-0007764""}"
AUD-0001487,USR-MER-0015-01,LOGIN,MERCHANT_SESSION,MER-0015,2026-04-10T14:54:00,"{""method"": ""password+mfa"", ""outcome"": ""success""}"
AUD-0001488,SYS-REDEEM,REDEMPTION_CONFIRMED,REDEMPTION,RED-000172,2026-04-10T14:54:10,"{""discount_applied"": 1200.0, ""gross_bill_amount"": 1686.74, ""offer_id"": ""OFR-0083"", ""redemption_id"": ""RED-000172"", ""transaction_id"": ""TXN-0007765""}"
AUD-0001489,USR-MER-0006-01,LOGIN,MERCHANT_SESSION,MER-0006,2026-04-10T16:58:00,"{""method"": ""password+mfa"", ""outcome"": ""success""}"
AUD-0001490,USR-MER-0016-01,VIEW_ANALYTICS,MERCHANT_DASHBOARD,MER-0016,2026-04-10T18:49:00,"{""filters_applied"": 0, ""view"": ""segmentation""}"
AUD-0001491,USR-MER-0005-01,VIEW_ANALYTICS,MERCHANT_DASHBOARD,MER-0005,2026-04-10T21:57:00,"{""filters_applied"": 3, ""view"": ""campaign_performance""}"
AUD-0001492,SYS-REDEEM,REDEMPTION_CONFIRMED,REDEMPTION,RED-000173,2026-04-11T00:15:33,"{""discount_applied"": 1200.0, ""gross_bill_amount"": 1609.03, ""offer_id"": ""OFR-0083"", ""redemption_id"": ""RED-000173"", ""transaction_id"": ""TXN-0007792""}"
AUD-0001493,SYS-REDEEM,REDEMPTION_CONFIRMED,REDEMPTION,RED-000174,2026-04-11T02:28:08,"{""discount_applied"": 150.0, ""gross_bill_amount"": 2116.89, ""offer_id"": ""OFR-0022"", ""redemption_id"": ""RED-000174"", ""transaction_id"": ""TXN-0007793""}"
AUD-0001494,USR-MER-0006-01,LOGIN,MERCHANT_SESSION,MER-0006,2026-04-11T10:19:00,"{""method"": ""password+mfa"", ""outcome"": ""success""}"
AUD-0001495,USR-MER-0017-01,LOGIN,MERCHANT_SESSION,MER-0017,2026-04-11T11:15:00,"{""method"": ""password+mfa"", ""outcome"": ""success""}"
AUD-0001496,SYS-REDEEM,REDEMPTION_CONFIRMED,REDEMPTION,RED-000175,2026-04-11T11:50:34,"{""discount_applied"": 150.0, ""gross_bill_amount"": 2143.1, ""offer_id"": ""OFR-0022"", ""redemption_id"": ""RED-000175"", ""transaction_id"": ""TXN-0007819""}"
AUD-0001497,SYS-REDEEM,REDEMPTION_CONFIRMED,REDEMPTION,RED-000176,2026-04-11T13:46:53,"{""discount_applied"": 150.0, ""gross_bill_amount"": 2495.08, ""offer_id"": ""OFR-0022"", ""redemption_id"": ""RED-000176"", ""transaction_id"": ""TXN-0007828""}"
AUD-0001498,USR-MER-0005-01,CREATE_CAMPAIGN,CAMPAIGN,CPN-0027,2026-04-11T14:51:00,"{""merchant_id"": ""MER-0005"", ""objective"": ""INCREASE_REPEAT_PURCHASE"", ""offer_id"": ""OFR-0047""}"
AUD-0001499,SYS-AI-COPY,GENERATE_AI_CONTENT,CAMPAIGN,CPN-0027,2026-04-11T15:04:00,"{""model"": ""template-fallback-v1"", ""output_chars"": 161, ""prompt_version"": ""p1.0""}"
AUD-0001500,USR-MER-0010-01,LOGIN,MERCHANT_SESSION,MER-0010,2026-04-11T15:50:00,"{""method"": ""password+mfa"", ""outcome"": ""success""}"
AUD-0001501,USR-MER-0013-01,VIEW_ANALYTICS,MERCHANT_DASHBOARD,MER-0013,2026-04-11T19:34:00,"{""filters_applied"": 3, ""view"": ""customer_detail""}"
AUD-0001502,USR-MER-0003-01,LOGIN,MERCHANT_SESSION,MER-0003,2026-04-11T19:39:00,"{""method"": ""password+mfa"", ""outcome"": ""success""}"
AUD-0001503,USR-MER-0008-01,LOGIN,MERCHANT_SESSION,MER-0008,2026-04-11T20:08:00,"{""method"": ""password+mfa"", ""outcome"": ""success""}"
AUD-0001504,USR-MER-0006-01,LOGIN,MERCHANT_SESSION,MER-0006,2026-04-11T20:23:00,"{""method"": ""password+mfa"", ""outcome"": ""success""}"
AUD-0001505,USR-MER-0013-01,VIEW_ANALYTICS,MERCHANT_DASHBOARD,MER-0013,2026-04-11T20:58:00,"{""filters_applied"": 1, ""view"": ""customer_detail""}"
AUD-0001506,SYS-REDEEM,REDEMPTION_CONFIRMED,REDEMPTION,RED-000177,2026-04-12T00:12:19,"{""discount_applied"": 150.0, ""gross_bill_amount"": 2728.75, ""offer_id"": ""OFR-0022"", ""redemption_id"": ""RED-000177"", ""transaction_id"": ""TXN-0007864""}"
AUD-0001507,SYS-REDEEM,REDEMPTION_CONFIRMED,REDEMPTION,RED-000178,2026-04-12T08:36:59,"{""discount_applied"": 150.0, ""gross_bill_amount"": 1500.0, ""offer_id"": ""OFR-0022"", ""redemption_id"": ""RED-000178"", ""transaction_id"": ""TXN-0007872""}"
AUD-0001508,USR-MER-0011-01,CREATE_CAMPAIGN,CAMPAIGN,CPN-0052,2026-04-12T08:41:00,"{""merchant_id"": ""MER-0011"", ""objective"": ""SEASONAL_PROMOTION"", ""offer_id"": ""OFR-0072""}"
AUD-0001509,SYS-AI-COPY,GENERATE_AI_CONTENT,CAMPAIGN,CPN-0052,2026-04-12T08:44:00,"{""model"": ""mock-copywriter-v1"", ""output_chars"": 223, ""prompt_version"": ""p1.2""}"
AUD-0001510,SYS-REDEEM,REDEMPTION_REJECTED,REDEMPTION,RED-000179,2026-04-12T09:49:59,"{""discount_applied"": 150.0, ""gross_bill_amount"": 1500.0, ""offer_id"": ""OFR-0022"", ""reason"": ""DUPLICATE_REDEMPTION"", ""redemption_id"": ""RED-000179"", ""transaction_id"": ""TXN-0007872""}"
AUD-0001511,SYS-REDEEM,REDEMPTION_CONFIRMED,REDEMPTION,RED-000180,2026-04-12T10:01:36,"{""discount_applied"": 150.0, ""gross_bill_amount"": 1500.0, ""offer_id"": ""OFR-0022"", ""redemption_id"": ""RED-000180"", ""transaction_id"": ""TXN-0007882""}"
AUD-0001512,USR-MER-0009-01,LOGIN,MERCHANT_SESSION,MER-0009,2026-04-12T11:26:00,"{""method"": ""password+mfa"", ""outcome"": ""success""}"
AUD-0001513,USR-MER-0015-01,VIEW_ANALYTICS,MERCHANT_DASHBOARD,MER-0015,2026-04-12T11:27:00,"{""filters_applied"": 3, ""view"": ""campaign_performance""}"
AUD-0001514,USR-MER-0007-01,VIEW_ANALYTICS,MERCHANT_DASHBOARD,MER-0007,2026-04-12T12:18:00,"{""filters_applied"": 0, ""view"": ""redemption_log""}"
AUD-0001515,USR-MER-0011-01,VIEW_ANALYTICS,MERCHANT_DASHBOARD,MER-0011,2026-04-12T13:05:00,"{""filters_applied"": 2, ""view"": ""customer_detail""}"
AUD-0001516,USR-MER-0009-01,CREATE_OFFER,OFFER,OFR-0009,2026-04-12T13:19:00,"{""budget"": 27153.93, ""discount_type"": ""PERCENTAGE"", ""discount_value"": 25.0, ""merchant_id"": ""MER-0009"", ""minimum_spend"": 699.0}"
AUD-0001517,USR-MER-0003-01,VIEW_ANALYTICS,MERCHANT_DASHBOARD,MER-0003,2026-04-12T14:39:00,"{""filters_applied"": 3, ""view"": ""campaign_performance""}"
AUD-0001518,USR-MER-0002-01,LAUNCH_CAMPAIGN,CAMPAIGN,CPN-0016,2026-04-12T15:09:00,"{""campaign_id"": ""CPN-0016""}"
AUD-0001519,USR-MER-0002-01,LOGIN,MERCHANT_SESSION,MER-0002,2026-04-12T15:28:00,"{""method"": ""password+mfa"", ""outcome"": ""success""}"
AUD-0001520,USR-MER-0013-01,VIEW_ANALYTICS,MERCHANT_DASHBOARD,MER-0013,2026-04-12T15:42:00,"{""filters_applied"": 4, ""view"": ""customer_detail""}"
AUD-0001521,USR-MER-0010-01,VIEW_ANALYTICS,MERCHANT_DASHBOARD,MER-0010,2026-04-12T17:37:00,"{""filters_applied"": 1, ""view"": ""redemption_log""}"
AUD-0001522,USR-MER-0012-01,VIEW_ANALYTICS,MERCHANT_DASHBOARD,MER-0012,2026-04-12T21:33:00,"{""filters_applied"": 1, ""view"": ""campaign_performance""}"
AUD-0001523,USR-MER-0009-01,LOGIN,MERCHANT_SESSION,MER-0009,2026-04-12T21:58:00,"{""method"": ""password+mfa"", ""outcome"": ""success""}"
AUD-0001524,USR-MER-0005-01,APPROVE_CAMPAIGN,CAMPAIGN,CPN-0027,2026-04-12T23:38:00,"{""campaign_id"": ""CPN-0027""}"
AUD-0001525,USR-MER-0004-01,LOGIN,MERCHANT_SESSION,MER-0004,2026-04-13T09:36:00,"{""method"": ""password+mfa"", ""outcome"": ""success""}"
AUD-0001526,SYS-AI-COPY,GENERATE_AI_CONTENT,CAMPAIGN,CPN-0074,2026-04-13T10:10:00,"{""model"": ""template-fallback-v1"", ""output_chars"": 170, ""prompt_version"": ""p2.0""}"
AUD-0001527,USR-MER-0012-01,VIEW_ANALYTICS,MERCHANT_DASHBOARD,MER-0012,2026-04-13T10:34:00,"{""filters_applied"": 4, ""view"": ""segmentation""}"
AUD-0001528,USR-MER-0008-01,LAUNCH_CAMPAIGN,CAMPAIGN,CPN-0041,2026-04-13T10:42:00,"{""campaign_id"": ""CPN-0041""}"
AUD-0001529,USR-MER-0017-01,CREATE_CAMPAIGN,CAMPAIGN,CPN-0074,2026-04-13T11:02:00,"{""merchant_id"": ""MER-0017"", ""objective"": ""REWARD_FREQUENT_CUSTOMERS"", ""offer_id"": ""OFR-0094""}"
AUD-0001530,USR-MER-0011-01,VIEW_ANALYTICS,MERCHANT_DASHBOARD,MER-0011,2026-04-13T13:34:00,"{""filters_applied"": 2, ""view"": ""redemption_log""}"
AUD-0001531,USR-MER-0008-01,LOGIN,MERCHANT_SESSION,MER-0008,2026-04-13T13:39:00,"{""method"": ""password+mfa"", ""outcome"": ""success""}"
AUD-0001532,USR-MER-0010-01,VIEW_ANALYTICS,MERCHANT_DASHBOARD,MER-0010,2026-04-13T14:24:00,"{""filters_applied"": 1, ""view"": ""customer_detail""}"
AUD-0001533,USR-MER-0017-01,LOGIN,MERCHANT_SESSION,MER-0017,2026-04-13T14:56:00,"{""method"": ""password+mfa"", ""outcome"": ""success""}"
AUD-0001534,USR-MER-0017-01,LOGIN,MERCHANT_SESSION,MER-0017,2026-04-13T15:38:00,"{""method"": ""password+mfa"", ""outcome"": ""success""}"
AUD-0001535,USR-MER-0003-01,VIEW_ANALYTICS,MERCHANT_DASHBOARD,MER-0003,2026-04-13T15:39:00,"{""filters_applied"": 2, ""view"": ""segmentation""}"
AUD-0001536,USR-MER-0010-01,LOGIN,MERCHANT_SESSION,MER-0010,2026-04-13T17:40:00,"{""method"": ""password+mfa"", ""outcome"": ""success""}"
AUD-0001537,USR-MER-0005-01,LOGIN,MERCHANT_SESSION,MER-0005,2026-04-13T19:33:00,"{""method"": ""password+mfa"", ""outcome"": ""success""}"
AUD-0001538,USR-MER-0011-01,APPROVE_CAMPAIGN,CAMPAIGN,CPN-0052,2026-04-13T22:38:00,"{""campaign_id"": ""CPN-0052""}"
AUD-0001539,SYS-REDEEM,REDEMPTION_CONFIRMED,REDEMPTION,RED-000181,2026-04-13T23:45:15,"{""discount_applied"": 560.0, ""gross_bill_amount"": 3361.79, ""offer_id"": ""OFR-0036"", ""redemption_id"": ""RED-000181"", ""transaction_id"": ""TXN-0008033""}"
AUD-0001540,SYS-REDEEM,REDEMPTION_CONFIRMED,REDEMPTION,RED-000182,2026-04-14T00:51:05,"{""discount_applied"": 500.0, ""gross_bill_amount"": 2500.0, ""offer_id"": ""OFR-0036"", ""redemption_id"": ""RED-000182"", ""transaction_id"": ""TXN-0008034""}"
AUD-0001541,SYS-REDEEM,REDEMPTION_CONFIRMED,REDEMPTION,RED-000183,2026-04-14T04:11:09,"{""discount_applied"": 150.0, ""gross_bill_amount"": 2668.2, ""offer_id"": ""OFR-0022"", ""redemption_id"": ""RED-000183"", ""transaction_id"": ""TXN-0008035""}"
AUD-0001542,SYS-REDEEM,REDEMPTION_CONFIRMED,REDEMPTION,RED-000184,2026-04-14T04:41:15,"{""discount_applied"": 2300.0, ""gross_bill_amount"": 41711.4, ""offer_id"": ""OFR-0061"", ""redemption_id"": ""RED-000184"", ""transaction_id"": ""TXN-0008036""}"
AUD-0001543,SYS-REDEEM,REDEMPTION_CONFIRMED,REDEMPTION,RED-000185,2026-04-14T06:01:12,"{""discount_applied"": 560.0, ""gross_bill_amount"": 4538.8, ""offer_id"": ""OFR-0036"", ""redemption_id"": ""RED-000185"", ""transaction_id"": ""TXN-0008037""}"
AUD-0001544,SYS-REDEEM,REDEMPTION_CONFIRMED,REDEMPTION,RED-000186,2026-04-14T07:22:55,"{""discount_applied"": 500.0, ""gross_bill_amount"": 2500.0, ""offer_id"": ""OFR-0036"", ""redemption_id"": ""RED-000186"", ""transaction_id"": ""TXN-0008038""}"
AUD-0001545,SYS-REDEEM,REDEMPTION_CONFIRMED,REDEMPTION,RED-000187,2026-04-14T07:54:46,"{""discount_applied"": 150.0, ""gross_bill_amount"": 1500.0, ""offer_id"": ""OFR-0022"", ""redemption_id"": ""RED-000187"", ""transaction_id"": ""TXN-0008040""}"
AUD-0001546,USR-MER-0001-01,LOGIN,MERCHANT_SESSION,MER-0001,2026-04-14T08:29:00,"{""method"": ""password+mfa"", ""outcome"": ""success""}"
AUD-0001547,USR-MER-0010-01,VIEW_ANALYTICS,MERCHANT_DASHBOARD,MER-0010,2026-04-14T10:48:00,"{""filters_applied"": 4, ""view"": ""redemption_log""}"
AUD-0001548,USR-MER-0002-01,VIEW_ANALYTICS,MERCHANT_DASHBOARD,MER-0002,2026-04-14T11:06:00,"{""filters_applied"": 4, ""view"": ""segmentation""}"
AUD-0001549,SYS-REDEEM,REDEMPTION_CONFIRMED,REDEMPTION,RED-000188,2026-04-14T11:13:57,"{""discount_applied"": 150.0, ""gross_bill_amount"": 1500.0, ""offer_id"": ""OFR-0022"", ""redemption_id"": ""RED-000188"", ""transaction_id"": ""TXN-0008058""}"
AUD-0001550,SYS-REDEEM,REDEMPTION_CONFIRMED,REDEMPTION,RED-000189,2026-04-14T11:24:45,"{""discount_applied"": 560.0, ""gross_bill_amount"": 4446.76, ""offer_id"": ""OFR-0036"", ""redemption_id"": ""RED-000189"", ""transaction_id"": ""TXN-0008060""}"
AUD-0001551,USR-MER-0009-01,VIEW_ANALYTICS,MERCHANT_DASHBOARD,MER-0009,2026-04-14T11:33:00,"{""filters_applied"": 3, ""view"": ""segmentation""}"
AUD-0001552,SYS-REDEEM,REDEMPTION_CONFIRMED,REDEMPTION,RED-000190,2026-04-14T11:39:58,"{""discount_applied"": 500.0, ""gross_bill_amount"": 2500.0, ""offer_id"": ""OFR-0036"", ""redemption_id"": ""RED-000190"", ""transaction_id"": ""TXN-0008062""}"
AUD-0001553,SYS-REDEEM,REDEMPTION_REJECTED,REDEMPTION,RED-000191,2026-04-14T11:54:57,"{""discount_applied"": 150.0, ""gross_bill_amount"": 1500.0, ""offer_id"": ""OFR-0022"", ""reason"": ""DUPLICATE_REDEMPTION"", ""redemption_id"": ""RED-000191"", ""transaction_id"": ""TXN-0008058""}"
AUD-0001554,USR-MER-0011-01,LOGIN,MERCHANT_SESSION,MER-0011,2026-04-14T13:26:00,"{""method"": ""password+mfa"", ""outcome"": ""success""}"
AUD-0001555,SYS-REDEEM,REDEMPTION_CONFIRMED,REDEMPTION,RED-000192,2026-04-14T14:59:36,"{""discount_applied"": 560.0, ""gross_bill_amount"": 2917.15, ""offer_id"": ""OFR-0036"", ""redemption_id"": ""RED-000192"", ""transaction_id"": ""TXN-0008076""}"
AUD-0001556,USR-MER-0017-01,APPROVE_CAMPAIGN,CAMPAIGN,CPN-0074,2026-04-14T15:42:00,"{""campaign_id"": ""CPN-0074""}"
AUD-0001557,USR-MER-0013-01,LOGIN,MERCHANT_SESSION,MER-0013,2026-04-14T15:46:00,"{""method"": ""password+mfa"", ""outcome"": ""success""}"
AUD-0001558,SYS-REDEEM,REDEMPTION_CONFIRMED,REDEMPTION,RED-000193,2026-04-14T15:48:30,"{""discount_applied"": 500.0, ""gross_bill_amount"": 2500.0, ""offer_id"": ""OFR-0036"", ""redemption_id"": ""RED-000193"", ""transaction_id"": ""TXN-0008077""}"
AUD-0001559,USR-MER-0009-01,LOGIN,MERCHANT_SESSION,MER-0009,2026-04-14T17:18:00,"{""method"": ""password+mfa"", ""outcome"": ""success""}"
AUD-0001560,USR-MER-0001-01,LOGIN,MERCHANT_SESSION,MER-0001,2026-04-14T17:37:00,"{""method"": ""password+mfa"", ""outcome"": ""success""}"
AUD-0001561,USR-MER-0006-01,LOGIN,MERCHANT_SESSION,MER-0006,2026-04-14T19:38:00,"{""method"": ""password+mfa"", ""outcome"": ""success""}"
AUD-0001562,USR-MER-0001-01,LOGIN,MERCHANT_SESSION,MER-0001,2026-04-14T20:10:00,"{""method"": ""password+mfa"", ""outcome"": ""success""}"
AUD-0001563,USR-MER-0013-01,LOGIN,MERCHANT_SESSION,MER-0013,2026-04-14T20:51:00,"{""method"": ""password+mfa"", ""outcome"": ""success""}"
AUD-0001564,USR-MER-0003-01,VIEW_ANALYTICS,MERCHANT_DASHBOARD,MER-0003,2026-04-14T21:49:00,"{""filters_applied"": 2, ""view"": ""customer_detail""}"
AUD-0001565,SYS-REDEEM,REDEMPTION_CONFIRMED,REDEMPTION,RED-000194,2026-04-15T03:26:46,"{""discount_applied"": 1194.82, ""gross_bill_amount"": 1194.82, ""offer_id"": ""OFR-0061"", ""redemption_id"": ""RED-000194"", ""transaction_id"": ""TXN-0008116""}"
AUD-0001566,USR-MER-0016-01,LOGIN,MERCHANT_SESSION,MER-0016,2026-04-15T08:12:00,"{""method"": ""password+mfa"", ""outcome"": ""success""}"
AUD-0001567,USR-MER-0014-01,LOGIN,MERCHANT_SESSION,MER-0014,2026-04-15T08:29:00,"{""method"": ""password+mfa"", ""outcome"": ""success""}"
AUD-0001568,USR-MER-0017-01,VIEW_ANALYTICS,MERCHANT_DASHBOARD,MER-0017,2026-04-15T08:41:00,"{""filters_applied"": 1, ""view"": ""campaign_performance""}"
AUD-0001569,USR-MER-0010-01,VIEW_ANALYTICS,MERCHANT_DASHBOARD,MER-0010,2026-04-15T08:58:00,"{""filters_applied"": 4, ""view"": ""segmentation""}"
AUD-0001570,USR-MER-0001-01,VIEW_ANALYTICS,MERCHANT_DASHBOARD,MER-0001,2026-04-15T10:04:00,"{""filters_applied"": 0, ""view"": ""campaign_performance""}"
AUD-0001571,USR-MER-0003-01,LOGIN,MERCHANT_SESSION,MER-0003,2026-04-15T11:51:00,"{""method"": ""password+mfa"", ""outcome"": ""success""}"
AUD-0001572,USR-MER-0011-01,LOGIN,MERCHANT_SESSION,MER-0011,2026-04-15T12:44:00,"{""method"": ""password+mfa"", ""outcome"": ""success""}"
AUD-0001573,USR-MER-0018-01,LOGIN,MERCHANT_SESSION,MER-0018,2026-04-15T13:20:00,"{""method"": ""password+mfa"", ""outcome"": ""success""}"
AUD-0001574,USR-MER-0006-01,LOGIN,MERCHANT_SESSION,MER-0006,2026-04-15T14:59:00,"{""method"": ""password+mfa"", ""outcome"": ""success""}"
AUD-0001575,USR-MER-0009-01,LOGIN,MERCHANT_SESSION,MER-0009,2026-04-15T15:42:00,"{""method"": ""password+mfa"", ""outcome"": ""success""}"
AUD-0001576,USR-MER-0003-01,VIEW_ANALYTICS,MERCHANT_DASHBOARD,MER-0003,2026-04-15T16:08:00,"{""filters_applied"": 0, ""view"": ""segmentation""}"
AUD-0001577,USR-MER-0001-01,VIEW_ANALYTICS,MERCHANT_DASHBOARD,MER-0001,2026-04-15T16:09:00,"{""filters_applied"": 3, ""view"": ""campaign_performance""}"
AUD-0001578,USR-MER-0001-01,LOGIN,MERCHANT_SESSION,MER-0001,2026-04-15T16:31:00,"{""method"": ""password+mfa"", ""outcome"": ""success""}"
AUD-0001579,USR-MER-0002-01,LOGIN,MERCHANT_SESSION,MER-0002,2026-04-15T16:56:00,"{""method"": ""password+mfa"", ""outcome"": ""success""}"
AUD-0001580,SYS-REDEEM,REDEMPTION_CONFIRMED,REDEMPTION,RED-000195,2026-04-15T17:17:20,"{""discount_applied"": 150.0, ""gross_bill_amount"": 1500.0, ""offer_id"": ""OFR-0022"", ""redemption_id"": ""RED-000195"", ""transaction_id"": ""TXN-0008169""}"
AUD-0001581,SYS-REDEEM,REDEMPTION_CONFIRMED,REDEMPTION,RED-000196,2026-04-15T18:18:52,"{""discount_applied"": 2300.0, ""gross_bill_amount"": 34705.78, ""offer_id"": ""OFR-0061"", ""redemption_id"": ""RED-000196"", ""transaction_id"": ""TXN-0008178""}"
AUD-0001582,USR-MER-0018-01,LOGIN,MERCHANT_SESSION,MER-0018,2026-04-15T18:25:00,"{""method"": ""password+mfa"", ""outcome"": ""success""}"
AUD-0001583,SYS-REDEEM,REDEMPTION_REJECTED,REDEMPTION,RED-000197,2026-04-15T18:25:20,"{""discount_applied"": 150.0, ""gross_bill_amount"": 1500.0, ""offer_id"": ""OFR-0022"", ""reason"": ""DUPLICATE_REDEMPTION"", ""redemption_id"": ""RED-000197"", ""transaction_id"": ""TXN-0008169""}"
AUD-0001584,USR-MER-0013-01,LOGIN,MERCHANT_SESSION,MER-0013,2026-04-15T18:30:00,"{""method"": ""password+mfa"", ""outcome"": ""success""}"
AUD-0001585,USR-MER-0004-01,VIEW_ANALYTICS,MERCHANT_DASHBOARD,MER-0004,2026-04-15T20:24:00,"{""filters_applied"": 1, ""view"": ""redemption_log""}"
AUD-0001586,USR-MER-0002-01,LOGIN,MERCHANT_SESSION,MER-0002,2026-04-15T20:28:00,"{""method"": ""password+mfa"", ""outcome"": ""success""}"
AUD-0001587,SYS-REDEEM,REDEMPTION_CONFIRMED,REDEMPTION,RED-000198,2026-04-15T20:55:12,"{""discount_applied"": 560.0, ""gross_bill_amount"": 3242.58, ""offer_id"": ""OFR-0036"", ""redemption_id"": ""RED-000198"", ""transaction_id"": ""TXN-0008191""}"
AUD-0001588,SYS-REDEEM,REDEMPTION_CONFIRMED,REDEMPTION,RED-000199,2026-04-15T22:47:56,"{""discount_applied"": 150.0, ""gross_bill_amount"": 1500.0, ""offer_id"": ""OFR-0022"", ""redemption_id"": ""RED-000199"", ""transaction_id"": ""TXN-0008194""}"
AUD-0001589,SYS-REDEEM,REDEMPTION_CONFIRMED,REDEMPTION,RED-000200,2026-04-16T01:26:57,"{""discount_applied"": 500.0, ""gross_bill_amount"": 2500.0, ""offer_id"": ""OFR-0036"", ""redemption_id"": ""RED-000200"", ""transaction_id"": ""TXN-0008195""}"
AUD-0001590,SYS-REDEEM,REDEMPTION_CONFIRMED,REDEMPTION,RED-000201,2026-04-16T04:45:38,"{""discount_applied"": 1200.0, ""gross_bill_amount"": 2573.73, ""offer_id"": ""OFR-0083"", ""redemption_id"": ""RED-000201"", ""transaction_id"": ""TXN-0008196""}"
AUD-0001591,USR-MER-0018-01,LOGIN,MERCHANT_SESSION,MER-0018,2026-04-16T08:54:00,"{""method"": ""password+mfa"", ""outcome"": ""success""}"
AUD-0001592,USR-MER-0013-01,VIEW_ANALYTICS,MERCHANT_DASHBOARD,MER-0013,2026-04-16T09:10:00,"{""filters_applied"": 0, ""view"": ""redemption_log""}"
AUD-0001593,USR-MER-0015-01,VIEW_ANALYTICS,MERCHANT_DASHBOARD,MER-0015,2026-04-16T09:18:00,"{""filters_applied"": 1, ""view"": ""segmentation""}"
AUD-0001594,USR-MER-0006-01,LOGIN,MERCHANT_SESSION,MER-0006,2026-04-16T11:14:00,"{""method"": ""password+mfa"", ""outcome"": ""success""}"
AUD-0001595,SYS-REDEEM,REDEMPTION_CONFIRMED,REDEMPTION,RED-000202,2026-04-16T11:31:15,"{""discount_applied"": 1202.63, ""gross_bill_amount"": 1202.63, ""offer_id"": ""OFR-0061"", ""redemption_id"": ""RED-000202"", ""transaction_id"": ""TXN-0008214""}"
AUD-0001596,USR-MER-0001-01,VIEW_ANALYTICS,MERCHANT_DASHBOARD,MER-0001,2026-04-16T11:42:00,"{""filters_applied"": 3, ""view"": ""campaign_performance""}"
AUD-0001597,SYS-REDEEM,REDEMPTION_REJECTED,REDEMPTION,RED-000203,2026-04-16T11:45:15,"{""discount_applied"": 1202.63, ""gross_bill_amount"": 1202.63, ""offer_id"": ""OFR-0061"", ""reason"": ""DUPLICATE_REDEMPTION"", ""redemption_id"": ""RED-000203"", ""transaction_id"": ""TXN-0008214""}"
AUD-0001598,USR-MER-0014-01,LOGIN,MERCHANT_SESSION,MER-0014,2026-04-16T12:05:00,"{""method"": ""password+mfa"", ""outcome"": ""success""}"
AUD-0001599,USR-MER-0008-01,LOGIN,MERCHANT_SESSION,MER-0008,2026-04-16T12:40:00,"{""method"": ""password+mfa"", ""outcome"": ""success""}"
AUD-0001600,USR-MER-0013-01,VIEW_ANALYTICS,MERCHANT_DASHBOARD,MER-0013,2026-04-16T12:42:00,"{""filters_applied"": 1, ""view"": ""redemption_log""}"
AUD-0001601,USR-MER-0013-01,VIEW_ANALYTICS,MERCHANT_DASHBOARD,MER-0013,2026-04-16T12:52:00,"{""filters_applied"": 4, ""view"": ""segmentation""}"
AUD-0001602,USR-MER-0018-01,VIEW_ANALYTICS,MERCHANT_DASHBOARD,MER-0018,2026-04-16T13:49:00,"{""filters_applied"": 3, ""view"": ""redemption_log""}"
AUD-0001603,SYS-REDEEM,REDEMPTION_CONFIRMED,REDEMPTION,RED-000204,2026-04-16T15:39:54,"{""discount_applied"": 544.4, ""gross_bill_amount"": 2722.0, ""offer_id"": ""OFR-0036"", ""redemption_id"": ""RED-000204"", ""transaction_id"": ""TXN-0008235""}"
AUD-0001604,USR-MER-0009-01,LOGIN,MERCHANT_SESSION,MER-0009,2026-04-16T17:02:00,"{""method"": ""password+mfa"", ""outcome"": ""success""}"
AUD-0001605,USR-MER-0010-01,VIEW_ANALYTICS,MERCHANT_DASHBOARD,MER-0010,2026-04-16T17:59:00,"{""filters_applied"": 1, ""view"": ""segmentation""}"
AUD-0001606,USR-MER-0007-01,VIEW_ANALYTICS,MERCHANT_DASHBOARD,MER-0007,2026-04-16T18:49:00,"{""filters_applied"": 3, ""view"": ""redemption_log""}"
AUD-0001607,USR-MER-0014-01,VIEW_ANALYTICS,MERCHANT_DASHBOARD,MER-0014,2026-04-16T19:51:00,"{""filters_applied"": 2, ""view"": ""segmentation""}"
AUD-0001608,USR-MER-0015-01,LOGIN,MERCHANT_SESSION,MER-0015,2026-04-16T21:07:00,"{""method"": ""password+mfa"", ""outcome"": ""success""}"
AUD-0001609,USR-MER-0009-01,LOGIN,MERCHANT_SESSION,MER-0009,2026-04-16T21:52:00,"{""method"": ""password+mfa"", ""outcome"": ""success""}"
AUD-0001610,SYS-REDEEM,REDEMPTION_CONFIRMED,REDEMPTION,RED-000205,2026-04-16T23:48:28,"{""discount_applied"": 1662.25, ""gross_bill_amount"": 1662.25, ""offer_id"": ""OFR-0061"", ""redemption_id"": ""RED-000205"", ""transaction_id"": ""TXN-0008271""}"
AUD-0001611,SYS-REDEEM,REDEMPTION_CONFIRMED,REDEMPTION,RED-000206,2026-04-17T02:56:55,"{""discount_applied"": 1747.48, ""gross_bill_amount"": 1747.48, ""offer_id"": ""OFR-0061"", ""redemption_id"": ""RED-000206"", ""transaction_id"": ""TXN-0008272""}"
AUD-0001612,SYS-REDEEM,REDEMPTION_CONFIRMED,REDEMPTION,RED-000207,2026-04-17T03:06:19,"{""discount_applied"": 500.0, ""gross_bill_amount"": 2500.0, ""offer_id"": ""OFR-0036"", ""redemption_id"": ""RED-000207"", ""transaction_id"": ""TXN-0008273""}"
AUD-0001613,SYS-REDEEM,REDEMPTION_REJECTED,REDEMPTION,RED-000208,2026-04-17T03:06:55,"{""discount_applied"": 1747.48, ""gross_bill_amount"": 1747.48, ""offer_id"": ""OFR-0061"", ""reason"": ""DUPLICATE_REDEMPTION"", ""redemption_id"": ""RED-000208"", ""transaction_id"": ""TXN-0008272""}"
AUD-0001614,SYS-REDEEM,REDEMPTION_REJECTED,REDEMPTION,RED-000209,2026-04-17T03:09:19,"{""discount_applied"": 500.0, ""gross_bill_amount"": 2500.0, ""offer_id"": ""OFR-0036"", ""reason"": ""DUPLICATE_REDEMPTION"", ""redemption_id"": ""RED-000209"", ""transaction_id"": ""TXN-0008273""}"
AUD-0001615,SYS-REDEEM,REDEMPTION_CONFIRMED,REDEMPTION,RED-000210,2026-04-17T03:24:30,"{""discount_applied"": 2300.0, ""gross_bill_amount"": 28834.0, ""offer_id"": ""OFR-0061"", ""redemption_id"": ""RED-000210"", ""transaction_id"": ""TXN-0008274""}"
AUD-0001616,SYS-REDEEM,REDEMPTION_CONFIRMED,REDEMPTION,RED-000211,2026-04-17T07:56:42,"{""discount_applied"": 560.0, ""gross_bill_amount"": 4216.36, ""offer_id"": ""OFR-0036"", ""redemption_id"": ""RED-000211"", ""transaction_id"": ""TXN-0008279""}"
AUD-0001617,USR-MER-0015-01,VIEW_ANALYTICS,MERCHANT_DASHBOARD,MER-0015,2026-04-17T08:35:00,"{""filters_applied"": 1, ""view"": ""segmentation""}"
AUD-0001618,USR-MER-0012-01,LOGIN,MERCHANT_SESSION,MER-0012,2026-04-17T09:14:00,"{""method"": ""password+mfa"", ""outcome"": ""success""}"
AUD-0001619,USR-MER-0012-01,LOGIN,MERCHANT_SESSION,MER-0012,2026-04-17T09:18:00,"{""method"": ""password+mfa"", ""outcome"": ""success""}"
AUD-0001620,USR-MER-0005-01,LOGIN,MERCHANT_SESSION,MER-0005,2026-04-17T11:41:00,"{""method"": ""password+mfa"", ""outcome"": ""success""}"
AUD-0001621,USR-MER-0014-01,LOGIN,MERCHANT_SESSION,MER-0014,2026-04-17T12:45:00,"{""method"": ""password+mfa"", ""outcome"": ""success""}"
AUD-0001622,USR-MER-0015-01,LOGIN,MERCHANT_SESSION,MER-0015,2026-04-17T13:35:00,"{""method"": ""password+mfa"", ""outcome"": ""success""}"
AUD-0001623,SYS-REDEEM,REDEMPTION_CONFIRMED,REDEMPTION,RED-000212,2026-04-17T15:21:22,"{""discount_applied"": 500.0, ""gross_bill_amount"": 2500.0, ""offer_id"": ""OFR-0036"", ""redemption_id"": ""RED-000212"", ""transaction_id"": ""TXN-0008308""}"
AUD-0001624,USR-MER-0018-01,VIEW_ANALYTICS,MERCHANT_DASHBOARD,MER-0018,2026-04-17T17:09:00,"{""filters_applied"": 2, ""view"": ""customer_detail""}"
AUD-0001625,USR-MER-0010-01,LOGIN,MERCHANT_SESSION,MER-0010,2026-04-17T18:36:00,"{""method"": ""password+mfa"", ""outcome"": ""success""}"
AUD-0001626,USR-MER-0010-01,LOGIN,MERCHANT_SESSION,MER-0010,2026-04-17T18:39:00,"{""method"": ""password+mfa"", ""outcome"": ""success""}"
AUD-0001627,USR-MER-0006-01,LOGIN,MERCHANT_SESSION,MER-0006,2026-04-17T19:03:00,"{""method"": ""password+mfa"", ""outcome"": ""success""}"
AUD-0001628,USR-MER-0009-01,LOGIN,MERCHANT_SESSION,MER-0009,2026-04-17T19:14:00,"{""method"": ""password+mfa"", ""outcome"": ""success""}"
AUD-0001629,USR-MER-0017-01,LOGIN,MERCHANT_SESSION,MER-0017,2026-04-17T20:20:00,"{""method"": ""password+mfa"", ""outcome"": ""success""}"
AUD-0001630,USR-MER-0009-01,LOGIN,MERCHANT_SESSION,MER-0009,2026-04-17T20:41:00,"{""method"": ""password+mfa"", ""outcome"": ""success""}"
AUD-0001631,SYS-REDEEM,REDEMPTION_CONFIRMED,REDEMPTION,RED-000213,2026-04-18T04:36:43,"{""discount_applied"": 150.0, ""gross_bill_amount"": 1500.0, ""offer_id"": ""OFR-0022"", ""redemption_id"": ""RED-000213"", ""transaction_id"": ""TXN-0008344""}"
AUD-0001632,SYS-REDEEM,REDEMPTION_CONFIRMED,REDEMPTION,RED-000214,2026-04-18T05:35:11,"{""discount_applied"": 2300.0, ""gross_bill_amount"": 34886.42, ""offer_id"": ""OFR-0061"", ""redemption_id"": ""RED-000214"", ""transaction_id"": ""TXN-0008345""}"
AUD-0001633,USR-MER-0014-01,LOGIN,MERCHANT_SESSION,MER-0014,2026-04-18T09:22:00,"{""method"": ""password+mfa"", ""outcome"": ""success""}"
AUD-0001634,USR-MER-0003-01,LOGIN,MERCHANT_SESSION,MER-0003,2026-04-18T13:23:00,"{""method"": ""password+mfa"", ""outcome"": ""success""}"
AUD-0001635,SYS-REDEEM,REDEMPTION_CONFIRMED,REDEMPTION,RED-000215,2026-04-18T14:41:06,"{""discount_applied"": 560.0, ""gross_bill_amount"": 3039.86, ""offer_id"": ""OFR-0036"", ""redemption_id"": ""RED-000215"", ""transaction_id"": ""TXN-0008367""}"
AUD-0001636,USR-MER-0014-01,LOGIN,MERCHANT_SESSION,MER-0014,2026-04-18T14:42:00,"{""method"": ""password+mfa"", ""outcome"": ""success""}"
AUD-0001637,USR-MER-0008-01,VIEW_ANALYTICS,MERCHANT_DASHBOARD,MER-0008,2026-04-18T16:20:00,"{""filters_applied"": 0, ""view"": ""campaign_performance""}"
AUD-0001638,USR-MER-0018-01,VIEW_ANALYTICS,MERCHANT_DASHBOARD,MER-0018,2026-04-18T16:29:00,"{""filters_applied"": 4, ""view"": ""campaign_performance""}"
AUD-0001639,SYS-REDEEM,REDEMPTION_CONFIRMED,REDEMPTION,RED-000216,2026-04-19T00:22:25,"{""discount_applied"": 500.0, ""gross_bill_amount"": 2500.0, ""offer_id"": ""OFR-0036"", ""redemption_id"": ""RED-000216"", ""transaction_id"": ""TXN-0008399""}"
AUD-0001640,USR-MER-0002-01,VIEW_ANALYTICS,MERCHANT_DASHBOARD,MER-0002,2026-04-19T08:35:00,"{""filters_applied"": 4, ""view"": ""segmentation""}"
AUD-0001641,USR-MER-0007-01,LOGIN,MERCHANT_SESSION,MER-0007,2026-04-19T08:58:00,"{""method"": ""password+mfa"", ""outcome"": ""success""}"
AUD-0001642,USR-MER-0003-01,VIEW_ANALYTICS,MERCHANT_DASHBOARD,MER-0003,2026-04-19T09:02:00,"{""filters_applied"": 2, ""view"": ""redemption_log""}"
AUD-0001643,SYS-REDEEM,REDEMPTION_CONFIRMED,REDEMPTION,RED-000217,2026-04-19T10:00:27,"{""discount_applied"": 1695.95, ""gross_bill_amount"": 1695.95, ""offer_id"": ""OFR-0061"", ""redemption_id"": ""RED-000217"", ""transaction_id"": ""TXN-0008408""}"
AUD-0001644,SYS-REDEEM,REDEMPTION_REJECTED,REDEMPTION,RED-000218,2026-04-19T11:13:27,"{""discount_applied"": 1695.95, ""gross_bill_amount"": 1695.95, ""offer_id"": ""OFR-0061"", ""reason"": ""DUPLICATE_REDEMPTION"", ""redemption_id"": ""RED-000218"", ""transaction_id"": ""TXN-0008408""}"
AUD-0001645,USR-MER-0002-01,VIEW_ANALYTICS,MERCHANT_DASHBOARD,MER-0002,2026-04-19T11:38:00,"{""filters_applied"": 0, ""view"": ""redemption_log""}"
AUD-0001646,USR-MER-0004-01,LOGIN,MERCHANT_SESSION,MER-0004,2026-04-19T12:47:00,"{""method"": ""password+mfa"", ""outcome"": ""success""}"
AUD-0001647,USR-MER-0008-01,VIEW_ANALYTICS,MERCHANT_DASHBOARD,MER-0008,2026-04-19T13:38:00,"{""filters_applied"": 2, ""view"": ""segmentation""}"
AUD-0001648,USR-MER-0010-01,VIEW_ANALYTICS,MERCHANT_DASHBOARD,MER-0010,2026-04-19T14:40:00,"{""filters_applied"": 1, ""view"": ""customer_detail""}"
AUD-0001649,USR-MER-0017-01,LOGIN,MERCHANT_SESSION,MER-0017,2026-04-19T14:46:00,"{""method"": ""password+mfa"", ""outcome"": ""success""}"
AUD-0001650,USR-MER-0004-01,LOGIN,MERCHANT_SESSION,MER-0004,2026-04-19T14:51:00,"{""method"": ""password+mfa"", ""outcome"": ""success""}"
AUD-0001651,USR-MER-0006-01,LOGIN,MERCHANT_SESSION,MER-0006,2026-04-19T15:12:00,"{""method"": ""password+mfa"", ""outcome"": ""success""}"
AUD-0001652,USR-MER-0014-01,VIEW_ANALYTICS,MERCHANT_DASHBOARD,MER-0014,2026-04-19T15:28:00,"{""filters_applied"": 3, ""view"": ""customer_detail""}"
AUD-0001653,USR-MER-0002-01,LOGIN,MERCHANT_SESSION,MER-0002,2026-04-19T15:55:00,"{""method"": ""password+mfa"", ""outcome"": ""success""}"
AUD-0001654,USR-MER-0007-01,VIEW_ANALYTICS,MERCHANT_DASHBOARD,MER-0007,2026-04-19T16:41:00,"{""filters_applied"": 2, ""view"": ""segmentation""}"
AUD-0001655,USR-MER-0011-01,LOGIN,MERCHANT_SESSION,MER-0011,2026-04-19T17:33:00,"{""method"": ""password+mfa"", ""outcome"": ""success""}"
AUD-0001656,USR-MER-0003-01,VIEW_ANALYTICS,MERCHANT_DASHBOARD,MER-0003,2026-04-19T20:20:00,"{""filters_applied"": 1, ""view"": ""customer_detail""}"
AUD-0001657,USR-MER-0005-01,VIEW_ANALYTICS,MERCHANT_DASHBOARD,MER-0005,2026-04-19T21:14:00,"{""filters_applied"": 2, ""view"": ""redemption_log""}"
AUD-0001658,USR-MER-0009-01,LOGIN,MERCHANT_SESSION,MER-0009,2026-04-19T21:38:00,"{""method"": ""password+mfa"", ""outcome"": ""success""}"
AUD-0001659,USR-MER-0018-01,VIEW_ANALYTICS,MERCHANT_DASHBOARD,MER-0018,2026-04-20T08:46:00,"{""filters_applied"": 1, ""view"": ""customer_detail""}"
AUD-0001660,USR-MER-0008-01,VIEW_ANALYTICS,MERCHANT_DASHBOARD,MER-0008,2026-04-20T08:52:00,"{""filters_applied"": 1, ""view"": ""customer_detail""}"
AUD-0001661,USR-MER-0006-01,VIEW_ANALYTICS,MERCHANT_DASHBOARD,MER-0006,2026-04-20T10:25:00,"{""filters_applied"": 4, ""view"": ""segmentation""}"
AUD-0001662,USR-MER-0005-01,LOGIN,MERCHANT_SESSION,MER-0005,2026-04-20T15:05:00,"{""method"": ""password+mfa"", ""outcome"": ""success""}"
AUD-0001663,USR-MER-0016-01,LOGIN,MERCHANT_SESSION,MER-0016,2026-04-20T15:05:00,"{""method"": ""password+mfa"", ""outcome"": ""success""}"
AUD-0001664,USR-MER-0016-01,LOGIN,MERCHANT_SESSION,MER-0016,2026-04-20T18:21:00,"{""method"": ""password+mfa"", ""outcome"": ""success""}"
AUD-0001665,USR-MER-0015-01,VIEW_ANALYTICS,MERCHANT_DASHBOARD,MER-0015,2026-04-20T20:19:00,"{""filters_applied"": 1, ""view"": ""campaign_performance""}"
AUD-0001666,USR-MER-0017-01,VIEW_ANALYTICS,MERCHANT_DASHBOARD,MER-0017,2026-04-20T20:38:00,"{""filters_applied"": 3, ""view"": ""customer_detail""}"
AUD-0001667,USR-MER-0014-01,VIEW_ANALYTICS,MERCHANT_DASHBOARD,MER-0014,2026-04-20T20:41:00,"{""filters_applied"": 2, ""view"": ""customer_detail""}"
AUD-0001668,SYS-REDEEM,REDEMPTION_CONFIRMED,REDEMPTION,RED-000219,2026-04-21T01:07:29,"{""discount_applied"": 560.0, ""gross_bill_amount"": 3275.73, ""offer_id"": ""OFR-0036"", ""redemption_id"": ""RED-000219"", ""transaction_id"": ""TXN-0008527""}"
AUD-0001669,SYS-REDEEM,REDEMPTION_CONFIRMED,REDEMPTION,RED-000220,2026-04-21T03:47:14,"{""discount_applied"": 560.0, ""gross_bill_amount"": 3983.27, ""offer_id"": ""OFR-0036"", ""redemption_id"": ""RED-000220"", ""transaction_id"": ""TXN-0008528""}"
AUD-0001670,SYS-REDEEM,REDEMPTION_REJECTED,REDEMPTION,RED-000221,2026-04-21T04:06:00,"{""discount_applied"": 100.0, ""gross_bill_amount"": 950.0, ""offer_id"": ""OFR-0094"", ""reason"": ""OFFER_NOT_STARTED"", ""redemption_id"": ""RED-000221"", ""transaction_id"": ""TXN-0008529""}"
AUD-0001671,USR-MER-0013-01,VIEW_ANALYTICS,MERCHANT_DASHBOARD,MER-0013,2026-04-21T08:58:00,"{""filters_applied"": 4, ""view"": ""redemption_log""}"
AUD-0001672,USR-MER-0010-01,VIEW_ANALYTICS,MERCHANT_DASHBOARD,MER-0010,2026-04-21T09:09:00,"{""filters_applied"": 3, ""view"": ""segmentation""}"
AUD-0001673,USR-MER-0016-01,LOGIN,MERCHANT_SESSION,MER-0016,2026-04-21T09:51:00,"{""method"": ""password+mfa"", ""outcome"": ""success""}"
AUD-0001674,SYS-REDEEM,REDEMPTION_CONFIRMED,REDEMPTION,RED-000222,2026-04-21T10:37:48,"{""discount_applied"": 560.0, ""gross_bill_amount"": 4244.95, ""offer_id"": ""OFR-0036"", ""redemption_id"": ""RED-000222"", ""transaction_id"": ""TXN-0008539""}"
AUD-0001675,USR-MER-0016-01,LOGIN,MERCHANT_SESSION,MER-0016,2026-04-21T11:42:00,"{""method"": ""password+mfa"", ""outcome"": ""success""}"
AUD-0001676,USR-MER-0015-01,VIEW_ANALYTICS,MERCHANT_DASHBOARD,MER-0015,2026-04-21T12:01:00,"{""filters_applied"": 3, ""view"": ""campaign_performance""}"
AUD-0001677,USR-MER-0008-01,LOGIN,MERCHANT_SESSION,MER-0008,2026-04-21T13:43:00,"{""method"": ""password+mfa"", ""outcome"": ""success""}"
AUD-0001678,USR-MER-0010-01,LOGIN,MERCHANT_SESSION,MER-0010,2026-04-21T16:44:00,"{""method"": ""password+mfa"", ""outcome"": ""success""}"
AUD-0001679,USR-MER-0015-01,LOGIN,MERCHANT_SESSION,MER-0015,2026-04-21T18:04:00,"{""method"": ""password+mfa"", ""outcome"": ""success""}"
AUD-0001680,USR-MER-0001-01,VIEW_ANALYTICS,MERCHANT_DASHBOARD,MER-0001,2026-04-21T18:13:00,"{""filters_applied"": 0, ""view"": ""segmentation""}"
AUD-0001681,USR-MER-0009-01,LOGIN,MERCHANT_SESSION,MER-0009,2026-04-21T18:44:00,"{""method"": ""password+mfa"", ""outcome"": ""success""}"
AUD-0001682,USR-MER-0015-01,VIEW_ANALYTICS,MERCHANT_DASHBOARD,MER-0015,2026-04-21T19:59:00,"{""filters_applied"": 1, ""view"": ""segmentation""}"
AUD-0001683,USR-MER-0010-01,LOGIN,MERCHANT_SESSION,MER-0010,2026-04-21T20:47:00,"{""method"": ""password+mfa"", ""outcome"": ""success""}"
AUD-0001684,USR-MER-0006-01,VIEW_ANALYTICS,MERCHANT_DASHBOARD,MER-0006,2026-04-21T20:54:00,"{""filters_applied"": 3, ""view"": ""campaign_performance""}"
AUD-0001685,USR-MER-0002-01,VIEW_ANALYTICS,MERCHANT_DASHBOARD,MER-0002,2026-04-21T21:00:00,"{""filters_applied"": 1, ""view"": ""segmentation""}"
AUD-0001686,USR-MER-0008-01,LOGIN,MERCHANT_SESSION,MER-0008,2026-04-21T21:28:00,"{""method"": ""password+mfa"", ""outcome"": ""success""}"
AUD-0001687,SYS-REDEEM,REDEMPTION_CONFIRMED,REDEMPTION,RED-000223,2026-04-22T05:11:44,"{""discount_applied"": 1216.35, ""gross_bill_amount"": 1216.35, ""offer_id"": ""OFR-0061"", ""redemption_id"": ""RED-000223"", ""transaction_id"": ""TXN-0008599""}"
AUD-0001688,USR-MER-0008-01,VIEW_ANALYTICS,MERCHANT_DASHBOARD,MER-0008,2026-04-22T09:02:00,"{""filters_applied"": 2, ""view"": ""customer_detail""}"
AUD-0001689,USR-MER-0018-01,VIEW_ANALYTICS,MERCHANT_DASHBOARD,MER-0018,2026-04-22T09:55:00,"{""filters_applied"": 4, ""view"": ""campaign_performance""}"
AUD-0001690,USR-MER-0004-01,LOGIN,MERCHANT_SESSION,MER-0004,2026-04-22T11:19:00,"{""method"": ""password+mfa"", ""outcome"": ""success""}"
AUD-0001691,USR-MER-0008-01,VIEW_ANALYTICS,MERCHANT_DASHBOARD,MER-0008,2026-04-22T13:35:00,"{""filters_applied"": 4, ""view"": ""campaign_performance""}"
AUD-0001692,USR-MER-0014-01,LOGIN,MERCHANT_SESSION,MER-0014,2026-04-22T15:44:00,"{""method"": ""password+mfa"", ""outcome"": ""success""}"
AUD-0001693,USR-MER-0010-01,LOGIN,MERCHANT_SESSION,MER-0010,2026-04-22T16:24:00,"{""method"": ""password+mfa"", ""outcome"": ""success""}"
AUD-0001694,USR-MER-0015-01,LOGIN,MERCHANT_SESSION,MER-0015,2026-04-22T16:29:00,"{""method"": ""password+mfa"", ""outcome"": ""success""}"
AUD-0001695,USR-MER-0016-01,LOGIN,MERCHANT_SESSION,MER-0016,2026-04-22T16:40:00,"{""method"": ""password+mfa"", ""outcome"": ""success""}"
AUD-0001696,USR-MER-0016-01,VIEW_ANALYTICS,MERCHANT_DASHBOARD,MER-0016,2026-04-22T16:44:00,"{""filters_applied"": 4, ""view"": ""redemption_log""}"
AUD-0001697,USR-MER-0003-01,VIEW_ANALYTICS,MERCHANT_DASHBOARD,MER-0003,2026-04-22T18:07:00,"{""filters_applied"": 4, ""view"": ""redemption_log""}"
AUD-0001698,USR-MER-0009-01,VIEW_ANALYTICS,MERCHANT_DASHBOARD,MER-0009,2026-04-22T18:22:00,"{""filters_applied"": 4, ""view"": ""customer_detail""}"
AUD-0001699,USR-MER-0005-01,LAUNCH_CAMPAIGN,CAMPAIGN,CPN-0027,2026-04-22T18:38:00,"{""campaign_id"": ""CPN-0027""}"
AUD-0001700,USR-MER-0018-01,LOGIN,MERCHANT_SESSION,MER-0018,2026-04-22T19:32:00,"{""method"": ""password+mfa"", ""outcome"": ""success""}"
AUD-0001701,USR-MER-0001-01,VIEW_ANALYTICS,MERCHANT_DASHBOARD,MER-0001,2026-04-22T19:40:00,"{""filters_applied"": 3, ""view"": ""campaign_performance""}"
AUD-0001702,USR-MER-0007-01,VIEW_ANALYTICS,MERCHANT_DASHBOARD,MER-0007,2026-04-22T21:54:00,"{""filters_applied"": 1, ""view"": ""redemption_log""}"
AUD-0001703,SYS-REDEEM,REDEMPTION_CONFIRMED,REDEMPTION,RED-000224,2026-04-22T22:44:51,"{""discount_applied"": 200.0, ""gross_bill_amount"": 3480.0, ""offer_id"": ""OFR-0047"", ""redemption_id"": ""RED-000224"", ""transaction_id"": ""TXN-0008670""}"
AUD-0001704,SYS-REDEEM,REDEMPTION_CONFIRMED,REDEMPTION,RED-000225,2026-04-23T01:56:00,"{""discount_applied"": 200.0, ""gross_bill_amount"": 1381.41, ""offer_id"": ""OFR-0047"", ""redemption_id"": ""RED-000225"", ""transaction_id"": ""TXN-0008671""}"
AUD-0001705,SYS-REDEEM,REDEMPTION_CONFIRMED,REDEMPTION,RED-000226,2026-04-23T06:37:58,"{""discount_applied"": 200.0, ""gross_bill_amount"": 1545.0, ""offer_id"": ""OFR-0047"", ""redemption_id"": ""RED-000226"", ""transaction_id"": ""TXN-0008672""}"
AUD-0001706,SYS-REDEEM,REDEMPTION_CONFIRMED,REDEMPTION,RED-000227,2026-04-23T07:19:57,"{""discount_applied"": 200.0, ""gross_bill_amount"": 1272.93, ""offer_id"": ""OFR-0047"", ""redemption_id"": ""RED-000227"", ""transaction_id"": ""TXN-0008673""}"
AUD-0001707,USR-MER-0011-01,VIEW_ANALYTICS,MERCHANT_DASHBOARD,MER-0011,2026-04-23T08:18:00,"{""filters_applied"": 1, ""view"": ""campaign_performance""}"
AUD-0001708,USR-MER-0018-01,VIEW_ANALYTICS,MERCHANT_DASHBOARD,MER-0018,2026-04-23T08:28:00,"{""filters_applied"": 4, ""view"": ""segmentation""}"
AUD-0001709,USR-MER-0011-01,LAUNCH_CAMPAIGN,CAMPAIGN,CPN-0052,2026-04-23T09:38:00,"{""campaign_id"": ""CPN-0052""}"
AUD-0001710,USR-MER-0010-01,LOGIN,MERCHANT_SESSION,MER-0010,2026-04-23T09:49:00,"{""method"": ""password+mfa"", ""outcome"": ""success""}"
AUD-0001711,USR-MER-0012-01,VIEW_ANALYTICS,MERCHANT_DASHBOARD,MER-0012,2026-04-23T10:30:00,"{""filters_applied"": 4, ""view"": ""campaign_performance""}"
AUD-0001712,USR-MER-0004-01,VIEW_ANALYTICS,MERCHANT_DASHBOARD,MER-0004,2026-04-23T10:56:00,"{""filters_applied"": 0, ""view"": ""redemption_log""}"
AUD-0001713,USR-MER-0002-01,LOGIN,MERCHANT_SESSION,MER-0002,2026-04-23T11:06:00,"{""method"": ""password+mfa"", ""outcome"": ""success""}"
AUD-0001714,SYS-REDEEM,REDEMPTION_CONFIRMED,REDEMPTION,RED-000228,2026-04-23T11:29:17,"{""discount_applied"": 200.0, ""gross_bill_amount"": 1191.87, ""offer_id"": ""OFR-0047"", ""redemption_id"": ""RED-000228"", ""transaction_id"": ""TXN-0008687""}"
AUD-0001715,USR-MER-0013-01,LOGIN,MERCHANT_SESSION,MER-0013,2026-04-23T11:31:00,"{""method"": ""password+mfa"", ""outcome"": ""success""}"
AUD-0001716,USR-MER-0009-01,LOGIN,MERCHANT_SESSION,MER-0009,2026-04-23T11:47:00,"{""method"": ""password+mfa"", ""outcome"": ""success""}"
AUD-0001717,USR-MER-0004-01,LOGIN,MERCHANT_SESSION,MER-0004,2026-04-23T11:51:00,"{""method"": ""password+mfa"", ""outcome"": ""success""}"
AUD-0001718,SYS-REDEEM,REDEMPTION_CONFIRMED,REDEMPTION,RED-000229,2026-04-23T13:55:54,"{""discount_applied"": 27.1, ""gross_bill_amount"": 541.99, ""offer_id"": ""OFR-0072"", ""redemption_id"": ""RED-000229"", ""transaction_id"": ""TXN-0008706""}"
AUD-0001719,USR-MER-0002-01,LOGIN,MERCHANT_SESSION,MER-0002,2026-04-23T13:56:00,"{""method"": ""password+mfa"", ""outcome"": ""success""}"
AUD-0001720,SYS-REDEEM,REDEMPTION_REJECTED,REDEMPTION,RED-000230,2026-04-23T14:24:54,"{""discount_applied"": 27.1, ""gross_bill_amount"": 541.99, ""offer_id"": ""OFR-0072"", ""reason"": ""DUPLICATE_REDEMPTION"", ""redemption_id"": ""RED-000230"", ""transaction_id"": ""TXN-0008706""}"
AUD-0001721,USR-MER-0003-01,LOGIN,MERCHANT_SESSION,MER-0003,2026-04-23T14:27:00,"{""method"": ""password+mfa"", ""outcome"": ""success""}"
AUD-0001722,USR-MER-0002-01,VIEW_ANALYTICS,MERCHANT_DASHBOARD,MER-0002,2026-04-23T15:50:00,"{""filters_applied"": 3, ""view"": ""customer_detail""}"
AUD-0001723,SYS-REDEEM,REDEMPTION_CONFIRMED,REDEMPTION,RED-000231,2026-04-23T16:28:57,"{""discount_applied"": 200.0, ""gross_bill_amount"": 1523.0, ""offer_id"": ""OFR-0047"", ""redemption_id"": ""RED-000231"", ""transaction_id"": ""TXN-0008711""}"
AUD-0001724,USR-MER-0007-01,LOGIN,MERCHANT_SESSION,MER-0007,2026-04-23T16:53:00,"{""method"": ""password+mfa"", ""outcome"": ""success""}"
AUD-0001725,SYS-REDEEM,REDEMPTION_CONFIRMED,REDEMPTION,RED-000232,2026-04-23T17:33:53,"{""discount_applied"": 200.0, ""gross_bill_amount"": 1308.13, ""offer_id"": ""OFR-0047"", ""redemption_id"": ""RED-000232"", ""transaction_id"": ""TXN-0008721""}"
AUD-0001726,SYS-REDEEM,REDEMPTION_REJECTED,REDEMPTION,RED-000233,2026-04-23T17:57:53,"{""discount_applied"": 200.0, ""gross_bill_amount"": 1308.13, ""offer_id"": ""OFR-0047"", ""reason"": ""DUPLICATE_REDEMPTION"", ""redemption_id"": ""RED-000233"", ""transaction_id"": ""TXN-0008721""}"
AUD-0001727,USR-MER-0005-01,VIEW_ANALYTICS,MERCHANT_DASHBOARD,MER-0005,2026-04-23T19:10:00,"{""filters_applied"": 1, ""view"": ""segmentation""}"
AUD-0001728,SYS-REDEEM,REDEMPTION_CONFIRMED,REDEMPTION,RED-000234,2026-04-23T19:19:46,"{""discount_applied"": 31.88, ""gross_bill_amount"": 637.5, ""offer_id"": ""OFR-0072"", ""redemption_id"": ""RED-000234"", ""transaction_id"": ""TXN-0008733""}"
AUD-0001729,USR-MER-0001-01,VIEW_ANALYTICS,MERCHANT_DASHBOARD,MER-0001,2026-04-23T19:47:00,"{""filters_applied"": 0, ""view"": ""redemption_log""}"
AUD-0001730,USR-MER-0012-01,LOGIN,MERCHANT_SESSION,MER-0012,2026-04-23T20:34:00,"{""method"": ""password+mfa"", ""outcome"": ""success""}"
AUD-0001731,SYS-REDEEM,REDEMPTION_CONFIRMED,REDEMPTION,RED-000235,2026-04-23T20:42:05,"{""discount_applied"": 200.0, ""gross_bill_amount"": 2246.45, ""offer_id"": ""OFR-0047"", ""redemption_id"": ""RED-000235"", ""transaction_id"": ""TXN-0008740""}"
AUD-0001732,SYS-REDEEM,REDEMPTION_REJECTED,REDEMPTION,RED-000236,2026-04-23T21:26:05,"{""discount_applied"": 200.0, ""gross_bill_amount"": 2246.45, ""offer_id"": ""OFR-0047"", ""reason"": ""DUPLICATE_REDEMPTION"", ""redemption_id"": ""RED-000236"", ""transaction_id"": ""TXN-0008740""}"
AUD-0001733,SYS-REDEEM,REDEMPTION_CONFIRMED,REDEMPTION,RED-000237,2026-04-23T21:56:41,"{""discount_applied"": 102.2, ""gross_bill_amount"": 2044.0, ""offer_id"": ""OFR-0072"", ""redemption_id"": ""RED-000237"", ""transaction_id"": ""TXN-0008743""}"
AUD-0001734,SYS-REDEEM,REDEMPTION_CONFIRMED,REDEMPTION,RED-000238,2026-04-24T01:55:52,"{""discount_applied"": 29.71, ""gross_bill_amount"": 594.27, ""offer_id"": ""OFR-0072"", ""redemption_id"": ""RED-000238"", ""transaction_id"": ""TXN-0008744""}"
AUD-0001735,SYS-REDEEM,REDEMPTION_REJECTED,REDEMPTION,RED-000239,2026-04-24T03:20:52,"{""discount_applied"": 29.71, ""gross_bill_amount"": 594.27, ""offer_id"": ""OFR-0072"", ""reason"": ""DUPLICATE_REDEMPTION"", ""redemption_id"": ""RED-000239"", ""transaction_id"": ""TXN-0008744""}"
AUD-0001736,SYS-REDEEM,REDEMPTION_CONFIRMED,REDEMPTION,RED-000240,2026-04-24T04:05:27,"{""discount_applied"": 200.0, ""gross_bill_amount"": 2191.0, ""offer_id"": ""OFR-0047"", ""redemption_id"": ""RED-000240"", ""transaction_id"": ""TXN-0008745""}"
AUD-0001737,SYS-REDEEM,REDEMPTION_CONFIRMED,REDEMPTION,RED-000241,2026-04-24T05:05:55,"{""discount_applied"": 200.0, ""gross_bill_amount"": 1485.22, ""offer_id"": ""OFR-0047"", ""redemption_id"": ""RED-000241"", ""transaction_id"": ""TXN-0008746""}"
AUD-0001738,SYS-REDEEM,REDEMPTION_CONFIRMED,REDEMPTION,RED-000242,2026-04-24T08:05:58,"{""discount_applied"": 200.0, ""gross_bill_amount"": 2323.0, ""offer_id"": ""OFR-0047"", ""redemption_id"": ""RED-000242"", ""transaction_id"": ""TXN-0008751""}"
AUD-0001739,USR-MER-0007-01,VIEW_ANALYTICS,MERCHANT_DASHBOARD,MER-0007,2026-04-24T08:16:00,"{""filters_applied"": 0, ""view"": ""redemption_log""}"
AUD-0001740,USR-MER-0009-01,VIEW_ANALYTICS,MERCHANT_DASHBOARD,MER-0009,2026-04-24T08:26:00,"{""filters_applied"": 4, ""view"": ""redemption_log""}"
AUD-0001741,USR-MER-0003-01,VIEW_ANALYTICS,MERCHANT_DASHBOARD,MER-0003,2026-04-24T09:07:00,"{""filters_applied"": 2, ""view"": ""campaign_performance""}"
AUD-0001742,SYS-REDEEM,REDEMPTION_CONFIRMED,REDEMPTION,RED-000243,2026-04-24T09:45:26,"{""discount_applied"": 200.0, ""gross_bill_amount"": 1348.88, ""offer_id"": ""OFR-0047"", ""redemption_id"": ""RED-000243"", ""transaction_id"": ""TXN-0008758""}"
AUD-0001743,USR-MER-0016-01,LOGIN,MERCHANT_SESSION,MER-0016,2026-04-24T10:41:00,"{""method"": ""password+mfa"", ""outcome"": ""success""}"
AUD-0001744,USR-MER-0013-01,LOGIN,MERCHANT_SESSION,MER-0013,2026-04-24T11:47:00,"{""method"": ""password+mfa"", ""outcome"": ""success""}"
AUD-0001745,USR-MER-0002-01,LOGIN,MERCHANT_SESSION,MER-0002,2026-04-24T11:57:00,"{""method"": ""password+mfa"", ""outcome"": ""success""}"
AUD-0001746,USR-MER-0004-01,VIEW_ANALYTICS,MERCHANT_DASHBOARD,MER-0004,2026-04-24T12:09:00,"{""filters_applied"": 0, ""view"": ""customer_detail""}"
AUD-0001747,USR-MER-0014-01,VIEW_ANALYTICS,MERCHANT_DASHBOARD,MER-0014,2026-04-24T12:30:00,"{""filters_applied"": 4, ""view"": ""customer_detail""}"
AUD-0001748,SYS-REDEEM,REDEMPTION_CONFIRMED,REDEMPTION,RED-000244,2026-04-24T13:00:54,"{""discount_applied"": 46.63, ""gross_bill_amount"": 932.53, ""offer_id"": ""OFR-0072"", ""redemption_id"": ""RED-000244"", ""transaction_id"": ""TXN-0008778""}"
AUD-0001749,SYS-REDEEM,REDEMPTION_REJECTED,REDEMPTION,RED-000245,2026-04-24T13:17:54,"{""discount_applied"": 46.63, ""gross_bill_amount"": 932.53, ""offer_id"": ""OFR-0072"", ""reason"": ""DUPLICATE_REDEMPTION"", ""redemption_id"": ""RED-000245"", ""transaction_id"": ""TXN-0008778""}"
AUD-0001750,USR-MER-0005-01,VIEW_ANALYTICS,MERCHANT_DASHBOARD,MER-0005,2026-04-24T14:37:00,"{""filters_applied"": 3, ""view"": ""redemption_log""}"
AUD-0001751,USR-MER-0017-01,LAUNCH_CAMPAIGN,CAMPAIGN,CPN-0074,2026-04-24T16:04:00,"{""campaign_id"": ""CPN-0074""}"
AUD-0001752,SYS-REDEEM,REDEMPTION_CONFIRMED,REDEMPTION,RED-000246,2026-04-24T16:56:05,"{""discount_applied"": 96.0, ""gross_bill_amount"": 1920.0, ""offer_id"": ""OFR-0072"", ""redemption_id"": ""RED-000246"", ""transaction_id"": ""TXN-0008797""}"
AUD-0001753,USR-MER-0013-01,VIEW_ANALYTICS,MERCHANT_DASHBOARD,MER-0013,2026-04-24T19:55:00,"{""filters_applied"": 4, ""view"": ""redemption_log""}"
AUD-0001754,SYS-REDEEM,REDEMPTION_CONFIRMED,REDEMPTION,RED-000247,2026-04-24T20:41:07,"{""discount_applied"": 100.0, ""gross_bill_amount"": 792.38, ""offer_id"": ""OFR-0094"", ""redemption_id"": ""RED-000247"", ""transaction_id"": ""TXN-0008833""}"
AUD-0001755,USR-MER-0013-01,VIEW_ANALYTICS,MERCHANT_DASHBOARD,MER-0013,2026-04-24T20:44:00,"{""filters_applied"": 0, ""view"": ""segmentation""}"
AUD-0001756,USR-MER-0008-01,VIEW_ANALYTICS,MERCHANT_DASHBOARD,MER-0008,2026-04-24T20:58:00,"{""filters_applied"": 4, ""view"": ""segmentation""}"
AUD-0001757,USR-MER-0006-01,LOGIN,MERCHANT_SESSION,MER-0006,2026-04-24T21:44:00,"{""method"": ""password+mfa"", ""outcome"": ""success""}"
AUD-0001758,SYS-REDEEM,REDEMPTION_CONFIRMED,REDEMPTION,RED-000248,2026-04-25T00:33:01,"{""discount_applied"": 47.36, ""gross_bill_amount"": 947.29, ""offer_id"": ""OFR-0072"", ""redemption_id"": ""RED-000248"", ""transaction_id"": ""TXN-0008835""}"
AUD-0001759,SYS-REDEEM,REDEMPTION_CONFIRMED,REDEMPTION,RED-000249,2026-04-25T05:39:16,"{""discount_applied"": 40.85, ""gross_bill_amount"": 816.94, ""offer_id"": ""OFR-0072"", ""redemption_id"": ""RED-000249"", ""transaction_id"": ""TXN-0008836""}"
AUD-0001760,SYS-REDEEM,REDEMPTION_CONFIRMED,REDEMPTION,RED-000250,2026-04-25T06:20:35,"{""discount_applied"": 77.35, ""gross_bill_amount"": 1547.09, ""offer_id"": ""OFR-0072"", ""redemption_id"": ""RED-000250"", ""transaction_id"": ""TXN-0008838""}"
AUD-0001761,USR-MER-0014-01,VIEW_ANALYTICS,MERCHANT_DASHBOARD,MER-0014,2026-04-25T08:03:00,"{""filters_applied"": 1, ""view"": ""customer_detail""}"
AUD-0001762,SYS-REDEEM,REDEMPTION_CONFIRMED,REDEMPTION,RED-000251,2026-04-25T09:11:58,"{""discount_applied"": 200.0, ""gross_bill_amount"": 4000.0, ""offer_id"": ""OFR-0047"", ""redemption_id"": ""RED-000251"", ""transaction_id"": ""TXN-0008846""}"
AUD-0001763,SYS-REDEEM,REDEMPTION_CONFIRMED,REDEMPTION,RED-000252,2026-04-25T09:31:44,"{""discount_applied"": 137.3, ""gross_bill_amount"": 2746.0, ""offer_id"": ""OFR-0072"", ""redemption_id"": ""RED-000252"", ""transaction_id"": ""TXN-0008847""}"
AUD-0001764,USR-MER-0013-01,LOGIN,MERCHANT_SESSION,MER-0013,2026-04-25T10:04:00,"{""method"": ""password+mfa"", ""outcome"": ""success""}"
AUD-0001765,USR-MER-0008-01,VIEW_ANALYTICS,MERCHANT_DASHBOARD,MER-0008,2026-04-25T11:07:00,"{""filters_applied"": 0, ""view"": ""campaign_performance""}"
AUD-0001766,USR-MER-0003-01,VIEW_ANALYTICS,MERCHANT_DASHBOARD,MER-0003,2026-04-25T12:10:00,"{""filters_applied"": 3, ""view"": ""redemption_log""}"
AUD-0001767,SYS-REDEEM,REDEMPTION_CONFIRMED,REDEMPTION,RED-000253,2026-04-25T13:15:14,"{""discount_applied"": 39.6, ""gross_bill_amount"": 791.97, ""offer_id"": ""OFR-0072"", ""redemption_id"": ""RED-000253"", ""transaction_id"": ""TXN-0008866""}"
AUD-0001768,USR-MER-0016-01,LOGIN,MERCHANT_SESSION,MER-0016,2026-04-25T13:22:00,"{""method"": ""password+mfa"", ""outcome"": ""success""}"
AUD-0001769,USR-MER-0013-01,VIEW_ANALYTICS,MERCHANT_DASHBOARD,MER-0013,2026-04-25T13:53:00,"{""filters_applied"": 4, ""view"": ""segmentation""}"
AUD-0001770,SYS-REDEEM,REDEMPTION_CONFIRMED,REDEMPTION,RED-000254,2026-04-25T13:59:29,"{""discount_applied"": 100.0, ""gross_bill_amount"": 700.0, ""offer_id"": ""OFR-0094"", ""redemption_id"": ""RED-000254"", ""transaction_id"": ""TXN-0008874""}"
AUD-0001771,USR-MER-0014-01,VIEW_ANALYTICS,MERCHANT_DASHBOARD,MER-0014,2026-04-25T15:06:00,"{""filters_applied"": 2, ""view"": ""segmentation""}"
AUD-0001772,USR-MER-0004-01,VIEW_ANALYTICS,MERCHANT_DASHBOARD,MER-0004,2026-04-25T15:10:00,"{""filters_applied"": 2, ""view"": ""redemption_log""}"
AUD-0001773,USR-MER-0006-01,VIEW_ANALYTICS,MERCHANT_DASHBOARD,MER-0006,2026-04-25T15:43:00,"{""filters_applied"": 1, ""view"": ""segmentation""}"
AUD-0001774,USR-MER-0004-01,VIEW_ANALYTICS,MERCHANT_DASHBOARD,MER-0004,2026-04-25T15:57:00,"{""filters_applied"": 4, ""view"": ""redemption_log""}"
AUD-0001775,USR-MER-0012-01,LOGIN,MERCHANT_SESSION,MER-0012,2026-04-25T16:04:00,"{""method"": ""password+mfa"", ""outcome"": ""success""}"
AUD-0001776,USR-MER-0009-01,VIEW_ANALYTICS,MERCHANT_DASHBOARD,MER-0009,2026-04-25T16:27:00,"{""filters_applied"": 4, ""view"": ""customer_detail""}"
AUD-0001777,USR-MER-0011-01,LOGIN,MERCHANT_SESSION,MER-0011,2026-04-25T16:34:00,"{""method"": ""password+mfa"", ""outcome"": ""success""}"
AUD-0001778,USR-MER-0014-01,VIEW_ANALYTICS,MERCHANT_DASHBOARD,MER-0014,2026-04-25T17:23:00,"{""filters_applied"": 3, ""view"": ""customer_detail""}"
AUD-0001779,SYS-REDEEM,REDEMPTION_CONFIRMED,REDEMPTION,RED-000255,2026-04-25T17:51:50,"{""discount_applied"": 30.83, ""gross_bill_amount"": 616.65, ""offer_id"": ""OFR-0072"", ""redemption_id"": ""RED-000255"", ""transaction_id"": ""TXN-0008892""}"
AUD-0001780,USR-MER-0017-01,LOGIN,MERCHANT_SESSION,MER-0017,2026-04-25T21:06:00,"{""method"": ""password+mfa"", ""outcome"": ""success""}"
AUD-0001781,USR-MER-0006-01,VIEW_ANALYTICS,MERCHANT_DASHBOARD,MER-0006,2026-04-25T21:16:00,"{""filters_applied"": 2, ""view"": ""campaign_performance""}"
AUD-0001782,USR-MER-0006-01,CREATE_CAMPAIGN,CAMPAIGN,CPN-0031,2026-04-26T05:50:00,"{""merchant_id"": ""MER-0006"", ""objective"": ""PROMOTE_HIGH_VALUE_OFFER"", ""offer_id"": ""OFR-0051""}"
AUD-0001783,SYS-AI-COPY,GENERATE_AI_CONTENT,CAMPAIGN,CPN-0031,2026-04-26T06:07:00,"{""model"": ""mock-copywriter-v2"", ""output_chars"": 268, ""prompt_version"": ""p1.0""}"
AUD-0001784,SYS-REDEEM,REDEMPTION_CONFIRMED,REDEMPTION,RED-000256,2026-04-26T07:59:58,"{""discount_applied"": 30.99, ""gross_bill_amount"": 619.89, ""offer_id"": ""OFR-0072"", ""redemption_id"": ""RED-000256"", ""transaction_id"": ""TXN-0008916""}"
AUD-0001785,SYS-REDEEM,REDEMPTION_CONFIRMED,REDEMPTION,RED-000257,2026-04-26T08:06:27,"{""discount_applied"": 115.2, ""gross_bill_amount"": 2304.0, ""offer_id"": ""OFR-0072"", ""redemption_id"": ""RED-000257"", ""transaction_id"": ""TXN-0008918""}"
AUD-0001786,SYS-AI-COPY,GENERATE_AI_CONTENT,CAMPAIGN,CPN-0077,2026-04-26T08:37:00,"{""model"": ""mock-copywriter-v1"", ""output_chars"": 185, ""prompt_version"": ""p1.1""}"
AUD-0001787,USR-MER-0002-01,LOGIN,MERCHANT_SESSION,MER-0002,2026-04-26T08:53:00,"{""method"": ""password+mfa"", ""outcome"": ""success""}"
AUD-0001788,USR-MER-0001-01,VIEW_ANALYTICS,MERCHANT_DASHBOARD,MER-0001,2026-04-26T09:19:00,"{""filters_applied"": 3, ""view"": ""segmentation""}"
AUD-0001789,USR-MER-0018-01,CREATE_CAMPAIGN,CAMPAIGN,CPN-0077,2026-04-26T09:56:00,"{""merchant_id"": ""MER-0018"", ""objective"": ""WELCOME_NEW_CUSTOMERS"", ""offer_id"": ""OFR-0097""}"
AUD-0001790,USR-MER-0004-01,LOGIN,MERCHANT_SESSION,MER-0004,2026-04-26T09:57:00,"{""method"": ""password+mfa"", ""outcome"": ""success""}"
AUD-0001791,USR-MER-0012-01,VIEW_ANALYTICS,MERCHANT_DASHBOARD,MER-0012,2026-04-26T10:05:00,"{""filters_applied"": 2, ""view"": ""campaign_performance""}"
AUD-0001792,SYS-REDEEM,REDEMPTION_CONFIRMED,REDEMPTION,RED-000258,2026-04-26T10:24:32,"{""discount_applied"": 100.0, ""gross_bill_amount"": 1101.0, ""offer_id"": ""OFR-0094"", ""redemption_id"": ""RED-000258"", ""transaction_id"": ""TXN-0008928""}"
AUD-0001793,USR-MER-0011-01,VIEW_ANALYTICS,MERCHANT_DASHBOARD,MER-0011,2026-04-26T10:50:00,"{""filters_applied"": 3, ""view"": ""redemption_log""}"
AUD-0001794,USR-MER-0013-01,VIEW_ANALYTICS,MERCHANT_DASHBOARD,MER-0013,2026-04-26T13:20:00,"{""filters_applied"": 1, ""view"": ""campaign_performance""}"
AUD-0001795,USR-MER-0008-01,VIEW_ANALYTICS,MERCHANT_DASHBOARD,MER-0008,2026-04-26T13:48:00,"{""filters_applied"": 0, ""view"": ""redemption_log""}"
AUD-0001796,USR-MER-0006-01,LOGIN,MERCHANT_SESSION,MER-0006,2026-04-26T13:53:00,"{""method"": ""password+mfa"", ""outcome"": ""success""}"
AUD-0001797,USR-MER-0009-01,VIEW_ANALYTICS,MERCHANT_DASHBOARD,MER-0009,2026-04-26T14:12:00,"{""filters_applied"": 3, ""view"": ""redemption_log""}"
AUD-0001798,USR-MER-0005-01,LOGIN,MERCHANT_SESSION,MER-0005,2026-04-26T14:54:00,"{""method"": ""password+mfa"", ""outcome"": ""success""}"
AUD-0001799,USR-MER-0014-01,VIEW_ANALYTICS,MERCHANT_DASHBOARD,MER-0014,2026-04-26T15:01:00,"{""filters_applied"": 0, ""view"": ""redemption_log""}"
AUD-0001800,USR-MER-0016-01,VIEW_ANALYTICS,MERCHANT_DASHBOARD,MER-0016,2026-04-26T15:02:00,"{""filters_applied"": 3, ""view"": ""customer_detail""}"
AUD-0001801,SYS-REDEEM,REDEMPTION_REJECTED,REDEMPTION,RED-000259,2026-04-26T16:09:00,"{""discount_applied"": 100.0, ""gross_bill_amount"": 829.0, ""offer_id"": ""OFR-0094"", ""reason"": ""INELIGIBLE_CUSTOMER"", ""redemption_id"": ""RED-000259"", ""transaction_id"": ""TXN-0008945""}"
AUD-0001802,SYS-REDEEM,REDEMPTION_CONFIRMED,REDEMPTION,RED-000260,2026-04-26T16:15:41,"{""discount_applied"": 100.0, ""gross_bill_amount"": 722.16, ""offer_id"": ""OFR-0094"", ""redemption_id"": ""RED-000260"", ""transaction_id"": ""TXN-0008948""}"
AUD-0001803,SYS-REDEEM,REDEMPTION_CONFIRMED,REDEMPTION,RED-000261,2026-04-26T17:03:11,"{""discount_applied"": 200.0, ""gross_bill_amount"": 1440.01, ""offer_id"": ""OFR-0047"", ""redemption_id"": ""RED-000261"", ""transaction_id"": ""TXN-0008951""}"
AUD-0001804,SYS-REDEEM,REDEMPTION_CONFIRMED,REDEMPTION,RED-000262,2026-04-26T17:45:57,"{""discount_applied"": 100.0, ""gross_bill_amount"": 700.0, ""offer_id"": ""OFR-0094"", ""redemption_id"": ""RED-000262"", ""transaction_id"": ""TXN-0008954""}"
AUD-0001805,SYS-REDEEM,REDEMPTION_CONFIRMED,REDEMPTION,RED-000263,2026-04-26T19:48:58,"{""discount_applied"": 132.99, ""gross_bill_amount"": 2659.87, ""offer_id"": ""OFR-0072"", ""redemption_id"": ""RED-000263"", ""transaction_id"": ""TXN-0008974""}"
AUD-0001806,USR-MER-0003-01,LOGIN,MERCHANT_SESSION,MER-0003,2026-04-26T20:16:00,"{""method"": ""password+mfa"", ""outcome"": ""success""}"
AUD-0001807,SYS-REDEEM,REDEMPTION_CONFIRMED,REDEMPTION,RED-000264,2026-04-26T22:23:38,"{""discount_applied"": 137.1, ""gross_bill_amount"": 2742.0, ""offer_id"": ""OFR-0072"", ""redemption_id"": ""RED-000264"", ""transaction_id"": ""TXN-0008985""}"
AUD-0001808,SYS-REDEEM,REDEMPTION_REJECTED,REDEMPTION,RED-000265,2026-04-27T00:40:36,"{""discount_applied"": 100.0, ""gross_bill_amount"": 452.58, ""offer_id"": ""OFR-0094"", ""reason"": ""BELOW_MINIMUM_SPEND"", ""redemption_id"": ""RED-000265"", ""transaction_id"": ""TXN-0008986""}"
AUD-0001809,SYS-REDEEM,REDEMPTION_CONFIRMED,REDEMPTION,RED-000266,2026-04-27T00:56:22,"{""discount_applied"": 200.0, ""gross_bill_amount"": 4000.0, ""offer_id"": ""OFR-0047"", ""redemption_id"": ""RED-000266"", ""transaction_id"": ""TXN-0008987""}"
AUD-0001810,SYS-REDEEM,REDEMPTION_REJECTED,REDEMPTION,RED-000267,2026-04-27T01:21:36,"{""discount_applied"": 100.0, ""gross_bill_amount"": 5001.2, ""offer_id"": ""OFR-0094"", ""reason"": ""WRONG_MERCHANT"", ""redemption_id"": ""RED-000267"", ""transaction_id"": ""TXN-0008988""}"
AUD-0001811,SYS-REDEEM,REDEMPTION_REJECTED,REDEMPTION,RED-000268,2026-04-27T01:29:36,"{""discount_applied"": 100.0, ""gross_bill_amount"": 849.0, ""offer_id"": ""OFR-0094"", ""reason"": ""WRONG_CUSTOMER"", ""redemption_id"": ""RED-000268"", ""transaction_id"": ""TXN-0008989""}"
AUD-0001812,SYS-REDEEM,REDEMPTION_CONFIRMED,REDEMPTION,RED-000269,2026-04-27T01:29:49,"{""discount_applied"": 100.0, ""gross_bill_amount"": 700.0, ""offer_id"": ""OFR-0094"", ""redemption_id"": ""RED-000269"", ""transaction_id"": ""TXN-0008990""}"
AUD-0001813,SYS-REDEEM,REDEMPTION_REJECTED,REDEMPTION,RED-000270,2026-04-27T01:38:36,"{""discount_applied"": 100.0, ""gross_bill_amount"": 950.0, ""offer_id"": ""OFR-0094"", ""reason"": ""TRANSACTION_FAILED"", ""redemption_id"": ""RED-000270"", ""transaction_id"": ""TXN-0008991""}"
AUD-0001814,SYS-REDEEM,REDEMPTION_REJECTED,REDEMPTION,RED-000271,2026-04-27T01:49:36,"{""discount_applied"": 100.0, ""gross_bill_amount"": 899.0, ""offer_id"": ""OFR-0094"", ""reason"": ""TRANSACTION_REVERSED"", ""redemption_id"": ""RED-000271"", ""transaction_id"": ""TXN-0008992""}"
AUD-0001815,SYS-REDEEM,REDEMPTION_CONFIRMED,REDEMPTION,RED-000272,2026-04-27T02:02:02,"{""discount_applied"": 100.0, ""gross_bill_amount"": 700.0, ""offer_id"": ""OFR-0094"", ""redemption_id"": ""RED-000272"", ""transaction_id"": ""TXN-0008993""}"
AUD-0001816,SYS-REDEEM,REDEMPTION_CONFIRMED,REDEMPTION,RED-000273,2026-04-27T09:01:37,"{""discount_applied"": 167.53, ""gross_bill_amount"": 3350.57, ""offer_id"": ""OFR-0072"", ""redemption_id"": ""RED-000273"", ""transaction_id"": ""TXN-0009002""}"
AUD-0001817,USR-MER-0006-01,APPROVE_CAMPAIGN,CAMPAIGN,CPN-0031,2026-04-27T10:13:00,"{""campaign_id"": ""CPN-0031""}"
AUD-0001818,USR-MER-0002-01,LOGIN,MERCHANT_SESSION,MER-0002,2026-04-27T11:53:00,"{""method"": ""password+mfa"", ""outcome"": ""success""}"
AUD-0001819,USR-MER-0007-01,LOGIN,MERCHANT_SESSION,MER-0007,2026-04-27T12:22:00,"{""method"": ""password+mfa"", ""outcome"": ""success""}"
AUD-0001820,USR-MER-0011-01,VIEW_ANALYTICS,MERCHANT_DASHBOARD,MER-0011,2026-04-27T15:17:00,"{""filters_applied"": 3, ""view"": ""customer_detail""}"
AUD-0001821,USR-MER-0002-01,VIEW_ANALYTICS,MERCHANT_DASHBOARD,MER-0002,2026-04-27T17:53:00,"{""filters_applied"": 1, ""view"": ""campaign_performance""}"
AUD-0001822,SYS-REDEEM,REDEMPTION_CONFIRMED,REDEMPTION,RED-000274,2026-04-27T18:27:42,"{""discount_applied"": 200.0, ""gross_bill_amount"": 1198.45, ""offer_id"": ""OFR-0047"", ""redemption_id"": ""RED-000274"", ""transaction_id"": ""TXN-0009045""}"
AUD-0001823,USR-MER-0008-01,VIEW_ANALYTICS,MERCHANT_DASHBOARD,MER-0008,2026-04-27T21:57:00,"{""filters_applied"": 0, ""view"": ""redemption_log""}"
AUD-0001824,SYS-REDEEM,REDEMPTION_CONFIRMED,REDEMPTION,RED-000275,2026-04-27T22:02:31,"{""discount_applied"": 100.0, ""gross_bill_amount"": 771.25, ""offer_id"": ""OFR-0094"", ""redemption_id"": ""RED-000275"", ""transaction_id"": ""TXN-0009059""}"
AUD-0001825,SYS-REDEEM,REDEMPTION_CONFIRMED,REDEMPTION,RED-000276,2026-04-28T01:16:06,"{""discount_applied"": 27.67, ""gross_bill_amount"": 553.48, ""offer_id"": ""OFR-0072"", ""redemption_id"": ""RED-000276"", ""transaction_id"": ""TXN-0009060""}"
AUD-0001826,USR-MER-0018-01,APPROVE_CAMPAIGN,CAMPAIGN,CPN-0077,2026-04-28T02:47:00,"{""campaign_id"": ""CPN-0077""}"
AUD-0001827,SYS-REDEEM,REDEMPTION_CONFIRMED,REDEMPTION,RED-000277,2026-04-28T02:58:00,"{""discount_applied"": 200.0, ""gross_bill_amount"": 816.7, ""offer_id"": ""OFR-0047"", ""redemption_id"": ""RED-000277"", ""transaction_id"": ""TXN-0009061""}"
AUD-0001828,SYS-REDEEM,REDEMPTION_CONFIRMED,REDEMPTION,RED-000278,2026-04-28T03:25:12,"{""discount_applied"": 200.0, ""gross_bill_amount"": 2179.81, ""offer_id"": ""OFR-0047"", ""redemption_id"": ""RED-000278"", ""transaction_id"": ""TXN-0009062""}"
AUD-0001829,SYS-REDEEM,REDEMPTION_CONFIRMED,REDEMPTION,RED-000279,2026-04-28T03:26:41,"{""discount_applied"": 200.0, ""gross_bill_amount"": 892.75, ""offer_id"": ""OFR-0047"", ""redemption_id"": ""RED-000279"", ""transaction_id"": ""TXN-0009063""}"
AUD-0001830,SYS-REDEEM,REDEMPTION_CONFIRMED,REDEMPTION,RED-000280,2026-04-28T03:39:52,"{""discount_applied"": 132.3, ""gross_bill_amount"": 2646.0, ""offer_id"": ""OFR-0072"", ""redemption_id"": ""RED-000280"", ""transaction_id"": ""TXN-0009064""}"
AUD-0001831,SYS-REDEEM,REDEMPTION_REJECTED,REDEMPTION,RED-000281,2026-04-28T03:58:00,"{""discount_applied"": 200.0, ""gross_bill_amount"": 816.7, ""offer_id"": ""OFR-0047"", ""reason"": ""DUPLICATE_REDEMPTION"", ""redemption_id"": ""RED-000281"", ""transaction_id"": ""TXN-0009061""}"
AUD-0001832,USR-MER-0004-01,LOGIN,MERCHANT_SESSION,MER-0004,2026-04-28T08:11:00,"{""method"": ""password+mfa"", ""outcome"": ""success""}"
AUD-0001833,SYS-REDEEM,REDEMPTION_CONFIRMED,REDEMPTION,RED-000282,2026-04-28T08:40:25,"{""discount_applied"": 200.0, ""gross_bill_amount"": 1367.51, ""offer_id"": ""OFR-0047"", ""redemption_id"": ""RED-000282"", ""transaction_id"": ""TXN-0009070""}"
AUD-0001834,SYS-REDEEM,REDEMPTION_CONFIRMED,REDEMPTION,RED-000283,2026-04-28T09:45:04,"{""discount_applied"": 200.0, ""gross_bill_amount"": 1153.21, ""offer_id"": ""OFR-0047"", ""redemption_id"": ""RED-000283"", ""transaction_id"": ""TXN-0009076""}"
AUD-0001835,USR-MER-0007-01,VIEW_ANALYTICS,MERCHANT_DASHBOARD,MER-0007,2026-04-28T10:08:00,"{""filters_applied"": 0, ""view"": ""campaign_performance""}"
AUD-0001836,USR-MER-0011-01,LOGIN,MERCHANT_SESSION,MER-0011,2026-04-28T12:07:00,"{""method"": ""password+mfa"", ""outcome"": ""success""}"
AUD-0001837,USR-MER-0002-01,LOGIN,MERCHANT_SESSION,MER-0002,2026-04-28T12:18:00,"{""method"": ""password+mfa"", ""outcome"": ""success""}"
AUD-0001838,SYS-REDEEM,REDEMPTION_CONFIRMED,REDEMPTION,RED-000284,2026-04-28T12:20:50,"{""discount_applied"": 100.0, ""gross_bill_amount"": 950.0, ""offer_id"": ""OFR-0094"", ""redemption_id"": ""RED-000284"", ""transaction_id"": ""TXN-0009093""}"
AUD-0001839,SYS-REDEEM,REDEMPTION_CONFIRMED,REDEMPTION,RED-000285,2026-04-28T12:25:54,"{""discount_applied"": 100.0, ""gross_bill_amount"": 848.49, ""offer_id"": ""OFR-0094"", ""redemption_id"": ""RED-000285"", ""transaction_id"": ""TXN-0009094""}"
AUD-0001840,USR-MER-0017-01,VIEW_ANALYTICS,MERCHANT_DASHBOARD,MER-0017,2026-04-28T14:02:00,"{""filters_applied"": 2, ""view"": ""customer_detail""}"
AUD-0001841,SYS-REDEEM,REDEMPTION_CONFIRMED,REDEMPTION,RED-000286,2026-04-28T15:17:57,"{""discount_applied"": 200.0, ""gross_bill_amount"": 1149.82, ""offer_id"": ""OFR-0047"", ""redemption_id"": ""RED-000286"", ""transaction_id"": ""TXN-0009107""}"
AUD-0001842,USR-MER-0009-01,LOGIN,MERCHANT_SESSION,MER-0009,2026-04-28T18:59:00,"{""method"": ""password+mfa"", ""outcome"": ""success""}"
AUD-0001843,SYS-REDEEM,REDEMPTION_CONFIRMED,REDEMPTION,RED-000287,2026-04-28T19:33:19,"{""discount_applied"": 200.0, ""gross_bill_amount"": 1135.43, ""offer_id"": ""OFR-0047"", ""redemption_id"": ""RED-000287"", ""transaction_id"": ""TXN-0009134""}"
AUD-0001844,SYS-REDEEM,REDEMPTION_CONFIRMED,REDEMPTION,RED-000288,2026-04-29T01:59:01,"{""discount_applied"": 200.0, ""gross_bill_amount"": 2123.0, ""offer_id"": ""OFR-0047"", ""redemption_id"": ""RED-000288"", ""transaction_id"": ""TXN-0009148""}"
AUD-0001845,SYS-REDEEM,REDEMPTION_CONFIRMED,REDEMPTION,RED-000289,2026-04-29T08:55:00,"{""discount_applied"": 44.77, ""gross_bill_amount"": 895.43, ""offer_id"": ""OFR-0072"", ""redemption_id"": ""RED-000289"", ""transaction_id"": ""TXN-0009156""}"
AUD-0001846,SYS-AI-COPY,GENERATE_AI_CONTENT,CAMPAIGN,CPN-0056,2026-04-29T09:37:00,"{""model"": ""mock-copywriter-v2"", ""output_chars"": 170, ""prompt_version"": ""p1.2""}"
AUD-0001847,SYS-REDEEM,REDEMPTION_CONFIRMED,REDEMPTION,RED-000290,2026-04-29T09:58:36,"{""discount_applied"": 100.0, ""gross_bill_amount"": 700.0, ""offer_id"": ""OFR-0094"", ""redemption_id"": ""RED-000290"", ""transaction_id"": ""TXN-0009164""}"
AUD-0001848,USR-MER-0012-01,CREATE_CAMPAIGN,CAMPAIGN,CPN-0056,2026-04-29T10:15:00,"{""merchant_id"": ""MER-0012"", ""objective"": ""REACTIVATE_INACTIVE"", ""offer_id"": ""OFR-0076""}"
AUD-0001849,SYS-REDEEM,REDEMPTION_CONFIRMED,REDEMPTION,RED-000291,2026-04-29T14:13:40,"{""discount_applied"": 115.3, ""gross_bill_amount"": 2306.0, ""offer_id"": ""OFR-0072"", ""redemption_id"": ""RED-000291"", ""transaction_id"": ""TXN-0009181""}"
AUD-0001850,USR-MER-0006-01,CREATE_CAMPAIGN,CAMPAIGN,CPN-0034,2026-04-29T16:48:00,"{""merchant_id"": ""MER-0006"", ""objective"": ""PROMOTE_HIGH_VALUE_OFFER"", ""offer_id"": ""OFR-0054""}"
AUD-0001851,SYS-AI-COPY,GENERATE_AI_CONTENT,CAMPAIGN,CPN-0034,2026-04-29T17:12:00,"{""model"": ""mock-copywriter-v2"", ""output_chars"": 135, ""prompt_version"": ""p2.0""}"
AUD-0001852,SYS-REDEEM,REDEMPTION_CONFIRMED,REDEMPTION,RED-000292,2026-04-29T21:54:36,"{""discount_applied"": 100.0, ""gross_bill_amount"": 1128.09, ""offer_id"": ""OFR-0094"", ""redemption_id"": ""RED-000292"", ""transaction_id"": ""TXN-0009215""}"
AUD-0001853,SYS-REDEEM,REDEMPTION_CONFIRMED,REDEMPTION,RED-000293,2026-04-30T01:59:18,"{""discount_applied"": 100.0, ""gross_bill_amount"": 700.0, ""offer_id"": ""OFR-0094"", ""redemption_id"": ""RED-000293"", ""transaction_id"": ""TXN-0009217""}"
AUD-0001854,SYS-REDEEM,REDEMPTION_REJECTED,REDEMPTION,RED-000294,2026-04-30T02:59:18,"{""discount_applied"": 100.0, ""gross_bill_amount"": 700.0, ""offer_id"": ""OFR-0094"", ""reason"": ""DUPLICATE_REDEMPTION"", ""redemption_id"": ""RED-000294"", ""transaction_id"": ""TXN-0009217""}"
AUD-0001855,SYS-REDEEM,REDEMPTION_CONFIRMED,REDEMPTION,RED-000295,2026-04-30T08:13:50,"{""discount_applied"": 100.0, ""gross_bill_amount"": 707.0, ""offer_id"": ""OFR-0094"", ""redemption_id"": ""RED-000295"", ""transaction_id"": ""TXN-0009221""}"
AUD-0001856,SYS-REDEEM,REDEMPTION_CONFIRMED,REDEMPTION,RED-000296,2026-05-01T06:34:06,"{""discount_applied"": 100.0, ""gross_bill_amount"": 1123.3, ""offer_id"": ""OFR-0094"", ""redemption_id"": ""RED-000296"", ""transaction_id"": ""TXN-0009280""}"
AUD-0001857,USR-MER-0006-01,APPROVE_CAMPAIGN,CAMPAIGN,CPN-0034,2026-05-01T07:21:00,"{""campaign_id"": ""CPN-0034""}"
AUD-0001858,USR-MER-0014-01,LOGIN,MERCHANT_SESSION,MER-0014,2026-05-01T08:48:00,"{""method"": ""password+mfa"", ""outcome"": ""success""}"
AUD-0001859,USR-MER-0010-01,LOGIN,MERCHANT_SESSION,MER-0010,2026-05-01T09:15:00,"{""method"": ""password+mfa"", ""outcome"": ""success""}"
AUD-0001860,USR-MER-0012-01,APPROVE_CAMPAIGN,CAMPAIGN,CPN-0056,2026-05-01T09:44:00,"{""campaign_id"": ""CPN-0056""}"
AUD-0001861,USR-MER-0018-01,LOGIN,MERCHANT_SESSION,MER-0018,2026-05-01T10:00:00,"{""method"": ""password+mfa"", ""outcome"": ""success""}"
AUD-0001862,USR-MER-0007-01,LOGIN,MERCHANT_SESSION,MER-0007,2026-05-01T10:25:00,"{""method"": ""password+mfa"", ""outcome"": ""success""}"
AUD-0001863,USR-MER-0011-01,VIEW_ANALYTICS,MERCHANT_DASHBOARD,MER-0011,2026-05-01T12:20:00,"{""filters_applied"": 4, ""view"": ""segmentation""}"
AUD-0001864,USR-MER-0010-01,VIEW_ANALYTICS,MERCHANT_DASHBOARD,MER-0010,2026-05-01T14:18:00,"{""filters_applied"": 3, ""view"": ""redemption_log""}"
AUD-0001865,USR-MER-0017-01,VIEW_ANALYTICS,MERCHANT_DASHBOARD,MER-0017,2026-05-01T14:59:00,"{""filters_applied"": 2, ""view"": ""segmentation""}"
AUD-0001866,SYS-REDEEM,REDEMPTION_CONFIRMED,REDEMPTION,RED-000297,2026-05-01T15:04:29,"{""discount_applied"": 200.0, ""gross_bill_amount"": 1801.7, ""offer_id"": ""OFR-0047"", ""redemption_id"": ""RED-000297"", ""transaction_id"": ""TXN-0009309""}"
AUD-0001867,USR-MER-0002-01,VIEW_ANALYTICS,MERCHANT_DASHBOARD,MER-0002,2026-05-01T15:51:00,"{""filters_applied"": 2, ""view"": ""customer_detail""}"
AUD-0001868,USR-MER-0018-01,VIEW_ANALYTICS,MERCHANT_DASHBOARD,MER-0018,2026-05-01T16:07:00,"{""filters_applied"": 1, ""view"": ""redemption_log""}"
AUD-0001869,SYS-REDEEM,REDEMPTION_CONFIRMED,REDEMPTION,RED-000298,2026-05-01T16:53:48,"{""discount_applied"": 200.0, ""gross_bill_amount"": 1061.89, ""offer_id"": ""OFR-0047"", ""redemption_id"": ""RED-000298"", ""transaction_id"": ""TXN-0009313""}"
AUD-0001870,USR-MER-0007-01,VIEW_ANALYTICS,MERCHANT_DASHBOARD,MER-0007,2026-05-01T18:48:00,"{""filters_applied"": 3, ""view"": ""campaign_performance""}"
AUD-0001871,USR-MER-0013-01,LOGIN,MERCHANT_SESSION,MER-0013,2026-05-01T19:02:00,"{""method"": ""password+mfa"", ""outcome"": ""success""}"
AUD-0001872,USR-MER-0011-01,VIEW_ANALYTICS,MERCHANT_DASHBOARD,MER-0011,2026-05-01T20:22:00,"{""filters_applied"": 0, ""view"": ""redemption_log""}"
AUD-0001873,SYS-REDEEM,REDEMPTION_CONFIRMED,REDEMPTION,RED-000299,2026-05-02T06:15:46,"{""discount_applied"": 40.84, ""gross_bill_amount"": 816.86, ""offer_id"": ""OFR-0072"", ""redemption_id"": ""RED-000299"", ""transaction_id"": ""TXN-0009338""}"
AUD-0001874,USR-MER-0006-01,VIEW_ANALYTICS,MERCHANT_DASHBOARD,MER-0006,2026-05-02T09:52:00,"{""filters_applied"": 2, ""view"": ""campaign_performance""}"
AUD-0001875,USR-MER-0018-01,LOGIN,MERCHANT_SESSION,MER-0018,2026-05-02T10:14:00,"{""method"": ""password+mfa"", ""outcome"": ""success""}"
AUD-0001876,USR-MER-0004-01,LOGIN,MERCHANT_SESSION,MER-0004,2026-05-02T10:35:00,"{""method"": ""password+mfa"", ""outcome"": ""success""}"
AUD-0001877,USR-MER-0004-01,VIEW_ANALYTICS,MERCHANT_DASHBOARD,MER-0004,2026-05-02T11:12:00,"{""filters_applied"": 0, ""view"": ""customer_detail""}"
AUD-0001878,USR-MER-0018-01,LOGIN,MERCHANT_SESSION,MER-0018,2026-05-02T11:16:00,"{""method"": ""password+mfa"", ""outcome"": ""success""}"
AUD-0001879,USR-MER-0017-01,LOGIN,MERCHANT_SESSION,MER-0017,2026-05-02T11:51:00,"{""method"": ""password+mfa"", ""outcome"": ""success""}"
AUD-0001880,USR-MER-0006-01,LOGIN,MERCHANT_SESSION,MER-0006,2026-05-02T12:25:00,"{""method"": ""password+mfa"", ""outcome"": ""success""}"
AUD-0001881,USR-MER-0012-01,VIEW_ANALYTICS,MERCHANT_DASHBOARD,MER-0012,2026-05-02T14:35:00,"{""filters_applied"": 4, ""view"": ""segmentation""}"
AUD-0001882,USR-MER-0003-01,VIEW_ANALYTICS,MERCHANT_DASHBOARD,MER-0003,2026-05-02T16:00:00,"{""filters_applied"": 3, ""view"": ""customer_detail""}"
AUD-0001883,USR-MER-0014-01,VIEW_ANALYTICS,MERCHANT_DASHBOARD,MER-0014,2026-05-02T16:03:00,"{""filters_applied"": 0, ""view"": ""customer_detail""}"
AUD-0001884,USR-MER-0002-01,VIEW_ANALYTICS,MERCHANT_DASHBOARD,MER-0002,2026-05-02T16:18:00,"{""filters_applied"": 1, ""view"": ""redemption_log""}"
AUD-0001885,USR-MER-0014-01,LOGIN,MERCHANT_SESSION,MER-0014,2026-05-02T17:29:00,"{""method"": ""password+mfa"", ""outcome"": ""success""}"
AUD-0001886,USR-MER-0012-01,VIEW_ANALYTICS,MERCHANT_DASHBOARD,MER-0012,2026-05-02T18:12:00,"{""filters_applied"": 2, ""view"": ""campaign_performance""}"
AUD-0001887,USR-MER-0008-01,VIEW_ANALYTICS,MERCHANT_DASHBOARD,MER-0008,2026-05-02T19:30:00,"{""filters_applied"": 0, ""view"": ""campaign_performance""}"
AUD-0001888,SYS-REDEEM,REDEMPTION_CONFIRMED,REDEMPTION,RED-000300,2026-05-02T19:43:52,"{""discount_applied"": 100.0, ""gross_bill_amount"": 1061.14, ""offer_id"": ""OFR-0094"", ""redemption_id"": ""RED-000300"", ""transaction_id"": ""TXN-0009405""}"
AUD-0001889,USR-MER-0010-01,VIEW_ANALYTICS,MERCHANT_DASHBOARD,MER-0010,2026-05-02T21:30:00,"{""filters_applied"": 3, ""view"": ""segmentation""}"
AUD-0001890,SYS-REDEEM,REDEMPTION_CONFIRMED,REDEMPTION,RED-000301,2026-05-03T04:59:52,"{""discount_applied"": 100.0, ""gross_bill_amount"": 700.0, ""offer_id"": ""OFR-0094"", ""redemption_id"": ""RED-000301"", ""transaction_id"": ""TXN-0009415""}"
AUD-0001891,USR-MER-0015-01,LOGIN,MERCHANT_SESSION,MER-0015,2026-05-03T09:13:00,"{""method"": ""password+mfa"", ""outcome"": ""success""}"
AUD-0001892,USR-MER-0014-01,LOGIN,MERCHANT_SESSION,MER-0014,2026-05-03T11:26:00,"{""method"": ""password+mfa"", ""outcome"": ""success""}"
AUD-0001893,USR-MER-0017-01,VIEW_ANALYTICS,MERCHANT_DASHBOARD,MER-0017,2026-05-03T12:25:00,"{""filters_applied"": 2, ""view"": ""segmentation""}"
AUD-0001894,USR-MER-0006-01,LAUNCH_CAMPAIGN,CAMPAIGN,CPN-0031,2026-05-03T12:46:00,"{""campaign_id"": ""CPN-0031""}"
AUD-0001895,USR-MER-0015-01,LOGIN,MERCHANT_SESSION,MER-0015,2026-05-03T15:11:00,"{""method"": ""password+mfa"", ""outcome"": ""success""}"
AUD-0001896,SYS-REDEEM,REDEMPTION_CONFIRMED,REDEMPTION,RED-000302,2026-05-03T15:20:05,"{""discount_applied"": 100.0, ""gross_bill_amount"": 718.26, ""offer_id"": ""OFR-0094"", ""redemption_id"": ""RED-000302"", ""transaction_id"": ""TXN-0009448""}"
AUD-0001897,USR-MER-0007-01,LOGIN,MERCHANT_SESSION,MER-0007,2026-05-03T15:36:00,"{""method"": ""password+mfa"", ""outcome"": ""success""}"
AUD-0001898,USR-MER-0006-01,VIEW_ANALYTICS,MERCHANT_DASHBOARD,MER-0006,2026-05-03T15:52:00,"{""filters_applied"": 3, ""view"": ""customer_detail""}"
AUD-0001899,USR-MER-0018-01,LOGIN,MERCHANT_SESSION,MER-0018,2026-05-03T16:48:00,"{""method"": ""password+mfa"", ""outcome"": ""success""}"
AUD-0001900,USR-MER-0011-01,LOGIN,MERCHANT_SESSION,MER-0011,2026-05-03T18:52:00,"{""method"": ""password+mfa"", ""outcome"": ""success""}"
AUD-0001901,USR-MER-0017-01,VIEW_ANALYTICS,MERCHANT_DASHBOARD,MER-0017,2026-05-03T19:02:00,"{""filters_applied"": 2, ""view"": ""segmentation""}"
AUD-0001902,USR-MER-0001-01,LOGIN,MERCHANT_SESSION,MER-0001,2026-05-03T20:21:00,"{""method"": ""password+mfa"", ""outcome"": ""success""}"
AUD-0001903,SYS-REDEEM,REDEMPTION_CONFIRMED,REDEMPTION,RED-000303,2026-05-04T08:59:23,"{""discount_applied"": 350.0, ""gross_bill_amount"": 934.45, ""offer_id"": ""OFR-0051"", ""redemption_id"": ""RED-000303"", ""transaction_id"": ""TXN-0009482""}"
AUD-0001904,USR-MER-0012-01,VIEW_ANALYTICS,MERCHANT_DASHBOARD,MER-0012,2026-05-04T09:35:00,"{""filters_applied"": 4, ""view"": ""redemption_log""}"
AUD-0001905,USR-MER-0007-01,LOGIN,MERCHANT_SESSION,MER-0007,2026-05-04T10:22:00,"{""method"": ""password+mfa"", ""outcome"": ""success""}"
AUD-0001906,SYS-REDEEM,REDEMPTION_CONFIRMED,REDEMPTION,RED-000304,2026-05-04T12:56:22,"{""discount_applied"": 350.0, ""gross_bill_amount"": 1041.55, ""offer_id"": ""OFR-0051"", ""redemption_id"": ""RED-000304"", ""transaction_id"": ""TXN-0009504""}"
AUD-0001907,USR-MER-0012-01,LAUNCH_CAMPAIGN,CAMPAIGN,CPN-0056,2026-05-04T16:11:00,"{""campaign_id"": ""CPN-0056""}"
AUD-0001908,USR-MER-0006-01,VIEW_ANALYTICS,MERCHANT_DASHBOARD,MER-0006,2026-05-04T16:30:00,"{""filters_applied"": 3, ""view"": ""segmentation""}"
AUD-0001909,USR-MER-0013-01,VIEW_ANALYTICS,MERCHANT_DASHBOARD,MER-0013,2026-05-04T19:15:00,"{""filters_applied"": 2, ""view"": ""segmentation""}"
AUD-0001910,USR-MER-0017-01,LOGIN,MERCHANT_SESSION,MER-0017,2026-05-04T19:34:00,"{""method"": ""password+mfa"", ""outcome"": ""success""}"
AUD-0001911,USR-MER-0001-01,VIEW_ANALYTICS,MERCHANT_DASHBOARD,MER-0001,2026-05-04T20:07:00,"{""filters_applied"": 2, ""view"": ""redemption_log""}"
AUD-0001912,USR-MER-0004-01,VIEW_ANALYTICS,MERCHANT_DASHBOARD,MER-0004,2026-05-04T20:18:00,"{""filters_applied"": 3, ""view"": ""campaign_performance""}"
AUD-0001913,USR-MER-0003-01,LOGIN,MERCHANT_SESSION,MER-0003,2026-05-04T20:29:00,"{""method"": ""password+mfa"", ""outcome"": ""success""}"
AUD-0001914,USR-MER-0013-01,LOGIN,MERCHANT_SESSION,MER-0013,2026-05-04T21:16:00,"{""method"": ""password+mfa"", ""outcome"": ""success""}"
AUD-0001915,SYS-REDEEM,REDEMPTION_CONFIRMED,REDEMPTION,RED-000305,2026-05-04T21:55:37,"{""discount_applied"": 556.72, ""gross_bill_amount"": 2783.59, ""offer_id"": ""OFR-0076"", ""redemption_id"": ""RED-000305"", ""transaction_id"": ""TXN-0009544""}"
AUD-0001916,SYS-REDEEM,REDEMPTION_CONFIRMED,REDEMPTION,RED-000306,2026-05-05T02:15:42,"{""discount_applied"": 328.47, ""gross_bill_amount"": 1642.36, ""offer_id"": ""OFR-0076"", ""redemption_id"": ""RED-000306"", ""transaction_id"": ""TXN-0009545""}"
AUD-0001917,SYS-REDEEM,REDEMPTION_CONFIRMED,REDEMPTION,RED-000307,2026-05-05T05:09:08,"{""discount_applied"": 410.39, ""gross_bill_amount"": 2051.96, ""offer_id"": ""OFR-0076"", ""redemption_id"": ""RED-000307"", ""transaction_id"": ""TXN-0009546""}"
AUD-0001918,SYS-REDEEM,REDEMPTION_CONFIRMED,REDEMPTION,RED-000308,2026-05-05T05:31:33,"{""discount_applied"": 389.0, ""gross_bill_amount"": 1945.01, ""offer_id"": ""OFR-0076"", ""redemption_id"": ""RED-000308"", ""transaction_id"": ""TXN-0009547""}"
AUD-0001919,SYS-AI-COPY,GENERATE_AI_CONTENT,CAMPAIGN,CPN-0066,2026-05-05T08:51:00,"{""model"": ""mock-copywriter-v1"", ""output_chars"": 264, ""prompt_version"": ""p1.1""}"
AUD-0001920,USR-MER-0009-01,VIEW_ANALYTICS,MERCHANT_DASHBOARD,MER-0009,2026-05-05T09:01:00,"{""filters_applied"": 4, ""view"": ""segmentation""}"
AUD-0001921,SYS-REDEEM,REDEMPTION_CONFIRMED,REDEMPTION,RED-000309,2026-05-05T09:06:31,"{""discount_applied"": 430.05, ""gross_bill_amount"": 2150.23, ""offer_id"": ""OFR-0076"", ""redemption_id"": ""RED-000309"", ""transaction_id"": ""TXN-0009555""}"
AUD-0001922,USR-MER-0015-01,CREATE_CAMPAIGN,CAMPAIGN,CPN-0066,2026-05-05T09:24:00,"{""merchant_id"": ""MER-0015"", ""objective"": ""REWARD_FREQUENT_CUSTOMERS"", ""offer_id"": ""OFR-0086""}"
AUD-0001923,USR-MER-0005-01,LOGIN,MERCHANT_SESSION,MER-0005,2026-05-05T10:20:00,"{""method"": ""password+mfa"", ""outcome"": ""success""}"
AUD-0001924,USR-MER-0018-01,LAUNCH_CAMPAIGN,CAMPAIGN,CPN-0077,2026-05-05T10:32:00,"{""campaign_id"": ""CPN-0077""}"
AUD-0001925,SYS-REDEEM,REDEMPTION_CONFIRMED,REDEMPTION,RED-000310,2026-05-05T12:19:23,"{""discount_applied"": 350.0, ""gross_bill_amount"": 705.0, ""offer_id"": ""OFR-0051"", ""redemption_id"": ""RED-000310"", ""transaction_id"": ""TXN-0009568""}"
AUD-0001926,USR-MER-0017-01,VIEW_ANALYTICS,MERCHANT_DASHBOARD,MER-0017,2026-05-05T12:27:00,"{""filters_applied"": 1, ""view"": ""segmentation""}"
AUD-0001927,USR-MER-0004-01,VIEW_ANALYTICS,MERCHANT_DASHBOARD,MER-0004,2026-05-05T12:45:00,"{""filters_applied"": 3, ""view"": ""customer_detail""}"
AUD-0001928,USR-MER-0017-01,VIEW_ANALYTICS,MERCHANT_DASHBOARD,MER-0017,2026-05-05T14:26:00,"{""filters_applied"": 3, ""view"": ""campaign_performance""}"
AUD-0001929,USR-MER-0007-01,LOGIN,MERCHANT_SESSION,MER-0007,2026-05-05T14:58:00,"{""method"": ""password+mfa"", ""outcome"": ""success""}"
AUD-0001930,SYS-REDEEM,REDEMPTION_CONFIRMED,REDEMPTION,RED-000311,2026-05-05T14:58:27,"{""discount_applied"": 311.64, ""gross_bill_amount"": 1558.18, ""offer_id"": ""OFR-0076"", ""redemption_id"": ""RED-000311"", ""transaction_id"": ""TXN-0009586""}"
AUD-0001931,USR-MER-0001-01,VIEW_ANALYTICS,MERCHANT_DASHBOARD,MER-0001,2026-05-05T15:00:00,"{""filters_applied"": 0, ""view"": ""campaign_performance""}"
AUD-0001932,SYS-REDEEM,REDEMPTION_CONFIRMED,REDEMPTION,RED-000312,2026-05-05T16:02:47,"{""discount_applied"": 400.0, ""gross_bill_amount"": 2564.0, ""offer_id"": ""OFR-0097"", ""redemption_id"": ""RED-000312"", ""transaction_id"": ""TXN-0009591""}"
AUD-0001933,USR-MER-0005-01,LOGIN,MERCHANT_SESSION,MER-0005,2026-05-05T16:05:00,"{""method"": ""password+mfa"", ""outcome"": ""success""}"
AUD-0001934,USR-MER-0002-01,LOGIN,MERCHANT_SESSION,MER-0002,2026-05-05T16:31:00,"{""method"": ""password+mfa"", ""outcome"": ""success""}"
AUD-0001935,SYS-REDEEM,REDEMPTION_REJECTED,REDEMPTION,RED-000313,2026-05-05T17:06:47,"{""discount_applied"": 400.0, ""gross_bill_amount"": 2564.0, ""offer_id"": ""OFR-0097"", ""reason"": ""DUPLICATE_REDEMPTION"", ""redemption_id"": ""RED-000313"", ""transaction_id"": ""TXN-0009591""}"
AUD-0001936,USR-MER-0010-01,LOGIN,MERCHANT_SESSION,MER-0010,2026-05-05T18:31:00,"{""method"": ""password+mfa"", ""outcome"": ""success""}"
AUD-0001937,USR-MER-0012-01,LOGIN,MERCHANT_SESSION,MER-0012,2026-05-05T18:41:00,"{""method"": ""password+mfa"", ""outcome"": ""success""}"
AUD-0001938,USR-MER-0010-01,LOGIN,MERCHANT_SESSION,MER-0010,2026-05-05T18:58:00,"{""method"": ""password+mfa"", ""outcome"": ""success""}"
AUD-0001939,USR-MER-0010-01,LOGIN,MERCHANT_SESSION,MER-0010,2026-05-05T19:02:00,"{""method"": ""password+mfa"", ""outcome"": ""success""}"
AUD-0001940,USR-MER-0018-01,VIEW_ANALYTICS,MERCHANT_DASHBOARD,MER-0018,2026-05-05T20:06:00,"{""filters_applied"": 4, ""view"": ""segmentation""}"
AUD-0001941,USR-MER-0009-01,VIEW_ANALYTICS,MERCHANT_DASHBOARD,MER-0009,2026-05-05T20:18:00,"{""filters_applied"": 1, ""view"": ""customer_detail""}"
AUD-0001942,SYS-REDEEM,REDEMPTION_CONFIRMED,REDEMPTION,RED-000314,2026-05-05T20:40:39,"{""discount_applied"": 350.0, ""gross_bill_amount"": 1110.81, ""offer_id"": ""OFR-0051"", ""redemption_id"": ""RED-000314"", ""transaction_id"": ""TXN-0009613""}"
AUD-0001943,USR-MER-0001-01,LOGIN,MERCHANT_SESSION,MER-0001,2026-05-05T20:46:00,"{""method"": ""password+mfa"", ""outcome"": ""success""}"
AUD-0001944,USR-MER-0010-01,VIEW_ANALYTICS,MERCHANT_DASHBOARD,MER-0010,2026-05-05T21:03:00,"{""filters_applied"": 3, ""view"": ""redemption_log""}"
AUD-0001945,SYS-REDEEM,REDEMPTION_CONFIRMED,REDEMPTION,RED-000315,2026-05-05T21:53:31,"{""discount_applied"": 400.0, ""gross_bill_amount"": 1436.0, ""offer_id"": ""OFR-0097"", ""redemption_id"": ""RED-000315"", ""transaction_id"": ""TXN-0009618""}"
AUD-0001946,SYS-REDEEM,REDEMPTION_CONFIRMED,REDEMPTION,RED-000316,2026-05-05T23:02:00,"{""discount_applied"": 400.0, ""gross_bill_amount"": 522.26, ""offer_id"": ""OFR-0097"", ""redemption_id"": ""RED-000316"", ""transaction_id"": ""TXN-0009620""}"
AUD-0001947,SYS-REDEEM,REDEMPTION_REJECTED,REDEMPTION,RED-000317,2026-05-05T23:16:31,"{""discount_applied"": 400.0, ""gross_bill_amount"": 1436.0, ""offer_id"": ""OFR-0097"", ""reason"": ""DUPLICATE_REDEMPTION"", ""redemption_id"": ""RED-000317"", ""transaction_id"": ""TXN-0009618""}"
AUD-0001948,SYS-REDEEM,REDEMPTION_CONFIRMED,REDEMPTION,RED-000318,2026-05-06T00:19:15,"{""discount_applied"": 400.0, ""gross_bill_amount"": 527.05, ""offer_id"": ""OFR-0097"", ""redemption_id"": ""RED-000318"", ""transaction_id"": ""TXN-0009621""}"
AUD-0001949,SYS-REDEEM,REDEMPTION_CONFIRMED,REDEMPTION,RED-000319,2026-05-06T04:33:11,"{""discount_applied"": 400.0, ""gross_bill_amount"": 1333.0, ""offer_id"": ""OFR-0097"", ""redemption_id"": ""RED-000319"", ""transaction_id"": ""TXN-0009622""}"
AUD-0001950,SYS-REDEEM,REDEMPTION_CONFIRMED,REDEMPTION,RED-000320,2026-05-06T06:28:37,"{""discount_applied"": 350.0, ""gross_bill_amount"": 700.0, ""offer_id"": ""OFR-0051"", ""redemption_id"": ""RED-000320"", ""transaction_id"": ""TXN-0009625""}"
AUD-0001951,SYS-REDEEM,REDEMPTION_CONFIRMED,REDEMPTION,RED-000321,2026-05-06T07:05:59,"{""discount_applied"": 376.99, ""gross_bill_amount"": 1884.94, ""offer_id"": ""OFR-0076"", ""redemption_id"": ""RED-000321"", ""transaction_id"": ""TXN-0009626""}"
AUD-0001952,SYS-REDEEM,REDEMPTION_CONFIRMED,REDEMPTION,RED-000322,2026-05-06T08:11:56,"{""discount_applied"": 400.0, ""gross_bill_amount"": 612.46, ""offer_id"": ""OFR-0097"", ""redemption_id"": ""RED-000322"", ""transaction_id"": ""TXN-0009629""}"
AUD-0001953,SYS-REDEEM,REDEMPTION_CONFIRMED,REDEMPTION,RED-000323,2026-05-06T09:55:46,"{""discount_applied"": 514.36, ""gross_bill_amount"": 2571.78, ""offer_id"": ""OFR-0076"", ""redemption_id"": ""RED-000323"", ""transaction_id"": ""TXN-0009637""}"
AUD-0001954,SYS-REDEEM,REDEMPTION_CONFIRMED,REDEMPTION,RED-000324,2026-05-06T10:58:33,"{""discount_applied"": 400.0, ""gross_bill_amount"": 932.12, ""offer_id"": ""OFR-0097"", ""redemption_id"": ""RED-000324"", ""transaction_id"": ""TXN-0009645""}"
AUD-0001955,USR-MER-0012-01,LOGIN,MERCHANT_SESSION,MER-0012,2026-05-06T11:42:00,"{""method"": ""password+mfa"", ""outcome"": ""success""}"
AUD-0001956,USR-MER-0010-01,LOGIN,MERCHANT_SESSION,MER-0010,2026-05-06T11:50:00,"{""method"": ""password+mfa"", ""outcome"": ""success""}"
AUD-0001957,USR-MER-0003-01,LOGIN,MERCHANT_SESSION,MER-0003,2026-05-06T12:15:00,"{""method"": ""password+mfa"", ""outcome"": ""success""}"
AUD-0001958,USR-MER-0006-01,VIEW_ANALYTICS,MERCHANT_DASHBOARD,MER-0006,2026-05-06T14:02:00,"{""filters_applied"": 4, ""view"": ""segmentation""}"
AUD-0001959,SYS-REDEEM,REDEMPTION_CONFIRMED,REDEMPTION,RED-000325,2026-05-06T14:38:06,"{""discount_applied"": 400.0, ""gross_bill_amount"": 846.5, ""offer_id"": ""OFR-0097"", ""redemption_id"": ""RED-000325"", ""transaction_id"": ""TXN-0009661""}"
AUD-0001960,USR-MER-0003-01,VIEW_ANALYTICS,MERCHANT_DASHBOARD,MER-0003,2026-05-06T14:40:00,"{""filters_applied"": 1, ""view"": ""segmentation""}"
AUD-0001961,USR-MER-0015-01,APPROVE_CAMPAIGN,CAMPAIGN,CPN-0066,2026-05-06T14:43:00,"{""campaign_id"": ""CPN-0066""}"
AUD-0001962,USR-MER-0009-01,LOGIN,MERCHANT_SESSION,MER-0009,2026-05-06T15:50:00,"{""method"": ""password+mfa"", ""outcome"": ""success""}"
AUD-0001963,USR-MER-0005-01,LOGIN,MERCHANT_SESSION,MER-0005,2026-05-06T15:56:00,"{""method"": ""password+mfa"", ""outcome"": ""success""}"
AUD-0001964,SYS-REDEEM,REDEMPTION_CONFIRMED,REDEMPTION,RED-000326,2026-05-06T16:09:45,"{""discount_applied"": 316.23, ""gross_bill_amount"": 1581.13, ""offer_id"": ""OFR-0076"", ""redemption_id"": ""RED-000326"", ""transaction_id"": ""TXN-0009668""}"
AUD-0001965,USR-MER-0003-01,VIEW_ANALYTICS,MERCHANT_DASHBOARD,MER-0003,2026-05-06T17:40:00,"{""filters_applied"": 4, ""view"": ""segmentation""}"
AUD-0001966,USR-MER-0014-01,VIEW_ANALYTICS,MERCHANT_DASHBOARD,MER-0014,2026-05-06T18:18:00,"{""filters_applied"": 0, ""view"": ""redemption_log""}"
AUD-0001967,USR-MER-0011-01,LOGIN,MERCHANT_SESSION,MER-0011,2026-05-06T19:04:00,"{""method"": ""password+mfa"", ""outcome"": ""success""}"
AUD-0001968,USR-MER-0013-01,VIEW_ANALYTICS,MERCHANT_DASHBOARD,MER-0013,2026-05-06T19:12:00,"{""filters_applied"": 0, ""view"": ""customer_detail""}"
AUD-0001969,USR-MER-0002-01,LOGIN,MERCHANT_SESSION,MER-0002,2026-05-06T20:02:00,"{""method"": ""password+mfa"", ""outcome"": ""success""}"
AUD-0001970,USR-MER-0011-01,VIEW_ANALYTICS,MERCHANT_DASHBOARD,MER-0011,2026-05-06T20:16:00,"{""filters_applied"": 2, ""view"": ""segmentation""}"
AUD-0001971,USR-MER-0011-01,VIEW_ANALYTICS,MERCHANT_DASHBOARD,MER-0011,2026-05-06T20:54:00,"{""filters_applied"": 3, ""view"": ""customer_detail""}"
AUD-0001972,SYS-REDEEM,REDEMPTION_CONFIRMED,REDEMPTION,RED-000327,2026-05-07T03:26:44,"{""discount_applied"": 400.0, ""gross_bill_amount"": 2050.0, ""offer_id"": ""OFR-0097"", ""redemption_id"": ""RED-000327"", ""transaction_id"": ""TXN-0009703""}"
AUD-0001973,SYS-REDEEM,REDEMPTION_CONFIRMED,REDEMPTION,RED-000328,2026-05-07T06:49:53,"{""discount_applied"": 800.0, ""gross_bill_amount"": 5000.0, ""offer_id"": ""OFR-0076"", ""redemption_id"": ""RED-000328"", ""transaction_id"": ""TXN-0009704""}"
AUD-0001974,SYS-REDEEM,REDEMPTION_CONFIRMED,REDEMPTION,RED-000329,2026-05-07T08:30:06,"{""discount_applied"": 400.0, ""gross_bill_amount"": 3227.75, ""offer_id"": ""OFR-0097"", ""redemption_id"": ""RED-000329"", ""transaction_id"": ""TXN-0009712""}"
AUD-0001975,USR-MER-0014-01,LOGIN,MERCHANT_SESSION,MER-0014,2026-05-07T08:52:00,"{""method"": ""password+mfa"", ""outcome"": ""success""}"
AUD-0001976,USR-MER-0007-01,LOGIN,MERCHANT_SESSION,MER-0007,2026-05-07T11:17:00,"{""method"": ""password+mfa"", ""outcome"": ""success""}"
AUD-0001977,SYS-REDEEM,REDEMPTION_CONFIRMED,REDEMPTION,RED-000330,2026-05-07T11:53:40,"{""discount_applied"": 548.72, ""gross_bill_amount"": 2743.6, ""offer_id"": ""OFR-0076"", ""redemption_id"": ""RED-000330"", ""transaction_id"": ""TXN-0009726""}"
AUD-0001978,SYS-REDEEM,REDEMPTION_REJECTED,REDEMPTION,RED-000331,2026-05-07T12:13:40,"{""discount_applied"": 548.72, ""gross_bill_amount"": 2743.6, ""offer_id"": ""OFR-0076"", ""reason"": ""DUPLICATE_REDEMPTION"", ""redemption_id"": ""RED-000331"", ""transaction_id"": ""TXN-0009726""}"
AUD-0001979,USR-MER-0005-01,VIEW_ANALYTICS,MERCHANT_DASHBOARD,MER-0005,2026-05-07T12:32:00,"{""filters_applied"": 3, ""view"": ""segmentation""}"
AUD-0001980,USR-MER-0017-01,LOGIN,MERCHANT_SESSION,MER-0017,2026-05-07T13:03:00,"{""method"": ""password+mfa"", ""outcome"": ""success""}"
AUD-0001981,USR-MER-0008-01,LOGIN,MERCHANT_SESSION,MER-0008,2026-05-07T13:48:00,"{""method"": ""password+mfa"", ""outcome"": ""success""}"
AUD-0001982,USR-MER-0013-01,LOGIN,MERCHANT_SESSION,MER-0013,2026-05-07T14:07:00,"{""method"": ""password+mfa"", ""outcome"": ""success""}"
AUD-0001983,USR-MER-0010-01,LOGIN,MERCHANT_SESSION,MER-0010,2026-05-07T14:13:00,"{""method"": ""password+mfa"", ""outcome"": ""success""}"
AUD-0001984,USR-MER-0017-01,LOGIN,MERCHANT_SESSION,MER-0017,2026-05-07T14:56:00,"{""method"": ""password+mfa"", ""outcome"": ""success""}"
AUD-0001985,SYS-REDEEM,REDEMPTION_CONFIRMED,REDEMPTION,RED-000332,2026-05-07T14:57:42,"{""discount_applied"": 400.0, ""gross_bill_amount"": 2371.0, ""offer_id"": ""OFR-0097"", ""redemption_id"": ""RED-000332"", ""transaction_id"": ""TXN-0009745""}"
AUD-0001986,USR-MER-0004-01,VIEW_ANALYTICS,MERCHANT_DASHBOARD,MER-0004,2026-05-07T15:18:00,"{""filters_applied"": 1, ""view"": ""segmentation""}"
AUD-0001987,USR-MER-0014-01,CREATE_OFFER,OFFER,OFR-0014,2026-05-07T15:25:00,"{""budget"": 28619.47, ""discount_type"": ""FIXED"", ""discount_value"": 1100.0, ""merchant_id"": ""MER-0014"", ""minimum_spend"": 1499.0}"
AUD-0001988,USR-MER-0004-01,VIEW_ANALYTICS,MERCHANT_DASHBOARD,MER-0004,2026-05-07T15:46:00,"{""filters_applied"": 1, ""view"": ""campaign_performance""}"
AUD-0001989,USR-MER-0011-01,LOGIN,MERCHANT_SESSION,MER-0011,2026-05-07T15:50:00,"{""method"": ""password+mfa"", ""outcome"": ""success""}"
AUD-0001990,USR-MER-0014-01,LOGIN,MERCHANT_SESSION,MER-0014,2026-05-07T16:10:00,"{""method"": ""password+mfa"", ""outcome"": ""success""}"
AUD-0001991,USR-MER-0012-01,VIEW_ANALYTICS,MERCHANT_DASHBOARD,MER-0012,2026-05-07T16:13:00,"{""filters_applied"": 4, ""view"": ""redemption_log""}"
AUD-0001992,USR-MER-0006-01,LOGIN,MERCHANT_SESSION,MER-0006,2026-05-07T17:13:00,"{""method"": ""password+mfa"", ""outcome"": ""success""}"
AUD-0001993,USR-MER-0007-01,VIEW_ANALYTICS,MERCHANT_DASHBOARD,MER-0007,2026-05-07T18:21:00,"{""filters_applied"": 0, ""view"": ""segmentation""}"
AUD-0001994,USR-MER-0007-01,LOGIN,MERCHANT_SESSION,MER-0007,2026-05-07T18:23:00,"{""method"": ""password+mfa"", ""outcome"": ""success""}"
AUD-0001995,USR-MER-0008-01,LOGIN,MERCHANT_SESSION,MER-0008,2026-05-07T19:27:00,"{""method"": ""password+mfa"", ""outcome"": ""success""}"
AUD-0001996,SYS-REDEEM,REDEMPTION_CONFIRMED,REDEMPTION,RED-000333,2026-05-07T19:30:32,"{""discount_applied"": 350.0, ""gross_bill_amount"": 1321.84, ""offer_id"": ""OFR-0051"", ""redemption_id"": ""RED-000333"", ""transaction_id"": ""TXN-0009778""}"
AUD-0001997,USR-MER-0008-01,VIEW_ANALYTICS,MERCHANT_DASHBOARD,MER-0008,2026-05-07T19:58:00,"{""filters_applied"": 0, ""view"": ""redemption_log""}"
AUD-0001998,USR-MER-0016-01,LOGIN,MERCHANT_SESSION,MER-0016,2026-05-07T20:28:00,"{""method"": ""password+mfa"", ""outcome"": ""success""}"
AUD-0001999,USR-MER-0018-01,LOGIN,MERCHANT_SESSION,MER-0018,2026-05-07T21:18:00,"{""method"": ""password+mfa"", ""outcome"": ""success""}"
AUD-0002000,USR-MER-0001-01,LOGIN,MERCHANT_SESSION,MER-0001,2026-05-07T21:42:00,"{""method"": ""password+mfa"", ""outcome"": ""success""}"
AUD-0002001,SYS-REDEEM,REDEMPTION_CONFIRMED,REDEMPTION,RED-000334,2026-05-08T01:12:38,"{""discount_applied"": 400.0, ""gross_bill_amount"": 843.44, ""offer_id"": ""OFR-0097"", ""redemption_id"": ""RED-000334"", ""transaction_id"": ""TXN-0009788""}"
AUD-0002002,SYS-REDEEM,REDEMPTION_CONFIRMED,REDEMPTION,RED-000335,2026-05-08T03:09:50,"{""discount_applied"": 350.0, ""gross_bill_amount"": 795.86, ""offer_id"": ""OFR-0051"", ""redemption_id"": ""RED-000335"", ""transaction_id"": ""TXN-0009789""}"
AUD-0002003,SYS-REDEEM,REDEMPTION_REJECTED,REDEMPTION,RED-000336,2026-05-08T03:51:50,"{""discount_applied"": 350.0, ""gross_bill_amount"": 795.86, ""offer_id"": ""OFR-0051"", ""reason"": ""DUPLICATE_REDEMPTION"", ""redemption_id"": ""RED-000336"", ""transaction_id"": ""TXN-0009789""}"
AUD-0002004,SYS-REDEEM,REDEMPTION_CONFIRMED,REDEMPTION,RED-000337,2026-05-08T06:27:56,"{""discount_applied"": 468.83, ""gross_bill_amount"": 2344.14, ""offer_id"": ""OFR-0076"", ""redemption_id"": ""RED-000337"", ""transaction_id"": ""TXN-0009790""}"
AUD-0002005,USR-MER-0002-01,VIEW_ANALYTICS,MERCHANT_DASHBOARD,MER-0002,2026-05-08T08:16:00,"{""filters_applied"": 3, ""view"": ""redemption_log""}"
AUD-0002006,USR-MER-0003-01,LOGIN,MERCHANT_SESSION,MER-0003,2026-05-08T08:19:00,"{""method"": ""password+mfa"", ""outcome"": ""success""}"
AUD-0002007,SYS-REDEEM,REDEMPTION_CONFIRMED,REDEMPTION,RED-000338,2026-05-08T10:21:18,"{""discount_applied"": 491.87, ""gross_bill_amount"": 2459.33, ""offer_id"": ""OFR-0076"", ""redemption_id"": ""RED-000338"", ""transaction_id"": ""TXN-0009800""}"
AUD-0002008,USR-MER-0018-01,LOGIN,MERCHANT_SESSION,MER-0018,2026-05-08T11:54:00,"{""method"": ""password+mfa"", ""outcome"": ""success""}"
AUD-0002009,USR-MER-0009-01,LOGIN,MERCHANT_SESSION,MER-0009,2026-05-08T14:47:00,"{""method"": ""password+mfa"", ""outcome"": ""success""}"
AUD-0002010,USR-MER-0005-01,VIEW_ANALYTICS,MERCHANT_DASHBOARD,MER-0005,2026-05-08T15:03:00,"{""filters_applied"": 1, ""view"": ""customer_detail""}"
AUD-0002011,SYS-REDEEM,REDEMPTION_CONFIRMED,REDEMPTION,RED-000339,2026-05-08T15:19:18,"{""discount_applied"": 350.0, ""gross_bill_amount"": 1200.0, ""offer_id"": ""OFR-0051"", ""redemption_id"": ""RED-000339"", ""transaction_id"": ""TXN-0009823""}"
AUD-0002012,USR-MER-0005-01,LOGIN,MERCHANT_SESSION,MER-0005,2026-05-08T15:28:00,"{""method"": ""password+mfa"", ""outcome"": ""success""}"
AUD-0002013,USR-MER-0018-01,LOGIN,MERCHANT_SESSION,MER-0018,2026-05-08T16:15:00,"{""method"": ""password+mfa"", ""outcome"": ""success""}"
AUD-0002014,USR-MER-0006-01,VIEW_ANALYTICS,MERCHANT_DASHBOARD,MER-0006,2026-05-08T17:24:00,"{""filters_applied"": 1, ""view"": ""segmentation""}"
AUD-0002015,SYS-REDEEM,REDEMPTION_CONFIRMED,REDEMPTION,RED-000340,2026-05-08T18:41:40,"{""discount_applied"": 400.0, ""gross_bill_amount"": 2477.0, ""offer_id"": ""OFR-0097"", ""redemption_id"": ""RED-000340"", ""transaction_id"": ""TXN-0009840""}"
AUD-0002016,USR-MER-0009-01,LOGIN,MERCHANT_SESSION,MER-0009,2026-05-08T20:06:00,"{""method"": ""password+mfa"", ""outcome"": ""success""}"
AUD-0002017,USR-MER-0004-01,LOGIN,MERCHANT_SESSION,MER-0004,2026-05-08T20:13:00,"{""method"": ""password+mfa"", ""outcome"": ""success""}"
AUD-0002018,USR-MER-0009-01,VIEW_ANALYTICS,MERCHANT_DASHBOARD,MER-0009,2026-05-08T20:44:00,"{""filters_applied"": 2, ""view"": ""segmentation""}"
AUD-0002019,USR-MER-0006-01,LOGIN,MERCHANT_SESSION,MER-0006,2026-05-08T21:39:00,"{""method"": ""password+mfa"", ""outcome"": ""success""}"
AUD-0002020,USR-MER-0002-01,VIEW_ANALYTICS,MERCHANT_DASHBOARD,MER-0002,2026-05-08T21:57:00,"{""filters_applied"": 4, ""view"": ""customer_detail""}"
AUD-0002021,SYS-REDEEM,REDEMPTION_CONFIRMED,REDEMPTION,RED-000341,2026-05-08T22:01:39,"{""discount_applied"": 440.72, ""gross_bill_amount"": 2203.6, ""offer_id"": ""OFR-0076"", ""redemption_id"": ""RED-000341"", ""transaction_id"": ""TXN-0009857""}"
AUD-0002022,SYS-REDEEM,REDEMPTION_CONFIRMED,REDEMPTION,RED-000342,2026-05-09T05:09:54,"{""discount_applied"": 383.87, ""gross_bill_amount"": 1919.36, ""offer_id"": ""OFR-0076"", ""redemption_id"": ""RED-000342"", ""transaction_id"": ""TXN-0009858""}"
AUD-0002023,SYS-REDEEM,REDEMPTION_CONFIRMED,REDEMPTION,RED-000343,2026-05-09T05:15:21,"{""discount_applied"": 400.0, ""gross_bill_amount"": 1841.99, ""offer_id"": ""OFR-0097"", ""redemption_id"": ""RED-000343"", ""transaction_id"": ""TXN-0009859""}"
AUD-0002024,SYS-REDEEM,REDEMPTION_CONFIRMED,REDEMPTION,RED-000344,2026-05-09T05:17:15,"{""discount_applied"": 350.0, ""gross_bill_amount"": 700.0, ""offer_id"": ""OFR-0051"", ""redemption_id"": ""RED-000344"", ""transaction_id"": ""TXN-0009860""}"
AUD-0002025,SYS-AI-COPY,GENERATE_AI_CONTENT,CAMPAIGN,CPN-0045,2026-05-09T05:54:00,"{""model"": ""mock-copywriter-v2"", ""output_chars"": 250, ""prompt_version"": ""p1.2""}"
AUD-0002026,SYS-REDEEM,REDEMPTION_REJECTED,REDEMPTION,RED-000345,2026-05-09T05:54:15,"{""discount_applied"": 350.0, ""gross_bill_amount"": 700.0, ""offer_id"": ""OFR-0051"", ""reason"": ""DUPLICATE_REDEMPTION"", ""redemption_id"": ""RED-000345"", ""transaction_id"": ""TXN-0009860""}"
AUD-0002027,SYS-REDEEM,REDEMPTION_CONFIRMED,REDEMPTION,RED-000346,2026-05-09T06:28:55,"{""discount_applied"": 350.0, ""gross_bill_amount"": 1292.9, ""offer_id"": ""OFR-0051"", ""redemption_id"": ""RED-000346"", ""transaction_id"": ""TXN-0009861""}"
AUD-0002028,USR-MER-0009-01,CREATE_CAMPAIGN,CAMPAIGN,CPN-0045,2026-05-09T06:41:00,"{""merchant_id"": ""MER-0009"", ""objective"": ""SEASONAL_PROMOTION"", ""offer_id"": ""OFR-0065""}"
AUD-0002029,USR-MER-0012-01,LOGIN,MERCHANT_SESSION,MER-0012,2026-05-09T09:27:00,"{""method"": ""password+mfa"", ""outcome"": ""success""}"
AUD-0002030,SYS-REDEEM,REDEMPTION_CONFIRMED,REDEMPTION,RED-000347,2026-05-09T10:18:29,"{""discount_applied"": 400.0, ""gross_bill_amount"": 2248.0, ""offer_id"": ""OFR-0097"", ""redemption_id"": ""RED-000347"", ""transaction_id"": ""TXN-0009872""}"
AUD-0002031,USR-MER-0003-01,VIEW_ANALYTICS,MERCHANT_DASHBOARD,MER-0003,2026-05-09T12:49:00,"{""filters_applied"": 2, ""view"": ""segmentation""}"
AUD-0002032,SYS-REDEEM,REDEMPTION_CONFIRMED,REDEMPTION,RED-000348,2026-05-09T13:07:34,"{""discount_applied"": 350.0, ""gross_bill_amount"": 700.0, ""offer_id"": ""OFR-0051"", ""redemption_id"": ""RED-000348"", ""transaction_id"": ""TXN-0009885""}"
AUD-0002033,USR-MER-0012-01,VIEW_ANALYTICS,MERCHANT_DASHBOARD,MER-0012,2026-05-09T13:24:00,"{""filters_applied"": 2, ""view"": ""customer_detail""}"
AUD-0002034,USR-MER-0001-01,LOGIN,MERCHANT_SESSION,MER-0001,2026-05-09T13:29:00,"{""method"": ""password+mfa"", ""outcome"": ""success""}"
AUD-0002035,USR-MER-0003-01,LOGIN,MERCHANT_SESSION,MER-0003,2026-05-09T13:46:00,"{""method"": ""password+mfa"", ""outcome"": ""success""}"
AUD-0002036,USR-MER-0015-01,VIEW_ANALYTICS,MERCHANT_DASHBOARD,MER-0015,2026-05-09T13:49:00,"{""filters_applied"": 3, ""view"": ""segmentation""}"
AUD-0002037,SYS-REDEEM,REDEMPTION_CONFIRMED,REDEMPTION,RED-000349,2026-05-09T14:13:46,"{""discount_applied"": 400.0, ""gross_bill_amount"": 642.93, ""offer_id"": ""OFR-0097"", ""redemption_id"": ""RED-000349"", ""transaction_id"": ""TXN-0009890""}"
AUD-0002038,SYS-REDEEM,REDEMPTION_CONFIRMED,REDEMPTION,RED-000350,2026-05-09T14:17:41,"{""discount_applied"": 404.91, ""gross_bill_amount"": 2024.54, ""offer_id"": ""OFR-0076"", ""redemption_id"": ""RED-000350"", ""transaction_id"": ""TXN-0009893""}"
AUD-0002039,USR-MER-0004-01,LOGIN,MERCHANT_SESSION,MER-0004,2026-05-09T16:22:00,"{""method"": ""password+mfa"", ""outcome"": ""success""}"
AUD-0002040,SYS-REDEEM,REDEMPTION_CONFIRMED,REDEMPTION,RED-000351,2026-05-09T16:31:03,"{""discount_applied"": 314.06, ""gross_bill_amount"": 1570.32, ""offer_id"": ""OFR-0076"", ""redemption_id"": ""RED-000351"", ""transaction_id"": ""TXN-0009898""}"
AUD-0002041,USR-MER-0013-01,VIEW_ANALYTICS,MERCHANT_DASHBOARD,MER-0013,2026-05-09T16:35:00,"{""filters_applied"": 3, ""view"": ""customer_detail""}"
AUD-0002042,USR-MER-0011-01,LOGIN,MERCHANT_SESSION,MER-0011,2026-05-09T17:19:00,"{""method"": ""password+mfa"", ""outcome"": ""success""}"
AUD-0002043,USR-MER-0002-01,LOGIN,MERCHANT_SESSION,MER-0002,2026-05-09T18:33:00,"{""method"": ""password+mfa"", ""outcome"": ""success""}"
AUD-0002044,USR-MER-0002-01,CREATE_OFFER,OFFER,OFR-0002,2026-05-09T18:37:00,"{""budget"": 20159.94, ""discount_type"": ""FIXED"", ""discount_value"": 600.0, ""merchant_id"": ""MER-0002"", ""minimum_spend"": 1499.0}"
AUD-0002045,USR-MER-0015-01,LOGIN,MERCHANT_SESSION,MER-0015,2026-05-09T19:12:00,"{""method"": ""password+mfa"", ""outcome"": ""success""}"
AUD-0002046,SYS-REDEEM,REDEMPTION_CONFIRMED,REDEMPTION,RED-000352,2026-05-09T19:14:36,"{""discount_applied"": 350.0, ""gross_bill_amount"": 1007.63, ""offer_id"": ""OFR-0051"", ""redemption_id"": ""RED-000352"", ""transaction_id"": ""TXN-0009921""}"
AUD-0002047,USR-MER-0018-01,VIEW_ANALYTICS,MERCHANT_DASHBOARD,MER-0018,2026-05-09T19:45:00,"{""filters_applied"": 2, ""view"": ""redemption_log""}"
AUD-0002048,SYS-REDEEM,REDEMPTION_CONFIRMED,REDEMPTION,RED-000353,2026-05-09T22:13:31,"{""discount_applied"": 400.0, ""gross_bill_amount"": 3407.13, ""offer_id"": ""OFR-0097"", ""redemption_id"": ""RED-000353"", ""transaction_id"": ""TXN-0009941""}"
AUD-0002049,SYS-REDEEM,REDEMPTION_REJECTED,REDEMPTION,RED-000354,2026-05-09T23:06:00,"{""discount_applied"": 100.0, ""gross_bill_amount"": 819.0, ""offer_id"": ""OFR-0094"", ""reason"": ""OFFER_EXPIRED"", ""redemption_id"": ""RED-000354"", ""transaction_id"": ""TXN-0009942""}"
AUD-0002050,SYS-REDEEM,REDEMPTION_CONFIRMED,REDEMPTION,RED-000355,2026-05-10T08:20:58,"{""discount_applied"": 350.0, ""gross_bill_amount"": 841.48, ""offer_id"": ""OFR-0051"", ""redemption_id"": ""RED-000355"", ""transaction_id"": ""TXN-0009950""}"
AUD-0002051,USR-MER-0016-01,LOGIN,MERCHANT_SESSION,MER-0016,2026-05-10T08:43:00,"{""method"": ""password+mfa"", ""outcome"": ""success""}"
AUD-0002052,USR-MER-0018-01,VIEW_ANALYTICS,MERCHANT_DASHBOARD,MER-0018,2026-05-10T09:02:00,"{""filters_applied"": 4, ""view"": ""customer_detail""}"
AUD-0002053,USR-MER-0001-01,LOGIN,MERCHANT_SESSION,MER-0001,2026-05-10T09:38:00,"{""method"": ""password+mfa"", ""outcome"": ""success""}"
AUD-0002054,USR-MER-0009-01,APPROVE_CAMPAIGN,CAMPAIGN,CPN-0045,2026-05-10T09:41:00,"{""campaign_id"": ""CPN-0045""}"
AUD-0002055,USR-MER-0009-01,LOGIN,MERCHANT_SESSION,MER-0009,2026-05-10T10:34:00,"{""method"": ""password+mfa"", ""outcome"": ""success""}"
AUD-0002056,USR-MER-0001-01,VIEW_ANALYTICS,MERCHANT_DASHBOARD,MER-0001,2026-05-10T12:19:00,"{""filters_applied"": 4, ""view"": ""segmentation""}"
AUD-0002057,USR-MER-0011-01,VIEW_ANALYTICS,MERCHANT_DASHBOARD,MER-0011,2026-05-10T13:09:00,"{""filters_applied"": 2, ""view"": ""redemption_log""}"
AUD-0002058,USR-MER-0002-01,LOGIN,MERCHANT_SESSION,MER-0002,2026-05-10T13:53:00,"{""method"": ""password+mfa"", ""outcome"": ""success""}"
AUD-0002059,USR-MER-0006-01,VIEW_ANALYTICS,MERCHANT_DASHBOARD,MER-0006,2026-05-10T14:43:00,"{""filters_applied"": 3, ""view"": ""campaign_performance""}"
AUD-0002060,USR-MER-0016-01,VIEW_ANALYTICS,MERCHANT_DASHBOARD,MER-0016,2026-05-10T15:03:00,"{""filters_applied"": 3, ""view"": ""segmentation""}"
AUD-0002061,USR-MER-0016-01,VIEW_ANALYTICS,MERCHANT_DASHBOARD,MER-0016,2026-05-10T16:51:00,"{""filters_applied"": 3, ""view"": ""redemption_log""}"
AUD-0002062,USR-MER-0015-01,LOGIN,MERCHANT_SESSION,MER-0015,2026-05-10T17:37:00,"{""method"": ""password+mfa"", ""outcome"": ""success""}"
AUD-0002063,USR-MER-0006-01,LAUNCH_CAMPAIGN,CAMPAIGN,CPN-0034,2026-05-10T17:42:00,"{""campaign_id"": ""CPN-0034""}"
AUD-0002064,USR-MER-0014-01,VIEW_ANALYTICS,MERCHANT_DASHBOARD,MER-0014,2026-05-10T19:05:00,"{""filters_applied"": 1, ""view"": ""segmentation""}"
AUD-0002065,USR-MER-0014-01,VIEW_ANALYTICS,MERCHANT_DASHBOARD,MER-0014,2026-05-10T19:37:00,"{""filters_applied"": 0, ""view"": ""segmentation""}"
AUD-0002066,USR-MER-0009-01,LOGIN,MERCHANT_SESSION,MER-0009,2026-05-10T20:03:00,"{""method"": ""password+mfa"", ""outcome"": ""success""}"
AUD-0002067,SYS-REDEEM,REDEMPTION_CONFIRMED,REDEMPTION,RED-000356,2026-05-10T20:42:41,"{""discount_applied"": 508.42, ""gross_bill_amount"": 2542.12, ""offer_id"": ""OFR-0076"", ""redemption_id"": ""RED-000356"", ""transaction_id"": ""TXN-0009993""}"
AUD-0002068,USR-MER-0005-01,VIEW_ANALYTICS,MERCHANT_DASHBOARD,MER-0005,2026-05-11T09:13:00,"{""filters_applied"": 0, ""view"": ""customer_detail""}"
AUD-0002069,USR-MER-0018-01,VIEW_ANALYTICS,MERCHANT_DASHBOARD,MER-0018,2026-05-11T10:50:00,"{""filters_applied"": 1, ""view"": ""campaign_performance""}"
AUD-0002070,USR-MER-0002-01,LOGIN,MERCHANT_SESSION,MER-0002,2026-05-11T12:12:00,"{""method"": ""password+mfa"", ""outcome"": ""success""}"
AUD-0002071,USR-MER-0018-01,LOGIN,MERCHANT_SESSION,MER-0018,2026-05-11T12:18:00,"{""method"": ""password+mfa"", ""outcome"": ""success""}"
AUD-0002072,USR-MER-0003-01,LOGIN,MERCHANT_SESSION,MER-0003,2026-05-11T12:41:00,"{""method"": ""password+mfa"", ""outcome"": ""success""}"
AUD-0002073,SYS-REDEEM,REDEMPTION_CONFIRMED,REDEMPTION,RED-000357,2026-05-11T12:43:29,"{""discount_applied"": 150.0, ""gross_bill_amount"": 1690.59, ""offer_id"": ""OFR-0054"", ""redemption_id"": ""RED-000357"", ""transaction_id"": ""TXN-0010022""}"
AUD-0002074,USR-MER-0009-01,LOGIN,MERCHANT_SESSION,MER-0009,2026-05-11T13:16:00,"{""method"": ""password+mfa"", ""outcome"": ""success""}"
AUD-0002075,USR-MER-0008-01,LOGIN,MERCHANT_SESSION,MER-0008,2026-05-11T14:17:00,"{""method"": ""password+mfa"", ""outcome"": ""success""}"
AUD-0002076,USR-MER-0008-01,VIEW_ANALYTICS,MERCHANT_DASHBOARD,MER-0008,2026-05-11T15:09:00,"{""filters_applied"": 4, ""view"": ""campaign_performance""}"
AUD-0002077,USR-MER-0012-01,VIEW_ANALYTICS,MERCHANT_DASHBOARD,MER-0012,2026-05-11T16:41:00,"{""filters_applied"": 1, ""view"": ""campaign_performance""}"
AUD-0002078,USR-MER-0012-01,VIEW_ANALYTICS,MERCHANT_DASHBOARD,MER-0012,2026-05-11T16:45:00,"{""filters_applied"": 2, ""view"": ""segmentation""}"
AUD-0002079,USR-MER-0015-01,LOGIN,MERCHANT_SESSION,MER-0015,2026-05-11T17:50:00,"{""method"": ""password+mfa"", ""outcome"": ""success""}"
AUD-0002080,USR-MER-0009-01,LOGIN,MERCHANT_SESSION,MER-0009,2026-05-11T17:59:00,"{""method"": ""password+mfa"", ""outcome"": ""success""}"
AUD-0002081,SYS-REDEEM,REDEMPTION_CONFIRMED,REDEMPTION,RED-000358,2026-05-11T19:01:46,"{""discount_applied"": 400.0, ""gross_bill_amount"": 641.33, ""offer_id"": ""OFR-0097"", ""redemption_id"": ""RED-000358"", ""transaction_id"": ""TXN-0010048""}"
AUD-0002082,USR-MER-0010-01,VIEW_ANALYTICS,MERCHANT_DASHBOARD,MER-0010,2026-05-11T19:02:00,"{""filters_applied"": 3, ""view"": ""segmentation""}"
AUD-0002083,USR-MER-0011-01,VIEW_ANALYTICS,MERCHANT_DASHBOARD,MER-0011,2026-05-11T19:28:00,"{""filters_applied"": 3, ""view"": ""segmentation""}"
AUD-0002084,USR-MER-0005-01,VIEW_ANALYTICS,MERCHANT_DASHBOARD,MER-0005,2026-05-11T19:54:00,"{""filters_applied"": 4, ""view"": ""campaign_performance""}"
AUD-0002085,USR-MER-0015-01,VIEW_ANALYTICS,MERCHANT_DASHBOARD,MER-0015,2026-05-11T20:03:00,"{""filters_applied"": 3, ""view"": ""customer_detail""}"
AUD-0002086,USR-MER-0010-01,LOGIN,MERCHANT_SESSION,MER-0010,2026-05-11T20:17:00,"{""method"": ""password+mfa"", ""outcome"": ""success""}"
AUD-0002087,SYS-REDEEM,REDEMPTION_CONFIRMED,REDEMPTION,RED-000359,2026-05-11T20:41:53,"{""discount_applied"": 400.0, ""gross_bill_amount"": 926.5, ""offer_id"": ""OFR-0097"", ""redemption_id"": ""RED-000359"", ""transaction_id"": ""TXN-0010059""}"
AUD-0002088,USR-MER-0005-01,LOGIN,MERCHANT_SESSION,MER-0005,2026-05-11T20:53:00,"{""method"": ""password+mfa"", ""outcome"": ""success""}"
AUD-0002089,SYS-REDEEM,REDEMPTION_CONFIRMED,REDEMPTION,RED-000360,2026-05-11T23:46:14,"{""discount_applied"": 150.0, ""gross_bill_amount"": 2656.44, ""offer_id"": ""OFR-0054"", ""redemption_id"": ""RED-000360"", ""transaction_id"": ""TXN-0010061""}"
AUD-0002090,SYS-REDEEM,REDEMPTION_CONFIRMED,REDEMPTION,RED-000361,2026-05-12T04:10:18,"{""discount_applied"": 150.0, ""gross_bill_amount"": 2414.34, ""offer_id"": ""OFR-0054"", ""redemption_id"": ""RED-000361"", ""transaction_id"": ""TXN-0010062""}"
AUD-0002091,USR-MER-0017-01,VIEW_ANALYTICS,MERCHANT_DASHBOARD,MER-0017,2026-05-12T08:17:00,"{""filters_applied"": 3, ""view"": ""campaign_performance""}"
AUD-0002092,SYS-REDEEM,REDEMPTION_CONFIRMED,REDEMPTION,RED-000362,2026-05-12T08:25:15,"{""discount_applied"": 400.0, ""gross_bill_amount"": 542.18, ""offer_id"": ""OFR-0097"", ""redemption_id"": ""RED-000362"", ""transaction_id"": ""TXN-0010067""}"
AUD-0002093,USR-MER-0003-01,VIEW_ANALYTICS,MERCHANT_DASHBOARD,MER-0003,2026-05-12T08:30:00,"{""filters_applied"": 2, ""view"": ""redemption_log""}"
AUD-0002094,USR-MER-0001-01,VIEW_ANALYTICS,MERCHANT_DASHBOARD,MER-0001,2026-05-12T08:31:00,"{""filters_applied"": 1, ""view"": ""customer_detail""}"
AUD-0002095,USR-MER-0016-01,LOGIN,MERCHANT_SESSION,MER-0016,2026-05-12T08:48:00,"{""method"": ""password+mfa"", ""outcome"": ""success""}"
AUD-0002096,SYS-REDEEM,REDEMPTION_CONFIRMED,REDEMPTION,RED-000363,2026-05-12T08:58:30,"{""discount_applied"": 150.0, ""gross_bill_amount"": 2588.26, ""offer_id"": ""OFR-0054"", ""redemption_id"": ""RED-000363"", ""transaction_id"": ""TXN-0010069""}"
AUD-0002097,SYS-REDEEM,REDEMPTION_CONFIRMED,REDEMPTION,RED-000364,2026-05-12T09:13:21,"{""discount_applied"": 350.0, ""gross_bill_amount"": 840.32, ""offer_id"": ""OFR-0051"", ""redemption_id"": ""RED-000364"", ""transaction_id"": ""TXN-0010071""}"
AUD-0002098,SYS-REDEEM,REDEMPTION_CONFIRMED,REDEMPTION,RED-000365,2026-05-12T09:31:01,"{""discount_applied"": 400.0, ""gross_bill_amount"": 512.6, ""offer_id"": ""OFR-0097"", ""redemption_id"": ""RED-000365"", ""transaction_id"": ""TXN-0010073""}"
AUD-0002099,SYS-REDEEM,REDEMPTION_CONFIRMED,REDEMPTION,RED-000366,2026-05-12T09:34:13,"{""discount_applied"": 350.0, ""gross_bill_amount"": 928.14, ""offer_id"": ""OFR-0051"", ""redemption_id"": ""RED-000366"", ""transaction_id"": ""TXN-0010074""}"
AUD-0002100,SYS-REDEEM,REDEMPTION_REJECTED,REDEMPTION,RED-000367,2026-05-12T09:57:30,"{""discount_applied"": 150.0, ""gross_bill_amount"": 2588.26, ""offer_id"": ""OFR-0054"", ""reason"": ""DUPLICATE_REDEMPTION"", ""redemption_id"": ""RED-000367"", ""transaction_id"": ""TXN-0010069""}"
AUD-0002101,SYS-REDEEM,REDEMPTION_CONFIRMED,REDEMPTION,RED-000368,2026-05-12T10:43:32,"{""discount_applied"": 400.0, ""gross_bill_amount"": 670.71, ""offer_id"": ""OFR-0097"", ""redemption_id"": ""RED-000368"", ""transaction_id"": ""TXN-0010076""}"
AUD-0002102,SYS-REDEEM,REDEMPTION_CONFIRMED,REDEMPTION,RED-000369,2026-05-12T10:56:58,"{""discount_applied"": 150.0, ""gross_bill_amount"": 1500.0, ""offer_id"": ""OFR-0054"", ""redemption_id"": ""RED-000369"", ""transaction_id"": ""TXN-0010078""}"
AUD-0002103,USR-MER-0002-01,VIEW_ANALYTICS,MERCHANT_DASHBOARD,MER-0002,2026-05-12T11:13:00,"{""filters_applied"": 1, ""view"": ""segmentation""}"
AUD-0002104,USR-MER-0016-01,VIEW_ANALYTICS,MERCHANT_DASHBOARD,MER-0016,2026-05-12T11:54:00,"{""filters_applied"": 2, ""view"": ""campaign_performance""}"
AUD-0002105,SYS-REDEEM,REDEMPTION_REJECTED,REDEMPTION,RED-000370,2026-05-12T12:11:58,"{""discount_applied"": 150.0, ""gross_bill_amount"": 1500.0, ""offer_id"": ""OFR-0054"", ""reason"": ""DUPLICATE_REDEMPTION"", ""redemption_id"": ""RED-000370"", ""transaction_id"": ""TXN-0010078""}"
AUD-0002106,USR-MER-0003-01,VIEW_ANALYTICS,MERCHANT_DASHBOARD,MER-0003,2026-05-12T14:22:00,"{""filters_applied"": 1, ""view"": ""campaign_performance""}"
AUD-0002107,SYS-REDEEM,REDEMPTION_CONFIRMED,REDEMPTION,RED-000371,2026-05-12T15:20:32,"{""discount_applied"": 150.0, ""gross_bill_amount"": 1500.0, ""offer_id"": ""OFR-0054"", ""redemption_id"": ""RED-000371"", ""transaction_id"": ""TXN-0010106""}"
AUD-0002108,SYS-REDEEM,REDEMPTION_REJECTED,REDEMPTION,RED-000372,2026-05-12T16:25:32,"{""discount_applied"": 150.0, ""gross_bill_amount"": 1500.0, ""offer_id"": ""OFR-0054"", ""reason"": ""DUPLICATE_REDEMPTION"", ""redemption_id"": ""RED-000372"", ""transaction_id"": ""TXN-0010106""}"
AUD-0002109,USR-MER-0001-01,LOGIN,MERCHANT_SESSION,MER-0001,2026-05-12T16:26:00,"{""method"": ""password+mfa"", ""outcome"": ""success""}"
AUD-0002110,USR-MER-0014-01,LOGIN,MERCHANT_SESSION,MER-0014,2026-05-12T18:21:00,"{""method"": ""password+mfa"", ""outcome"": ""success""}"
AUD-0002111,USR-MER-0003-01,VIEW_ANALYTICS,MERCHANT_DASHBOARD,MER-0003,2026-05-12T18:59:00,"{""filters_applied"": 0, ""view"": ""campaign_performance""}"
AUD-0002112,USR-MER-0011-01,VIEW_ANALYTICS,MERCHANT_DASHBOARD,MER-0011,2026-05-12T19:14:00,"{""filters_applied"": 2, ""view"": ""campaign_performance""}"
AUD-0002113,USR-MER-0006-01,VIEW_ANALYTICS,MERCHANT_DASHBOARD,MER-0006,2026-05-12T19:24:00,"{""filters_applied"": 1, ""view"": ""customer_detail""}"
AUD-0002114,USR-MER-0010-01,VIEW_ANALYTICS,MERCHANT_DASHBOARD,MER-0010,2026-05-12T19:51:00,"{""filters_applied"": 1, ""view"": ""campaign_performance""}"
AUD-0002115,USR-MER-0007-01,LOGIN,MERCHANT_SESSION,MER-0007,2026-05-12T20:11:00,"{""method"": ""password+mfa"", ""outcome"": ""success""}"
AUD-0002116,USR-MER-0017-01,VIEW_ANALYTICS,MERCHANT_DASHBOARD,MER-0017,2026-05-12T20:56:00,"{""filters_applied"": 1, ""view"": ""segmentation""}"
AUD-0002117,USR-MER-0005-01,LOGIN,MERCHANT_SESSION,MER-0005,2026-05-12T21:35:00,"{""method"": ""password+mfa"", ""outcome"": ""success""}"
AUD-0002118,SYS-REDEEM,REDEMPTION_REJECTED,REDEMPTION,RED-000373,2026-05-12T21:45:00,"{""discount_applied"": 3854.0, ""gross_bill_amount"": 3854.0, ""offer_id"": ""OFR-0086"", ""reason"": ""OFFER_NOT_STARTED"", ""redemption_id"": ""RED-000373"", ""transaction_id"": ""TXN-0010142""}"
AUD-0002119,SYS-REDEEM,REDEMPTION_CONFIRMED,REDEMPTION,RED-000374,2026-05-12T22:15:38,"{""discount_applied"": 150.0, ""gross_bill_amount"": 1500.0, ""offer_id"": ""OFR-0054"", ""redemption_id"": ""RED-000374"", ""transaction_id"": ""TXN-0010143""}"
AUD-0002120,SYS-REDEEM,REDEMPTION_CONFIRMED,REDEMPTION,RED-000375,2026-05-13T06:43:05,"{""discount_applied"": 556.91, ""gross_bill_amount"": 2784.54, ""offer_id"": ""OFR-0076"", ""redemption_id"": ""RED-000375"", ""transaction_id"": ""TXN-0010144""}"
AUD-0002121,SYS-REDEEM,REDEMPTION_CONFIRMED,REDEMPTION,RED-000376,2026-05-13T08:00:46,"{""discount_applied"": 150.0, ""gross_bill_amount"": 1573.73, ""offer_id"": ""OFR-0054"", ""redemption_id"": ""RED-000376"", ""transaction_id"": ""TXN-0010150""}"
AUD-0002122,USR-MER-0006-01,LOGIN,MERCHANT_SESSION,MER-0006,2026-05-13T09:58:00,"{""method"": ""password+mfa"", ""outcome"": ""success""}"
AUD-0002123,USR-MER-0006-01,VIEW_ANALYTICS,MERCHANT_DASHBOARD,MER-0006,2026-05-13T10:20:00,"{""filters_applied"": 3, ""view"": ""segmentation""}"
AUD-0002124,USR-MER-0014-01,LOGIN,MERCHANT_SESSION,MER-0014,2026-05-13T10:24:00,"{""method"": ""password+mfa"", ""outcome"": ""success""}"
AUD-0002125,USR-MER-0001-01,VIEW_ANALYTICS,MERCHANT_DASHBOARD,MER-0001,2026-05-13T10:49:00,"{""filters_applied"": 1, ""view"": ""campaign_performance""}"
AUD-0002126,USR-MER-0014-01,LOGIN,MERCHANT_SESSION,MER-0014,2026-05-13T10:53:00,"{""method"": ""password+mfa"", ""outcome"": ""success""}"
AUD-0002127,USR-MER-0008-01,LOGIN,MERCHANT_SESSION,MER-0008,2026-05-13T11:35:00,"{""method"": ""password+mfa"", ""outcome"": ""success""}"
AUD-0002128,USR-MER-0001-01,CREATE_OFFER,OFFER,OFR-0027,2026-05-13T12:17:00,"{""budget"": 4598.24, ""discount_type"": ""FIXED"", ""discount_value"": 300.0, ""merchant_id"": ""MER-0001"", ""minimum_spend"": 799.0}"
AUD-0002129,USR-MER-0010-01,LOGIN,MERCHANT_SESSION,MER-0010,2026-05-13T13:13:00,"{""method"": ""password+mfa"", ""outcome"": ""success""}"
AUD-0002130,USR-MER-0008-01,LOGIN,MERCHANT_SESSION,MER-0008,2026-05-13T14:09:00,"{""method"": ""password+mfa"", ""outcome"": ""success""}"
AUD-0002131,USR-MER-0013-01,VIEW_ANALYTICS,MERCHANT_DASHBOARD,MER-0013,2026-05-13T14:25:00,"{""filters_applied"": 1, ""view"": ""segmentation""}"
AUD-0002132,USR-MER-0017-01,VIEW_ANALYTICS,MERCHANT_DASHBOARD,MER-0017,2026-05-13T15:27:00,"{""filters_applied"": 3, ""view"": ""campaign_performance""}"
AUD-0002133,USR-MER-0017-01,VIEW_ANALYTICS,MERCHANT_DASHBOARD,MER-0017,2026-05-13T15:59:00,"{""filters_applied"": 1, ""view"": ""campaign_performance""}"
AUD-0002134,USR-MER-0012-01,VIEW_ANALYTICS,MERCHANT_DASHBOARD,MER-0012,2026-05-13T16:45:00,"{""filters_applied"": 0, ""view"": ""segmentation""}"
AUD-0002135,SYS-REDEEM,REDEMPTION_CONFIRMED,REDEMPTION,RED-000377,2026-05-13T18:23:48,"{""discount_applied"": 800.0, ""gross_bill_amount"": 5000.0, ""offer_id"": ""OFR-0076"", ""redemption_id"": ""RED-000377"", ""transaction_id"": ""TXN-0010184""}"
AUD-0002136,USR-MER-0001-01,LOGIN,MERCHANT_SESSION,MER-0001,2026-05-13T18:25:00,"{""method"": ""password+mfa"", ""outcome"": ""success""}"
AUD-0002137,SYS-REDEEM,REDEMPTION_REJECTED,REDEMPTION,RED-000378,2026-05-13T19:17:48,"{""discount_applied"": 800.0, ""gross_bill_amount"": 5000.0, ""offer_id"": ""OFR-0076"", ""reason"": ""DUPLICATE_REDEMPTION"", ""redemption_id"": ""RED-000378"", ""transaction_id"": ""TXN-0010184""}"
AUD-0002138,USR-MER-0010-01,VIEW_ANALYTICS,MERCHANT_DASHBOARD,MER-0010,2026-05-13T20:48:00,"{""filters_applied"": 0, ""view"": ""customer_detail""}"
AUD-0002139,SYS-REDEEM,REDEMPTION_CONFIRMED,REDEMPTION,RED-000379,2026-05-13T23:52:26,"{""discount_applied"": 150.0, ""gross_bill_amount"": 1500.0, ""offer_id"": ""OFR-0054"", ""redemption_id"": ""RED-000379"", ""transaction_id"": ""TXN-0010212""}"
AUD-0002140,SYS-REDEEM,REDEMPTION_REJECTED,REDEMPTION,RED-000380,2026-05-14T00:24:26,"{""discount_applied"": 150.0, ""gross_bill_amount"": 1500.0, ""offer_id"": ""OFR-0054"", ""reason"": ""DUPLICATE_REDEMPTION"", ""redemption_id"": ""RED-000380"", ""transaction_id"": ""TXN-0010212""}"
AUD-0002141,SYS-AI-COPY,GENERATE_AI_CONTENT,CAMPAIGN,CPN-0007,2026-05-14T03:27:00,"{""model"": ""template-fallback-v1"", ""output_chars"": 130, ""prompt_version"": ""p1.2""}"
AUD-0002142,SYS-REDEEM,REDEMPTION_CONFIRMED,REDEMPTION,RED-000381,2026-05-14T04:14:56,"{""discount_applied"": 150.0, ""gross_bill_amount"": 1919.3, ""offer_id"": ""OFR-0054"", ""redemption_id"": ""RED-000381"", ""transaction_id"": ""TXN-0010213""}"
AUD-0002143,USR-MER-0001-01,CREATE_CAMPAIGN,CAMPAIGN,CPN-0007,2026-05-14T04:33:00,"{""merchant_id"": ""MER-0001"", ""objective"": ""REACTIVATE_INACTIVE"", ""offer_id"": ""OFR-0027""}"
AUD-0002144,USR-MER-0010-01,LOGIN,MERCHANT_SESSION,MER-0010,2026-05-14T08:12:00,"{""method"": ""password+mfa"", ""outcome"": ""success""}"
AUD-0002145,SYS-REDEEM,REDEMPTION_CONFIRMED,REDEMPTION,RED-000382,2026-05-14T08:17:26,"{""discount_applied"": 150.0, ""gross_bill_amount"": 1654.54, ""offer_id"": ""OFR-0054"", ""redemption_id"": ""RED-000382"", ""transaction_id"": ""TXN-0010225""}"
AUD-0002146,USR-MER-0003-01,CREATE_OFFER,OFFER,OFR-0040,2026-05-14T11:37:00,"{""budget"": 35062.89, ""discount_type"": ""PERCENTAGE"", ""discount_value"": 20.0, ""merchant_id"": ""MER-0003"", ""minimum_spend"": 1499.0}"
AUD-0002147,USR-MER-0015-01,LAUNCH_CAMPAIGN,CAMPAIGN,CPN-0066,2026-05-14T11:43:00,"{""campaign_id"": ""CPN-0066""}"
AUD-0002148,USR-MER-0013-01,VIEW_ANALYTICS,MERCHANT_DASHBOARD,MER-0013,2026-05-14T13:37:00,"{""filters_applied"": 0, ""view"": ""segmentation""}"
AUD-0002149,USR-MER-0013-01,VIEW_ANALYTICS,MERCHANT_DASHBOARD,MER-0013,2026-05-14T13:48:00,"{""filters_applied"": 2, ""view"": ""redemption_log""}"
AUD-0002150,USR-MER-0004-01,VIEW_ANALYTICS,MERCHANT_DASHBOARD,MER-0004,2026-05-14T16:38:00,"{""filters_applied"": 3, ""view"": ""campaign_performance""}"
AUD-0002151,USR-MER-0006-01,LOGIN,MERCHANT_SESSION,MER-0006,2026-05-14T16:39:00,"{""method"": ""password+mfa"", ""outcome"": ""success""}"
AUD-0002152,SYS-REDEEM,REDEMPTION_CONFIRMED,REDEMPTION,RED-000383,2026-05-14T17:07:00,"{""discount_applied"": 150.0, ""gross_bill_amount"": 1500.0, ""offer_id"": ""OFR-0054"", ""redemption_id"": ""RED-000383"", ""transaction_id"": ""TXN-0010263""}"
AUD-0002153,USR-MER-0001-01,UPDATE_OFFER,OFFER,OFR-0027,2026-05-14T17:17:00,"{""changed_fields"": [""expiry_time""], ""merchant_id"": ""MER-0001""}"
AUD-0002154,USR-MER-0010-01,LOGIN,MERCHANT_SESSION,MER-0010,2026-05-14T18:09:00,"{""method"": ""password+mfa"", ""outcome"": ""success""}"
AUD-0002155,USR-MER-0011-01,VIEW_ANALYTICS,MERCHANT_DASHBOARD,MER-0011,2026-05-14T19:00:00,"{""filters_applied"": 3, ""view"": ""redemption_log""}"
AUD-0002156,USR-MER-0012-01,LOGIN,MERCHANT_SESSION,MER-0012,2026-05-14T21:03:00,"{""method"": ""password+mfa"", ""outcome"": ""success""}"
AUD-0002157,SYS-REDEEM,REDEMPTION_CONFIRMED,REDEMPTION,RED-000384,2026-05-14T22:12:05,"{""discount_applied"": 4221.0, ""gross_bill_amount"": 4221.0, ""offer_id"": ""OFR-0086"", ""redemption_id"": ""RED-000384"", ""transaction_id"": ""TXN-0010284""}"
AUD-0002158,SYS-REDEEM,REDEMPTION_CONFIRMED,REDEMPTION,RED-000385,2026-05-15T00:53:52,"{""discount_applied"": 1269.34, ""gross_bill_amount"": 1269.34, ""offer_id"": ""OFR-0086"", ""redemption_id"": ""RED-000385"", ""transaction_id"": ""TXN-0010285""}"
AUD-0002159,SYS-REDEEM,REDEMPTION_CONFIRMED,REDEMPTION,RED-000386,2026-05-15T03:01:22,"{""discount_applied"": 150.0, ""gross_bill_amount"": 1500.0, ""offer_id"": ""OFR-0054"", ""redemption_id"": ""RED-000386"", ""transaction_id"": ""TXN-0010286""}"
AUD-0002160,SYS-REDEEM,REDEMPTION_CONFIRMED,REDEMPTION,RED-000387,2026-05-15T03:40:10,"{""discount_applied"": 4700.0, ""gross_bill_amount"": 7796.0, ""offer_id"": ""OFR-0086"", ""redemption_id"": ""RED-000387"", ""transaction_id"": ""TXN-0010287""}"
AUD-0002161,USR-MER-0010-01,VIEW_ANALYTICS,MERCHANT_DASHBOARD,MER-0010,2026-05-15T08:16:00,"{""filters_applied"": 2, ""view"": ""redemption_log""}"
AUD-0002162,SYS-REDEEM,REDEMPTION_CONFIRMED,REDEMPTION,RED-000388,2026-05-15T08:30:12,"{""discount_applied"": 4700.0, ""gross_bill_amount"": 5355.0, ""offer_id"": ""OFR-0086"", ""redemption_id"": ""RED-000388"", ""transaction_id"": ""TXN-0010293""}"
AUD-0002163,USR-MER-0009-01,VIEW_ANALYTICS,MERCHANT_DASHBOARD,MER-0009,2026-05-15T09:25:00,"{""filters_applied"": 3, ""view"": ""redemption_log""}"
AUD-0002164,USR-MER-0017-01,LOGIN,MERCHANT_SESSION,MER-0017,2026-05-15T09:51:00,"{""method"": ""password+mfa"", ""outcome"": ""success""}"
AUD-0002165,USR-MER-0013-01,LOGIN,MERCHANT_SESSION,MER-0013,2026-05-15T10:37:00,"{""method"": ""password+mfa"", ""outcome"": ""success""}"
AUD-0002166,USR-MER-0010-01,VIEW_ANALYTICS,MERCHANT_DASHBOARD,MER-0010,2026-05-15T11:07:00,"{""filters_applied"": 4, ""view"": ""redemption_log""}"
AUD-0002167,USR-MER-0011-01,VIEW_ANALYTICS,MERCHANT_DASHBOARD,MER-0011,2026-05-15T11:10:00,"{""filters_applied"": 0, ""view"": ""segmentation""}"
AUD-0002168,USR-MER-0003-01,CREATE_CAMPAIGN,CAMPAIGN,CPN-0020,2026-05-15T12:57:00,"{""merchant_id"": ""MER-0003"", ""objective"": ""INCREASE_REPEAT_PURCHASE"", ""offer_id"": ""OFR-0040""}"
AUD-0002169,SYS-AI-COPY,GENERATE_AI_CONTENT,CAMPAIGN,CPN-0020,2026-05-15T13:16:00,"{""model"": ""mock-copywriter-v1"", ""output_chars"": 212, ""prompt_version"": ""p1.0""}"
AUD-0002170,USR-MER-0009-01,LOGIN,MERCHANT_SESSION,MER-0009,2026-05-15T13:19:00,"{""method"": ""password+mfa"", ""outcome"": ""success""}"
AUD-0002171,USR-MER-0001-01,APPROVE_CAMPAIGN,CAMPAIGN,CPN-0007,2026-05-15T14:20:00,"{""campaign_id"": ""CPN-0007""}"
AUD-0002172,USR-MER-0013-01,VIEW_ANALYTICS,MERCHANT_DASHBOARD,MER-0013,2026-05-15T14:39:00,"{""filters_applied"": 3, ""view"": ""segmentation""}"
AUD-0002173,USR-MER-0008-01,VIEW_ANALYTICS,MERCHANT_DASHBOARD,MER-0008,2026-05-15T14:49:00,"{""filters_applied"": 3, ""view"": ""redemption_log""}"
AUD-0002174,USR-MER-0005-01,VIEW_ANALYTICS,MERCHANT_DASHBOARD,MER-0005,2026-05-15T15:28:00,"{""filters_applied"": 3, ""view"": ""segmentation""}"
AUD-0002175,USR-MER-0005-01,VIEW_ANALYTICS,MERCHANT_DASHBOARD,MER-0005,2026-05-15T15:51:00,"{""filters_applied"": 4, ""view"": ""segmentation""}"
AUD-0002176,SYS-REDEEM,REDEMPTION_CONFIRMED,REDEMPTION,RED-000389,2026-05-15T19:39:27,"{""discount_applied"": 1377.65, ""gross_bill_amount"": 1377.65, ""offer_id"": ""OFR-0086"", ""redemption_id"": ""RED-000389"", ""transaction_id"": ""TXN-0010346""}"
AUD-0002177,SYS-REDEEM,REDEMPTION_CONFIRMED,REDEMPTION,RED-000390,2026-05-15T20:39:43,"{""discount_applied"": 961.0, ""gross_bill_amount"": 961.0, ""offer_id"": ""OFR-0086"", ""redemption_id"": ""RED-000390"", ""transaction_id"": ""TXN-0010356""}"
AUD-0002178,USR-MER-0018-01,VIEW_ANALYTICS,MERCHANT_DASHBOARD,MER-0018,2026-05-15T21:02:00,"{""filters_applied"": 3, ""view"": ""customer_detail""}"
AUD-0002179,USR-MER-0014-01,VIEW_ANALYTICS,MERCHANT_DASHBOARD,MER-0014,2026-05-15T21:35:00,"{""filters_applied"": 1, ""view"": ""redemption_log""}"
AUD-0002180,SYS-REDEEM,REDEMPTION_CONFIRMED,REDEMPTION,RED-000391,2026-05-16T05:42:00,"{""discount_applied"": 150.0, ""gross_bill_amount"": 1500.0, ""offer_id"": ""OFR-0054"", ""redemption_id"": ""RED-000391"", ""transaction_id"": ""TXN-0010361""}"
AUD-0002181,USR-MER-0003-01,LOGIN,MERCHANT_SESSION,MER-0003,2026-05-16T09:05:00,"{""method"": ""password+mfa"", ""outcome"": ""success""}"
AUD-0002182,USR-MER-0011-01,VIEW_ANALYTICS,MERCHANT_DASHBOARD,MER-0011,2026-05-16T11:29:00,"{""filters_applied"": 1, ""view"": ""campaign_performance""}"
AUD-0002183,SYS-REDEEM,REDEMPTION_REJECTED,REDEMPTION,RED-000392,2026-05-16T11:48:00,"{""discount_applied"": 4700.0, ""gross_bill_amount"": 6093.49, ""offer_id"": ""OFR-0086"", ""reason"": ""INELIGIBLE_CUSTOMER"", ""redemption_id"": ""RED-000392"", ""transaction_id"": ""TXN-0010383""}"
AUD-0002184,USR-MER-0005-01,VIEW_ANALYTICS,MERCHANT_DASHBOARD,MER-0005,2026-05-16T12:21:00,"{""filters_applied"": 1, ""view"": ""campaign_performance""}"
AUD-0002185,USR-MER-0018-01,VIEW_ANALYTICS,MERCHANT_DASHBOARD,MER-0018,2026-05-16T12:27:00,"{""filters_applied"": 3, ""view"": ""customer_detail""}"
AUD-0002186,SYS-REDEEM,REDEMPTION_CONFIRMED,REDEMPTION,RED-000393,2026-05-16T13:42:00,"{""discount_applied"": 150.0, ""gross_bill_amount"": 1500.0, ""offer_id"": ""OFR-0054"", ""redemption_id"": ""RED-000393"", ""transaction_id"": ""TXN-0010395""}"
AUD-0002187,USR-MER-0012-01,LOGIN,MERCHANT_SESSION,MER-0012,2026-05-16T17:42:00,"{""method"": ""password+mfa"", ""outcome"": ""success""}"
AUD-0002188,USR-MER-0016-01,VIEW_ANALYTICS,MERCHANT_DASHBOARD,MER-0016,2026-05-16T18:36:00,"{""filters_applied"": 4, ""view"": ""redemption_log""}"
AUD-0002189,USR-MER-0007-01,VIEW_ANALYTICS,MERCHANT_DASHBOARD,MER-0007,2026-05-16T18:46:00,"{""filters_applied"": 4, ""view"": ""segmentation""}"
AUD-0002190,USR-MER-0016-01,VIEW_ANALYTICS,MERCHANT_DASHBOARD,MER-0016,2026-05-16T19:08:00,"{""filters_applied"": 4, ""view"": ""segmentation""}"
AUD-0002191,USR-MER-0003-01,LOGIN,MERCHANT_SESSION,MER-0003,2026-05-16T19:18:00,"{""method"": ""password+mfa"", ""outcome"": ""success""}"
AUD-0002192,SYS-REDEEM,REDEMPTION_CONFIRMED,REDEMPTION,RED-000394,2026-05-16T19:23:51,"{""discount_applied"": 4700.0, ""gross_bill_amount"": 12000.0, ""offer_id"": ""OFR-0086"", ""redemption_id"": ""RED-000394"", ""transaction_id"": ""TXN-0010419""}"
AUD-0002193,USR-MER-0007-01,LOGIN,MERCHANT_SESSION,MER-0007,2026-05-16T19:39:00,"{""method"": ""password+mfa"", ""outcome"": ""success""}"
AUD-0002194,SYS-REDEEM,REDEMPTION_CONFIRMED,REDEMPTION,RED-000395,2026-05-16T21:42:00,"{""discount_applied"": 150.0, ""gross_bill_amount"": 1500.0, ""offer_id"": ""OFR-0054"", ""redemption_id"": ""RED-000395"", ""transaction_id"": ""TXN-0010424""}"
AUD-0002195,USR-MER-0003-01,APPROVE_CAMPAIGN,CAMPAIGN,CPN-0020,2026-05-16T21:43:00,"{""campaign_id"": ""CPN-0020""}"
AUD-0002196,USR-MER-0016-01,VIEW_ANALYTICS,MERCHANT_DASHBOARD,MER-0016,2026-05-17T09:15:00,"{""filters_applied"": 4, ""view"": ""segmentation""}"
AUD-0002197,USR-MER-0006-01,VIEW_ANALYTICS,MERCHANT_DASHBOARD,MER-0006,2026-05-17T09:35:00,"{""filters_applied"": 2, ""view"": ""customer_detail""}"
AUD-0002198,USR-MER-0002-01,VIEW_ANALYTICS,MERCHANT_DASHBOARD,MER-0002,2026-05-17T09:59:00,"{""filters_applied"": 4, ""view"": ""customer_detail""}"
AUD-0002199,USR-MER-0015-01,LOGIN,MERCHANT_SESSION,MER-0015,2026-05-17T12:41:00,"{""method"": ""password+mfa"", ""outcome"": ""success""}"
AUD-0002200,USR-MER-0008-01,VIEW_ANALYTICS,MERCHANT_DASHBOARD,MER-0008,2026-05-17T13:06:00,"{""filters_applied"": 0, ""view"": ""redemption_log""}"
AUD-0002201,SYS-REDEEM,REDEMPTION_CONFIRMED,REDEMPTION,RED-000396,2026-05-17T13:09:43,"{""discount_applied"": 150.0, ""gross_bill_amount"": 1500.0, ""offer_id"": ""OFR-0054"", ""redemption_id"": ""RED-000396"", ""transaction_id"": ""TXN-0010452""}"
AUD-0002202,SYS-REDEEM,REDEMPTION_REJECTED,REDEMPTION,RED-000397,2026-05-17T13:18:43,"{""discount_applied"": 150.0, ""gross_bill_amount"": 1500.0, ""offer_id"": ""OFR-0054"", ""reason"": ""DUPLICATE_REDEMPTION"", ""redemption_id"": ""RED-000397"", ""transaction_id"": ""TXN-0010452""}"
AUD-0002203,USR-MER-0002-01,LOGIN,MERCHANT_SESSION,MER-0002,2026-05-17T14:07:00,"{""method"": ""password+mfa"", ""outcome"": ""success""}"
AUD-0002204,USR-MER-0001-01,VIEW_ANALYTICS,MERCHANT_DASHBOARD,MER-0001,2026-05-17T14:08:00,"{""filters_applied"": 4, ""view"": ""campaign_performance""}"
AUD-0002205,USR-MER-0018-01,VIEW_ANALYTICS,MERCHANT_DASHBOARD,MER-0018,2026-05-17T17:32:00,"{""filters_applied"": 2, ""view"": ""segmentation""}"
AUD-0002206,USR-MER-0018-01,VIEW_ANALYTICS,MERCHANT_DASHBOARD,MER-0018,2026-05-17T18:32:00,"{""filters_applied"": 0, ""view"": ""campaign_performance""}"
AUD-0002207,USR-MER-0009-01,VIEW_ANALYTICS,MERCHANT_DASHBOARD,MER-0009,2026-05-17T18:50:00,"{""filters_applied"": 2, ""view"": ""segmentation""}"
AUD-0002208,USR-MER-0009-01,VIEW_ANALYTICS,MERCHANT_DASHBOARD,MER-0009,2026-05-17T19:38:00,"{""filters_applied"": 3, ""view"": ""campaign_performance""}"
AUD-0002209,USR-MER-0013-01,VIEW_ANALYTICS,MERCHANT_DASHBOARD,MER-0013,2026-05-17T20:24:00,"{""filters_applied"": 4, ""view"": ""segmentation""}"
AUD-0002210,USR-MER-0008-01,LOGIN,MERCHANT_SESSION,MER-0008,2026-05-17T20:54:00,"{""method"": ""password+mfa"", ""outcome"": ""success""}"
AUD-0002211,USR-MER-0016-01,VIEW_ANALYTICS,MERCHANT_DASHBOARD,MER-0016,2026-05-18T10:11:00,"{""filters_applied"": 3, ""view"": ""customer_detail""}"
AUD-0002212,USR-MER-0007-01,VIEW_ANALYTICS,MERCHANT_DASHBOARD,MER-0007,2026-05-18T12:03:00,"{""filters_applied"": 1, ""view"": ""segmentation""}"
AUD-0002213,USR-MER-0009-01,LOGIN,MERCHANT_SESSION,MER-0009,2026-05-18T12:14:00,"{""method"": ""password+mfa"", ""outcome"": ""success""}"
AUD-0002214,USR-MER-0003-01,VIEW_ANALYTICS,MERCHANT_DASHBOARD,MER-0003,2026-05-18T12:32:00,"{""filters_applied"": 3, ""view"": ""segmentation""}"
AUD-0002215,USR-MER-0002-01,VIEW_ANALYTICS,MERCHANT_DASHBOARD,MER-0002,2026-05-18T14:31:00,"{""filters_applied"": 0, ""view"": ""segmentation""}"
AUD-0002216,USR-MER-0008-01,LOGIN,MERCHANT_SESSION,MER-0008,2026-05-18T15:43:00,"{""method"": ""password+mfa"", ""outcome"": ""success""}"
AUD-0002217,USR-MER-0016-01,LOGIN,MERCHANT_SESSION,MER-0016,2026-05-18T16:20:00,"{""method"": ""password+mfa"", ""outcome"": ""success""}"
AUD-0002218,USR-MER-0017-01,LOGIN,MERCHANT_SESSION,MER-0017,2026-05-18T16:21:00,"{""method"": ""password+mfa"", ""outcome"": ""success""}"
AUD-0002219,USR-MER-0004-01,LOGIN,MERCHANT_SESSION,MER-0004,2026-05-18T16:47:00,"{""method"": ""password+mfa"", ""outcome"": ""success""}"
AUD-0002220,USR-MER-0001-01,VIEW_ANALYTICS,MERCHANT_DASHBOARD,MER-0001,2026-05-18T17:46:00,"{""filters_applied"": 0, ""view"": ""segmentation""}"
AUD-0002221,USR-MER-0013-01,VIEW_ANALYTICS,MERCHANT_DASHBOARD,MER-0013,2026-05-18T19:33:00,"{""filters_applied"": 1, ""view"": ""campaign_performance""}"
AUD-0002222,USR-MER-0005-01,VIEW_ANALYTICS,MERCHANT_DASHBOARD,MER-0005,2026-05-18T19:36:00,"{""filters_applied"": 1, ""view"": ""redemption_log""}"
AUD-0002223,USR-MER-0018-01,LOGIN,MERCHANT_SESSION,MER-0018,2026-05-18T20:21:00,"{""method"": ""password+mfa"", ""outcome"": ""success""}"
AUD-0002224,USR-MER-0018-01,VIEW_ANALYTICS,MERCHANT_DASHBOARD,MER-0018,2026-05-18T20:39:00,"{""filters_applied"": 2, ""view"": ""segmentation""}"
AUD-0002225,USR-MER-0004-01,VIEW_ANALYTICS,MERCHANT_DASHBOARD,MER-0004,2026-05-18T20:47:00,"{""filters_applied"": 1, ""view"": ""redemption_log""}"
AUD-0002226,USR-MER-0001-01,VIEW_ANALYTICS,MERCHANT_DASHBOARD,MER-0001,2026-05-18T21:00:00,"{""filters_applied"": 0, ""view"": ""segmentation""}"
AUD-0002227,SYS-REDEEM,REDEMPTION_REJECTED,REDEMPTION,RED-000398,2026-05-19T00:07:00,"{""discount_applied"": 300.0, ""gross_bill_amount"": 899.0, ""offer_id"": ""OFR-0027"", ""reason"": ""OFFER_NOT_STARTED"", ""redemption_id"": ""RED-000398"", ""transaction_id"": ""TXN-0010556""}"
AUD-0002228,SYS-REDEEM,REDEMPTION_REJECTED,REDEMPTION,RED-000399,2026-05-19T01:06:12,"{""discount_applied"": 647.74, ""gross_bill_amount"": 647.74, ""offer_id"": ""OFR-0086"", ""reason"": ""BELOW_MINIMUM_SPEND"", ""redemption_id"": ""RED-000399"", ""transaction_id"": ""TXN-0010557""}"
AUD-0002229,SYS-REDEEM,REDEMPTION_REJECTED,REDEMPTION,RED-000400,2026-05-19T01:47:12,"{""discount_applied"": 3724.0, ""gross_bill_amount"": 3724.0, ""offer_id"": ""OFR-0086"", ""reason"": ""WRONG_MERCHANT"", ""redemption_id"": ""RED-000400"", ""transaction_id"": ""TXN-0010558""}"
AUD-0002230,SYS-REDEEM,REDEMPTION_REJECTED,REDEMPTION,RED-000401,2026-05-19T01:55:12,"{""discount_applied"": 4057.0, ""gross_bill_amount"": 4057.0, ""offer_id"": ""OFR-0086"", ""reason"": ""WRONG_CUSTOMER"", ""redemption_id"": ""RED-000401"", ""transaction_id"": ""TXN-0010559""}"
AUD-0002231,SYS-REDEEM,REDEMPTION_REJECTED,REDEMPTION,RED-000402,2026-05-19T02:04:12,"{""discount_applied"": 4700.0, ""gross_bill_amount"": 6723.9, ""offer_id"": ""OFR-0086"", ""reason"": ""TRANSACTION_FAILED"", ""redemption_id"": ""RED-000402"", ""transaction_id"": ""TXN-0010560""}"
AUD-0002232,USR-MER-0014-01,VIEW_ANALYTICS,MERCHANT_DASHBOARD,MER-0014,2026-05-19T11:41:00,"{""filters_applied"": 4, ""view"": ""segmentation""}"
AUD-0002233,USR-MER-0017-01,LOGIN,MERCHANT_SESSION,MER-0017,2026-05-19T11:42:00,"{""method"": ""password+mfa"", ""outcome"": ""success""}"
AUD-0002234,USR-MER-0014-01,LOGIN,MERCHANT_SESSION,MER-0014,2026-05-19T13:26:00,"{""method"": ""password+mfa"", ""outcome"": ""success""}"
AUD-0002235,USR-MER-0003-01,LAUNCH_CAMPAIGN,CAMPAIGN,CPN-0020,2026-05-19T13:43:00,"{""campaign_id"": ""CPN-0020""}"
AUD-0002236,USR-MER-0010-01,VIEW_ANALYTICS,MERCHANT_DASHBOARD,MER-0010,2026-05-19T14:22:00,"{""filters_applied"": 3, ""view"": ""segmentation""}"
AUD-0002237,USR-MER-0018-01,VIEW_ANALYTICS,MERCHANT_DASHBOARD,MER-0018,2026-05-19T16:53:00,"{""filters_applied"": 2, ""view"": ""customer_detail""}"
AUD-0002238,USR-MER-0007-01,VIEW_ANALYTICS,MERCHANT_DASHBOARD,MER-0007,2026-05-19T17:15:00,"{""filters_applied"": 3, ""view"": ""segmentation""}"
AUD-0002239,USR-MER-0006-01,VIEW_ANALYTICS,MERCHANT_DASHBOARD,MER-0006,2026-05-19T17:52:00,"{""filters_applied"": 3, ""view"": ""segmentation""}"
AUD-0002240,SYS-REDEEM,REDEMPTION_CONFIRMED,REDEMPTION,RED-000403,2026-05-19T18:02:57,"{""discount_applied"": 359.04, ""gross_bill_amount"": 1795.19, ""offer_id"": ""OFR-0040"", ""redemption_id"": ""RED-000403"", ""transaction_id"": ""TXN-0010602""}"
AUD-0002241,USR-MER-0001-01,VIEW_ANALYTICS,MERCHANT_DASHBOARD,MER-0001,2026-05-19T19:40:00,"{""filters_applied"": 0, ""view"": ""segmentation""}"
AUD-0002242,USR-MER-0004-01,VIEW_ANALYTICS,MERCHANT_DASHBOARD,MER-0004,2026-05-19T20:39:00,"{""filters_applied"": 0, ""view"": ""customer_detail""}"
AUD-0002243,USR-MER-0007-01,LOGIN,MERCHANT_SESSION,MER-0007,2026-05-19T21:51:00,"{""method"": ""password+mfa"", ""outcome"": ""success""}"
AUD-0002244,SYS-REDEEM,REDEMPTION_CONFIRMED,REDEMPTION,RED-000404,2026-05-19T22:00:50,"{""discount_applied"": 1331.99, ""gross_bill_amount"": 1331.99, ""offer_id"": ""OFR-0086"", ""redemption_id"": ""RED-000404"", ""transaction_id"": ""TXN-0010629""}"
AUD-0002245,SYS-REDEEM,REDEMPTION_CONFIRMED,REDEMPTION,RED-000405,2026-05-20T01:15:21,"{""discount_applied"": 395.04, ""gross_bill_amount"": 1975.2, ""offer_id"": ""OFR-0040"", ""redemption_id"": ""RED-000405"", ""transaction_id"": ""TXN-0010630""}"
AUD-0002246,SYS-REDEEM,REDEMPTION_CONFIRMED,REDEMPTION,RED-000406,2026-05-20T03:44:23,"{""discount_applied"": 696.2, ""gross_bill_amount"": 3481.0, ""offer_id"": ""OFR-0040"", ""redemption_id"": ""RED-000406"", ""transaction_id"": ""TXN-0010631""}"
AUD-0002247,SYS-REDEEM,REDEMPTION_CONFIRMED,REDEMPTION,RED-000407,2026-05-20T04:31:28,"{""discount_applied"": 396.96, ""gross_bill_amount"": 1984.8, ""offer_id"": ""OFR-0040"", ""redemption_id"": ""RED-000407"", ""transaction_id"": ""TXN-0010632""}"
AUD-0002248,USR-MER-0004-01,VIEW_ANALYTICS,MERCHANT_DASHBOARD,MER-0004,2026-05-20T08:32:00,"{""filters_applied"": 1, ""view"": ""redemption_log""}"
AUD-0002249,USR-MER-0004-01,LOGIN,MERCHANT_SESSION,MER-0004,2026-05-20T10:01:00,"{""method"": ""password+mfa"", ""outcome"": ""success""}"
AUD-0002250,USR-MER-0001-01,VIEW_ANALYTICS,MERCHANT_DASHBOARD,MER-0001,2026-05-20T10:04:00,"{""filters_applied"": 0, ""view"": ""redemption_log""}"
AUD-0002251,USR-MER-0009-01,VIEW_ANALYTICS,MERCHANT_DASHBOARD,MER-0009,2026-05-20T10:04:00,"{""filters_applied"": 0, ""view"": ""redemption_log""}"
AUD-0002252,USR-MER-0018-01,VIEW_ANALYTICS,MERCHANT_DASHBOARD,MER-0018,2026-05-20T10:18:00,"{""filters_applied"": 1, ""view"": ""campaign_performance""}"
AUD-0002253,USR-MER-0017-01,VIEW_ANALYTICS,MERCHANT_DASHBOARD,MER-0017,2026-05-20T10:31:00,"{""filters_applied"": 4, ""view"": ""customer_detail""}"
AUD-0002254,USR-MER-0009-01,LAUNCH_CAMPAIGN,CAMPAIGN,CPN-0045,2026-05-20T11:41:00,"{""campaign_id"": ""CPN-0045""}"
AUD-0002255,USR-MER-0006-01,VIEW_ANALYTICS,MERCHANT_DASHBOARD,MER-0006,2026-05-20T12:13:00,"{""filters_applied"": 0, ""view"": ""redemption_log""}"
AUD-0002256,SYS-REDEEM,REDEMPTION_CONFIRMED,REDEMPTION,RED-000408,2026-05-20T13:15:16,"{""discount_applied"": 960.0, ""gross_bill_amount"": 4903.0, ""offer_id"": ""OFR-0040"", ""redemption_id"": ""RED-000408"", ""transaction_id"": ""TXN-0010653""}"
AUD-0002257,USR-MER-0016-01,LOGIN,MERCHANT_SESSION,MER-0016,2026-05-20T13:22:00,"{""method"": ""password+mfa"", ""outcome"": ""success""}"
AUD-0002258,USR-MER-0003-01,VIEW_ANALYTICS,MERCHANT_DASHBOARD,MER-0003,2026-05-20T15:02:00,"{""filters_applied"": 0, ""view"": ""segmentation""}"
AUD-0002259,USR-MER-0007-01,VIEW_ANALYTICS,MERCHANT_DASHBOARD,MER-0007,2026-05-20T15:33:00,"{""filters_applied"": 3, ""view"": ""segmentation""}"
AUD-0002260,USR-MER-0005-01,VIEW_ANALYTICS,MERCHANT_DASHBOARD,MER-0005,2026-05-20T17:02:00,"{""filters_applied"": 1, ""view"": ""redemption_log""}"
AUD-0002261,USR-MER-0003-01,VIEW_ANALYTICS,MERCHANT_DASHBOARD,MER-0003,2026-05-20T17:19:00,"{""filters_applied"": 2, ""view"": ""segmentation""}"
AUD-0002262,SYS-REDEEM,REDEMPTION_CONFIRMED,REDEMPTION,RED-000409,2026-05-20T18:24:58,"{""discount_applied"": 2300.0, ""gross_bill_amount"": 2957.0, ""offer_id"": ""OFR-0065"", ""redemption_id"": ""RED-000409"", ""transaction_id"": ""TXN-0010676""}"
AUD-0002263,SYS-REDEEM,REDEMPTION_CONFIRMED,REDEMPTION,RED-000410,2026-05-20T18:37:50,"{""discount_applied"": 697.05, ""gross_bill_amount"": 697.05, ""offer_id"": ""OFR-0065"", ""redemption_id"": ""RED-000410"", ""transaction_id"": ""TXN-0010680""}"
AUD-0002264,SYS-REDEEM,REDEMPTION_CONFIRMED,REDEMPTION,RED-000411,2026-05-20T19:04:28,"{""discount_applied"": 646.4, ""gross_bill_amount"": 3232.0, ""offer_id"": ""OFR-0040"", ""redemption_id"": ""RED-000411"", ""transaction_id"": ""TXN-0010683""}"
AUD-0002265,SYS-REDEEM,REDEMPTION_CONFIRMED,REDEMPTION,RED-000412,2026-05-20T19:10:07,"{""discount_applied"": 632.74, ""gross_bill_amount"": 632.74, ""offer_id"": ""OFR-0065"", ""redemption_id"": ""RED-000412"", ""transaction_id"": ""TXN-0010684""}"
AUD-0002266,SYS-REDEEM,REDEMPTION_REJECTED,REDEMPTION,RED-000413,2026-05-20T19:16:14,"{""discount_applied"": 2300.0, ""gross_bill_amount"": 2395.0, ""offer_id"": ""OFR-0065"", ""reason"": ""OFFER_BUDGET_EXHAUSTED"", ""redemption_id"": ""RED-000413"", ""transaction_id"": ""TXN-0010687""}"
AUD-0002267,USR-MER-0006-01,VIEW_ANALYTICS,MERCHANT_DASHBOARD,MER-0006,2026-05-20T20:09:00,"{""filters_applied"": 1, ""view"": ""redemption_log""}"
AUD-0002268,SYS-REDEEM,REDEMPTION_CONFIRMED,REDEMPTION,RED-000414,2026-05-20T20:12:37,"{""discount_applied"": 428.8, ""gross_bill_amount"": 2144.0, ""offer_id"": ""OFR-0040"", ""redemption_id"": ""RED-000414"", ""transaction_id"": ""TXN-0010693""}"
AUD-0002269,USR-MER-0015-01,VIEW_ANALYTICS,MERCHANT_DASHBOARD,MER-0015,2026-05-20T20:16:00,"{""filters_applied"": 1, ""view"": ""campaign_performance""}"
AUD-0002270,USR-MER-0012-01,VIEW_ANALYTICS,MERCHANT_DASHBOARD,MER-0012,2026-05-20T20:24:00,"{""filters_applied"": 0, ""view"": ""campaign_performance""}"
AUD-0002271,USR-MER-0009-01,LOGIN,MERCHANT_SESSION,MER-0009,2026-05-20T20:59:00,"{""method"": ""password+mfa"", ""outcome"": ""success""}"
AUD-0002272,SYS-REDEEM,REDEMPTION_CONFIRMED,REDEMPTION,RED-000415,2026-05-20T21:14:55,"{""discount_applied"": 857.43, ""gross_bill_amount"": 857.43, ""offer_id"": ""OFR-0065"", ""redemption_id"": ""RED-000415"", ""transaction_id"": ""TXN-0010700""}"
AUD-0002273,SYS-REDEEM,REDEMPTION_CONFIRMED,REDEMPTION,RED-000416,2026-05-20T22:29:51,"{""discount_applied"": 415.53, ""gross_bill_amount"": 2077.66, ""offer_id"": ""OFR-0040"", ""redemption_id"": ""RED-000416"", ""transaction_id"": ""TXN-0010702""}"
AUD-0002274,SYS-REDEEM,REDEMPTION_CONFIRMED,REDEMPTION,RED-000417,2026-05-20T22:52:11,"{""discount_applied"": 354.4, ""gross_bill_amount"": 1772.0, ""offer_id"": ""OFR-0040"", ""redemption_id"": ""RED-000417"", ""transaction_id"": ""TXN-0010703""}"
AUD-0002275,SYS-REDEEM,REDEMPTION_CONFIRMED,REDEMPTION,RED-000418,2026-05-21T06:37:43,"{""discount_applied"": 897.19, ""gross_bill_amount"": 897.19, ""offer_id"": ""OFR-0065"", ""redemption_id"": ""RED-000418"", ""transaction_id"": ""TXN-0010704""}"
AUD-0002276,SYS-REDEEM,REDEMPTION_CONFIRMED,REDEMPTION,RED-000419,2026-05-21T06:48:50,"{""discount_applied"": 420.58, ""gross_bill_amount"": 2102.9, ""offer_id"": ""OFR-0040"", ""redemption_id"": ""RED-000419"", ""transaction_id"": ""TXN-0010705""}"
AUD-0002277,USR-MER-0008-01,VIEW_ANALYTICS,MERCHANT_DASHBOARD,MER-0008,2026-05-21T08:12:00,"{""filters_applied"": 2, ""view"": ""campaign_performance""}"
AUD-0002278,SYS-REDEEM,REDEMPTION_CONFIRMED,REDEMPTION,RED-000420,2026-05-21T09:29:24,"{""discount_applied"": 2300.0, ""gross_bill_amount"": 3177.0, ""offer_id"": ""OFR-0065"", ""redemption_id"": ""RED-000420"", ""transaction_id"": ""TXN-0010712""}"
AUD-0002279,SYS-REDEEM,REDEMPTION_CONFIRMED,REDEMPTION,RED-000421,2026-05-21T09:49:15,"{""discount_applied"": 406.63, ""gross_bill_amount"": 2033.17, ""offer_id"": ""OFR-0040"", ""redemption_id"": ""RED-000421"", ""transaction_id"": ""TXN-0010717""}"
AUD-0002280,USR-MER-0002-01,VIEW_ANALYTICS,MERCHANT_DASHBOARD,MER-0002,2026-05-21T10:38:00,"{""filters_applied"": 2, ""view"": ""customer_detail""}"
AUD-0002281,USR-MER-0015-01,LOGIN,MERCHANT_SESSION,MER-0015,2026-05-21T11:00:00,"{""method"": ""password+mfa"", ""outcome"": ""success""}"
AUD-0002282,USR-MER-0005-01,LOGIN,MERCHANT_SESSION,MER-0005,2026-05-21T11:48:00,"{""method"": ""password+mfa"", ""outcome"": ""success""}"
AUD-0002283,SYS-REDEEM,REDEMPTION_CONFIRMED,REDEMPTION,RED-000422,2026-05-21T12:13:02,"{""discount_applied"": 532.51, ""gross_bill_amount"": 2662.57, ""offer_id"": ""OFR-0040"", ""redemption_id"": ""RED-000422"", ""transaction_id"": ""TXN-0010732""}"
AUD-0002284,USR-MER-0005-01,VIEW_ANALYTICS,MERCHANT_DASHBOARD,MER-0005,2026-05-21T12:24:00,"{""filters_applied"": 2, ""view"": ""segmentation""}"
AUD-0002285,SYS-REDEEM,REDEMPTION_CONFIRMED,REDEMPTION,RED-000423,2026-05-21T12:25:59,"{""discount_applied"": 2300.0, ""gross_bill_amount"": 2381.0, ""offer_id"": ""OFR-0065"", ""redemption_id"": ""RED-000423"", ""transaction_id"": ""TXN-0010734""}"
AUD-0002286,USR-MER-0012-01,LOGIN,MERCHANT_SESSION,MER-0012,2026-05-21T12:35:00,"{""method"": ""password+mfa"", ""outcome"": ""success""}"
AUD-0002287,SYS-REDEEM,REDEMPTION_CONFIRMED,REDEMPTION,RED-000424,2026-05-21T12:44:57,"{""discount_applied"": 470.72, ""gross_bill_amount"": 2353.6, ""offer_id"": ""OFR-0040"", ""redemption_id"": ""RED-000424"", ""transaction_id"": ""TXN-0010737""}"
AUD-0002288,USR-MER-0003-01,VIEW_ANALYTICS,MERCHANT_DASHBOARD,MER-0003,2026-05-21T13:07:00,"{""filters_applied"": 2, ""view"": ""redemption_log""}"
AUD-0002289,USR-MER-0001-01,VIEW_ANALYTICS,MERCHANT_DASHBOARD,MER-0001,2026-05-21T15:00:00,"{""filters_applied"": 0, ""view"": ""segmentation""}"
AUD-0002290,SYS-REDEEM,REDEMPTION_CONFIRMED,REDEMPTION,RED-000425,2026-05-21T15:08:50,"{""discount_applied"": 553.0, ""gross_bill_amount"": 2765.0, ""offer_id"": ""OFR-0040"", ""redemption_id"": ""RED-000425"", ""transaction_id"": ""TXN-0010748""}"
AUD-0002291,USR-MER-0002-01,LOGIN,MERCHANT_SESSION,MER-0002,2026-05-21T16:49:00,"{""method"": ""password+mfa"", ""outcome"": ""success""}"
AUD-0002292,USR-MER-0017-01,VIEW_ANALYTICS,MERCHANT_DASHBOARD,MER-0017,2026-05-21T16:49:00,"{""filters_applied"": 3, ""view"": ""redemption_log""}"
AUD-0002293,USR-MER-0018-01,LOGIN,MERCHANT_SESSION,MER-0018,2026-05-21T17:01:00,"{""method"": ""password+mfa"", ""outcome"": ""success""}"
AUD-0002294,USR-MER-0002-01,VIEW_ANALYTICS,MERCHANT_DASHBOARD,MER-0002,2026-05-21T18:43:00,"{""filters_applied"": 0, ""view"": ""segmentation""}"
AUD-0002295,USR-MER-0008-01,VIEW_ANALYTICS,MERCHANT_DASHBOARD,MER-0008,2026-05-21T19:10:00,"{""filters_applied"": 3, ""view"": ""segmentation""}"
AUD-0002296,USR-MER-0003-01,LOGIN,MERCHANT_SESSION,MER-0003,2026-05-21T19:53:00,"{""method"": ""password+mfa"", ""outcome"": ""success""}"
AUD-0002297,SYS-REDEEM,REDEMPTION_CONFIRMED,REDEMPTION,RED-000426,2026-05-21T20:31:19,"{""discount_applied"": 721.0, ""gross_bill_amount"": 3605.0, ""offer_id"": ""OFR-0040"", ""redemption_id"": ""RED-000426"", ""transaction_id"": ""TXN-0010775""}"
AUD-0002298,SYS-REDEEM,REDEMPTION_CONFIRMED,REDEMPTION,RED-000427,2026-05-22T03:15:02,"{""discount_applied"": 537.0, ""gross_bill_amount"": 2685.0, ""offer_id"": ""OFR-0040"", ""redemption_id"": ""RED-000427"", ""transaction_id"": ""TXN-0010778""}"
AUD-0002299,USR-MER-0001-01,VIEW_ANALYTICS,MERCHANT_DASHBOARD,MER-0001,2026-05-22T08:31:00,"{""filters_applied"": 0, ""view"": ""segmentation""}"
AUD-0002300,USR-MER-0001-01,LAUNCH_CAMPAIGN,CAMPAIGN,CPN-0007,2026-05-22T09:05:00,"{""campaign_id"": ""CPN-0007""}"
AUD-0002301,USR-MER-0017-01,VIEW_ANALYTICS,MERCHANT_DASHBOARD,MER-0017,2026-05-22T09:26:00,"{""filters_applied"": 3, ""view"": ""campaign_performance""}"
AUD-0002302,USR-MER-0018-01,LOGIN,MERCHANT_SESSION,MER-0018,2026-05-22T09:35:00,"{""method"": ""password+mfa"", ""outcome"": ""success""}"
AUD-0002303,USR-MER-0018-01,VIEW_ANALYTICS,MERCHANT_DASHBOARD,MER-0018,2026-05-22T09:59:00,"{""filters_applied"": 0, ""view"": ""customer_detail""}"
AUD-0002304,USR-MER-0010-01,LOGIN,MERCHANT_SESSION,MER-0010,2026-05-22T11:10:00,"{""method"": ""password+mfa"", ""outcome"": ""success""}"
AUD-0002305,USR-MER-0008-01,LOGIN,MERCHANT_SESSION,MER-0008,2026-05-22T12:13:00,"{""method"": ""password+mfa"", ""outcome"": ""success""}"
AUD-0002306,USR-MER-0012-01,VIEW_ANALYTICS,MERCHANT_DASHBOARD,MER-0012,2026-05-22T12:28:00,"{""filters_applied"": 3, ""view"": ""campaign_performance""}"
AUD-0002307,SYS-AI-COPY,GENERATE_AI_CONTENT,CAMPAIGN,CPN-0049,2026-05-22T12:54:00,"{""model"": ""mock-copywriter-v1"", ""output_chars"": 320, ""prompt_version"": ""p1.2""}"
AUD-0002308,USR-MER-0017-01,VIEW_ANALYTICS,MERCHANT_DASHBOARD,MER-0017,2026-05-22T12:56:00,"{""filters_applied"": 0, ""view"": ""customer_detail""}"
AUD-0002309,USR-MER-0010-01,CREATE_CAMPAIGN,CAMPAIGN,CPN-0049,2026-05-22T14:12:00,"{""merchant_id"": ""MER-0010"", ""objective"": ""REACTIVATE_INACTIVE"", ""offer_id"": ""OFR-0069""}"
AUD-0002310,SYS-REDEEM,REDEMPTION_CONFIRMED,REDEMPTION,RED-000428,2026-05-22T14:36:59,"{""discount_applied"": 502.5, ""gross_bill_amount"": 2512.5, ""offer_id"": ""OFR-0040"", ""redemption_id"": ""RED-000428"", ""transaction_id"": ""TXN-0010806""}"
AUD-0002311,USR-MER-0007-01,LOGIN,MERCHANT_SESSION,MER-0007,2026-05-22T14:54:00,"{""method"": ""password+mfa"", ""outcome"": ""success""}"
AUD-0002312,USR-MER-0014-01,VIEW_ANALYTICS,MERCHANT_DASHBOARD,MER-0014,2026-05-22T14:55:00,"{""filters_applied"": 2, ""view"": ""segmentation""}"
AUD-0002313,USR-MER-0017-01,VIEW_ANALYTICS,MERCHANT_DASHBOARD,MER-0017,2026-05-22T18:24:00,"{""filters_applied"": 4, ""view"": ""customer_detail""}"
AUD-0002314,SYS-REDEEM,REDEMPTION_CONFIRMED,REDEMPTION,RED-000429,2026-05-22T19:06:56,"{""discount_applied"": 300.0, ""gross_bill_amount"": 860.44, ""offer_id"": ""OFR-0027"", ""redemption_id"": ""RED-000429"", ""transaction_id"": ""TXN-0010821""}"
AUD-0002315,USR-MER-0012-01,VIEW_ANALYTICS,MERCHANT_DASHBOARD,MER-0012,2026-05-22T19:10:00,"{""filters_applied"": 0, ""view"": ""segmentation""}"
AUD-0002316,SYS-REDEEM,REDEMPTION_CONFIRMED,REDEMPTION,RED-000430,2026-05-22T19:10:17,"{""discount_applied"": 1406.13, ""gross_bill_amount"": 1406.13, ""offer_id"": ""OFR-0086"", ""redemption_id"": ""RED-000430"", ""transaction_id"": ""TXN-0010823""}"
AUD-0002317,USR-MER-0009-01,VIEW_ANALYTICS,MERCHANT_DASHBOARD,MER-0009,2026-05-22T20:10:00,"{""filters_applied"": 0, ""view"": ""customer_detail""}"
AUD-0002318,USR-MER-0018-01,VIEW_ANALYTICS,MERCHANT_DASHBOARD,MER-0018,2026-05-22T20:26:00,"{""filters_applied"": 1, ""view"": ""customer_detail""}"
AUD-0002319,USR-MER-0011-01,LOGIN,MERCHANT_SESSION,MER-0011,2026-05-22T21:37:00,"{""method"": ""password+mfa"", ""outcome"": ""success""}"
AUD-0002320,SYS-REDEEM,REDEMPTION_CONFIRMED,REDEMPTION,RED-000431,2026-05-23T00:35:15,"{""discount_applied"": 300.0, ""gross_bill_amount"": 1368.37, ""offer_id"": ""OFR-0027"", ""redemption_id"": ""RED-000431"", ""transaction_id"": ""TXN-0010836""}"
AUD-0002321,SYS-REDEEM,REDEMPTION_CONFIRMED,REDEMPTION,RED-000432,2026-05-23T02:29:16,"{""discount_applied"": 2300.0, ""gross_bill_amount"": 4743.45, ""offer_id"": ""OFR-0065"", ""redemption_id"": ""RED-000432"", ""transaction_id"": ""TXN-0010837""}"
AUD-0002322,SYS-REDEEM,REDEMPTION_CONFIRMED,REDEMPTION,RED-000433,2026-05-23T04:26:40,"{""discount_applied"": 556.57, ""gross_bill_amount"": 2782.84, ""offer_id"": ""OFR-0040"", ""redemption_id"": ""RED-000433"", ""transaction_id"": ""TXN-0010838""}"
AUD-0002323,SYS-REDEEM,REDEMPTION_CONFIRMED,REDEMPTION,RED-000434,2026-05-23T04:50:50,"{""discount_applied"": 300.0, ""gross_bill_amount"": 950.0, ""offer_id"": ""OFR-0027"", ""redemption_id"": ""RED-000434"", ""transaction_id"": ""TXN-0010839""}"
AUD-0002324,SYS-REDEEM,REDEMPTION_CONFIRMED,REDEMPTION,RED-000435,2026-05-23T05:15:38,"{""discount_applied"": 300.0, ""gross_bill_amount"": 1383.58, ""offer_id"": ""OFR-0027"", ""redemption_id"": ""RED-000435"", ""transaction_id"": ""TXN-0010840""}"
AUD-0002325,SYS-REDEEM,REDEMPTION_CONFIRMED,REDEMPTION,RED-000436,2026-05-23T07:36:59,"{""discount_applied"": 2300.0, ""gross_bill_amount"": 2926.0, ""offer_id"": ""OFR-0065"", ""redemption_id"": ""RED-000436"", ""transaction_id"": ""TXN-0010845""}"
AUD-0002326,SYS-REDEEM,REDEMPTION_CONFIRMED,REDEMPTION,RED-000437,2026-05-23T07:38:22,"{""discount_applied"": 1408.79, ""gross_bill_amount"": 1408.79, ""offer_id"": ""OFR-0086"", ""redemption_id"": ""RED-000437"", ""transaction_id"": ""TXN-0010846""}"
AUD-0002327,SYS-REDEEM,REDEMPTION_CONFIRMED,REDEMPTION,RED-000438,2026-05-23T07:58:55,"{""discount_applied"": 598.83, ""gross_bill_amount"": 2994.16, ""offer_id"": ""OFR-0040"", ""redemption_id"": ""RED-000438"", ""transaction_id"": ""TXN-0010848""}"
AUD-0002328,USR-MER-0008-01,VIEW_ANALYTICS,MERCHANT_DASHBOARD,MER-0008,2026-05-23T08:14:00,"{""filters_applied"": 1, ""view"": ""segmentation""}"
AUD-0002329,SYS-REDEEM,REDEMPTION_CONFIRMED,REDEMPTION,RED-000439,2026-05-23T08:24:12,"{""discount_applied"": 300.0, ""gross_bill_amount"": 800.0, ""offer_id"": ""OFR-0027"", ""redemption_id"": ""RED-000439"", ""transaction_id"": ""TXN-0010849""}"
AUD-0002330,SYS-REDEEM,REDEMPTION_REJECTED,REDEMPTION,RED-000440,2026-05-23T08:59:59,"{""discount_applied"": 2300.0, ""gross_bill_amount"": 2926.0, ""offer_id"": ""OFR-0065"", ""reason"": ""DUPLICATE_REDEMPTION"", ""redemption_id"": ""RED-000440"", ""transaction_id"": ""TXN-0010845""}"
AUD-0002331,SYS-REDEEM,REDEMPTION_CONFIRMED,REDEMPTION,RED-000441,2026-05-23T10:05:00,"{""discount_applied"": 300.0, ""gross_bill_amount"": 1500.77, ""offer_id"": ""OFR-0027"", ""redemption_id"": ""RED-000441"", ""transaction_id"": ""TXN-0010852""}"
AUD-0002332,SYS-REDEEM,REDEMPTION_CONFIRMED,REDEMPTION,RED-000442,2026-05-23T10:05:00,"{""discount_applied"": 300.0, ""gross_bill_amount"": 1170.82, ""offer_id"": ""OFR-0027"", ""redemption_id"": ""RED-000442"", ""transaction_id"": ""TXN-0010853""}"
AUD-0002333,SYS-REDEEM,REDEMPTION_REJECTED,REDEMPTION,RED-000443,2026-05-23T10:05:00,"{""discount_applied"": 300.0, ""gross_bill_amount"": 800.0, ""offer_id"": ""OFR-0027"", ""reason"": ""OFFER_BUDGET_EXHAUSTED"", ""redemption_id"": ""RED-000443"", ""transaction_id"": ""TXN-0010854""}"
AUD-0002334,SYS-REDEEM,REDEMPTION_CONFIRMED,REDEMPTION,RED-000444,2026-05-23T10:34:30,"{""discount_applied"": 541.22, ""gross_bill_amount"": 541.22, ""offer_id"": ""OFR-0065"", ""redemption_id"": ""RED-000444"", ""transaction_id"": ""TXN-0010855""}"
AUD-0002335,SYS-REDEEM,REDEMPTION_REJECTED,REDEMPTION,RED-000445,2026-05-23T10:44:42,"{""discount_applied"": 756.46, ""gross_bill_amount"": 756.46, ""offer_id"": ""OFR-0065"", ""reason"": ""OFFER_BUDGET_EXHAUSTED"", ""redemption_id"": ""RED-000445"", ""transaction_id"": ""TXN-0010856""}"
AUD-0002336,USR-MER-0005-01,LOGIN,MERCHANT_SESSION,MER-0005,2026-05-23T11:39:00,"{""method"": ""password+mfa"", ""outcome"": ""success""}"
AUD-0002337,SYS-REDEEM,REDEMPTION_CONFIRMED,REDEMPTION,RED-000446,2026-05-23T12:05:00,"{""discount_applied"": 300.0, ""gross_bill_amount"": 1059.8, ""offer_id"": ""OFR-0027"", ""redemption_id"": ""RED-000446"", ""transaction_id"": ""TXN-0010860""}"
AUD-0002338,SYS-REDEEM,REDEMPTION_CONFIRMED,REDEMPTION,RED-000447,2026-05-23T12:05:00,"{""discount_applied"": 300.0, ""gross_bill_amount"": 997.68, ""offer_id"": ""OFR-0027"", ""redemption_id"": ""RED-000447"", ""transaction_id"": ""TXN-0010861""}"
AUD-0002339,SYS-REDEEM,REDEMPTION_CONFIRMED,REDEMPTION,RED-000448,2026-05-23T12:05:00,"{""discount_applied"": 300.0, ""gross_bill_amount"": 800.0, ""offer_id"": ""OFR-0027"", ""redemption_id"": ""RED-000448"", ""transaction_id"": ""TXN-0010862""}"
AUD-0002340,SYS-REDEEM,REDEMPTION_CONFIRMED,REDEMPTION,RED-000449,2026-05-23T13:05:00,"{""discount_applied"": 300.0, ""gross_bill_amount"": 1046.71, ""offer_id"": ""OFR-0027"", ""redemption_id"": ""RED-000449"", ""transaction_id"": ""TXN-0010867""}"
AUD-0002341,SYS-REDEEM,REDEMPTION_CONFIRMED,REDEMPTION,RED-000450,2026-05-23T14:05:00,"{""discount_applied"": 300.0, ""gross_bill_amount"": 1246.57, ""offer_id"": ""OFR-0027"", ""redemption_id"": ""RED-000450"", ""transaction_id"": ""TXN-0010872""}"
AUD-0002342,SYS-REDEEM,REDEMPTION_REJECTED,REDEMPTION,RED-000451,2026-05-23T14:05:00,"{""discount_applied"": 300.0, ""gross_bill_amount"": 800.0, ""offer_id"": ""OFR-0027"", ""reason"": ""OFFER_BUDGET_EXHAUSTED"", ""redemption_id"": ""RED-000451"", ""transaction_id"": ""TXN-0010873""}"
AUD-0002343,USR-MER-0003-01,VIEW_ANALYTICS,MERCHANT_DASHBOARD,MER-0003,2026-05-23T14:51:00,"{""filters_applied"": 1, ""view"": ""campaign_performance""}"
AUD-0002344,SYS-REDEEM,REDEMPTION_CONFIRMED,REDEMPTION,RED-000452,2026-05-23T15:05:00,"{""discount_applied"": 300.0, ""gross_bill_amount"": 1191.12, ""offer_id"": ""OFR-0027"", ""redemption_id"": ""RED-000452"", ""transaction_id"": ""TXN-0010876""}"
AUD-0002345,SYS-REDEEM,REDEMPTION_CONFIRMED,REDEMPTION,RED-000453,2026-05-23T15:05:00,"{""discount_applied"": 300.0, ""gross_bill_amount"": 879.0, ""offer_id"": ""OFR-0027"", ""redemption_id"": ""RED-000453"", ""transaction_id"": ""TXN-0010877""}"
AUD-0002346,SYS-REDEEM,REDEMPTION_CONFIRMED,REDEMPTION,RED-000454,2026-05-23T15:05:00,"{""discount_applied"": 300.0, ""gross_bill_amount"": 800.0, ""offer_id"": ""OFR-0027"", ""redemption_id"": ""RED-000454"", ""transaction_id"": ""TXN-0010878""}"
AUD-0002347,USR-MER-0001-01,CANCEL_CAMPAIGN,CAMPAIGN,CPN-0007,2026-05-23T16:05:00,"{""campaign_id"": ""CPN-0007""}"
AUD-0002348,USR-MER-0017-01,LOGIN,MERCHANT_SESSION,MER-0017,2026-05-23T16:46:00,"{""method"": ""password+mfa"", ""outcome"": ""success""}"
AUD-0002349,USR-MER-0012-01,LOGIN,MERCHANT_SESSION,MER-0012,2026-05-23T17:36:00,"{""method"": ""password+mfa"", ""outcome"": ""success""}"
AUD-0002350,SYS-REDEEM,REDEMPTION_CONFIRMED,REDEMPTION,RED-000455,2026-05-23T18:19:18,"{""discount_applied"": 910.99, ""gross_bill_amount"": 910.99, ""offer_id"": ""OFR-0065"", ""redemption_id"": ""RED-000455"", ""transaction_id"": ""TXN-0010899""}"
AUD-0002351,SYS-REDEEM,REDEMPTION_CONFIRMED,REDEMPTION,RED-000456,2026-05-23T20:29:33,"{""discount_applied"": 524.19, ""gross_bill_amount"": 2620.96, ""offer_id"": ""OFR-0040"", ""redemption_id"": ""RED-000456"", ""transaction_id"": ""TXN-0010916""}"
AUD-0002352,USR-MER-0014-01,LOGIN,MERCHANT_SESSION,MER-0014,2026-05-23T20:55:00,"{""method"": ""password+mfa"", ""outcome"": ""success""}"
AUD-0002353,USR-MER-0010-01,LOGIN,MERCHANT_SESSION,MER-0010,2026-05-23T21:01:00,"{""method"": ""password+mfa"", ""outcome"": ""success""}"
AUD-0002354,USR-MER-0011-01,VIEW_ANALYTICS,MERCHANT_DASHBOARD,MER-0011,2026-05-23T21:56:00,"{""filters_applied"": 0, ""view"": ""customer_detail""}"
AUD-0002355,USR-MER-0010-01,APPROVE_CAMPAIGN,CAMPAIGN,CPN-0049,2026-05-23T22:49:00,"{""campaign_id"": ""CPN-0049""}"
AUD-0002356,SYS-REDEEM,REDEMPTION_REJECTED,REDEMPTION,RED-000457,2026-05-24T04:06:00,"{""discount_applied"": 300.0, ""gross_bill_amount"": 999.0, ""offer_id"": ""OFR-0027"", ""reason"": ""CAMPAIGN_NOT_LIVE"", ""redemption_id"": ""RED-000457"", ""transaction_id"": ""TXN-0010919""}"
AUD-0002357,SYS-REDEEM,REDEMPTION_CONFIRMED,REDEMPTION,RED-000458,2026-05-24T05:16:43,"{""discount_applied"": 450.6, ""gross_bill_amount"": 2253.0, ""offer_id"": ""OFR-0040"", ""redemption_id"": ""RED-000458"", ""transaction_id"": ""TXN-0010920""}"
AUD-0002358,SYS-REDEEM,REDEMPTION_CONFIRMED,REDEMPTION,RED-000459,2026-05-24T07:07:51,"{""discount_applied"": 378.81, ""gross_bill_amount"": 1894.03, ""offer_id"": ""OFR-0040"", ""redemption_id"": ""RED-000459"", ""transaction_id"": ""TXN-0010921""}"
AUD-0002359,USR-MER-0017-01,LOGIN,MERCHANT_SESSION,MER-0017,2026-05-24T08:00:00,"{""method"": ""password+mfa"", ""outcome"": ""success""}"
AUD-0002360,USR-MER-0003-01,LOGIN,MERCHANT_SESSION,MER-0003,2026-05-24T08:10:00,"{""method"": ""password+mfa"", ""outcome"": ""success""}"
AUD-0002361,USR-MER-0004-01,LOGIN,MERCHANT_SESSION,MER-0004,2026-05-24T08:14:00,"{""method"": ""password+mfa"", ""outcome"": ""success""}"
AUD-0002362,USR-MER-0002-01,VIEW_ANALYTICS,MERCHANT_DASHBOARD,MER-0002,2026-05-24T08:42:00,"{""filters_applied"": 4, ""view"": ""redemption_log""}"
AUD-0002363,SYS-REDEEM,REDEMPTION_CONFIRMED,REDEMPTION,RED-000460,2026-05-24T09:02:09,"{""discount_applied"": 564.14, ""gross_bill_amount"": 2820.72, ""offer_id"": ""OFR-0040"", ""redemption_id"": ""RED-000460"", ""transaction_id"": ""TXN-0010925""}"
AUD-0002364,SYS-REDEEM,REDEMPTION_REJECTED,REDEMPTION,RED-000461,2026-05-24T09:10:00,"{""discount_applied"": 300.0, ""gross_bill_amount"": 929.0, ""offer_id"": ""OFR-0027"", ""reason"": ""INELIGIBLE_CUSTOMER"", ""redemption_id"": ""RED-000461"", ""transaction_id"": ""TXN-0010926""}"
AUD-0002365,USR-MER-0015-01,VIEW_ANALYTICS,MERCHANT_DASHBOARD,MER-0015,2026-05-24T09:46:00,"{""filters_applied"": 1, ""view"": ""redemption_log""}"
AUD-0002366,USR-MER-0010-01,VIEW_ANALYTICS,MERCHANT_DASHBOARD,MER-0010,2026-05-24T10:15:00,"{""filters_applied"": 1, ""view"": ""redemption_log""}"
AUD-0002367,SYS-REDEEM,REDEMPTION_CONFIRMED,REDEMPTION,RED-000462,2026-05-24T11:50:21,"{""discount_applied"": 808.64, ""gross_bill_amount"": 808.64, ""offer_id"": ""OFR-0065"", ""redemption_id"": ""RED-000462"", ""transaction_id"": ""TXN-0010936""}"
AUD-0002368,USR-MER-0015-01,VIEW_ANALYTICS,MERCHANT_DASHBOARD,MER-0015,2026-05-24T12:01:00,"{""filters_applied"": 2, ""view"": ""redemption_log""}"
AUD-0002369,USR-MER-0018-01,VIEW_ANALYTICS,MERCHANT_DASHBOARD,MER-0018,2026-05-24T12:30:00,"{""filters_applied"": 0, ""view"": ""segmentation""}"
AUD-0002370,USR-MER-0008-01,VIEW_ANALYTICS,MERCHANT_DASHBOARD,MER-0008,2026-05-24T13:13:00,"{""filters_applied"": 2, ""view"": ""campaign_performance""}"
AUD-0002371,USR-MER-0007-01,LOGIN,MERCHANT_SESSION,MER-0007,2026-05-24T13:26:00,"{""method"": ""password+mfa"", ""outcome"": ""success""}"
AUD-0002372,USR-MER-0003-01,VIEW_ANALYTICS,MERCHANT_DASHBOARD,MER-0003,2026-05-24T15:22:00,"{""filters_applied"": 4, ""view"": ""customer_detail""}"
AUD-0002373,USR-MER-0004-01,LOGIN,MERCHANT_SESSION,MER-0004,2026-05-24T15:34:00,"{""method"": ""password+mfa"", ""outcome"": ""success""}"
AUD-0002374,SYS-REDEEM,REDEMPTION_CONFIRMED,REDEMPTION,RED-000463,2026-05-24T16:56:38,"{""discount_applied"": 2300.0, ""gross_bill_amount"": 4130.48, ""offer_id"": ""OFR-0065"", ""redemption_id"": ""RED-000463"", ""transaction_id"": ""TXN-0010958""}"
AUD-0002375,USR-MER-0005-01,VIEW_ANALYTICS,MERCHANT_DASHBOARD,MER-0005,2026-05-24T17:59:00,"{""filters_applied"": 0, ""view"": ""campaign_performance""}"
AUD-0002376,USR-MER-0006-01,VIEW_ANALYTICS,MERCHANT_DASHBOARD,MER-0006,2026-05-24T18:07:00,"{""filters_applied"": 2, ""view"": ""redemption_log""}"
AUD-0002377,USR-MER-0013-01,LOGIN,MERCHANT_SESSION,MER-0013,2026-05-24T19:00:00,"{""method"": ""password+mfa"", ""outcome"": ""success""}"
AUD-0002378,USR-MER-0002-01,LOGIN,MERCHANT_SESSION,MER-0002,2026-05-24T20:19:00,"{""method"": ""password+mfa"", ""outcome"": ""success""}"
AUD-0002379,SYS-REDEEM,REDEMPTION_CONFIRMED,REDEMPTION,RED-000464,2026-05-24T22:46:23,"{""discount_applied"": 435.74, ""gross_bill_amount"": 2178.71, ""offer_id"": ""OFR-0040"", ""redemption_id"": ""RED-000464"", ""transaction_id"": ""TXN-0010993""}"
AUD-0002380,SYS-REDEEM,REDEMPTION_CONFIRMED,REDEMPTION,RED-000465,2026-05-24T23:14:16,"{""discount_applied"": 311.27, ""gross_bill_amount"": 1556.35, ""offer_id"": ""OFR-0040"", ""redemption_id"": ""RED-000465"", ""transaction_id"": ""TXN-0010994""}"
AUD-0002381,SYS-REDEEM,REDEMPTION_CONFIRMED,REDEMPTION,RED-000466,2026-05-24T23:57:55,"{""discount_applied"": 2300.0, ""gross_bill_amount"": 5125.0, ""offer_id"": ""OFR-0065"", ""redemption_id"": ""RED-000466"", ""transaction_id"": ""TXN-0010995""}"
AUD-0002382,SYS-REDEEM,REDEMPTION_CONFIRMED,REDEMPTION,RED-000467,2026-05-25T01:09:56,"{""discount_applied"": 2300.0, ""gross_bill_amount"": 2963.0, ""offer_id"": ""OFR-0065"", ""redemption_id"": ""RED-000467"", ""transaction_id"": ""TXN-0010996""}"
AUD-0002383,SYS-REDEEM,REDEMPTION_CONFIRMED,REDEMPTION,RED-000468,2026-05-25T05:37:21,"{""discount_applied"": 424.4, ""gross_bill_amount"": 2122.0, ""offer_id"": ""OFR-0040"", ""redemption_id"": ""RED-000468"", ""transaction_id"": ""TXN-0010997""}"
AUD-0002384,USR-MER-0007-01,LOGIN,MERCHANT_SESSION,MER-0007,2026-05-25T10:01:00,"{""method"": ""password+mfa"", ""outcome"": ""success""}"
AUD-0002385,USR-MER-0004-01,VIEW_ANALYTICS,MERCHANT_DASHBOARD,MER-0004,2026-05-25T12:46:00,"{""filters_applied"": 2, ""view"": ""redemption_log""}"
AUD-0002386,SYS-REDEEM,REDEMPTION_CONFIRMED,REDEMPTION,RED-000469,2026-05-25T14:37:06,"{""discount_applied"": 672.89, ""gross_bill_amount"": 672.89, ""offer_id"": ""OFR-0065"", ""redemption_id"": ""RED-000469"", ""transaction_id"": ""TXN-0011039""}"
AUD-0002387,USR-MER-0015-01,CREATE_OFFER,OFFER,OFR-0015,2026-05-25T15:30:00,"{""budget"": 24963.37, ""discount_type"": ""PERCENTAGE"", ""discount_value"": 15.0, ""merchant_id"": ""MER-0015"", ""minimum_spend"": 1199.0}"
AUD-0002388,SYS-REDEEM,REDEMPTION_REJECTED,REDEMPTION,RED-000470,2026-05-25T17:36:18,"{""discount_applied"": 300.0, ""gross_bill_amount"": 592.7, ""offer_id"": ""OFR-0027"", ""reason"": ""BELOW_MINIMUM_SPEND"", ""redemption_id"": ""RED-000470"", ""transaction_id"": ""TXN-0011056""}"
AUD-0002389,USR-MER-0011-01,LOGIN,MERCHANT_SESSION,MER-0011,2026-05-25T17:58:00,"{""method"": ""password+mfa"", ""outcome"": ""success""}"
AUD-0002390,SYS-REDEEM,REDEMPTION_REJECTED,REDEMPTION,RED-000471,2026-05-25T18:17:18,"{""discount_applied"": 300.0, ""gross_bill_amount"": 1532.0, ""offer_id"": ""OFR-0027"", ""reason"": ""WRONG_MERCHANT"", ""redemption_id"": ""RED-000471"", ""transaction_id"": ""TXN-0011063""}"
AUD-0002391,SYS-REDEEM,REDEMPTION_REJECTED,REDEMPTION,RED-000472,2026-05-25T18:25:18,"{""discount_applied"": 300.0, ""gross_bill_amount"": 949.0, ""offer_id"": ""OFR-0027"", ""reason"": ""WRONG_CUSTOMER"", ""redemption_id"": ""RED-000472"", ""transaction_id"": ""TXN-0011066""}"
AUD-0002392,SYS-REDEEM,REDEMPTION_REJECTED,REDEMPTION,RED-000473,2026-05-25T18:34:18,"{""discount_applied"": 300.0, ""gross_bill_amount"": 999.0, ""offer_id"": ""OFR-0027"", ""reason"": ""TRANSACTION_FAILED"", ""redemption_id"": ""RED-000473"", ""transaction_id"": ""TXN-0011068""}"
AUD-0002393,SYS-REDEEM,REDEMPTION_REJECTED,REDEMPTION,RED-000474,2026-05-25T18:45:18,"{""discount_applied"": 300.0, ""gross_bill_amount"": 999.0, ""offer_id"": ""OFR-0027"", ""reason"": ""TRANSACTION_REVERSED"", ""redemption_id"": ""RED-000474"", ""transaction_id"": ""TXN-0011070""}"
AUD-0002394,SYS-REDEEM,REDEMPTION_CONFIRMED,REDEMPTION,RED-000475,2026-05-25T19:40:07,"{""discount_applied"": 2300.0, ""gross_bill_amount"": 4020.0, ""offer_id"": ""OFR-0065"", ""redemption_id"": ""RED-000475"", ""transaction_id"": ""TXN-0011074""}"
AUD-0002395,USR-MER-0018-01,LOGIN,MERCHANT_SESSION,MER-0018,2026-05-25T19:54:00,"{""method"": ""password+mfa"", ""outcome"": ""success""}"
AUD-0002396,USR-MER-0001-01,LOGIN,MERCHANT_SESSION,MER-0001,2026-05-25T20:59:00,"{""method"": ""password+mfa"", ""outcome"": ""success""}"
AUD-0002397,SYS-REDEEM,REDEMPTION_CONFIRMED,REDEMPTION,RED-000476,2026-05-25T22:29:03,"{""discount_applied"": 370.04, ""gross_bill_amount"": 1850.22, ""offer_id"": ""OFR-0040"", ""redemption_id"": ""RED-000476"", ""transaction_id"": ""TXN-0011083""}"
AUD-0002398,SYS-REDEEM,REDEMPTION_CONFIRMED,REDEMPTION,RED-000477,2026-05-26T10:10:04,"{""discount_applied"": 556.8, ""gross_bill_amount"": 2784.0, ""offer_id"": ""OFR-0040"", ""redemption_id"": ""RED-000477"", ""transaction_id"": ""TXN-0011095""}"
AUD-0002399,USR-MER-0007-01,VIEW_ANALYTICS,MERCHANT_DASHBOARD,MER-0007,2026-05-26T10:13:00,"{""filters_applied"": 0, ""view"": ""redemption_log""}"
AUD-0002400,USR-MER-0012-01,LOGIN,MERCHANT_SESSION,MER-0012,2026-05-26T10:41:00,"{""method"": ""password+mfa"", ""outcome"": ""success""}"
AUD-0002401,USR-MER-0005-01,LOGIN,MERCHANT_SESSION,MER-0005,2026-05-26T11:24:00,"{""method"": ""password+mfa"", ""outcome"": ""success""}"
AUD-0002402,USR-MER-0018-01,LOGIN,MERCHANT_SESSION,MER-0018,2026-05-26T12:15:00,"{""method"": ""password+mfa"", ""outcome"": ""success""}"
AUD-0002403,USR-MER-0001-01,LOGIN,MERCHANT_SESSION,MER-0001,2026-05-26T13:05:00,"{""method"": ""password+mfa"", ""outcome"": ""success""}"
AUD-0002404,USR-MER-0018-01,VIEW_ANALYTICS,MERCHANT_DASHBOARD,MER-0018,2026-05-26T13:36:00,"{""filters_applied"": 2, ""view"": ""redemption_log""}"
AUD-0002405,USR-MER-0009-01,LOGIN,MERCHANT_SESSION,MER-0009,2026-05-26T14:43:00,"{""method"": ""password+mfa"", ""outcome"": ""success""}"
AUD-0002406,USR-MER-0011-01,LOGIN,MERCHANT_SESSION,MER-0011,2026-05-26T17:16:00,"{""method"": ""password+mfa"", ""outcome"": ""success""}"
AUD-0002407,USR-MER-0011-01,VIEW_ANALYTICS,MERCHANT_DASHBOARD,MER-0011,2026-05-26T18:04:00,"{""filters_applied"": 1, ""view"": ""segmentation""}"
AUD-0002408,USR-MER-0009-01,VIEW_ANALYTICS,MERCHANT_DASHBOARD,MER-0009,2026-05-26T18:10:00,"{""filters_applied"": 0, ""view"": ""campaign_performance""}"
AUD-0002409,USR-MER-0017-01,LOGIN,MERCHANT_SESSION,MER-0017,2026-05-26T18:56:00,"{""method"": ""password+mfa"", ""outcome"": ""success""}"
AUD-0002410,USR-MER-0010-01,LOGIN,MERCHANT_SESSION,MER-0010,2026-05-26T19:44:00,"{""method"": ""password+mfa"", ""outcome"": ""success""}"
AUD-0002411,USR-MER-0011-01,LOGIN,MERCHANT_SESSION,MER-0011,2026-05-26T20:29:00,"{""method"": ""password+mfa"", ""outcome"": ""success""}"
AUD-0002412,USR-MER-0018-01,VIEW_ANALYTICS,MERCHANT_DASHBOARD,MER-0018,2026-05-27T09:50:00,"{""filters_applied"": 2, ""view"": ""customer_detail""}"
AUD-0002413,USR-MER-0018-01,VIEW_ANALYTICS,MERCHANT_DASHBOARD,MER-0018,2026-05-27T13:30:00,"{""filters_applied"": 4, ""view"": ""segmentation""}"
AUD-0002414,USR-MER-0018-01,LOGIN,MERCHANT_SESSION,MER-0018,2026-05-27T13:35:00,"{""method"": ""password+mfa"", ""outcome"": ""success""}"
AUD-0002415,USR-MER-0014-01,LOGIN,MERCHANT_SESSION,MER-0014,2026-05-27T13:44:00,"{""method"": ""password+mfa"", ""outcome"": ""success""}"
AUD-0002416,USR-MER-0001-01,LOGIN,MERCHANT_SESSION,MER-0001,2026-05-27T13:57:00,"{""method"": ""password+mfa"", ""outcome"": ""success""}"
AUD-0002417,USR-MER-0018-01,VIEW_ANALYTICS,MERCHANT_DASHBOARD,MER-0018,2026-05-27T15:26:00,"{""filters_applied"": 2, ""view"": ""redemption_log""}"
AUD-0002418,USR-MER-0017-01,LOGIN,MERCHANT_SESSION,MER-0017,2026-05-27T16:08:00,"{""method"": ""password+mfa"", ""outcome"": ""success""}"
AUD-0002419,USR-MER-0017-01,LOGIN,MERCHANT_SESSION,MER-0017,2026-05-27T17:43:00,"{""method"": ""password+mfa"", ""outcome"": ""success""}"
AUD-0002420,USR-MER-0018-01,LOGIN,MERCHANT_SESSION,MER-0018,2026-05-27T19:05:00,"{""method"": ""password+mfa"", ""outcome"": ""success""}"
AUD-0002421,USR-MER-0014-01,VIEW_ANALYTICS,MERCHANT_DASHBOARD,MER-0014,2026-05-27T19:16:00,"{""filters_applied"": 3, ""view"": ""campaign_performance""}"
AUD-0002422,SYS-REDEEM,REDEMPTION_CONFIRMED,REDEMPTION,RED-000478,2026-05-27T19:21:21,"{""discount_applied"": 960.0, ""gross_bill_amount"": 5094.0, ""offer_id"": ""OFR-0040"", ""redemption_id"": ""RED-000478"", ""transaction_id"": ""TXN-0011214""}"
AUD-0002423,USR-MER-0014-01,LOGIN,MERCHANT_SESSION,MER-0014,2026-05-27T21:45:00,"{""method"": ""password+mfa"", ""outcome"": ""success""}"
AUD-0002424,SYS-REDEEM,REDEMPTION_CONFIRMED,REDEMPTION,RED-000479,2026-05-28T07:11:12,"{""discount_applied"": 313.64, ""gross_bill_amount"": 1568.18, ""offer_id"": ""OFR-0040"", ""redemption_id"": ""RED-000479"", ""transaction_id"": ""TXN-0011232""}"
AUD-0002425,USR-MER-0010-01,VIEW_ANALYTICS,MERCHANT_DASHBOARD,MER-0010,2026-05-28T08:16:00,"{""filters_applied"": 0, ""view"": ""customer_detail""}"
AUD-0002426,USR-MER-0007-01,VIEW_ANALYTICS,MERCHANT_DASHBOARD,MER-0007,2026-05-28T08:51:00,"{""filters_applied"": 3, ""view"": ""customer_detail""}"
AUD-0002427,USR-MER-0004-01,VIEW_ANALYTICS,MERCHANT_DASHBOARD,MER-0004,2026-05-28T10:15:00,"{""filters_applied"": 0, ""view"": ""campaign_performance""}"
AUD-0002428,USR-MER-0011-01,LOGIN,MERCHANT_SESSION,MER-0011,2026-05-28T10:40:00,"{""method"": ""password+mfa"", ""outcome"": ""success""}"
AUD-0002429,USR-MER-0005-01,LOGIN,MERCHANT_SESSION,MER-0005,2026-05-28T11:38:00,"{""method"": ""password+mfa"", ""outcome"": ""success""}"
AUD-0002430,USR-MER-0008-01,LOGIN,MERCHANT_SESSION,MER-0008,2026-05-28T11:42:00,"{""method"": ""password+mfa"", ""outcome"": ""success""}"
AUD-0002431,USR-MER-0008-01,LOGIN,MERCHANT_SESSION,MER-0008,2026-05-28T11:54:00,"{""method"": ""password+mfa"", ""outcome"": ""success""}"
AUD-0002432,USR-MER-0003-01,VIEW_ANALYTICS,MERCHANT_DASHBOARD,MER-0003,2026-05-28T14:12:00,"{""filters_applied"": 2, ""view"": ""segmentation""}"
AUD-0002433,USR-MER-0013-01,LOGIN,MERCHANT_SESSION,MER-0013,2026-05-28T15:15:00,"{""method"": ""password+mfa"", ""outcome"": ""success""}"
AUD-0002434,USR-MER-0018-01,VIEW_ANALYTICS,MERCHANT_DASHBOARD,MER-0018,2026-05-28T15:52:00,"{""filters_applied"": 1, ""view"": ""customer_detail""}"
AUD-0002435,USR-MER-0012-01,LOGIN,MERCHANT_SESSION,MER-0012,2026-05-28T16:44:00,"{""method"": ""password+mfa"", ""outcome"": ""success""}"
AUD-0002436,SYS-REDEEM,REDEMPTION_CONFIRMED,REDEMPTION,RED-000480,2026-05-28T18:09:51,"{""discount_applied"": 833.46, ""gross_bill_amount"": 833.46, ""offer_id"": ""OFR-0065"", ""redemption_id"": ""RED-000480"", ""transaction_id"": ""TXN-0011271""}"
AUD-0002437,USR-MER-0001-01,VIEW_ANALYTICS,MERCHANT_DASHBOARD,MER-0001,2026-05-28T20:24:00,"{""filters_applied"": 1, ""view"": ""campaign_performance""}"
AUD-0002438,SYS-REDEEM,REDEMPTION_CONFIRMED,REDEMPTION,RED-000481,2026-05-28T20:44:03,"{""discount_applied"": 795.97, ""gross_bill_amount"": 795.97, ""offer_id"": ""OFR-0065"", ""redemption_id"": ""RED-000481"", ""transaction_id"": ""TXN-0011287""}"
AUD-0002439,USR-MER-0014-01,VIEW_ANALYTICS,MERCHANT_DASHBOARD,MER-0014,2026-05-28T21:48:00,"{""filters_applied"": 2, ""view"": ""redemption_log""}"
AUD-0002440,SYS-REDEEM,REDEMPTION_CONFIRMED,REDEMPTION,RED-000482,2026-05-28T22:41:25,"{""discount_applied"": 2300.0, ""gross_bill_amount"": 4808.0, ""offer_id"": ""OFR-0065"", ""redemption_id"": ""RED-000482"", ""transaction_id"": ""TXN-0011293""}"
AUD-0002441,SYS-REDEEM,REDEMPTION_CONFIRMED,REDEMPTION,RED-000483,2026-05-29T01:49:08,"{""discount_applied"": 652.69, ""gross_bill_amount"": 652.69, ""offer_id"": ""OFR-0065"", ""redemption_id"": ""RED-000483"", ""transaction_id"": ""TXN-0011294""}"
AUD-0002442,USR-MER-0001-01,CREATE_OFFER,OFFER,OFR-0028,2026-05-29T04:43:00,"{""budget"": 6775.66, ""discount_type"": ""PERCENTAGE"", ""discount_value"": 25.0, ""merchant_id"": ""MER-0001"", ""minimum_spend"": 9999.0}"
AUD-0002443,SYS-AI-COPY,GENERATE_AI_CONTENT,CAMPAIGN,CPN-0008,2026-05-29T06:18:00,"{""model"": ""mock-copywriter-v2"", ""output_chars"": 236, ""prompt_version"": ""p1.0""}"
AUD-0002444,USR-MER-0001-01,CREATE_CAMPAIGN,CAMPAIGN,CPN-0008,2026-05-29T07:11:00,"{""merchant_id"": ""MER-0001"", ""objective"": ""REWARD_FREQUENT_CUSTOMERS"", ""offer_id"": ""OFR-0028""}"
AUD-0002445,USR-MER-0001-01,REJECT_CAMPAIGN,CAMPAIGN,CPN-0008,2026-05-31T04:36:00,"{""campaign_id"": ""CPN-0008""}"
AUD-0002446,USR-MER-0013-01,VIEW_ANALYTICS,MERCHANT_DASHBOARD,MER-0013,2026-06-01T08:45:00,"{""filters_applied"": 0, ""view"": ""redemption_log""}"
AUD-0002447,USR-MER-0005-01,VIEW_ANALYTICS,MERCHANT_DASHBOARD,MER-0005,2026-06-01T08:58:00,"{""filters_applied"": 2, ""view"": ""customer_detail""}"
AUD-0002448,USR-MER-0006-01,LOGIN,MERCHANT_SESSION,MER-0006,2026-06-01T09:08:00,"{""method"": ""password+mfa"", ""outcome"": ""success""}"
AUD-0002449,USR-MER-0011-01,VIEW_ANALYTICS,MERCHANT_DASHBOARD,MER-0011,2026-06-01T09:35:00,"{""filters_applied"": 3, ""view"": ""customer_detail""}"
AUD-0002450,USR-MER-0005-01,VIEW_ANALYTICS,MERCHANT_DASHBOARD,MER-0005,2026-06-01T13:27:00,"{""filters_applied"": 1, ""view"": ""customer_detail""}"
AUD-0002451,USR-MER-0001-01,VIEW_ANALYTICS,MERCHANT_DASHBOARD,MER-0001,2026-06-01T14:37:00,"{""filters_applied"": 3, ""view"": ""redemption_log""}"
AUD-0002452,USR-MER-0002-01,LOGIN,MERCHANT_SESSION,MER-0002,2026-06-01T16:46:00,"{""method"": ""password+mfa"", ""outcome"": ""success""}"
AUD-0002453,USR-MER-0010-01,LAUNCH_CAMPAIGN,CAMPAIGN,CPN-0049,2026-06-01T16:51:00,"{""campaign_id"": ""CPN-0049""}"
AUD-0002454,USR-MER-0001-01,VIEW_ANALYTICS,MERCHANT_DASHBOARD,MER-0001,2026-06-01T18:04:00,"{""filters_applied"": 0, ""view"": ""campaign_performance""}"
AUD-0002455,USR-MER-0006-01,LOGIN,MERCHANT_SESSION,MER-0006,2026-06-01T19:50:00,"{""method"": ""password+mfa"", ""outcome"": ""success""}"
AUD-0002456,USR-MER-0015-01,LOGIN,MERCHANT_SESSION,MER-0015,2026-06-01T20:07:00,"{""method"": ""password+mfa"", ""outcome"": ""success""}"
AUD-0002457,USR-MER-0001-01,LOGIN,MERCHANT_SESSION,MER-0001,2026-06-01T20:11:00,"{""method"": ""password+mfa"", ""outcome"": ""success""}"
AUD-0002458,USR-MER-0001-01,VIEW_ANALYTICS,MERCHANT_DASHBOARD,MER-0001,2026-06-01T21:08:00,"{""filters_applied"": 3, ""view"": ""customer_detail""}"
AUD-0002459,USR-MER-0017-01,VIEW_ANALYTICS,MERCHANT_DASHBOARD,MER-0017,2026-06-01T21:35:00,"{""filters_applied"": 1, ""view"": ""campaign_performance""}"
AUD-0002460,SYS-REDEEM,REDEMPTION_CONFIRMED,REDEMPTION,RED-000484,2026-06-01T21:48:29,"{""discount_applied"": 500.0, ""gross_bill_amount"": 885.68, ""offer_id"": ""OFR-0069"", ""redemption_id"": ""RED-000484"", ""transaction_id"": ""TXN-0011547""}"
AUD-0002461,SYS-REDEEM,REDEMPTION_CONFIRMED,REDEMPTION,RED-000485,2026-06-01T22:21:05,"{""discount_applied"": 500.0, ""gross_bill_amount"": 1706.8, ""offer_id"": ""OFR-0069"", ""redemption_id"": ""RED-000485"", ""transaction_id"": ""TXN-0011548""}"
AUD-0002462,SYS-REDEEM,REDEMPTION_CONFIRMED,REDEMPTION,RED-000486,2026-06-01T22:27:39,"{""discount_applied"": 500.0, ""gross_bill_amount"": 2359.45, ""offer_id"": ""OFR-0069"", ""redemption_id"": ""RED-000486"", ""transaction_id"": ""TXN-0011549""}"
AUD-0002463,SYS-REDEEM,REDEMPTION_REJECTED,REDEMPTION,RED-000487,2026-06-01T22:45:00,"{""discount_applied"": 4700.0, ""gross_bill_amount"": 11001.95, ""offer_id"": ""OFR-0086"", ""reason"": ""OFFER_EXPIRED"", ""redemption_id"": ""RED-000487"", ""transaction_id"": ""TXN-0011550""}"
AUD-0002464,SYS-REDEEM,REDEMPTION_CONFIRMED,REDEMPTION,RED-000488,2026-06-02T08:19:25,"{""discount_applied"": 500.0, ""gross_bill_amount"": 1880.91, ""offer_id"": ""OFR-0069"", ""redemption_id"": ""RED-000488"", ""transaction_id"": ""TXN-0011554""}"
AUD-0002465,SYS-REDEEM,REDEMPTION_CONFIRMED,REDEMPTION,RED-000489,2026-06-02T08:24:50,"{""discount_applied"": 500.0, ""gross_bill_amount"": 707.93, ""offer_id"": ""OFR-0069"", ""redemption_id"": ""RED-000489"", ""transaction_id"": ""TXN-0011555""}"
AUD-0002466,SYS-REDEEM,REDEMPTION_CONFIRMED,REDEMPTION,RED-000490,2026-06-02T08:44:54,"{""discount_applied"": 500.0, ""gross_bill_amount"": 1316.0, ""offer_id"": ""OFR-0069"", ""redemption_id"": ""RED-000490"", ""transaction_id"": ""TXN-0011556""}"
AUD-0002467,SYS-REDEEM,REDEMPTION_CONFIRMED,REDEMPTION,RED-000491,2026-06-02T10:26:19,"{""discount_applied"": 500.0, ""gross_bill_amount"": 641.84, ""offer_id"": ""OFR-0069"", ""redemption_id"": ""RED-000491"", ""transaction_id"": ""TXN-0011560""}"
AUD-0002468,USR-MER-0017-01,LOGIN,MERCHANT_SESSION,MER-0017,2026-06-02T11:41:00,"{""method"": ""password+mfa"", ""outcome"": ""success""}"
AUD-0002469,USR-MER-0004-01,VIEW_ANALYTICS,MERCHANT_DASHBOARD,MER-0004,2026-06-02T12:27:00,"{""filters_applied"": 0, ""view"": ""redemption_log""}"
AUD-0002470,USR-MER-0015-01,VIEW_ANALYTICS,MERCHANT_DASHBOARD,MER-0015,2026-06-02T20:21:00,"{""filters_applied"": 4, ""view"": ""customer_detail""}"
AUD-0002471,USR-MER-0006-01,LOGIN,MERCHANT_SESSION,MER-0006,2026-06-02T20:32:00,"{""method"": ""password+mfa"", ""outcome"": ""success""}"
AUD-0002472,SYS-REDEEM,REDEMPTION_CONFIRMED,REDEMPTION,RED-000492,2026-06-03T03:08:55,"{""discount_applied"": 500.0, ""gross_bill_amount"": 1749.97, ""offer_id"": ""OFR-0069"", ""redemption_id"": ""RED-000492"", ""transaction_id"": ""TXN-0011601""}"
AUD-0002473,SYS-REDEEM,REDEMPTION_CONFIRMED,REDEMPTION,RED-000493,2026-06-03T08:14:53,"{""discount_applied"": 500.0, ""gross_bill_amount"": 815.0, ""offer_id"": ""OFR-0069"", ""redemption_id"": ""RED-000493"", ""transaction_id"": ""TXN-0011602""}"
AUD-0002474,USR-MER-0007-01,VIEW_ANALYTICS,MERCHANT_DASHBOARD,MER-0007,2026-06-03T08:49:00,"{""filters_applied"": 3, ""view"": ""campaign_performance""}"
AUD-0002475,USR-MER-0016-01,VIEW_ANALYTICS,MERCHANT_DASHBOARD,MER-0016,2026-06-03T09:36:00,"{""filters_applied"": 0, ""view"": ""redemption_log""}"
AUD-0002476,USR-MER-0018-01,LOGIN,MERCHANT_SESSION,MER-0018,2026-06-03T09:50:00,"{""method"": ""password+mfa"", ""outcome"": ""success""}"
AUD-0002477,USR-MER-0016-01,LOGIN,MERCHANT_SESSION,MER-0016,2026-06-03T10:01:00,"{""method"": ""password+mfa"", ""outcome"": ""success""}"
AUD-0002478,USR-MER-0014-01,VIEW_ANALYTICS,MERCHANT_DASHBOARD,MER-0014,2026-06-03T10:32:00,"{""filters_applied"": 3, ""view"": ""campaign_performance""}"
AUD-0002479,SYS-REDEEM,REDEMPTION_CONFIRMED,REDEMPTION,RED-000494,2026-06-03T11:03:25,"{""discount_applied"": 500.0, ""gross_bill_amount"": 909.84, ""offer_id"": ""OFR-0069"", ""redemption_id"": ""RED-000494"", ""transaction_id"": ""TXN-0011615""}"
AUD-0002480,SYS-AI-COPY,GENERATE_AI_CONTENT,CAMPAIGN,CPN-0035,2026-06-03T12:04:00,"{""model"": ""mock-copywriter-v2"", ""output_chars"": 224, ""prompt_version"": ""p1.0""}"
AUD-0002481,USR-MER-0018-01,VIEW_ANALYTICS,MERCHANT_DASHBOARD,MER-0018,2026-06-03T12:59:00,"{""filters_applied"": 3, ""view"": ""campaign_performance""}"
AUD-0002482,USR-MER-0007-01,CREATE_CAMPAIGN,CAMPAIGN,CPN-0035,2026-06-03T13:07:00,"{""merchant_id"": ""MER-0007"", ""objective"": ""SEASONAL_PROMOTION"", ""offer_id"": ""OFR-0055""}"
AUD-0002483,SYS-AI-COPY,GENERATE_AI_CONTENT,CAMPAIGN,CPN-0060,2026-06-03T14:50:00,"{""model"": ""mock-copywriter-v2"", ""output_chars"": 253, ""prompt_version"": ""p1.0""}"
AUD-0002484,USR-MER-0013-01,CREATE_CAMPAIGN,CAMPAIGN,CPN-0060,2026-06-03T15:31:00,"{""merchant_id"": ""MER-0013"", ""objective"": ""REWARD_FREQUENT_CUSTOMERS"", ""offer_id"": ""OFR-0080""}"
AUD-0002485,USR-MER-0015-01,VIEW_ANALYTICS,MERCHANT_DASHBOARD,MER-0015,2026-06-03T16:11:00,"{""filters_applied"": 4, ""view"": ""redemption_log""}"
AUD-0002486,SYS-REDEEM,REDEMPTION_CONFIRMED,REDEMPTION,RED-000495,2026-06-03T17:02:44,"{""discount_applied"": 500.0, ""gross_bill_amount"": 1409.0, ""offer_id"": ""OFR-0069"", ""redemption_id"": ""RED-000495"", ""transaction_id"": ""TXN-0011634""}"
AUD-0002487,USR-MER-0004-01,VIEW_ANALYTICS,MERCHANT_DASHBOARD,MER-0004,2026-06-03T17:05:00,"{""filters_applied"": 4, ""view"": ""segmentation""}"
AUD-0002488,USR-MER-0012-01,LOGIN,MERCHANT_SESSION,MER-0012,2026-06-03T17:13:00,"{""method"": ""password+mfa"", ""outcome"": ""success""}"
AUD-0002489,USR-MER-0008-01,LOGIN,MERCHANT_SESSION,MER-0008,2026-06-03T17:23:00,"{""method"": ""password+mfa"", ""outcome"": ""success""}"
AUD-0002490,USR-MER-0014-01,LOGIN,MERCHANT_SESSION,MER-0014,2026-06-03T17:27:00,"{""method"": ""password+mfa"", ""outcome"": ""success""}"
AUD-0002491,USR-MER-0014-01,LOGIN,MERCHANT_SESSION,MER-0014,2026-06-03T17:48:00,"{""method"": ""password+mfa"", ""outcome"": ""success""}"
AUD-0002492,USR-MER-0015-01,VIEW_ANALYTICS,MERCHANT_DASHBOARD,MER-0015,2026-06-03T19:55:00,"{""filters_applied"": 4, ""view"": ""customer_detail""}"
AUD-0002493,USR-MER-0012-01,LOGIN,MERCHANT_SESSION,MER-0012,2026-06-03T20:18:00,"{""method"": ""password+mfa"", ""outcome"": ""success""}"
AUD-0002494,USR-MER-0010-01,VIEW_ANALYTICS,MERCHANT_DASHBOARD,MER-0010,2026-06-03T20:29:00,"{""filters_applied"": 4, ""view"": ""segmentation""}"
AUD-0002495,USR-MER-0007-01,VIEW_ANALYTICS,MERCHANT_DASHBOARD,MER-0007,2026-06-03T20:33:00,"{""filters_applied"": 3, ""view"": ""customer_detail""}"
AUD-0002496,USR-MER-0018-01,VIEW_ANALYTICS,MERCHANT_DASHBOARD,MER-0018,2026-06-03T21:52:00,"{""filters_applied"": 2, ""view"": ""redemption_log""}"
AUD-0002497,SYS-REDEEM,REDEMPTION_CONFIRMED,REDEMPTION,RED-000496,2026-06-04T02:18:53,"{""discount_applied"": 500.0, ""gross_bill_amount"": 619.04, ""offer_id"": ""OFR-0069"", ""redemption_id"": ""RED-000496"", ""transaction_id"": ""TXN-0011649""}"
AUD-0002498,SYS-REDEEM,REDEMPTION_CONFIRMED,REDEMPTION,RED-000497,2026-06-04T07:05:58,"{""discount_applied"": 500.0, ""gross_bill_amount"": 1123.0, ""offer_id"": ""OFR-0069"", ""redemption_id"": ""RED-000497"", ""transaction_id"": ""TXN-0011652""}"
AUD-0002499,USR-MER-0003-01,VIEW_ANALYTICS,MERCHANT_DASHBOARD,MER-0003,2026-06-04T11:01:00,"{""filters_applied"": 3, ""view"": ""campaign_performance""}"
AUD-0002500,USR-MER-0002-01,LOGIN,MERCHANT_SESSION,MER-0002,2026-06-04T11:03:00,"{""method"": ""password+mfa"", ""outcome"": ""success""}"
AUD-0002501,SYS-REDEEM,REDEMPTION_CONFIRMED,REDEMPTION,RED-000498,2026-06-04T11:07:50,"{""discount_applied"": 500.0, ""gross_bill_amount"": 740.06, ""offer_id"": ""OFR-0069"", ""redemption_id"": ""RED-000498"", ""transaction_id"": ""TXN-0011668""}"
AUD-0002502,USR-MER-0014-01,VIEW_ANALYTICS,MERCHANT_DASHBOARD,MER-0014,2026-06-04T12:57:00,"{""filters_applied"": 4, ""view"": ""customer_detail""}"
AUD-0002503,USR-MER-0007-01,VIEW_ANALYTICS,MERCHANT_DASHBOARD,MER-0007,2026-06-04T14:06:00,"{""filters_applied"": 2, ""view"": ""redemption_log""}"
AUD-0002504,USR-MER-0011-01,VIEW_ANALYTICS,MERCHANT_DASHBOARD,MER-0011,2026-06-04T15:04:00,"{""filters_applied"": 0, ""view"": ""redemption_log""}"
AUD-0002505,USR-MER-0013-01,LOGIN,MERCHANT_SESSION,MER-0013,2026-06-04T16:31:00,"{""method"": ""password+mfa"", ""outcome"": ""success""}"
AUD-0002506,USR-MER-0012-01,LOGIN,MERCHANT_SESSION,MER-0012,2026-06-04T16:41:00,"{""method"": ""password+mfa"", ""outcome"": ""success""}"
AUD-0002507,USR-MER-0002-01,LOGIN,MERCHANT_SESSION,MER-0002,2026-06-04T17:26:00,"{""method"": ""password+mfa"", ""outcome"": ""success""}"
AUD-0002508,SYS-REDEEM,REDEMPTION_CONFIRMED,REDEMPTION,RED-000499,2026-06-04T17:27:08,"{""discount_applied"": 500.0, ""gross_bill_amount"": 3000.0, ""offer_id"": ""OFR-0069"", ""redemption_id"": ""RED-000499"", ""transaction_id"": ""TXN-0011693""}"
AUD-0002509,USR-MER-0008-01,LOGIN,MERCHANT_SESSION,MER-0008,2026-06-04T17:49:00,"{""method"": ""password+mfa"", ""outcome"": ""success""}"
AUD-0002510,USR-MER-0017-01,LOGIN,MERCHANT_SESSION,MER-0017,2026-06-04T18:19:00,"{""method"": ""password+mfa"", ""outcome"": ""success""}"
AUD-0002511,USR-MER-0002-01,LOGIN,MERCHANT_SESSION,MER-0002,2026-06-04T18:24:00,"{""method"": ""password+mfa"", ""outcome"": ""success""}"
AUD-0002512,USR-MER-0005-01,LOGIN,MERCHANT_SESSION,MER-0005,2026-06-04T19:52:00,"{""method"": ""password+mfa"", ""outcome"": ""success""}"
AUD-0002513,USR-MER-0013-01,LOGIN,MERCHANT_SESSION,MER-0013,2026-06-04T21:53:00,"{""method"": ""password+mfa"", ""outcome"": ""success""}"
AUD-0002514,SYS-REDEEM,REDEMPTION_CONFIRMED,REDEMPTION,RED-000500,2026-06-05T00:37:09,"{""discount_applied"": 500.0, ""gross_bill_amount"": 1112.71, ""offer_id"": ""OFR-0069"", ""redemption_id"": ""RED-000500"", ""transaction_id"": ""TXN-0011721""}"
AUD-0002515,SYS-REDEEM,REDEMPTION_REJECTED,REDEMPTION,RED-000501,2026-06-05T00:55:09,"{""discount_applied"": 500.0, ""gross_bill_amount"": 1112.71, ""offer_id"": ""OFR-0069"", ""reason"": ""DUPLICATE_REDEMPTION"", ""redemption_id"": ""RED-000501"", ""transaction_id"": ""TXN-0011721""}"
AUD-0002516,USR-MER-0007-01,APPROVE_CAMPAIGN,CAMPAIGN,CPN-0035,2026-06-05T01:56:00,"{""campaign_id"": ""CPN-0035""}"
AUD-0002517,SYS-REDEEM,REDEMPTION_CONFIRMED,REDEMPTION,RED-000502,2026-06-05T07:36:54,"{""discount_applied"": 500.0, ""gross_bill_amount"": 651.61, ""offer_id"": ""OFR-0069"", ""redemption_id"": ""RED-000502"", ""transaction_id"": ""TXN-0011723""}"
AUD-0002518,USR-MER-0018-01,LOGIN,MERCHANT_SESSION,MER-0018,2026-06-05T08:04:00,"{""method"": ""password+mfa"", ""outcome"": ""success""}"
AUD-0002519,USR-MER-0004-01,LOGIN,MERCHANT_SESSION,MER-0004,2026-06-05T09:59:00,"{""method"": ""password+mfa"", ""outcome"": ""success""}"
AUD-0002520,USR-MER-0014-01,LOGIN,MERCHANT_SESSION,MER-0014,2026-06-05T10:35:00,"{""method"": ""password+mfa"", ""outcome"": ""success""}"
AUD-0002521,USR-MER-0003-01,VIEW_ANALYTICS,MERCHANT_DASHBOARD,MER-0003,2026-06-05T10:45:00,"{""filters_applied"": 4, ""view"": ""campaign_performance""}"
AUD-0002522,USR-MER-0012-01,VIEW_ANALYTICS,MERCHANT_DASHBOARD,MER-0012,2026-06-05T11:33:00,"{""filters_applied"": 3, ""view"": ""campaign_performance""}"
AUD-0002523,USR-MER-0013-01,LOGIN,MERCHANT_SESSION,MER-0013,2026-06-05T13:11:00,"{""method"": ""password+mfa"", ""outcome"": ""success""}"
AUD-0002524,USR-MER-0001-01,LOGIN,MERCHANT_SESSION,MER-0001,2026-06-05T15:08:00,"{""method"": ""password+mfa"", ""outcome"": ""success""}"
AUD-0002525,USR-MER-0013-01,LOGIN,MERCHANT_SESSION,MER-0013,2026-06-05T15:15:00,"{""method"": ""password+mfa"", ""outcome"": ""success""}"
AUD-0002526,USR-MER-0006-01,LOGIN,MERCHANT_SESSION,MER-0006,2026-06-05T16:40:00,"{""method"": ""password+mfa"", ""outcome"": ""success""}"
AUD-0002527,USR-MER-0015-01,LOGIN,MERCHANT_SESSION,MER-0015,2026-06-05T17:05:00,"{""method"": ""password+mfa"", ""outcome"": ""success""}"
AUD-0002528,USR-MER-0001-01,LOGIN,MERCHANT_SESSION,MER-0001,2026-06-05T17:19:00,"{""method"": ""password+mfa"", ""outcome"": ""success""}"
AUD-0002529,USR-MER-0015-01,LOGIN,MERCHANT_SESSION,MER-0015,2026-06-05T17:55:00,"{""method"": ""password+mfa"", ""outcome"": ""success""}"
AUD-0002530,USR-MER-0014-01,VIEW_ANALYTICS,MERCHANT_DASHBOARD,MER-0014,2026-06-05T19:26:00,"{""filters_applied"": 1, ""view"": ""customer_detail""}"
AUD-0002531,USR-MER-0002-01,VIEW_ANALYTICS,MERCHANT_DASHBOARD,MER-0002,2026-06-05T19:54:00,"{""filters_applied"": 3, ""view"": ""campaign_performance""}"
AUD-0002532,USR-MER-0009-01,LOGIN,MERCHANT_SESSION,MER-0009,2026-06-05T21:09:00,"{""method"": ""password+mfa"", ""outcome"": ""success""}"
AUD-0002533,SYS-REDEEM,REDEMPTION_CONFIRMED,REDEMPTION,RED-000503,2026-06-06T01:38:45,"{""discount_applied"": 500.0, ""gross_bill_amount"": 828.0, ""offer_id"": ""OFR-0069"", ""redemption_id"": ""RED-000503"", ""transaction_id"": ""TXN-0011769""}"
AUD-0002534,USR-MER-0013-01,APPROVE_CAMPAIGN,CAMPAIGN,CPN-0060,2026-06-06T06:00:00,"{""campaign_id"": ""CPN-0060""}"
AUD-0002535,SYS-REDEEM,REDEMPTION_CONFIRMED,REDEMPTION,RED-000504,2026-06-06T06:39:27,"{""discount_applied"": 500.0, ""gross_bill_amount"": 788.86, ""offer_id"": ""OFR-0069"", ""redemption_id"": ""RED-000504"", ""transaction_id"": ""TXN-0011770""}"
AUD-0002536,SYS-REDEEM,REDEMPTION_REJECTED,REDEMPTION,RED-000505,2026-06-06T10:07:00,"{""discount_applied"": 300.0, ""gross_bill_amount"": 919.0, ""offer_id"": ""OFR-0027"", ""reason"": ""OFFER_EXPIRED"", ""redemption_id"": ""RED-000505"", ""transaction_id"": ""TXN-0011778""}"
AUD-0002537,USR-MER-0002-01,VIEW_ANALYTICS,MERCHANT_DASHBOARD,MER-0002,2026-06-06T10:42:00,"{""filters_applied"": 0, ""view"": ""customer_detail""}"
AUD-0002538,USR-MER-0003-01,VIEW_ANALYTICS,MERCHANT_DASHBOARD,MER-0003,2026-06-06T11:15:00,"{""filters_applied"": 3, ""view"": ""customer_detail""}"
AUD-0002539,USR-MER-0010-01,LOGIN,MERCHANT_SESSION,MER-0010,2026-06-06T11:16:00,"{""method"": ""password+mfa"", ""outcome"": ""success""}"
AUD-0002540,USR-MER-0017-01,VIEW_ANALYTICS,MERCHANT_DASHBOARD,MER-0017,2026-06-06T13:13:00,"{""filters_applied"": 1, ""view"": ""customer_detail""}"
AUD-0002541,USR-MER-0001-01,LOGIN,MERCHANT_SESSION,MER-0001,2026-06-06T14:46:00,"{""method"": ""password+mfa"", ""outcome"": ""success""}"
AUD-0002542,USR-MER-0013-01,VIEW_ANALYTICS,MERCHANT_DASHBOARD,MER-0013,2026-06-06T16:43:00,"{""filters_applied"": 1, ""view"": ""segmentation""}"
AUD-0002543,USR-MER-0013-01,VIEW_ANALYTICS,MERCHANT_DASHBOARD,MER-0013,2026-06-06T20:47:00,"{""filters_applied"": 2, ""view"": ""redemption_log""}"
AUD-0002544,SYS-REDEEM,REDEMPTION_CONFIRMED,REDEMPTION,RED-000506,2026-06-06T21:47:30,"{""discount_applied"": 500.0, ""gross_bill_amount"": 1039.25, ""offer_id"": ""OFR-0069"", ""redemption_id"": ""RED-000506"", ""transaction_id"": ""TXN-0011829""}"
AUD-0002545,USR-MER-0005-01,VIEW_ANALYTICS,MERCHANT_DASHBOARD,MER-0005,2026-06-07T08:19:00,"{""filters_applied"": 4, ""view"": ""campaign_performance""}"
AUD-0002546,USR-MER-0007-01,VIEW_ANALYTICS,MERCHANT_DASHBOARD,MER-0007,2026-06-07T08:27:00,"{""filters_applied"": 4, ""view"": ""customer_detail""}"
AUD-0002547,USR-MER-0018-01,VIEW_ANALYTICS,MERCHANT_DASHBOARD,MER-0018,2026-06-07T09:01:00,"{""filters_applied"": 1, ""view"": ""campaign_performance""}"
AUD-0002548,USR-MER-0007-01,VIEW_ANALYTICS,MERCHANT_DASHBOARD,MER-0007,2026-06-07T09:25:00,"{""filters_applied"": 1, ""view"": ""campaign_performance""}"
AUD-0002549,USR-MER-0006-01,LOGIN,MERCHANT_SESSION,MER-0006,2026-06-07T10:29:00,"{""method"": ""password+mfa"", ""outcome"": ""success""}"
AUD-0002550,USR-MER-0003-01,VIEW_ANALYTICS,MERCHANT_DASHBOARD,MER-0003,2026-06-07T10:59:00,"{""filters_applied"": 3, ""view"": ""segmentation""}"
AUD-0002551,USR-MER-0017-01,LOGIN,MERCHANT_SESSION,MER-0017,2026-06-07T12:05:00,"{""method"": ""password+mfa"", ""outcome"": ""success""}"
AUD-0002552,USR-MER-0009-01,VIEW_ANALYTICS,MERCHANT_DASHBOARD,MER-0009,2026-06-07T12:58:00,"{""filters_applied"": 1, ""view"": ""campaign_performance""}"
AUD-0002553,SYS-REDEEM,REDEMPTION_CONFIRMED,REDEMPTION,RED-000507,2026-06-07T15:20:08,"{""discount_applied"": 500.0, ""gross_bill_amount"": 732.9, ""offer_id"": ""OFR-0069"", ""redemption_id"": ""RED-000507"", ""transaction_id"": ""TXN-0011861""}"
AUD-0002554,USR-MER-0016-01,VIEW_ANALYTICS,MERCHANT_DASHBOARD,MER-0016,2026-06-07T15:47:00,"{""filters_applied"": 3, ""view"": ""customer_detail""}"
AUD-0002555,USR-MER-0009-01,VIEW_ANALYTICS,MERCHANT_DASHBOARD,MER-0009,2026-06-07T16:26:00,"{""filters_applied"": 0, ""view"": ""customer_detail""}"
AUD-0002556,USR-MER-0008-01,VIEW_ANALYTICS,MERCHANT_DASHBOARD,MER-0008,2026-06-07T19:02:00,"{""filters_applied"": 3, ""view"": ""redemption_log""}"
AUD-0002557,USR-MER-0012-01,LOGIN,MERCHANT_SESSION,MER-0012,2026-06-07T19:24:00,"{""method"": ""password+mfa"", ""outcome"": ""success""}"
AUD-0002558,USR-MER-0015-01,VIEW_ANALYTICS,MERCHANT_DASHBOARD,MER-0015,2026-06-08T08:16:00,"{""filters_applied"": 4, ""view"": ""customer_detail""}"
AUD-0002559,USR-MER-0017-01,VIEW_ANALYTICS,MERCHANT_DASHBOARD,MER-0017,2026-06-08T08:42:00,"{""filters_applied"": 4, ""view"": ""redemption_log""}"
AUD-0002560,SYS-REDEEM,REDEMPTION_CONFIRMED,REDEMPTION,RED-000508,2026-06-08T09:06:24,"{""discount_applied"": 500.0, ""gross_bill_amount"": 1557.0, ""offer_id"": ""OFR-0069"", ""redemption_id"": ""RED-000508"", ""transaction_id"": ""TXN-0011894""}"
AUD-0002561,SYS-REDEEM,REDEMPTION_REJECTED,REDEMPTION,RED-000509,2026-06-08T09:31:24,"{""discount_applied"": 500.0, ""gross_bill_amount"": 1557.0, ""offer_id"": ""OFR-0069"", ""reason"": ""DUPLICATE_REDEMPTION"", ""redemption_id"": ""RED-000509"", ""transaction_id"": ""TXN-0011894""}"
AUD-0002562,SYS-REDEEM,REDEMPTION_CONFIRMED,REDEMPTION,RED-000510,2026-06-08T09:57:18,"{""discount_applied"": 500.0, ""gross_bill_amount"": 774.0, ""offer_id"": ""OFR-0069"", ""redemption_id"": ""RED-000510"", ""transaction_id"": ""TXN-0011896""}"
AUD-0002563,USR-MER-0005-01,VIEW_ANALYTICS,MERCHANT_DASHBOARD,MER-0005,2026-06-08T11:33:00,"{""filters_applied"": 1, ""view"": ""redemption_log""}"
AUD-0002564,USR-MER-0017-01,VIEW_ANALYTICS,MERCHANT_DASHBOARD,MER-0017,2026-06-08T14:11:00,"{""filters_applied"": 3, ""view"": ""redemption_log""}"
AUD-0002565,USR-MER-0016-01,VIEW_ANALYTICS,MERCHANT_DASHBOARD,MER-0016,2026-06-08T15:35:00,"{""filters_applied"": 0, ""view"": ""campaign_performance""}"
AUD-0002566,USR-MER-0004-01,LOGIN,MERCHANT_SESSION,MER-0004,2026-06-08T16:15:00,"{""method"": ""password+mfa"", ""outcome"": ""success""}"
AUD-0002567,USR-MER-0007-01,VIEW_ANALYTICS,MERCHANT_DASHBOARD,MER-0007,2026-06-08T16:26:00,"{""filters_applied"": 1, ""view"": ""customer_detail""}"
AUD-0002568,USR-MER-0007-01,VIEW_ANALYTICS,MERCHANT_DASHBOARD,MER-0007,2026-06-08T16:39:00,"{""filters_applied"": 0, ""view"": ""campaign_performance""}"
AUD-0002569,USR-MER-0002-01,VIEW_ANALYTICS,MERCHANT_DASHBOARD,MER-0002,2026-06-08T17:02:00,"{""filters_applied"": 0, ""view"": ""redemption_log""}"
AUD-0002570,USR-MER-0002-01,VIEW_ANALYTICS,MERCHANT_DASHBOARD,MER-0002,2026-06-08T17:05:00,"{""filters_applied"": 4, ""view"": ""campaign_performance""}"
AUD-0002571,USR-MER-0015-01,LOGIN,MERCHANT_SESSION,MER-0015,2026-06-08T18:28:00,"{""method"": ""password+mfa"", ""outcome"": ""success""}"
AUD-0002572,USR-MER-0002-01,LOGIN,MERCHANT_SESSION,MER-0002,2026-06-08T19:01:00,"{""method"": ""password+mfa"", ""outcome"": ""success""}"
AUD-0002573,USR-MER-0013-01,LOGIN,MERCHANT_SESSION,MER-0013,2026-06-08T19:20:00,"{""method"": ""password+mfa"", ""outcome"": ""success""}"
AUD-0002574,USR-MER-0008-01,LOGIN,MERCHANT_SESSION,MER-0008,2026-06-08T21:01:00,"{""method"": ""password+mfa"", ""outcome"": ""success""}"
AUD-0002575,USR-MER-0018-01,VIEW_ANALYTICS,MERCHANT_DASHBOARD,MER-0018,2026-06-09T08:40:00,"{""filters_applied"": 1, ""view"": ""customer_detail""}"
AUD-0002576,USR-MER-0015-01,VIEW_ANALYTICS,MERCHANT_DASHBOARD,MER-0015,2026-06-09T09:08:00,"{""filters_applied"": 2, ""view"": ""redemption_log""}"
AUD-0002577,USR-MER-0012-01,LOGIN,MERCHANT_SESSION,MER-0012,2026-06-09T10:44:00,"{""method"": ""password+mfa"", ""outcome"": ""success""}"
AUD-0002578,USR-MER-0010-01,LOGIN,MERCHANT_SESSION,MER-0010,2026-06-09T13:08:00,"{""method"": ""password+mfa"", ""outcome"": ""success""}"
AUD-0002579,USR-MER-0013-01,LOGIN,MERCHANT_SESSION,MER-0013,2026-06-09T13:34:00,"{""method"": ""password+mfa"", ""outcome"": ""success""}"
AUD-0002580,USR-MER-0009-01,LOGIN,MERCHANT_SESSION,MER-0009,2026-06-09T14:22:00,"{""method"": ""password+mfa"", ""outcome"": ""success""}"
AUD-0002581,USR-MER-0014-01,LOGIN,MERCHANT_SESSION,MER-0014,2026-06-09T15:28:00,"{""method"": ""password+mfa"", ""outcome"": ""success""}"
AUD-0002582,USR-MER-0010-01,VIEW_ANALYTICS,MERCHANT_DASHBOARD,MER-0010,2026-06-09T15:29:00,"{""filters_applied"": 3, ""view"": ""customer_detail""}"
AUD-0002583,USR-MER-0001-01,CREATE_OFFER,OFFER,OFR-0023,2026-06-09T16:25:00,"{""budget"": 5689.3, ""discount_type"": ""FIXED"", ""discount_value"": 300.0, ""merchant_id"": ""MER-0001"", ""minimum_spend"": 9999.0}"
AUD-0002584,USR-MER-0005-01,LOGIN,MERCHANT_SESSION,MER-0005,2026-06-09T17:29:00,"{""method"": ""password+mfa"", ""outcome"": ""success""}"
AUD-0002585,USR-MER-0011-01,VIEW_ANALYTICS,MERCHANT_DASHBOARD,MER-0011,2026-06-09T20:44:00,"{""filters_applied"": 2, ""view"": ""customer_detail""}"
AUD-0002586,USR-MER-0001-01,CREATE_CAMPAIGN,CAMPAIGN,CPN-0003,2026-06-10T03:17:00,"{""merchant_id"": ""MER-0001"", ""objective"": ""INCREASE_REPEAT_PURCHASE"", ""offer_id"": ""OFR-0023""}"
AUD-0002587,SYS-AI-COPY,GENERATE_AI_CONTENT,CAMPAIGN,CPN-0003,2026-06-10T03:50:00,"{""model"": ""template-fallback-v1"", ""output_chars"": 162, ""prompt_version"": ""p2.0""}"
AUD-0002588,USR-MER-0015-01,VIEW_ANALYTICS,MERCHANT_DASHBOARD,MER-0015,2026-06-10T08:01:00,"{""filters_applied"": 3, ""view"": ""redemption_log""}"
AUD-0002589,USR-MER-0015-01,VIEW_ANALYTICS,MERCHANT_DASHBOARD,MER-0015,2026-06-10T10:08:00,"{""filters_applied"": 1, ""view"": ""segmentation""}"
AUD-0002590,USR-MER-0012-01,VIEW_ANALYTICS,MERCHANT_DASHBOARD,MER-0012,2026-06-10T10:16:00,"{""filters_applied"": 2, ""view"": ""redemption_log""}"
AUD-0002591,USR-MER-0012-01,VIEW_ANALYTICS,MERCHANT_DASHBOARD,MER-0012,2026-06-10T10:41:00,"{""filters_applied"": 1, ""view"": ""redemption_log""}"
AUD-0002592,USR-MER-0018-01,VIEW_ANALYTICS,MERCHANT_DASHBOARD,MER-0018,2026-06-10T13:23:00,"{""filters_applied"": 0, ""view"": ""segmentation""}"
AUD-0002593,USR-MER-0017-01,VIEW_ANALYTICS,MERCHANT_DASHBOARD,MER-0017,2026-06-10T14:49:00,"{""filters_applied"": 1, ""view"": ""redemption_log""}"
AUD-0002594,USR-MER-0016-01,VIEW_ANALYTICS,MERCHANT_DASHBOARD,MER-0016,2026-06-10T15:01:00,"{""filters_applied"": 4, ""view"": ""redemption_log""}"
AUD-0002595,USR-MER-0008-01,VIEW_ANALYTICS,MERCHANT_DASHBOARD,MER-0008,2026-06-10T16:31:00,"{""filters_applied"": 4, ""view"": ""redemption_log""}"
AUD-0002596,USR-MER-0007-01,VIEW_ANALYTICS,MERCHANT_DASHBOARD,MER-0007,2026-06-10T17:10:00,"{""filters_applied"": 1, ""view"": ""customer_detail""}"
AUD-0002597,USR-MER-0007-01,LAUNCH_CAMPAIGN,CAMPAIGN,CPN-0035,2026-06-10T17:38:00,"{""campaign_id"": ""CPN-0035""}"
AUD-0002598,USR-MER-0003-01,VIEW_ANALYTICS,MERCHANT_DASHBOARD,MER-0003,2026-06-10T17:44:00,"{""filters_applied"": 0, ""view"": ""campaign_performance""}"
AUD-0002599,USR-MER-0014-01,LOGIN,MERCHANT_SESSION,MER-0014,2026-06-10T19:07:00,"{""method"": ""password+mfa"", ""outcome"": ""success""}"
AUD-0002600,USR-MER-0011-01,LOGIN,MERCHANT_SESSION,MER-0011,2026-06-10T19:22:00,"{""method"": ""password+mfa"", ""outcome"": ""success""}"
AUD-0002601,USR-MER-0006-01,VIEW_ANALYTICS,MERCHANT_DASHBOARD,MER-0006,2026-06-10T19:49:00,"{""filters_applied"": 0, ""view"": ""customer_detail""}"
AUD-0002602,USR-MER-0013-01,VIEW_ANALYTICS,MERCHANT_DASHBOARD,MER-0013,2026-06-10T21:02:00,"{""filters_applied"": 0, ""view"": ""redemption_log""}"
AUD-0002603,USR-MER-0010-01,VIEW_ANALYTICS,MERCHANT_DASHBOARD,MER-0010,2026-06-10T21:42:00,"{""filters_applied"": 2, ""view"": ""customer_detail""}"
AUD-0002604,SYS-REDEEM,REDEMPTION_CONFIRMED,REDEMPTION,RED-000511,2026-06-11T04:35:35,"{""discount_applied"": 1700.0, ""gross_bill_amount"": 7806.0, ""offer_id"": ""OFR-0055"", ""redemption_id"": ""RED-000511"", ""transaction_id"": ""TXN-0012045""}"
AUD-0002605,SYS-REDEEM,REDEMPTION_CONFIRMED,REDEMPTION,RED-000512,2026-06-11T07:24:34,"{""discount_applied"": 1651.5, ""gross_bill_amount"": 1651.5, ""offer_id"": ""OFR-0055"", ""redemption_id"": ""RED-000512"", ""transaction_id"": ""TXN-0012046""}"
AUD-0002606,USR-MER-0001-01,LOGIN,MERCHANT_SESSION,MER-0001,2026-06-11T08:06:00,"{""method"": ""password+mfa"", ""outcome"": ""success""}"
AUD-0002607,USR-MER-0004-01,VIEW_ANALYTICS,MERCHANT_DASHBOARD,MER-0004,2026-06-11T08:09:00,"{""filters_applied"": 0, ""view"": ""customer_detail""}"
AUD-0002608,USR-MER-0010-01,LOGIN,MERCHANT_SESSION,MER-0010,2026-06-11T08:34:00,"{""method"": ""password+mfa"", ""outcome"": ""success""}"
AUD-0002609,USR-MER-0002-01,VIEW_ANALYTICS,MERCHANT_DASHBOARD,MER-0002,2026-06-11T08:54:00,"{""filters_applied"": 3, ""view"": ""redemption_log""}"
AUD-0002610,SYS-AI-COPY,GENERATE_AI_CONTENT,CAMPAIGN,CPN-0038,2026-06-11T09:02:00,"{""model"": ""mock-copywriter-v2"", ""output_chars"": 217, ""prompt_version"": ""p1.1""}"
AUD-0002611,USR-MER-0007-01,CREATE_CAMPAIGN,CAMPAIGN,CPN-0038,2026-06-11T09:06:00,"{""merchant_id"": ""MER-0007"", ""objective"": ""SEASONAL_PROMOTION"", ""offer_id"": ""OFR-0058""}"
AUD-0002612,USR-MER-0018-01,VIEW_ANALYTICS,MERCHANT_DASHBOARD,MER-0018,2026-06-11T09:40:00,"{""filters_applied"": 4, ""view"": ""segmentation""}"
AUD-0002613,USR-MER-0008-01,LOGIN,MERCHANT_SESSION,MER-0008,2026-06-11T10:23:00,"{""method"": ""password+mfa"", ""outcome"": ""success""}"
AUD-0002614,SYS-REDEEM,REDEMPTION_CONFIRMED,REDEMPTION,RED-000513,2026-06-11T11:00:02,"{""discount_applied"": 1700.0, ""gross_bill_amount"": 2693.84, ""offer_id"": ""OFR-0055"", ""redemption_id"": ""RED-000513"", ""transaction_id"": ""TXN-0012056""}"
AUD-0002615,USR-MER-0005-01,LOGIN,MERCHANT_SESSION,MER-0005,2026-06-11T12:43:00,"{""method"": ""password+mfa"", ""outcome"": ""success""}"
AUD-0002616,SYS-REDEEM,REDEMPTION_CONFIRMED,REDEMPTION,RED-000514,2026-06-11T14:59:34,"{""discount_applied"": 1700.0, ""gross_bill_amount"": 6424.0, ""offer_id"": ""OFR-0055"", ""redemption_id"": ""RED-000514"", ""transaction_id"": ""TXN-0012072""}"
AUD-0002617,USR-MER-0012-01,LOGIN,MERCHANT_SESSION,MER-0012,2026-06-11T15:04:00,"{""method"": ""password+mfa"", ""outcome"": ""success""}"
AUD-0002618,USR-MER-0004-01,VIEW_ANALYTICS,MERCHANT_DASHBOARD,MER-0004,2026-06-11T15:19:00,"{""filters_applied"": 0, ""view"": ""segmentation""}"
AUD-0002619,USR-MER-0008-01,VIEW_ANALYTICS,MERCHANT_DASHBOARD,MER-0008,2026-06-11T15:25:00,"{""filters_applied"": 0, ""view"": ""campaign_performance""}"
AUD-0002620,USR-MER-0013-01,LAUNCH_CAMPAIGN,CAMPAIGN,CPN-0060,2026-06-11T15:47:00,"{""campaign_id"": ""CPN-0060""}"
AUD-0002621,SYS-REDEEM,REDEMPTION_CONFIRMED,REDEMPTION,RED-000515,2026-06-11T18:14:25,"{""discount_applied"": 1700.0, ""gross_bill_amount"": 5841.0, ""offer_id"": ""OFR-0055"", ""redemption_id"": ""RED-000515"", ""transaction_id"": ""TXN-0012083""}"
AUD-0002622,SYS-REDEEM,REDEMPTION_REJECTED,REDEMPTION,RED-000516,2026-06-11T18:23:25,"{""discount_applied"": 1700.0, ""gross_bill_amount"": 5841.0, ""offer_id"": ""OFR-0055"", ""reason"": ""DUPLICATE_REDEMPTION"", ""redemption_id"": ""RED-000516"", ""transaction_id"": ""TXN-0012083""}"
AUD-0002623,USR-MER-0016-01,VIEW_ANALYTICS,MERCHANT_DASHBOARD,MER-0016,2026-06-11T18:47:00,"{""filters_applied"": 3, ""view"": ""redemption_log""}"
AUD-0002624,USR-MER-0010-01,LOGIN,MERCHANT_SESSION,MER-0010,2026-06-11T18:55:00,"{""method"": ""password+mfa"", ""outcome"": ""success""}"
AUD-0002625,USR-MER-0016-01,LOGIN,MERCHANT_SESSION,MER-0016,2026-06-11T19:00:00,"{""method"": ""password+mfa"", ""outcome"": ""success""}"
AUD-0002626,SYS-REDEEM,REDEMPTION_CONFIRMED,REDEMPTION,RED-000517,2026-06-11T20:04:12,"{""discount_applied"": 1700.0, ""gross_bill_amount"": 5062.0, ""offer_id"": ""OFR-0055"", ""redemption_id"": ""RED-000517"", ""transaction_id"": ""TXN-0012092""}"
AUD-0002627,SYS-REDEEM,REDEMPTION_CONFIRMED,REDEMPTION,RED-000518,2026-06-11T20:12:44,"{""discount_applied"": 76.0, ""gross_bill_amount"": 4414.76, ""offer_id"": ""OFR-0080"", ""redemption_id"": ""RED-000518"", ""transaction_id"": ""TXN-0012093""}"
AUD-0002628,SYS-REDEEM,REDEMPTION_CONFIRMED,REDEMPTION,RED-000519,2026-06-12T00:28:32,"{""discount_applied"": 1700.0, ""gross_bill_amount"": 9000.0, ""offer_id"": ""OFR-0055"", ""redemption_id"": ""RED-000519"", ""transaction_id"": ""TXN-0012096""}"
AUD-0002629,SYS-REDEEM,REDEMPTION_CONFIRMED,REDEMPTION,RED-000520,2026-06-12T05:08:11,"{""discount_applied"": 1700.0, ""gross_bill_amount"": 2542.88, ""offer_id"": ""OFR-0055"", ""redemption_id"": ""RED-000520"", ""transaction_id"": ""TXN-0012097""}"
AUD-0002630,SYS-REDEEM,REDEMPTION_CONFIRMED,REDEMPTION,RED-000521,2026-06-12T06:24:47,"{""discount_applied"": 1700.0, ""gross_bill_amount"": 5339.08, ""offer_id"": ""OFR-0055"", ""redemption_id"": ""RED-000521"", ""transaction_id"": ""TXN-0012098""}"
AUD-0002631,SYS-REDEEM,REDEMPTION_CONFIRMED,REDEMPTION,RED-000522,2026-06-12T09:46:13,"{""discount_applied"": 1700.0, ""gross_bill_amount"": 2403.68, ""offer_id"": ""OFR-0055"", ""redemption_id"": ""RED-000522"", ""transaction_id"": ""TXN-0012105""}"
AUD-0002632,SYS-REDEEM,REDEMPTION_CONFIRMED,REDEMPTION,RED-000523,2026-06-12T10:45:53,"{""discount_applied"": 1700.0, ""gross_bill_amount"": 2437.0, ""offer_id"": ""OFR-0055"", ""redemption_id"": ""RED-000523"", ""transaction_id"": ""TXN-0012111""}"
AUD-0002633,USR-MER-0010-01,VIEW_ANALYTICS,MERCHANT_DASHBOARD,MER-0010,2026-06-12T11:48:00,"{""filters_applied"": 2, ""view"": ""redemption_log""}"
AUD-0002634,USR-MER-0007-01,VIEW_ANALYTICS,MERCHANT_DASHBOARD,MER-0007,2026-06-12T12:05:00,"{""filters_applied"": 0, ""view"": ""campaign_performance""}"
AUD-0002635,SYS-REDEEM,REDEMPTION_REJECTED,REDEMPTION,RED-000524,2026-06-12T12:05:53,"{""discount_applied"": 1700.0, ""gross_bill_amount"": 2437.0, ""offer_id"": ""OFR-0055"", ""reason"": ""DUPLICATE_REDEMPTION"", ""redemption_id"": ""RED-000524"", ""transaction_id"": ""TXN-0012111""}"
AUD-0002636,USR-MER-0016-01,LOGIN,MERCHANT_SESSION,MER-0016,2026-06-12T12:11:00,"{""method"": ""password+mfa"", ""outcome"": ""success""}"
AUD-0002637,SYS-REDEEM,REDEMPTION_CONFIRMED,REDEMPTION,RED-000525,2026-06-12T12:37:59,"{""discount_applied"": 76.0, ""gross_bill_amount"": 2500.0, ""offer_id"": ""OFR-0080"", ""redemption_id"": ""RED-000525"", ""transaction_id"": ""TXN-0012118""}"
AUD-0002638,SYS-REDEEM,REDEMPTION_CONFIRMED,REDEMPTION,RED-000526,2026-06-12T12:42:05,"{""discount_applied"": 1700.0, ""gross_bill_amount"": 1709.03, ""offer_id"": ""OFR-0055"", ""redemption_id"": ""RED-000526"", ""transaction_id"": ""TXN-0012119""}"
AUD-0002639,SYS-REDEEM,REDEMPTION_CONFIRMED,REDEMPTION,RED-000527,2026-06-12T12:58:22,"{""discount_applied"": 1700.0, ""gross_bill_amount"": 3692.27, ""offer_id"": ""OFR-0055"", ""redemption_id"": ""RED-000527"", ""transaction_id"": ""TXN-0012122""}"
AUD-0002640,USR-MER-0001-01,APPROVE_CAMPAIGN,CAMPAIGN,CPN-0003,2026-06-12T13:04:00,"{""campaign_id"": ""CPN-0003""}"
AUD-0002641,USR-MER-0011-01,LOGIN,MERCHANT_SESSION,MER-0011,2026-06-12T13:17:00,"{""method"": ""password+mfa"", ""outcome"": ""success""}"
AUD-0002642,SYS-REDEEM,REDEMPTION_CONFIRMED,REDEMPTION,RED-000528,2026-06-12T14:04:43,"{""discount_applied"": 76.0, ""gross_bill_amount"": 2500.0, ""offer_id"": ""OFR-0080"", ""redemption_id"": ""RED-000528"", ""transaction_id"": ""TXN-0012131""}"
AUD-0002643,USR-MER-0014-01,LOGIN,MERCHANT_SESSION,MER-0014,2026-06-12T15:18:00,"{""method"": ""password+mfa"", ""outcome"": ""success""}"
AUD-0002644,USR-MER-0008-01,VIEW_ANALYTICS,MERCHANT_DASHBOARD,MER-0008,2026-06-12T15:54:00,"{""filters_applied"": 4, ""view"": ""segmentation""}"
AUD-0002645,SYS-REDEEM,REDEMPTION_CONFIRMED,REDEMPTION,RED-000529,2026-06-12T17:00:27,"{""discount_applied"": 1700.0, ""gross_bill_amount"": 3649.0, ""offer_id"": ""OFR-0055"", ""redemption_id"": ""RED-000529"", ""transaction_id"": ""TXN-0012136""}"
AUD-0002646,USR-MER-0007-01,APPROVE_CAMPAIGN,CAMPAIGN,CPN-0038,2026-06-12T17:47:00,"{""campaign_id"": ""CPN-0038""}"
AUD-0002647,USR-MER-0016-01,LOGIN,MERCHANT_SESSION,MER-0016,2026-06-12T18:22:00,"{""method"": ""password+mfa"", ""outcome"": ""success""}"
AUD-0002648,USR-MER-0015-01,LOGIN,MERCHANT_SESSION,MER-0015,2026-06-12T21:56:00,"{""method"": ""password+mfa"", ""outcome"": ""success""}"
AUD-0002649,SYS-REDEEM,REDEMPTION_CONFIRMED,REDEMPTION,RED-000530,2026-06-13T00:15:22,"{""discount_applied"": 76.0, ""gross_bill_amount"": 2500.0, ""offer_id"": ""OFR-0080"", ""redemption_id"": ""RED-000530"", ""transaction_id"": ""TXN-0012152""}"
AUD-0002650,SYS-REDEEM,REDEMPTION_CONFIRMED,REDEMPTION,RED-000531,2026-06-13T01:07:06,"{""discount_applied"": 1700.0, ""gross_bill_amount"": 2017.2, ""offer_id"": ""OFR-0055"", ""redemption_id"": ""RED-000531"", ""transaction_id"": ""TXN-0012153""}"
AUD-0002651,SYS-REDEEM,REDEMPTION_CONFIRMED,REDEMPTION,RED-000532,2026-06-13T01:59:41,"{""discount_applied"": 76.0, ""gross_bill_amount"": 2789.25, ""offer_id"": ""OFR-0080"", ""redemption_id"": ""RED-000532"", ""transaction_id"": ""TXN-0012154""}"
AUD-0002652,SYS-REDEEM,REDEMPTION_REJECTED,REDEMPTION,RED-000533,2026-06-13T02:44:41,"{""discount_applied"": 76.0, ""gross_bill_amount"": 2789.25, ""offer_id"": ""OFR-0080"", ""reason"": ""DUPLICATE_REDEMPTION"", ""redemption_id"": ""RED-000533"", ""transaction_id"": ""TXN-0012154""}"
AUD-0002653,SYS-REDEEM,REDEMPTION_CONFIRMED,REDEMPTION,RED-000534,2026-06-13T05:23:27,"{""discount_applied"": 1700.0, ""gross_bill_amount"": 2751.22, ""offer_id"": ""OFR-0055"", ""redemption_id"": ""RED-000534"", ""transaction_id"": ""TXN-0012155""}"
AUD-0002654,USR-MER-0004-01,LOGIN,MERCHANT_SESSION,MER-0004,2026-06-13T10:18:00,"{""method"": ""password+mfa"", ""outcome"": ""success""}"
AUD-0002655,USR-MER-0005-01,VIEW_ANALYTICS,MERCHANT_DASHBOARD,MER-0005,2026-06-13T11:08:00,"{""filters_applied"": 1, ""view"": ""redemption_log""}"
AUD-0002656,USR-MER-0016-01,CREATE_OFFER,OFFER,OFR-0016,2026-06-13T11:24:00,"{""budget"": 18718.59, ""discount_type"": ""FIXED"", ""discount_value"": 700.0, ""merchant_id"": ""MER-0016"", ""minimum_spend"": 799.0}"
AUD-0002657,USR-MER-0016-01,VIEW_ANALYTICS,MERCHANT_DASHBOARD,MER-0016,2026-06-13T13:04:00,"{""filters_applied"": 1, ""view"": ""customer_detail""}"
AUD-0002658,USR-MER-0008-01,VIEW_ANALYTICS,MERCHANT_DASHBOARD,MER-0008,2026-06-13T13:52:00,"{""filters_applied"": 1, ""view"": ""customer_detail""}"
AUD-0002659,SYS-REDEEM,REDEMPTION_CONFIRMED,REDEMPTION,RED-000535,2026-06-13T14:47:35,"{""discount_applied"": 1700.0, ""gross_bill_amount"": 1944.1, ""offer_id"": ""OFR-0055"", ""redemption_id"": ""RED-000535"", ""transaction_id"": ""TXN-0012176""}"
AUD-0002660,USR-MER-0006-01,VIEW_ANALYTICS,MERCHANT_DASHBOARD,MER-0006,2026-06-13T15:31:00,"{""filters_applied"": 0, ""view"": ""redemption_log""}"
AUD-0002661,USR-MER-0017-01,VIEW_ANALYTICS,MERCHANT_DASHBOARD,MER-0017,2026-06-13T15:51:00,"{""filters_applied"": 3, ""view"": ""segmentation""}"
AUD-0002662,USR-MER-0004-01,CREATE_OFFER,OFFER,OFR-0044,2026-06-13T16:26:00,"{""budget"": 600.0, ""discount_type"": ""PERCENTAGE"", ""discount_value"": 20.0, ""merchant_id"": ""MER-0004"", ""minimum_spend"": 4999.0}"
AUD-0002663,SYS-REDEEM,REDEMPTION_CONFIRMED,REDEMPTION,RED-000536,2026-06-13T17:09:32,"{""discount_applied"": 1700.0, ""gross_bill_amount"": 2227.62, ""offer_id"": ""OFR-0055"", ""redemption_id"": ""RED-000536"", ""transaction_id"": ""TXN-0012187""}"
AUD-0002664,USR-MER-0003-01,LOGIN,MERCHANT_SESSION,MER-0003,2026-06-13T17:23:00,"{""method"": ""password+mfa"", ""outcome"": ""success""}"
AUD-0002665,USR-MER-0008-01,VIEW_ANALYTICS,MERCHANT_DASHBOARD,MER-0008,2026-06-13T19:37:00,"{""filters_applied"": 1, ""view"": ""redemption_log""}"
AUD-0002666,USR-MER-0002-01,LOGIN,MERCHANT_SESSION,MER-0002,2026-06-13T19:38:00,"{""method"": ""password+mfa"", ""outcome"": ""success""}"
AUD-0002667,USR-MER-0013-01,VIEW_ANALYTICS,MERCHANT_DASHBOARD,MER-0013,2026-06-13T19:57:00,"{""filters_applied"": 4, ""view"": ""redemption_log""}"
AUD-0002668,USR-MER-0013-01,LOGIN,MERCHANT_SESSION,MER-0013,2026-06-13T20:03:00,"{""method"": ""password+mfa"", ""outcome"": ""success""}"
AUD-0002669,USR-MER-0012-01,VIEW_ANALYTICS,MERCHANT_DASHBOARD,MER-0012,2026-06-13T20:18:00,"{""filters_applied"": 1, ""view"": ""campaign_performance""}"
AUD-0002670,USR-MER-0007-01,VIEW_ANALYTICS,MERCHANT_DASHBOARD,MER-0007,2026-06-13T21:22:00,"{""filters_applied"": 0, ""view"": ""segmentation""}"
AUD-0002671,USR-MER-0008-01,VIEW_ANALYTICS,MERCHANT_DASHBOARD,MER-0008,2026-06-13T21:52:00,"{""filters_applied"": 2, ""view"": ""segmentation""}"
AUD-0002672,USR-MER-0017-01,VIEW_ANALYTICS,MERCHANT_DASHBOARD,MER-0017,2026-06-13T21:56:00,"{""filters_applied"": 0, ""view"": ""campaign_performance""}"
AUD-0002673,USR-MER-0014-01,VIEW_ANALYTICS,MERCHANT_DASHBOARD,MER-0014,2026-06-13T21:58:00,"{""filters_applied"": 0, ""view"": ""segmentation""}"
AUD-0002674,USR-MER-0016-01,LOGIN,MERCHANT_SESSION,MER-0016,2026-06-13T21:58:00,"{""method"": ""password+mfa"", ""outcome"": ""success""}"
AUD-0002675,SYS-REDEEM,REDEMPTION_CONFIRMED,REDEMPTION,RED-000537,2026-06-14T01:47:07,"{""discount_applied"": 1700.0, ""gross_bill_amount"": 3552.0, ""offer_id"": ""OFR-0055"", ""redemption_id"": ""RED-000537"", ""transaction_id"": ""TXN-0012210""}"
AUD-0002676,SYS-REDEEM,REDEMPTION_CONFIRMED,REDEMPTION,RED-000538,2026-06-14T04:11:44,"{""discount_applied"": 76.0, ""gross_bill_amount"": 2877.15, ""offer_id"": ""OFR-0080"", ""redemption_id"": ""RED-000538"", ""transaction_id"": ""TXN-0012211""}"
AUD-0002677,SYS-REDEEM,REDEMPTION_CONFIRMED,REDEMPTION,RED-000539,2026-06-14T06:36:47,"{""discount_applied"": 76.0, ""gross_bill_amount"": 2500.0, ""offer_id"": ""OFR-0080"", ""redemption_id"": ""RED-000539"", ""transaction_id"": ""TXN-0012213""}"
AUD-0002678,USR-MER-0016-01,CREATE_CAMPAIGN,CAMPAIGN,CPN-0069,2026-06-14T06:38:00,"{""merchant_id"": ""MER-0016"", ""objective"": ""WELCOME_NEW_CUSTOMERS"", ""offer_id"": ""OFR-0089""}"
AUD-0002679,SYS-AI-COPY,GENERATE_AI_CONTENT,CAMPAIGN,CPN-0069,2026-06-14T06:52:00,"{""model"": ""template-fallback-v1"", ""output_chars"": 122, ""prompt_version"": ""p1.2""}"
AUD-0002680,USR-MER-0007-01,LOGIN,MERCHANT_SESSION,MER-0007,2026-06-14T08:18:00,"{""method"": ""password+mfa"", ""outcome"": ""success""}"
AUD-0002681,USR-MER-0007-01,LOGIN,MERCHANT_SESSION,MER-0007,2026-06-14T08:20:00,"{""method"": ""password+mfa"", ""outcome"": ""success""}"
AUD-0002682,SYS-REDEEM,REDEMPTION_CONFIRMED,REDEMPTION,RED-000540,2026-06-14T08:33:30,"{""discount_applied"": 1609.93, ""gross_bill_amount"": 1609.93, ""offer_id"": ""OFR-0055"", ""redemption_id"": ""RED-000540"", ""transaction_id"": ""TXN-0012217""}"
AUD-0002683,SYS-REDEEM,REDEMPTION_CONFIRMED,REDEMPTION,RED-000541,2026-06-14T10:00:32,"{""discount_applied"": 76.0, ""gross_bill_amount"": 4241.9, ""offer_id"": ""OFR-0080"", ""redemption_id"": ""RED-000541"", ""transaction_id"": ""TXN-0012219""}"
AUD-0002684,USR-MER-0018-01,LOGIN,MERCHANT_SESSION,MER-0018,2026-06-14T10:54:00,"{""method"": ""password+mfa"", ""outcome"": ""success""}"
AUD-0002685,USR-MER-0008-01,VIEW_ANALYTICS,MERCHANT_DASHBOARD,MER-0008,2026-06-14T13:27:00,"{""filters_applied"": 4, ""view"": ""segmentation""}"
AUD-0002686,USR-MER-0018-01,LOGIN,MERCHANT_SESSION,MER-0018,2026-06-14T14:11:00,"{""method"": ""password+mfa"", ""outcome"": ""success""}"
AUD-0002687,USR-MER-0004-01,VIEW_ANALYTICS,MERCHANT_DASHBOARD,MER-0004,2026-06-14T15:23:00,"{""filters_applied"": 3, ""view"": ""redemption_log""}"
AUD-0002688,USR-MER-0011-01,VIEW_ANALYTICS,MERCHANT_DASHBOARD,MER-0011,2026-06-14T16:58:00,"{""filters_applied"": 2, ""view"": ""customer_detail""}"
AUD-0002689,USR-MER-0005-01,CREATE_OFFER,OFFER,OFR-0005,2026-06-14T19:36:00,"{""budget"": 13310.92, ""discount_type"": ""FIXED"", ""discount_value"": 900.0, ""merchant_id"": ""MER-0005"", ""minimum_spend"": 1199.0}"
AUD-0002690,USR-MER-0013-01,LOGIN,MERCHANT_SESSION,MER-0013,2026-06-14T19:37:00,"{""method"": ""password+mfa"", ""outcome"": ""success""}"
AUD-0002691,USR-MER-0016-01,REJECT_CAMPAIGN,CAMPAIGN,CPN-0069,2026-06-14T21:20:00,"{""campaign_id"": ""CPN-0069""}"
AUD-0002692,SYS-AI-COPY,GENERATE_AI_CONTENT,CAMPAIGN,CPN-0024,2026-06-15T01:11:00,"{""model"": ""template-fallback-v1"", ""output_chars"": 184, ""prompt_version"": ""p1.1""}"
AUD-0002693,USR-MER-0004-01,CREATE_CAMPAIGN,CAMPAIGN,CPN-0024,2026-06-15T02:11:00,"{""merchant_id"": ""MER-0004"", ""objective"": ""PROMOTE_HIGH_VALUE_OFFER"", ""offer_id"": ""OFR-0044""}"
AUD-0002694,SYS-REDEEM,REDEMPTION_CONFIRMED,REDEMPTION,RED-000542,2026-06-15T04:35:22,"{""discount_applied"": 1635.79, ""gross_bill_amount"": 1635.79, ""offer_id"": ""OFR-0055"", ""redemption_id"": ""RED-000542"", ""transaction_id"": ""TXN-0012258""}"
AUD-0002695,SYS-REDEEM,REDEMPTION_CONFIRMED,REDEMPTION,RED-000543,2026-06-15T05:41:29,"{""discount_applied"": 1700.0, ""gross_bill_amount"": 1988.11, ""offer_id"": ""OFR-0055"", ""redemption_id"": ""RED-000543"", ""transaction_id"": ""TXN-0012259""}"
AUD-0002696,USR-MER-0001-01,VIEW_ANALYTICS,MERCHANT_DASHBOARD,MER-0001,2026-06-15T08:28:00,"{""filters_applied"": 1, ""view"": ""customer_detail""}"
AUD-0002697,SYS-REDEEM,REDEMPTION_CONFIRMED,REDEMPTION,RED-000544,2026-06-15T08:35:39,"{""discount_applied"": 1700.0, ""gross_bill_amount"": 2462.17, ""offer_id"": ""OFR-0055"", ""redemption_id"": ""RED-000544"", ""transaction_id"": ""TXN-0012262""}"
AUD-0002698,USR-MER-0014-01,LOGIN,MERCHANT_SESSION,MER-0014,2026-06-15T09:06:00,"{""method"": ""password+mfa"", ""outcome"": ""success""}"
AUD-0002699,USR-MER-0017-01,VIEW_ANALYTICS,MERCHANT_DASHBOARD,MER-0017,2026-06-15T09:18:00,"{""filters_applied"": 3, ""view"": ""redemption_log""}"
AUD-0002700,SYS-REDEEM,REDEMPTION_CONFIRMED,REDEMPTION,RED-000545,2026-06-15T13:01:42,"{""discount_applied"": 1700.0, ""gross_bill_amount"": 2613.17, ""offer_id"": ""OFR-0055"", ""redemption_id"": ""RED-000545"", ""transaction_id"": ""TXN-0012278""}"
AUD-0002701,USR-MER-0010-01,LOGIN,MERCHANT_SESSION,MER-0010,2026-06-15T13:56:00,"{""method"": ""password+mfa"", ""outcome"": ""success""}"
AUD-0002702,USR-MER-0002-01,LOGIN,MERCHANT_SESSION,MER-0002,2026-06-15T13:58:00,"{""method"": ""password+mfa"", ""outcome"": ""success""}"
AUD-0002703,USR-MER-0009-01,VIEW_ANALYTICS,MERCHANT_DASHBOARD,MER-0009,2026-06-15T14:05:00,"{""filters_applied"": 4, ""view"": ""customer_detail""}"
AUD-0002704,USR-MER-0018-01,VIEW_ANALYTICS,MERCHANT_DASHBOARD,MER-0018,2026-06-15T17:00:00,"{""filters_applied"": 4, ""view"": ""campaign_performance""}"
AUD-0002705,USR-MER-0017-01,VIEW_ANALYTICS,MERCHANT_DASHBOARD,MER-0017,2026-06-15T20:09:00,"{""filters_applied"": 4, ""view"": ""customer_detail""}"
AUD-0002706,USR-MER-0006-01,VIEW_ANALYTICS,MERCHANT_DASHBOARD,MER-0006,2026-06-15T21:00:00,"{""filters_applied"": 0, ""view"": ""campaign_performance""}"
AUD-0002707,USR-MER-0004-01,UPDATE_OFFER,OFFER,OFR-0044,2026-06-15T21:26:00,"{""changed_fields"": [""expiry_time""], ""merchant_id"": ""MER-0004""}"
AUD-0002708,SYS-REDEEM,REDEMPTION_CONFIRMED,REDEMPTION,RED-000546,2026-06-16T00:30:32,"{""discount_applied"": 1700.0, ""gross_bill_amount"": 6782.0, ""offer_id"": ""OFR-0055"", ""redemption_id"": ""RED-000546"", ""transaction_id"": ""TXN-0012317""}"
AUD-0002709,SYS-REDEEM,REDEMPTION_REJECTED,REDEMPTION,RED-000547,2026-06-16T00:57:32,"{""discount_applied"": 1700.0, ""gross_bill_amount"": 6782.0, ""offer_id"": ""OFR-0055"", ""reason"": ""DUPLICATE_REDEMPTION"", ""redemption_id"": ""RED-000547"", ""transaction_id"": ""TXN-0012317""}"
AUD-0002710,SYS-REDEEM,REDEMPTION_CONFIRMED,REDEMPTION,RED-000548,2026-06-16T04:06:25,"{""discount_applied"": 76.0, ""gross_bill_amount"": 2500.0, ""offer_id"": ""OFR-0080"", ""redemption_id"": ""RED-000548"", ""transaction_id"": ""TXN-0012318""}"
AUD-0002711,USR-MER-0007-01,VIEW_ANALYTICS,MERCHANT_DASHBOARD,MER-0007,2026-06-16T08:32:00,"{""filters_applied"": 0, ""view"": ""campaign_performance""}"
AUD-0002712,USR-MER-0002-01,LOGIN,MERCHANT_SESSION,MER-0002,2026-06-16T08:36:00,"{""method"": ""password+mfa"", ""outcome"": ""success""}"
AUD-0002713,USR-MER-0009-01,VIEW_ANALYTICS,MERCHANT_DASHBOARD,MER-0009,2026-06-16T08:40:00,"{""filters_applied"": 2, ""view"": ""segmentation""}"
AUD-0002714,USR-MER-0001-01,LOGIN,MERCHANT_SESSION,MER-0001,2026-06-16T08:45:00,"{""method"": ""password+mfa"", ""outcome"": ""success""}"
AUD-0002715,USR-MER-0010-01,VIEW_ANALYTICS,MERCHANT_DASHBOARD,MER-0010,2026-06-16T10:46:00,"{""filters_applied"": 2, ""view"": ""segmentation""}"
AUD-0002716,USR-MER-0017-01,VIEW_ANALYTICS,MERCHANT_DASHBOARD,MER-0017,2026-06-16T10:57:00,"{""filters_applied"": 4, ""view"": ""redemption_log""}"
AUD-0002717,USR-MER-0001-01,LOGIN,MERCHANT_SESSION,MER-0001,2026-06-16T12:03:00,"{""method"": ""password+mfa"", ""outcome"": ""success""}"
AUD-0002718,USR-MER-0017-01,LOGIN,MERCHANT_SESSION,MER-0017,2026-06-16T13:12:00,"{""method"": ""password+mfa"", ""outcome"": ""success""}"
AUD-0002719,USR-MER-0007-01,VIEW_ANALYTICS,MERCHANT_DASHBOARD,MER-0007,2026-06-16T13:20:00,"{""filters_applied"": 0, ""view"": ""redemption_log""}"
AUD-0002720,USR-MER-0003-01,VIEW_ANALYTICS,MERCHANT_DASHBOARD,MER-0003,2026-06-16T15:22:00,"{""filters_applied"": 3, ""view"": ""campaign_performance""}"
AUD-0002721,SYS-REDEEM,REDEMPTION_CONFIRMED,REDEMPTION,RED-000549,2026-06-16T15:53:42,"{""discount_applied"": 1700.0, ""gross_bill_amount"": 2503.63, ""offer_id"": ""OFR-0055"", ""redemption_id"": ""RED-000549"", ""transaction_id"": ""TXN-0012346""}"
AUD-0002722,USR-MER-0017-01,LOGIN,MERCHANT_SESSION,MER-0017,2026-06-16T18:57:00,"{""method"": ""password+mfa"", ""outcome"": ""success""}"
AUD-0002723,USR-MER-0003-01,VIEW_ANALYTICS,MERCHANT_DASHBOARD,MER-0003,2026-06-16T19:05:00,"{""filters_applied"": 4, ""view"": ""redemption_log""}"
AUD-0002724,USR-MER-0015-01,LOGIN,MERCHANT_SESSION,MER-0015,2026-06-16T19:22:00,"{""method"": ""password+mfa"", ""outcome"": ""success""}"
AUD-0002725,USR-MER-0005-01,LOGIN,MERCHANT_SESSION,MER-0005,2026-06-16T21:40:00,"{""method"": ""password+mfa"", ""outcome"": ""success""}"
AUD-0002726,USR-MER-0004-01,APPROVE_CAMPAIGN,CAMPAIGN,CPN-0024,2026-06-16T22:57:00,"{""campaign_id"": ""CPN-0024""}"
AUD-0002727,SYS-REDEEM,REDEMPTION_CONFIRMED,REDEMPTION,RED-000550,2026-06-17T01:51:24,"{""discount_applied"": 1700.0, ""gross_bill_amount"": 2104.18, ""offer_id"": ""OFR-0055"", ""redemption_id"": ""RED-000550"", ""transaction_id"": ""TXN-0012379""}"
AUD-0002728,SYS-REDEEM,REDEMPTION_CONFIRMED,REDEMPTION,RED-000551,2026-06-17T04:59:14,"{""discount_applied"": 76.0, ""gross_bill_amount"": 2500.0, ""offer_id"": ""OFR-0080"", ""redemption_id"": ""RED-000551"", ""transaction_id"": ""TXN-0012380""}"
AUD-0002729,SYS-REDEEM,REDEMPTION_CONFIRMED,REDEMPTION,RED-000552,2026-06-17T08:31:54,"{""discount_applied"": 1700.0, ""gross_bill_amount"": 2220.95, ""offer_id"": ""OFR-0055"", ""redemption_id"": ""RED-000552"", ""transaction_id"": ""TXN-0012383""}"
AUD-0002730,SYS-REDEEM,REDEMPTION_REJECTED,REDEMPTION,RED-000553,2026-06-17T08:52:54,"{""discount_applied"": 1700.0, ""gross_bill_amount"": 2220.95, ""offer_id"": ""OFR-0055"", ""reason"": ""DUPLICATE_REDEMPTION"", ""redemption_id"": ""RED-000553"", ""transaction_id"": ""TXN-0012383""}"
AUD-0002731,USR-MER-0017-01,VIEW_ANALYTICS,MERCHANT_DASHBOARD,MER-0017,2026-06-17T10:10:00,"{""filters_applied"": 3, ""view"": ""customer_detail""}"
AUD-0002732,SYS-REDEEM,REDEMPTION_CONFIRMED,REDEMPTION,RED-000554,2026-06-17T11:21:10,"{""discount_applied"": 1700.0, ""gross_bill_amount"": 9000.0, ""offer_id"": ""OFR-0055"", ""redemption_id"": ""RED-000554"", ""transaction_id"": ""TXN-0012392""}"
AUD-0002733,USR-MER-0004-01,LOGIN,MERCHANT_SESSION,MER-0004,2026-06-17T11:36:00,"{""method"": ""password+mfa"", ""outcome"": ""success""}"
AUD-0002734,USR-MER-0004-01,LOGIN,MERCHANT_SESSION,MER-0004,2026-06-17T12:09:00,"{""method"": ""password+mfa"", ""outcome"": ""success""}"
AUD-0002735,USR-MER-0007-01,LAUNCH_CAMPAIGN,CAMPAIGN,CPN-0038,2026-06-17T13:47:00,"{""campaign_id"": ""CPN-0038""}"
AUD-0002736,USR-MER-0015-01,VIEW_ANALYTICS,MERCHANT_DASHBOARD,MER-0015,2026-06-17T14:49:00,"{""filters_applied"": 0, ""view"": ""campaign_performance""}"
AUD-0002737,USR-MER-0006-01,VIEW_ANALYTICS,MERCHANT_DASHBOARD,MER-0006,2026-06-17T14:50:00,"{""filters_applied"": 0, ""view"": ""customer_detail""}"
AUD-0002738,USR-MER-0002-01,LOGIN,MERCHANT_SESSION,MER-0002,2026-06-17T15:22:00,"{""method"": ""password+mfa"", ""outcome"": ""success""}"
AUD-0002739,SYS-REDEEM,REDEMPTION_CONFIRMED,REDEMPTION,RED-000555,2026-06-17T15:39:27,"{""discount_applied"": 1700.0, ""gross_bill_amount"": 2574.42, ""offer_id"": ""OFR-0055"", ""redemption_id"": ""RED-000555"", ""transaction_id"": ""TXN-0012404""}"
AUD-0002740,USR-MER-0001-01,LOGIN,MERCHANT_SESSION,MER-0001,2026-06-17T16:11:00,"{""method"": ""password+mfa"", ""outcome"": ""success""}"
AUD-0002741,USR-MER-0017-01,VIEW_ANALYTICS,MERCHANT_DASHBOARD,MER-0017,2026-06-17T17:34:00,"{""filters_applied"": 4, ""view"": ""customer_detail""}"
AUD-0002742,USR-MER-0002-01,VIEW_ANALYTICS,MERCHANT_DASHBOARD,MER-0002,2026-06-17T18:53:00,"{""filters_applied"": 0, ""view"": ""redemption_log""}"
AUD-0002743,USR-MER-0012-01,VIEW_ANALYTICS,MERCHANT_DASHBOARD,MER-0012,2026-06-17T20:33:00,"{""filters_applied"": 2, ""view"": ""customer_detail""}"
AUD-0002744,USR-MER-0017-01,LOGIN,MERCHANT_SESSION,MER-0017,2026-06-17T20:55:00,"{""method"": ""password+mfa"", ""outcome"": ""success""}"
AUD-0002745,USR-MER-0014-01,LOGIN,MERCHANT_SESSION,MER-0014,2026-06-17T21:08:00,"{""method"": ""password+mfa"", ""outcome"": ""success""}"
AUD-0002746,SYS-REDEEM,REDEMPTION_CONFIRMED,REDEMPTION,RED-000556,2026-06-18T06:12:29,"{""discount_applied"": 1700.0, ""gross_bill_amount"": 9000.0, ""offer_id"": ""OFR-0058"", ""redemption_id"": ""RED-000556"", ""transaction_id"": ""TXN-0012428""}"
AUD-0002747,USR-MER-0017-01,LOGIN,MERCHANT_SESSION,MER-0017,2026-06-18T08:26:00,"{""method"": ""password+mfa"", ""outcome"": ""success""}"
AUD-0002748,USR-MER-0006-01,VIEW_ANALYTICS,MERCHANT_DASHBOARD,MER-0006,2026-06-18T09:13:00,"{""filters_applied"": 3, ""view"": ""customer_detail""}"
AUD-0002749,USR-MER-0013-01,VIEW_ANALYTICS,MERCHANT_DASHBOARD,MER-0013,2026-06-18T10:27:00,"{""filters_applied"": 2, ""view"": ""customer_detail""}"
AUD-0002750,SYS-REDEEM,REDEMPTION_CONFIRMED,REDEMPTION,RED-000557,2026-06-18T10:35:15,"{""discount_applied"": 1700.0, ""gross_bill_amount"": 2488.51, ""offer_id"": ""OFR-0058"", ""redemption_id"": ""RED-000557"", ""transaction_id"": ""TXN-0012436""}"
AUD-0002751,SYS-REDEEM,REDEMPTION_CONFIRMED,REDEMPTION,RED-000558,2026-06-18T10:47:30,"{""discount_applied"": 1700.0, ""gross_bill_amount"": 4216.18, ""offer_id"": ""OFR-0058"", ""redemption_id"": ""RED-000558"", ""transaction_id"": ""TXN-0012439""}"
AUD-0002752,USR-MER-0011-01,VIEW_ANALYTICS,MERCHANT_DASHBOARD,MER-0011,2026-06-18T11:32:00,"{""filters_applied"": 4, ""view"": ""customer_detail""}"
AUD-0002753,USR-MER-0013-01,LOGIN,MERCHANT_SESSION,MER-0013,2026-06-18T12:06:00,"{""method"": ""password+mfa"", ""outcome"": ""success""}"
AUD-0002754,SYS-REDEEM,REDEMPTION_CONFIRMED,REDEMPTION,RED-000559,2026-06-18T12:36:18,"{""discount_applied"": 76.0, ""gross_bill_amount"": 2500.0, ""offer_id"": ""OFR-0080"", ""redemption_id"": ""RED-000559"", ""transaction_id"": ""TXN-0012449""}"
AUD-0002755,USR-MER-0016-01,VIEW_ANALYTICS,MERCHANT_DASHBOARD,MER-0016,2026-06-18T13:11:00,"{""filters_applied"": 1, ""view"": ""segmentation""}"
AUD-0002756,USR-MER-0013-01,LOGIN,MERCHANT_SESSION,MER-0013,2026-06-18T15:43:00,"{""method"": ""password+mfa"", ""outcome"": ""success""}"
AUD-0002757,USR-MER-0007-01,VIEW_ANALYTICS,MERCHANT_DASHBOARD,MER-0007,2026-06-18T15:44:00,"{""filters_applied"": 1, ""view"": ""redemption_log""}"
AUD-0002758,USR-MER-0012-01,VIEW_ANALYTICS,MERCHANT_DASHBOARD,MER-0012,2026-06-18T16:04:00,"{""filters_applied"": 0, ""view"": ""campaign_performance""}"
AUD-0002759,USR-MER-0013-01,VIEW_ANALYTICS,MERCHANT_DASHBOARD,MER-0013,2026-06-18T17:33:00,"{""filters_applied"": 2, ""view"": ""segmentation""}"
AUD-0002760,USR-MER-0015-01,LOGIN,MERCHANT_SESSION,MER-0015,2026-06-18T17:42:00,"{""method"": ""password+mfa"", ""outcome"": ""success""}"
AUD-0002761,SYS-REDEEM,REDEMPTION_CONFIRMED,REDEMPTION,RED-000560,2026-06-18T17:45:25,"{""discount_applied"": 1700.0, ""gross_bill_amount"": 3058.61, ""offer_id"": ""OFR-0058"", ""redemption_id"": ""RED-000560"", ""transaction_id"": ""TXN-0012464""}"
AUD-0002762,USR-MER-0014-01,LOGIN,MERCHANT_SESSION,MER-0014,2026-06-18T18:03:00,"{""method"": ""password+mfa"", ""outcome"": ""success""}"
AUD-0002763,SYS-REDEEM,REDEMPTION_CONFIRMED,REDEMPTION,RED-000561,2026-06-18T19:52:57,"{""discount_applied"": 1700.0, ""gross_bill_amount"": 9000.0, ""offer_id"": ""OFR-0058"", ""redemption_id"": ""RED-000561"", ""transaction_id"": ""TXN-0012480""}"
AUD-0002764,SYS-REDEEM,REDEMPTION_CONFIRMED,REDEMPTION,RED-000562,2026-06-18T20:47:12,"{""discount_applied"": 1700.0, ""gross_bill_amount"": 4717.0, ""offer_id"": ""OFR-0058"", ""redemption_id"": ""RED-000562"", ""transaction_id"": ""TXN-0012487""}"
AUD-0002765,USR-MER-0008-01,VIEW_ANALYTICS,MERCHANT_DASHBOARD,MER-0008,2026-06-18T20:48:00,"{""filters_applied"": 0, ""view"": ""redemption_log""}"
AUD-0002766,USR-MER-0005-01,VIEW_ANALYTICS,MERCHANT_DASHBOARD,MER-0005,2026-06-18T21:00:00,"{""filters_applied"": 1, ""view"": ""segmentation""}"
AUD-0002767,USR-MER-0005-01,LOGIN,MERCHANT_SESSION,MER-0005,2026-06-18T21:14:00,"{""method"": ""password+mfa"", ""outcome"": ""success""}"
AUD-0002768,SYS-REDEEM,REDEMPTION_REJECTED,REDEMPTION,RED-000563,2026-06-18T22:00:12,"{""discount_applied"": 1700.0, ""gross_bill_amount"": 4717.0, ""offer_id"": ""OFR-0058"", ""reason"": ""DUPLICATE_REDEMPTION"", ""redemption_id"": ""RED-000563"", ""transaction_id"": ""TXN-0012487""}"
AUD-0002769,SYS-REDEEM,REDEMPTION_CONFIRMED,REDEMPTION,RED-000564,2026-06-19T03:25:52,"{""discount_applied"": 1700.0, ""gross_bill_amount"": 4000.0, ""offer_id"": ""OFR-0058"", ""redemption_id"": ""RED-000564"", ""transaction_id"": ""TXN-0012491""}"
AUD-0002770,SYS-REDEEM,REDEMPTION_CONFIRMED,REDEMPTION,RED-000565,2026-06-19T04:56:49,"{""discount_applied"": 1700.0, ""gross_bill_amount"": 4136.0, ""offer_id"": ""OFR-0055"", ""redemption_id"": ""RED-000565"", ""transaction_id"": ""TXN-0012492""}"
AUD-0002771,SYS-REDEEM,REDEMPTION_CONFIRMED,REDEMPTION,RED-000566,2026-06-19T05:33:38,"{""discount_applied"": 1700.0, ""gross_bill_amount"": 2508.55, ""offer_id"": ""OFR-0055"", ""redemption_id"": ""RED-000566"", ""transaction_id"": ""TXN-0012493""}"
AUD-0002772,SYS-REDEEM,REDEMPTION_CONFIRMED,REDEMPTION,RED-000567,2026-06-19T08:03:26,"{""discount_applied"": 1700.0, ""gross_bill_amount"": 2548.18, ""offer_id"": ""OFR-0055"", ""redemption_id"": ""RED-000567"", ""transaction_id"": ""TXN-0012495""}"
AUD-0002773,SYS-REDEEM,REDEMPTION_CONFIRMED,REDEMPTION,RED-000568,2026-06-19T08:18:16,"{""discount_applied"": 1700.0, ""gross_bill_amount"": 2694.01, ""offer_id"": ""OFR-0055"", ""redemption_id"": ""RED-000568"", ""transaction_id"": ""TXN-0012496""}"
AUD-0002774,SYS-REDEEM,REDEMPTION_CONFIRMED,REDEMPTION,RED-000569,2026-06-19T08:20:46,"{""discount_applied"": 1700.0, ""gross_bill_amount"": 2290.87, ""offer_id"": ""OFR-0058"", ""redemption_id"": ""RED-000569"", ""transaction_id"": ""TXN-0012497""}"
AUD-0002775,SYS-REDEEM,REDEMPTION_CONFIRMED,REDEMPTION,RED-000570,2026-06-19T08:46:41,"{""discount_applied"": 1652.78, ""gross_bill_amount"": 1652.78, ""offer_id"": ""OFR-0055"", ""redemption_id"": ""RED-000570"", ""transaction_id"": ""TXN-0012500""}"
AUD-0002776,USR-MER-0004-01,VIEW_ANALYTICS,MERCHANT_DASHBOARD,MER-0004,2026-06-19T10:36:00,"{""filters_applied"": 3, ""view"": ""customer_detail""}"
AUD-0002777,USR-MER-0016-01,LOGIN,MERCHANT_SESSION,MER-0016,2026-06-19T10:58:00,"{""method"": ""password+mfa"", ""outcome"": ""success""}"
AUD-0002778,SYS-REDEEM,REDEMPTION_CONFIRMED,REDEMPTION,RED-000571,2026-06-19T11:00:23,"{""discount_applied"": 1700.0, ""gross_bill_amount"": 6160.0, ""offer_id"": ""OFR-0058"", ""redemption_id"": ""RED-000571"", ""transaction_id"": ""TXN-0012507""}"
AUD-0002779,SYS-REDEEM,REDEMPTION_REJECTED,REDEMPTION,RED-000572,2026-06-19T11:37:23,"{""discount_applied"": 1700.0, ""gross_bill_amount"": 6160.0, ""offer_id"": ""OFR-0058"", ""reason"": ""DUPLICATE_REDEMPTION"", ""redemption_id"": ""RED-000572"", ""transaction_id"": ""TXN-0012507""}"
AUD-0002780,USR-MER-0002-01,LOGIN,MERCHANT_SESSION,MER-0002,2026-06-19T12:15:00,"{""method"": ""password+mfa"", ""outcome"": ""success""}"
AUD-0002781,USR-MER-0012-01,LOGIN,MERCHANT_SESSION,MER-0012,2026-06-19T13:06:00,"{""method"": ""password+mfa"", ""outcome"": ""success""}"
AUD-0002782,USR-MER-0016-01,LOGIN,MERCHANT_SESSION,MER-0016,2026-06-19T13:32:00,"{""method"": ""password+mfa"", ""outcome"": ""success""}"
AUD-0002783,USR-MER-0012-01,LOGIN,MERCHANT_SESSION,MER-0012,2026-06-19T14:08:00,"{""method"": ""password+mfa"", ""outcome"": ""success""}"
AUD-0002784,USR-MER-0006-01,VIEW_ANALYTICS,MERCHANT_DASHBOARD,MER-0006,2026-06-19T14:49:00,"{""filters_applied"": 3, ""view"": ""customer_detail""}"
AUD-0002785,USR-MER-0011-01,LOGIN,MERCHANT_SESSION,MER-0011,2026-06-19T15:07:00,"{""method"": ""password+mfa"", ""outcome"": ""success""}"
AUD-0002786,USR-MER-0010-01,CREATE_OFFER,OFFER,OFR-0010,2026-06-19T17:08:00,"{""budget"": 15939.21, ""discount_type"": ""FIXED"", ""discount_value"": 200.0, ""merchant_id"": ""MER-0010"", ""minimum_spend"": 499.0}"
AUD-0002787,USR-MER-0014-01,VIEW_ANALYTICS,MERCHANT_DASHBOARD,MER-0014,2026-06-19T18:14:00,"{""filters_applied"": 1, ""view"": ""redemption_log""}"
AUD-0002788,SYS-REDEEM,REDEMPTION_CONFIRMED,REDEMPTION,RED-000573,2026-06-19T19:48:47,"{""discount_applied"": 1700.0, ""gross_bill_amount"": 3307.83, ""offer_id"": ""OFR-0058"", ""redemption_id"": ""RED-000573"", ""transaction_id"": ""TXN-0012524""}"
AUD-0002789,SYS-REDEEM,REDEMPTION_CONFIRMED,REDEMPTION,RED-000574,2026-06-19T20:20:48,"{""discount_applied"": 1700.0, ""gross_bill_amount"": 6725.0, ""offer_id"": ""OFR-0058"", ""redemption_id"": ""RED-000574"", ""transaction_id"": ""TXN-0012529""}"
AUD-0002790,USR-MER-0003-01,LOGIN,MERCHANT_SESSION,MER-0003,2026-06-19T20:21:00,"{""method"": ""password+mfa"", ""outcome"": ""success""}"
AUD-0002791,USR-MER-0007-01,LOGIN,MERCHANT_SESSION,MER-0007,2026-06-19T21:38:00,"{""method"": ""password+mfa"", ""outcome"": ""success""}"
AUD-0002792,SYS-REDEEM,REDEMPTION_CONFIRMED,REDEMPTION,RED-000575,2026-06-20T00:39:56,"{""discount_applied"": 1700.0, ""gross_bill_amount"": 3201.14, ""offer_id"": ""OFR-0058"", ""redemption_id"": ""RED-000575"", ""transaction_id"": ""TXN-0012538""}"
AUD-0002793,SYS-REDEEM,REDEMPTION_CONFIRMED,REDEMPTION,RED-000576,2026-06-20T04:26:55,"{""discount_applied"": 76.0, ""gross_bill_amount"": 3651.89, ""offer_id"": ""OFR-0080"", ""redemption_id"": ""RED-000576"", ""transaction_id"": ""TXN-0012539""}"
AUD-0002794,SYS-REDEEM,REDEMPTION_REJECTED,REDEMPTION,RED-000577,2026-06-20T05:17:55,"{""discount_applied"": 76.0, ""gross_bill_amount"": 3651.89, ""offer_id"": ""OFR-0080"", ""reason"": ""DUPLICATE_REDEMPTION"", ""redemption_id"": ""RED-000577"", ""transaction_id"": ""TXN-0012539""}"
AUD-0002795,SYS-REDEEM,REDEMPTION_CONFIRMED,REDEMPTION,RED-000578,2026-06-20T07:32:57,"{""discount_applied"": 1700.0, ""gross_bill_amount"": 7599.0, ""offer_id"": ""OFR-0058"", ""redemption_id"": ""RED-000578"", ""transaction_id"": ""TXN-0012540""}"
AUD-0002796,USR-MER-0010-01,VIEW_ANALYTICS,MERCHANT_DASHBOARD,MER-0010,2026-06-20T08:05:00,"{""filters_applied"": 0, ""view"": ""redemption_log""}"
AUD-0002797,SYS-REDEEM,REDEMPTION_CONFIRMED,REDEMPTION,RED-000579,2026-06-20T08:34:44,"{""discount_applied"": 1700.0, ""gross_bill_amount"": 3320.38, ""offer_id"": ""OFR-0058"", ""redemption_id"": ""RED-000579"", ""transaction_id"": ""TXN-0012546""}"
AUD-0002798,SYS-REDEEM,REDEMPTION_CONFIRMED,REDEMPTION,RED-000580,2026-06-20T09:31:46,"{""discount_applied"": 1700.0, ""gross_bill_amount"": 9000.0, ""offer_id"": ""OFR-0058"", ""redemption_id"": ""RED-000580"", ""transaction_id"": ""TXN-0012549""}"
AUD-0002799,USR-MER-0009-01,LOGIN,MERCHANT_SESSION,MER-0009,2026-06-20T09:32:00,"{""method"": ""password+mfa"", ""outcome"": ""success""}"
AUD-0002800,SYS-REDEEM,REDEMPTION_REJECTED,REDEMPTION,RED-000581,2026-06-20T10:22:46,"{""discount_applied"": 1700.0, ""gross_bill_amount"": 9000.0, ""offer_id"": ""OFR-0058"", ""reason"": ""DUPLICATE_REDEMPTION"", ""redemption_id"": ""RED-000581"", ""transaction_id"": ""TXN-0012549""}"
AUD-0002801,USR-MER-0012-01,VIEW_ANALYTICS,MERCHANT_DASHBOARD,MER-0012,2026-06-20T10:58:00,"{""filters_applied"": 0, ""view"": ""customer_detail""}"
AUD-0002802,SYS-REDEEM,REDEMPTION_CONFIRMED,REDEMPTION,RED-000582,2026-06-20T11:04:26,"{""discount_applied"": 1700.0, ""gross_bill_amount"": 3638.0, ""offer_id"": ""OFR-0058"", ""redemption_id"": ""RED-000582"", ""transaction_id"": ""TXN-0012557""}"
AUD-0002803,USR-MER-0001-01,LAUNCH_CAMPAIGN,CAMPAIGN,CPN-0003,2026-06-20T11:10:00,"{""campaign_id"": ""CPN-0003""}"
AUD-0002804,USR-MER-0001-01,LOGIN,MERCHANT_SESSION,MER-0001,2026-06-20T13:47:00,"{""method"": ""password+mfa"", ""outcome"": ""success""}"
AUD-0002805,USR-MER-0011-01,LOGIN,MERCHANT_SESSION,MER-0011,2026-06-20T15:12:00,"{""method"": ""password+mfa"", ""outcome"": ""success""}"
AUD-0002806,USR-MER-0006-01,LOGIN,MERCHANT_SESSION,MER-0006,2026-06-20T15:52:00,"{""method"": ""password+mfa"", ""outcome"": ""success""}"
AUD-0002807,USR-MER-0013-01,LOGIN,MERCHANT_SESSION,MER-0013,2026-06-20T15:57:00,"{""method"": ""password+mfa"", ""outcome"": ""success""}"
AUD-0002808,USR-MER-0012-01,VIEW_ANALYTICS,MERCHANT_DASHBOARD,MER-0012,2026-06-20T18:16:00,"{""filters_applied"": 3, ""view"": ""segmentation""}"
AUD-0002809,USR-MER-0014-01,VIEW_ANALYTICS,MERCHANT_DASHBOARD,MER-0014,2026-06-20T18:25:00,"{""filters_applied"": 1, ""view"": ""campaign_performance""}"
AUD-0002810,SYS-REDEEM,REDEMPTION_CONFIRMED,REDEMPTION,RED-000583,2026-06-20T19:24:40,"{""discount_applied"": 1700.0, ""gross_bill_amount"": 3385.19, ""offer_id"": ""OFR-0058"", ""redemption_id"": ""RED-000583"", ""transaction_id"": ""TXN-0012594""}"
AUD-0002811,USR-MER-0003-01,VIEW_ANALYTICS,MERCHANT_DASHBOARD,MER-0003,2026-06-20T19:56:00,"{""filters_applied"": 4, ""view"": ""campaign_performance""}"
AUD-0002812,SYS-REDEEM,REDEMPTION_REJECTED,REDEMPTION,RED-000584,2026-06-20T20:26:40,"{""discount_applied"": 1700.0, ""gross_bill_amount"": 3385.19, ""offer_id"": ""OFR-0058"", ""reason"": ""DUPLICATE_REDEMPTION"", ""redemption_id"": ""RED-000584"", ""transaction_id"": ""TXN-0012594""}"
AUD-0002813,USR-MER-0014-01,VIEW_ANALYTICS,MERCHANT_DASHBOARD,MER-0014,2026-06-20T21:59:00,"{""filters_applied"": 2, ""view"": ""campaign_performance""}"
AUD-0002814,USR-MER-0001-01,VIEW_ANALYTICS,MERCHANT_DASHBOARD,MER-0001,2026-06-21T09:26:00,"{""filters_applied"": 1, ""view"": ""segmentation""}"
AUD-0002815,USR-MER-0018-01,VIEW_ANALYTICS,MERCHANT_DASHBOARD,MER-0018,2026-06-21T11:51:00,"{""filters_applied"": 0, ""view"": ""campaign_performance""}"
AUD-0002816,USR-MER-0003-01,VIEW_ANALYTICS,MERCHANT_DASHBOARD,MER-0003,2026-06-21T12:27:00,"{""filters_applied"": 2, ""view"": ""campaign_performance""}"
AUD-0002817,USR-MER-0006-01,LOGIN,MERCHANT_SESSION,MER-0006,2026-06-21T16:43:00,"{""method"": ""password+mfa"", ""outcome"": ""success""}"
AUD-0002818,USR-MER-0008-01,LOGIN,MERCHANT_SESSION,MER-0008,2026-06-21T16:59:00,"{""method"": ""password+mfa"", ""outcome"": ""success""}"
AUD-0002819,USR-MER-0013-01,VIEW_ANALYTICS,MERCHANT_DASHBOARD,MER-0013,2026-06-21T17:36:00,"{""filters_applied"": 4, ""view"": ""campaign_performance""}"
AUD-0002820,USR-MER-0003-01,LOGIN,MERCHANT_SESSION,MER-0003,2026-06-21T18:20:00,"{""method"": ""password+mfa"", ""outcome"": ""success""}"
AUD-0002821,USR-MER-0010-01,UPDATE_OFFER,OFFER,OFR-0010,2026-06-21T20:08:00,"{""changed_fields"": [""expiry_time""], ""merchant_id"": ""MER-0010""}"
AUD-0002822,USR-MER-0014-01,LOGIN,MERCHANT_SESSION,MER-0014,2026-06-21T21:15:00,"{""method"": ""password+mfa"", ""outcome"": ""success""}"
AUD-0002823,USR-MER-0008-01,VIEW_ANALYTICS,MERCHANT_DASHBOARD,MER-0008,2026-06-21T21:26:00,"{""filters_applied"": 4, ""view"": ""redemption_log""}"
AUD-0002824,USR-MER-0011-01,VIEW_ANALYTICS,MERCHANT_DASHBOARD,MER-0011,2026-06-21T21:40:00,"{""filters_applied"": 4, ""view"": ""segmentation""}"
AUD-0002825,SYS-REDEEM,REDEMPTION_CONFIRMED,REDEMPTION,RED-000585,2026-06-22T09:20:28,"{""discount_applied"": 1700.0, ""gross_bill_amount"": 3397.04, ""offer_id"": ""OFR-0058"", ""redemption_id"": ""RED-000585"", ""transaction_id"": ""TXN-0012653""}"
AUD-0002826,USR-MER-0010-01,VIEW_ANALYTICS,MERCHANT_DASHBOARD,MER-0010,2026-06-22T09:29:00,"{""filters_applied"": 3, ""view"": ""campaign_performance""}"
AUD-0002827,SYS-REDEEM,REDEMPTION_CONFIRMED,REDEMPTION,RED-000586,2026-06-22T10:11:59,"{""discount_applied"": 1700.0, ""gross_bill_amount"": 5212.0, ""offer_id"": ""OFR-0058"", ""redemption_id"": ""RED-000586"", ""transaction_id"": ""TXN-0012657""}"
AUD-0002828,USR-MER-0014-01,VIEW_ANALYTICS,MERCHANT_DASHBOARD,MER-0014,2026-06-22T10:28:00,"{""filters_applied"": 3, ""view"": ""segmentation""}"
AUD-0002829,USR-MER-0008-01,VIEW_ANALYTICS,MERCHANT_DASHBOARD,MER-0008,2026-06-22T10:40:00,"{""filters_applied"": 3, ""view"": ""segmentation""}"
AUD-0002830,USR-MER-0015-01,VIEW_ANALYTICS,MERCHANT_DASHBOARD,MER-0015,2026-06-22T11:43:00,"{""filters_applied"": 4, ""view"": ""campaign_performance""}"
AUD-0002831,USR-MER-0006-01,LOGIN,MERCHANT_SESSION,MER-0006,2026-06-22T13:53:00,"{""method"": ""password+mfa"", ""outcome"": ""success""}"
AUD-0002832,USR-MER-0004-01,VIEW_ANALYTICS,MERCHANT_DASHBOARD,MER-0004,2026-06-22T16:50:00,"{""filters_applied"": 4, ""view"": ""segmentation""}"
AUD-0002833,USR-MER-0007-01,VIEW_ANALYTICS,MERCHANT_DASHBOARD,MER-0007,2026-06-22T17:36:00,"{""filters_applied"": 4, ""view"": ""redemption_log""}"
AUD-0002834,USR-MER-0010-01,VIEW_ANALYTICS,MERCHANT_DASHBOARD,MER-0010,2026-06-22T18:27:00,"{""filters_applied"": 1, ""view"": ""redemption_log""}"
AUD-0002835,USR-MER-0004-01,VIEW_ANALYTICS,MERCHANT_DASHBOARD,MER-0004,2026-06-22T19:22:00,"{""filters_applied"": 2, ""view"": ""customer_detail""}"
AUD-0002836,USR-MER-0011-01,LOGIN,MERCHANT_SESSION,MER-0011,2026-06-22T19:25:00,"{""method"": ""password+mfa"", ""outcome"": ""success""}"
AUD-0002837,USR-MER-0016-01,VIEW_ANALYTICS,MERCHANT_DASHBOARD,MER-0016,2026-06-22T21:32:00,"{""filters_applied"": 2, ""view"": ""campaign_performance""}"
AUD-0002838,USR-MER-0017-01,VIEW_ANALYTICS,MERCHANT_DASHBOARD,MER-0017,2026-06-22T21:45:00,"{""filters_applied"": 0, ""view"": ""campaign_performance""}"
AUD-0002839,SYS-REDEEM,REDEMPTION_CONFIRMED,REDEMPTION,RED-000587,2026-06-23T03:53:20,"{""discount_applied"": 1700.0, ""gross_bill_amount"": 2740.06, ""offer_id"": ""OFR-0058"", ""redemption_id"": ""RED-000587"", ""transaction_id"": ""TXN-0012713""}"
AUD-0002840,USR-MER-0013-01,VIEW_ANALYTICS,MERCHANT_DASHBOARD,MER-0013,2026-06-23T08:26:00,"{""filters_applied"": 3, ""view"": ""customer_detail""}"
AUD-0002841,USR-MER-0003-01,VIEW_ANALYTICS,MERCHANT_DASHBOARD,MER-0003,2026-06-23T09:54:00,"{""filters_applied"": 2, ""view"": ""campaign_performance""}"
AUD-0002842,USR-MER-0015-01,VIEW_ANALYTICS,MERCHANT_DASHBOARD,MER-0015,2026-06-23T10:43:00,"{""filters_applied"": 2, ""view"": ""customer_detail""}"
AUD-0002843,USR-MER-0005-01,LOGIN,MERCHANT_SESSION,MER-0005,2026-06-23T11:59:00,"{""method"": ""password+mfa"", ""outcome"": ""success""}"
AUD-0002844,SYS-REDEEM,REDEMPTION_CONFIRMED,REDEMPTION,RED-000588,2026-06-23T12:59:00,"{""discount_applied"": 1700.0, ""gross_bill_amount"": 3383.01, ""offer_id"": ""OFR-0058"", ""redemption_id"": ""RED-000588"", ""transaction_id"": ""TXN-0012734""}"
AUD-0002845,SYS-REDEEM,REDEMPTION_REJECTED,REDEMPTION,RED-000589,2026-06-23T14:17:00,"{""discount_applied"": 1700.0, ""gross_bill_amount"": 3383.01, ""offer_id"": ""OFR-0058"", ""reason"": ""DUPLICATE_REDEMPTION"", ""redemption_id"": ""RED-000589"", ""transaction_id"": ""TXN-0012734""}"
AUD-0002846,USR-MER-0004-01,LOGIN,MERCHANT_SESSION,MER-0004,2026-06-23T14:20:00,"{""method"": ""password+mfa"", ""outcome"": ""success""}"
AUD-0002847,USR-MER-0011-01,VIEW_ANALYTICS,MERCHANT_DASHBOARD,MER-0011,2026-06-23T15:21:00,"{""filters_applied"": 4, ""view"": ""segmentation""}"
AUD-0002848,USR-MER-0004-01,LOGIN,MERCHANT_SESSION,MER-0004,2026-06-23T15:47:00,"{""method"": ""password+mfa"", ""outcome"": ""success""}"
AUD-0002849,USR-MER-0004-01,VIEW_ANALYTICS,MERCHANT_DASHBOARD,MER-0004,2026-06-23T16:56:00,"{""filters_applied"": 4, ""view"": ""campaign_performance""}"
AUD-0002850,USR-MER-0015-01,VIEW_ANALYTICS,MERCHANT_DASHBOARD,MER-0015,2026-06-23T17:08:00,"{""filters_applied"": 2, ""view"": ""campaign_performance""}"
AUD-0002851,USR-MER-0002-01,VIEW_ANALYTICS,MERCHANT_DASHBOARD,MER-0002,2026-06-23T20:46:00,"{""filters_applied"": 0, ""view"": ""redemption_log""}"
AUD-0002852,USR-MER-0007-01,VIEW_ANALYTICS,MERCHANT_DASHBOARD,MER-0007,2026-06-23T21:51:00,"{""filters_applied"": 1, ""view"": ""segmentation""}"
AUD-0002853,USR-MER-0002-01,LOGIN,MERCHANT_SESSION,MER-0002,2026-06-23T21:57:00,"{""method"": ""password+mfa"", ""outcome"": ""success""}"
AUD-0002854,USR-MER-0011-01,VIEW_ANALYTICS,MERCHANT_DASHBOARD,MER-0011,2026-06-24T08:03:00,"{""filters_applied"": 3, ""view"": ""segmentation""}"
AUD-0002855,USR-MER-0007-01,LOGIN,MERCHANT_SESSION,MER-0007,2026-06-24T09:59:00,"{""method"": ""password+mfa"", ""outcome"": ""success""}"
AUD-0002856,USR-MER-0008-01,VIEW_ANALYTICS,MERCHANT_DASHBOARD,MER-0008,2026-06-24T10:53:00,"{""filters_applied"": 3, ""view"": ""redemption_log""}"
AUD-0002857,SYS-REDEEM,REDEMPTION_CONFIRMED,REDEMPTION,RED-000590,2026-06-24T10:58:30,"{""discount_applied"": 1700.0, ""gross_bill_amount"": 5464.0, ""offer_id"": ""OFR-0058"", ""redemption_id"": ""RED-000590"", ""transaction_id"": ""TXN-0012773""}"
AUD-0002858,USR-MER-0007-01,LOGIN,MERCHANT_SESSION,MER-0007,2026-06-24T11:40:00,"{""method"": ""password+mfa"", ""outcome"": ""success""}"
AUD-0002859,USR-MER-0013-01,LOGIN,MERCHANT_SESSION,MER-0013,2026-06-24T13:07:00,"{""method"": ""password+mfa"", ""outcome"": ""success""}"
AUD-0002860,SYS-REDEEM,REDEMPTION_CONFIRMED,REDEMPTION,RED-000591,2026-06-24T14:15:20,"{""discount_applied"": 1700.0, ""gross_bill_amount"": 3182.66, ""offer_id"": ""OFR-0058"", ""redemption_id"": ""RED-000591"", ""transaction_id"": ""TXN-0012785""}"
AUD-0002861,USR-MER-0008-01,VIEW_ANALYTICS,MERCHANT_DASHBOARD,MER-0008,2026-06-24T14:25:00,"{""filters_applied"": 0, ""view"": ""redemption_log""}"
AUD-0002862,USR-MER-0015-01,VIEW_ANALYTICS,MERCHANT_DASHBOARD,MER-0015,2026-06-24T16:05:00,"{""filters_applied"": 3, ""view"": ""segmentation""}"
AUD-0002863,USR-MER-0010-01,LOGIN,MERCHANT_SESSION,MER-0010,2026-06-24T16:06:00,"{""method"": ""password+mfa"", ""outcome"": ""success""}"
AUD-0002864,USR-MER-0011-01,VIEW_ANALYTICS,MERCHANT_DASHBOARD,MER-0011,2026-06-24T16:25:00,"{""filters_applied"": 0, ""view"": ""customer_detail""}"
AUD-0002865,USR-MER-0007-01,LOGIN,MERCHANT_SESSION,MER-0007,2026-06-24T17:24:00,"{""method"": ""password+mfa"", ""outcome"": ""success""}"
AUD-0002866,USR-MER-0015-01,VIEW_ANALYTICS,MERCHANT_DASHBOARD,MER-0015,2026-06-24T18:33:00,"{""filters_applied"": 1, ""view"": ""redemption_log""}"
AUD-0002867,USR-MER-0015-01,VIEW_ANALYTICS,MERCHANT_DASHBOARD,MER-0015,2026-06-24T19:29:00,"{""filters_applied"": 0, ""view"": ""campaign_performance""}"
AUD-0002868,USR-MER-0003-01,LOGIN,MERCHANT_SESSION,MER-0003,2026-06-24T21:37:00,"{""method"": ""password+mfa"", ""outcome"": ""success""}"
AUD-0002869,USR-MER-0018-01,VIEW_ANALYTICS,MERCHANT_DASHBOARD,MER-0018,2026-06-25T10:43:00,"{""filters_applied"": 3, ""view"": ""segmentation""}"
AUD-0002870,USR-MER-0013-01,LOGIN,MERCHANT_SESSION,MER-0013,2026-06-25T10:50:00,"{""method"": ""password+mfa"", ""outcome"": ""success""}"
AUD-0002871,USR-MER-0003-01,LOGIN,MERCHANT_SESSION,MER-0003,2026-06-25T13:14:00,"{""method"": ""password+mfa"", ""outcome"": ""success""}"
AUD-0002872,USR-MER-0010-01,LOGIN,MERCHANT_SESSION,MER-0010,2026-06-25T13:51:00,"{""method"": ""password+mfa"", ""outcome"": ""success""}"
AUD-0002873,USR-MER-0002-01,VIEW_ANALYTICS,MERCHANT_DASHBOARD,MER-0002,2026-06-25T16:37:00,"{""filters_applied"": 3, ""view"": ""segmentation""}"
AUD-0002874,USR-MER-0002-01,VIEW_ANALYTICS,MERCHANT_DASHBOARD,MER-0002,2026-06-25T17:03:00,"{""filters_applied"": 1, ""view"": ""redemption_log""}"
AUD-0002875,USR-MER-0011-01,VIEW_ANALYTICS,MERCHANT_DASHBOARD,MER-0011,2026-06-25T18:19:00,"{""filters_applied"": 4, ""view"": ""customer_detail""}"
AUD-0002876,USR-MER-0009-01,LOGIN,MERCHANT_SESSION,MER-0009,2026-06-25T18:25:00,"{""method"": ""password+mfa"", ""outcome"": ""success""}"
AUD-0002877,USR-MER-0003-01,LOGIN,MERCHANT_SESSION,MER-0003,2026-06-26T09:56:00,"{""method"": ""password+mfa"", ""outcome"": ""success""}"
AUD-0002878,USR-MER-0004-01,LAUNCH_CAMPAIGN,CAMPAIGN,CPN-0024,2026-06-26T09:57:00,"{""campaign_id"": ""CPN-0024""}"
AUD-0002879,USR-MER-0009-01,LOGIN,MERCHANT_SESSION,MER-0009,2026-06-26T10:06:00,"{""method"": ""password+mfa"", ""outcome"": ""success""}"
AUD-0002880,USR-MER-0010-01,LOGIN,MERCHANT_SESSION,MER-0010,2026-06-26T10:22:00,"{""method"": ""password+mfa"", ""outcome"": ""success""}"
AUD-0002881,USR-MER-0007-01,VIEW_ANALYTICS,MERCHANT_DASHBOARD,MER-0007,2026-06-26T11:03:00,"{""filters_applied"": 1, ""view"": ""redemption_log""}"
AUD-0002882,USR-MER-0013-01,LOGIN,MERCHANT_SESSION,MER-0013,2026-06-26T11:53:00,"{""method"": ""password+mfa"", ""outcome"": ""success""}"
AUD-0002883,SYS-AI-COPY,GENERATE_AI_CONTENT,CAMPAIGN,CPN-0053,2026-06-26T12:16:00,"{""model"": ""mock-copywriter-v1"", ""output_chars"": 198, ""prompt_version"": ""p2.0""}"
AUD-0002884,USR-MER-0011-01,CREATE_CAMPAIGN,CAMPAIGN,CPN-0053,2026-06-26T12:33:00,"{""merchant_id"": ""MER-0011"", ""objective"": ""REWARD_FREQUENT_CUSTOMERS"", ""offer_id"": ""OFR-0073""}"
AUD-0002885,USR-MER-0012-01,VIEW_ANALYTICS,MERCHANT_DASHBOARD,MER-0012,2026-06-26T12:52:00,"{""filters_applied"": 0, ""view"": ""segmentation""}"
AUD-0002886,USR-MER-0015-01,LOGIN,MERCHANT_SESSION,MER-0015,2026-06-26T13:22:00,"{""method"": ""password+mfa"", ""outcome"": ""success""}"
AUD-0002887,USR-MER-0018-01,LOGIN,MERCHANT_SESSION,MER-0018,2026-06-26T14:17:00,"{""method"": ""password+mfa"", ""outcome"": ""success""}"
AUD-0002888,USR-MER-0011-01,VIEW_ANALYTICS,MERCHANT_DASHBOARD,MER-0011,2026-06-26T14:39:00,"{""filters_applied"": 1, ""view"": ""redemption_log""}"
AUD-0002889,USR-MER-0014-01,VIEW_ANALYTICS,MERCHANT_DASHBOARD,MER-0014,2026-06-26T15:29:00,"{""filters_applied"": 1, ""view"": ""campaign_performance""}"
AUD-0002890,USR-MER-0015-01,VIEW_ANALYTICS,MERCHANT_DASHBOARD,MER-0015,2026-06-26T15:33:00,"{""filters_applied"": 3, ""view"": ""customer_detail""}"
AUD-0002891,USR-MER-0002-01,VIEW_ANALYTICS,MERCHANT_DASHBOARD,MER-0002,2026-06-26T15:45:00,"{""filters_applied"": 2, ""view"": ""redemption_log""}"
AUD-0002892,USR-MER-0012-01,VIEW_ANALYTICS,MERCHANT_DASHBOARD,MER-0012,2026-06-26T16:54:00,"{""filters_applied"": 4, ""view"": ""campaign_performance""}"
AUD-0002893,USR-MER-0005-01,VIEW_ANALYTICS,MERCHANT_DASHBOARD,MER-0005,2026-06-26T18:39:00,"{""filters_applied"": 2, ""view"": ""customer_detail""}"
AUD-0002894,USR-MER-0007-01,VIEW_ANALYTICS,MERCHANT_DASHBOARD,MER-0007,2026-06-26T20:15:00,"{""filters_applied"": 4, ""view"": ""customer_detail""}"
AUD-0002895,USR-MER-0018-01,VIEW_ANALYTICS,MERCHANT_DASHBOARD,MER-0018,2026-06-26T20:30:00,"{""filters_applied"": 2, ""view"": ""customer_detail""}"
AUD-0002896,SYS-REDEEM,REDEMPTION_REJECTED,REDEMPTION,RED-000592,2026-06-26T21:05:33,"{""discount_applied"": 1920.0, ""gross_bill_amount"": 11284.0, ""offer_id"": ""OFR-0044"", ""reason"": ""OFFER_BUDGET_EXHAUSTED"", ""redemption_id"": ""RED-000592"", ""transaction_id"": ""TXN-0012903""}"
AUD-0002897,SYS-REDEEM,REDEMPTION_REJECTED,REDEMPTION,RED-000593,2026-06-26T23:09:11,"{""discount_applied"": 1000.0, ""gross_bill_amount"": 5000.0, ""offer_id"": ""OFR-0044"", ""reason"": ""OFFER_BUDGET_EXHAUSTED"", ""redemption_id"": ""RED-000593"", ""transaction_id"": ""TXN-0012904""}"
AUD-0002898,SYS-REDEEM,REDEMPTION_REJECTED,REDEMPTION,RED-000594,2026-06-27T00:08:57,"{""discount_applied"": 1224.0, ""gross_bill_amount"": 6120.0, ""offer_id"": ""OFR-0044"", ""reason"": ""OFFER_BUDGET_EXHAUSTED"", ""redemption_id"": ""RED-000594"", ""transaction_id"": ""TXN-0012905""}"
AUD-0002899,SYS-REDEEM,REDEMPTION_REJECTED,REDEMPTION,RED-000595,2026-06-27T01:32:18,"{""discount_applied"": 1761.92, ""gross_bill_amount"": 8809.58, ""offer_id"": ""OFR-0044"", ""reason"": ""OFFER_BUDGET_EXHAUSTED"", ""redemption_id"": ""RED-000595"", ""transaction_id"": ""TXN-0012906""}"
AUD-0002900,SYS-REDEEM,REDEMPTION_REJECTED,REDEMPTION,RED-000596,2026-06-27T02:58:50,"{""discount_applied"": 1591.23, ""gross_bill_amount"": 7956.15, ""offer_id"": ""OFR-0044"", ""reason"": ""OFFER_BUDGET_EXHAUSTED"", ""redemption_id"": ""RED-000596"", ""transaction_id"": ""TXN-0012907""}"
AUD-0002901,SYS-AI-COPY,GENERATE_AI_CONTENT,CAMPAIGN,CPN-0072,2026-06-27T08:33:00,"{""model"": ""mock-copywriter-v2"", ""output_chars"": 292, ""prompt_version"": ""p2.0""}"
AUD-0002902,USR-MER-0017-01,CREATE_CAMPAIGN,CAMPAIGN,CPN-0072,2026-06-27T09:07:00,"{""merchant_id"": ""MER-0017"", ""objective"": ""INCREASE_REPEAT_PURCHASE"", ""offer_id"": ""OFR-0092""}"
AUD-0002903,USR-MER-0001-01,LOGIN,MERCHANT_SESSION,MER-0001,2026-06-27T09:42:00,"{""method"": ""password+mfa"", ""outcome"": ""success""}"
AUD-0002904,USR-MER-0003-01,LOGIN,MERCHANT_SESSION,MER-0003,2026-06-27T10:33:00,"{""method"": ""password+mfa"", ""outcome"": ""success""}"
AUD-0002905,USR-MER-0010-01,LOGIN,MERCHANT_SESSION,MER-0010,2026-06-27T11:14:00,"{""method"": ""password+mfa"", ""outcome"": ""success""}"
AUD-0002906,USR-MER-0016-01,VIEW_ANALYTICS,MERCHANT_DASHBOARD,MER-0016,2026-06-27T14:02:00,"{""filters_applied"": 4, ""view"": ""customer_detail""}"
AUD-0002907,USR-MER-0005-01,LOGIN,MERCHANT_SESSION,MER-0005,2026-06-27T14:27:00,"{""method"": ""password+mfa"", ""outcome"": ""success""}"
AUD-0002908,USR-MER-0014-01,LOGIN,MERCHANT_SESSION,MER-0014,2026-06-27T15:44:00,"{""method"": ""password+mfa"", ""outcome"": ""success""}"
AUD-0002909,USR-MER-0017-01,LOGIN,MERCHANT_SESSION,MER-0017,2026-06-27T16:37:00,"{""method"": ""password+mfa"", ""outcome"": ""success""}"
AUD-0002910,USR-MER-0007-01,LOGIN,MERCHANT_SESSION,MER-0007,2026-06-27T16:45:00,"{""method"": ""password+mfa"", ""outcome"": ""success""}"
AUD-0002911,USR-MER-0011-01,VIEW_ANALYTICS,MERCHANT_DASHBOARD,MER-0011,2026-06-27T16:47:00,"{""filters_applied"": 1, ""view"": ""customer_detail""}"
AUD-0002912,SYS-REDEEM,REDEMPTION_REJECTED,REDEMPTION,RED-000597,2026-06-27T17:52:52,"{""discount_applied"": 1920.0, ""gross_bill_amount"": 10379.0, ""offer_id"": ""OFR-0044"", ""reason"": ""OFFER_BUDGET_EXHAUSTED"", ""redemption_id"": ""RED-000597"", ""transaction_id"": ""TXN-0012934""}"
AUD-0002913,USR-MER-0007-01,LOGIN,MERCHANT_SESSION,MER-0007,2026-06-27T19:19:00,"{""method"": ""password+mfa"", ""outcome"": ""success""}"
AUD-0002914,SYS-REDEEM,REDEMPTION_REJECTED,REDEMPTION,RED-000598,2026-06-27T19:41:34,"{""discount_applied"": 1402.0, ""gross_bill_amount"": 7010.0, ""offer_id"": ""OFR-0044"", ""reason"": ""OFFER_BUDGET_EXHAUSTED"", ""redemption_id"": ""RED-000598"", ""transaction_id"": ""TXN-0012944""}"
AUD-0002915,USR-MER-0006-01,LOGIN,MERCHANT_SESSION,MER-0006,2026-06-27T20:59:00,"{""method"": ""password+mfa"", ""outcome"": ""success""}"
AUD-0002916,USR-MER-0007-01,LOGIN,MERCHANT_SESSION,MER-0007,2026-06-27T21:09:00,"{""method"": ""password+mfa"", ""outcome"": ""success""}"
AUD-0002917,USR-MER-0017-01,LOGIN,MERCHANT_SESSION,MER-0017,2026-06-27T21:24:00,"{""method"": ""password+mfa"", ""outcome"": ""success""}"
AUD-0002918,USR-MER-0005-01,VIEW_ANALYTICS,MERCHANT_DASHBOARD,MER-0005,2026-06-27T21:45:00,"{""filters_applied"": 2, ""view"": ""redemption_log""}"
AUD-0002919,SYS-REDEEM,REDEMPTION_REJECTED,REDEMPTION,RED-000599,2026-06-27T22:27:16,"{""discount_applied"": 1208.88, ""gross_bill_amount"": 6044.41, ""offer_id"": ""OFR-0044"", ""reason"": ""OFFER_BUDGET_EXHAUSTED"", ""redemption_id"": ""RED-000599"", ""transaction_id"": ""TXN-0012951""}"
AUD-0002920,SYS-REDEEM,REDEMPTION_REJECTED,REDEMPTION,RED-000600,2026-06-28T03:24:48,"{""discount_applied"": 1194.11, ""gross_bill_amount"": 5970.55, ""offer_id"": ""OFR-0044"", ""reason"": ""OFFER_BUDGET_EXHAUSTED"", ""redemption_id"": ""RED-000600"", ""transaction_id"": ""TXN-0012952""}"
AUD-0002921,USR-MER-0011-01,APPROVE_CAMPAIGN,CAMPAIGN,CPN-0053,2026-06-28T06:51:00,"{""campaign_id"": ""CPN-0053""}"
AUD-0002922,USR-MER-0017-01,APPROVE_CAMPAIGN,CAMPAIGN,CPN-0072,2026-06-28T07:08:00,"{""campaign_id"": ""CPN-0072""}"
AUD-0002923,SYS-REDEEM,REDEMPTION_REJECTED,REDEMPTION,RED-000601,2026-06-28T08:52:52,"{""discount_applied"": 1415.6, ""gross_bill_amount"": 7078.0, ""offer_id"": ""OFR-0044"", ""reason"": ""OFFER_BUDGET_EXHAUSTED"", ""redemption_id"": ""RED-000601"", ""transaction_id"": ""TXN-0012954""}"
AUD-0002924,USR-MER-0007-01,LOGIN,MERCHANT_SESSION,MER-0007,2026-06-28T09:20:00,"{""method"": ""password+mfa"", ""outcome"": ""success""}"
AUD-0002925,SYS-REDEEM,REDEMPTION_REJECTED,REDEMPTION,RED-000602,2026-06-28T10:17:28,"{""discount_applied"": 1170.4, ""gross_bill_amount"": 5852.0, ""offer_id"": ""OFR-0044"", ""reason"": ""OFFER_BUDGET_EXHAUSTED"", ""redemption_id"": ""RED-000602"", ""transaction_id"": ""TXN-0012958""}"
AUD-0002926,USR-MER-0006-01,VIEW_ANALYTICS,MERCHANT_DASHBOARD,MER-0006,2026-06-28T11:08:00,"{""filters_applied"": 2, ""view"": ""redemption_log""}"
AUD-0002927,USR-MER-0009-01,LOGIN,MERCHANT_SESSION,MER-0009,2026-06-28T11:43:00,"{""method"": ""password+mfa"", ""outcome"": ""success""}"
AUD-0002928,USR-MER-0018-01,VIEW_ANALYTICS,MERCHANT_DASHBOARD,MER-0018,2026-06-28T12:37:00,"{""filters_applied"": 4, ""view"": ""customer_detail""}"
AUD-0002929,USR-MER-0008-01,LOGIN,MERCHANT_SESSION,MER-0008,2026-06-28T13:11:00,"{""method"": ""password+mfa"", ""outcome"": ""success""}"
AUD-0002930,USR-MER-0015-01,VIEW_ANALYTICS,MERCHANT_DASHBOARD,MER-0015,2026-06-28T14:09:00,"{""filters_applied"": 1, ""view"": ""segmentation""}"
AUD-0002931,USR-MER-0018-01,LOGIN,MERCHANT_SESSION,MER-0018,2026-06-28T15:31:00,"{""method"": ""password+mfa"", ""outcome"": ""success""}"
AUD-0002932,USR-MER-0012-01,VIEW_ANALYTICS,MERCHANT_DASHBOARD,MER-0012,2026-06-28T15:34:00,"{""filters_applied"": 4, ""view"": ""customer_detail""}"
AUD-0002933,USR-MER-0008-01,VIEW_ANALYTICS,MERCHANT_DASHBOARD,MER-0008,2026-06-28T16:44:00,"{""filters_applied"": 1, ""view"": ""redemption_log""}"
AUD-0002934,USR-MER-0003-01,VIEW_ANALYTICS,MERCHANT_DASHBOARD,MER-0003,2026-06-28T16:56:00,"{""filters_applied"": 3, ""view"": ""customer_detail""}"
AUD-0002935,SYS-REDEEM,REDEMPTION_REJECTED,REDEMPTION,RED-000603,2026-06-28T17:38:11,"{""discount_applied"": 1337.86, ""gross_bill_amount"": 6689.28, ""offer_id"": ""OFR-0044"", ""reason"": ""OFFER_BUDGET_EXHAUSTED"", ""redemption_id"": ""RED-000603"", ""transaction_id"": ""TXN-0012980""}"
AUD-0002936,USR-MER-0006-01,LOGIN,MERCHANT_SESSION,MER-0006,2026-06-28T17:57:00,"{""method"": ""password+mfa"", ""outcome"": ""success""}"
AUD-0002937,USR-MER-0015-01,VIEW_ANALYTICS,MERCHANT_DASHBOARD,MER-0015,2026-06-28T18:07:00,"{""filters_applied"": 2, ""view"": ""campaign_performance""}"
AUD-0002938,USR-MER-0015-01,LOGIN,MERCHANT_SESSION,MER-0015,2026-06-28T18:08:00,"{""method"": ""password+mfa"", ""outcome"": ""success""}"
AUD-0002939,SYS-REDEEM,REDEMPTION_REJECTED,REDEMPTION,RED-000604,2026-06-28T18:29:34,"{""discount_applied"": 1517.4, ""gross_bill_amount"": 7587.0, ""offer_id"": ""OFR-0044"", ""reason"": ""OFFER_BUDGET_EXHAUSTED"", ""redemption_id"": ""RED-000604"", ""transaction_id"": ""TXN-0012990""}"
AUD-0002940,USR-MER-0004-01,VIEW_ANALYTICS,MERCHANT_DASHBOARD,MER-0004,2026-06-28T20:41:00,"{""filters_applied"": 3, ""view"": ""customer_detail""}"
AUD-0002941,USR-MER-0016-01,VIEW_ANALYTICS,MERCHANT_DASHBOARD,MER-0016,2026-06-28T20:46:00,"{""filters_applied"": 4, ""view"": ""redemption_log""}"
AUD-0002942,USR-MER-0011-01,VIEW_ANALYTICS,MERCHANT_DASHBOARD,MER-0011,2026-06-28T21:11:00,"{""filters_applied"": 2, ""view"": ""campaign_performance""}"
AUD-0002943,SYS-REDEEM,REDEMPTION_REJECTED,REDEMPTION,RED-000605,2026-06-29T04:30:29,"{""discount_applied"": 1257.0, ""gross_bill_amount"": 6285.0, ""offer_id"": ""OFR-0044"", ""reason"": ""OFFER_BUDGET_EXHAUSTED"", ""redemption_id"": ""RED-000605"", ""transaction_id"": ""TXN-0012999""}"
AUD-0002944,SYS-REDEEM,REDEMPTION_REJECTED,REDEMPTION,RED-000606,2026-06-29T15:55:50,"{""discount_applied"": 1523.51, ""gross_bill_amount"": 7617.55, ""offer_id"": ""OFR-0044"", ""reason"": ""OFFER_BUDGET_EXHAUSTED"", ""redemption_id"": ""RED-000606"", ""transaction_id"": ""TXN-0013027""}"
AUD-0002945,SYS-REDEEM,REDEMPTION_REJECTED,REDEMPTION,RED-000607,2026-06-29T21:59:33,"{""discount_applied"": 1505.4, ""gross_bill_amount"": 7527.0, ""offer_id"": ""OFR-0044"", ""reason"": ""OFFER_BUDGET_EXHAUSTED"", ""redemption_id"": ""RED-000607"", ""transaction_id"": ""TXN-0013049""}"
AUD-0002946,SYS-REDEEM,REDEMPTION_REJECTED,REDEMPTION,RED-000608,2026-06-29T22:19:04,"{""discount_applied"": 1172.6, ""gross_bill_amount"": 5863.0, ""offer_id"": ""OFR-0044"", ""reason"": ""OFFER_BUDGET_EXHAUSTED"", ""redemption_id"": ""RED-000608"", ""transaction_id"": ""TXN-0013050""}"
AUD-0002947,SYS-REDEEM,REDEMPTION_REJECTED,REDEMPTION,RED-000609,2026-06-29T22:47:11,"{""discount_applied"": 1155.66, ""gross_bill_amount"": 5778.32, ""offer_id"": ""OFR-0044"", ""reason"": ""OFFER_BUDGET_EXHAUSTED"", ""redemption_id"": ""RED-000609"", ""transaction_id"": ""TXN-0013051""}"
AUD-0002948,USR-MER-0001-01,CREATE_OFFER,OFFER,OFR-0025,2026-06-30T00:19:00,"{""budget"": 400.0, ""discount_type"": ""FIXED"", ""discount_value"": 200.0, ""merchant_id"": ""MER-0001"", ""minimum_spend"": 1499.0}"
AUD-0002949,SYS-REDEEM,REDEMPTION_REJECTED,REDEMPTION,RED-000610,2026-06-30T07:16:06,"{""discount_applied"": 1670.98, ""gross_bill_amount"": 8354.88, ""offer_id"": ""OFR-0044"", ""reason"": ""OFFER_BUDGET_EXHAUSTED"", ""redemption_id"": ""RED-000610"", ""transaction_id"": ""TXN-0013052""}"
AUD-0002950,SYS-REDEEM,REDEMPTION_REJECTED,REDEMPTION,RED-000611,2026-06-30T09:21:15,"{""discount_applied"": 1709.8, ""gross_bill_amount"": 8549.0, ""offer_id"": ""OFR-0044"", ""reason"": ""OFFER_BUDGET_EXHAUSTED"", ""redemption_id"": ""RED-000611"", ""transaction_id"": ""TXN-0013057""}"
AUD-0002951,SYS-AI-COPY,GENERATE_AI_CONTENT,CAMPAIGN,CPN-0005,2026-06-30T15:13:00,"{""model"": ""template-fallback-v1"", ""output_chars"": 311, ""prompt_version"": ""p2.0""}"
AUD-0002952,USR-MER-0001-01,CREATE_CAMPAIGN,CAMPAIGN,CPN-0005,2026-06-30T15:39:00,"{""merchant_id"": ""MER-0001"", ""objective"": ""SEASONAL_PROMOTION"", ""offer_id"": ""OFR-0025""}"
AUD-0002953,SYS-REDEEM,REDEMPTION_REJECTED,REDEMPTION,RED-000612,2026-06-30T23:45:21,"{""discount_applied"": 1920.0, ""gross_bill_amount"": 12000.0, ""offer_id"": ""OFR-0044"", ""reason"": ""OFFER_BUDGET_EXHAUSTED"", ""redemption_id"": ""RED-000612"", ""transaction_id"": ""TXN-0013111""}"
AUD-0002954,USR-MER-0001-01,UPDATE_OFFER,OFFER,OFR-0025,2026-07-01T02:19:00,"{""changed_fields"": [""expiry_time""], ""merchant_id"": ""MER-0001""}"
AUD-0002955,USR-MER-0007-01,LOGIN,MERCHANT_SESSION,MER-0007,2026-07-01T08:03:00,"{""method"": ""password+mfa"", ""outcome"": ""success""}"
AUD-0002956,USR-MER-0011-01,LOGIN,MERCHANT_SESSION,MER-0011,2026-07-01T08:19:00,"{""method"": ""password+mfa"", ""outcome"": ""success""}"
AUD-0002957,SYS-REDEEM,REDEMPTION_REJECTED,REDEMPTION,RED-000613,2026-07-01T09:43:34,"{""discount_applied"": 1365.29, ""gross_bill_amount"": 6826.47, ""offer_id"": ""OFR-0044"", ""reason"": ""OFFER_BUDGET_EXHAUSTED"", ""redemption_id"": ""RED-000613"", ""transaction_id"": ""TXN-0013119""}"
AUD-0002958,USR-MER-0002-01,LOGIN,MERCHANT_SESSION,MER-0002,2026-07-01T11:40:00,"{""method"": ""password+mfa"", ""outcome"": ""success""}"
AUD-0002959,USR-MER-0001-01,VIEW_ANALYTICS,MERCHANT_DASHBOARD,MER-0001,2026-07-01T13:33:00,"{""filters_applied"": 3, ""view"": ""customer_detail""}"
AUD-0002960,SYS-REDEEM,REDEMPTION_REJECTED,REDEMPTION,RED-000614,2026-07-01T13:43:12,"{""discount_applied"": 1211.17, ""gross_bill_amount"": 6055.87, ""offer_id"": ""OFR-0044"", ""reason"": ""OFFER_BUDGET_EXHAUSTED"", ""redemption_id"": ""RED-000614"", ""transaction_id"": ""TXN-0013134""}"
AUD-0002961,USR-MER-0002-01,VIEW_ANALYTICS,MERCHANT_DASHBOARD,MER-0002,2026-07-01T13:44:00,"{""filters_applied"": 1, ""view"": ""segmentation""}"
AUD-0002962,USR-MER-0004-01,LOGIN,MERCHANT_SESSION,MER-0004,2026-07-01T14:01:00,"{""method"": ""password+mfa"", ""outcome"": ""success""}"
AUD-0002963,USR-MER-0005-01,VIEW_ANALYTICS,MERCHANT_DASHBOARD,MER-0005,2026-07-01T19:21:00,"{""filters_applied"": 4, ""view"": ""campaign_performance""}"
AUD-0002964,USR-MER-0017-01,VIEW_ANALYTICS,MERCHANT_DASHBOARD,MER-0017,2026-07-01T19:29:00,"{""filters_applied"": 3, ""view"": ""segmentation""}"
AUD-0002965,USR-MER-0001-01,VIEW_ANALYTICS,MERCHANT_DASHBOARD,MER-0001,2026-07-01T21:05:00,"{""filters_applied"": 4, ""view"": ""campaign_performance""}"
AUD-0002966,USR-MER-0001-01,APPROVE_CAMPAIGN,CAMPAIGN,CPN-0005,2026-07-02T05:22:00,"{""campaign_id"": ""CPN-0005""}"
AUD-0002967,USR-MER-0008-01,LOGIN,MERCHANT_SESSION,MER-0008,2026-07-02T08:01:00,"{""method"": ""password+mfa"", ""outcome"": ""success""}"
AUD-0002968,USR-MER-0017-01,LAUNCH_CAMPAIGN,CAMPAIGN,CPN-0072,2026-07-02T09:08:00,"{""campaign_id"": ""CPN-0072""}"
AUD-0002969,USR-MER-0011-01,LOGIN,MERCHANT_SESSION,MER-0011,2026-07-02T09:13:00,"{""method"": ""password+mfa"", ""outcome"": ""success""}"
AUD-0002970,USR-MER-0017-01,VIEW_ANALYTICS,MERCHANT_DASHBOARD,MER-0017,2026-07-02T09:16:00,"{""filters_applied"": 4, ""view"": ""customer_detail""}"
AUD-0002971,USR-MER-0007-01,VIEW_ANALYTICS,MERCHANT_DASHBOARD,MER-0007,2026-07-02T10:00:00,"{""filters_applied"": 0, ""view"": ""redemption_log""}"
AUD-0002972,USR-MER-0014-01,VIEW_ANALYTICS,MERCHANT_DASHBOARD,MER-0014,2026-07-02T10:41:00,"{""filters_applied"": 0, ""view"": ""campaign_performance""}"
AUD-0002973,USR-MER-0012-01,VIEW_ANALYTICS,MERCHANT_DASHBOARD,MER-0012,2026-07-02T13:04:00,"{""filters_applied"": 2, ""view"": ""redemption_log""}"
AUD-0002974,USR-MER-0011-01,LOGIN,MERCHANT_SESSION,MER-0011,2026-07-02T14:28:00,"{""method"": ""password+mfa"", ""outcome"": ""success""}"
AUD-0002975,USR-MER-0018-01,LOGIN,MERCHANT_SESSION,MER-0018,2026-07-02T14:28:00,"{""method"": ""password+mfa"", ""outcome"": ""success""}"
AUD-0002976,SYS-AI-COPY,GENERATE_AI_CONTENT,CAMPAIGN,CPN-0028,2026-07-02T14:33:00,"{""model"": ""template-fallback-v1"", ""output_chars"": 144, ""prompt_version"": ""p2.0""}"
AUD-0002977,USR-MER-0001-01,VIEW_ANALYTICS,MERCHANT_DASHBOARD,MER-0001,2026-07-02T14:34:00,"{""filters_applied"": 2, ""view"": ""campaign_performance""}"
AUD-0002978,USR-MER-0005-01,CREATE_CAMPAIGN,CAMPAIGN,CPN-0028,2026-07-02T14:57:00,"{""merchant_id"": ""MER-0005"", ""objective"": ""SEASONAL_PROMOTION"", ""offer_id"": ""OFR-0048""}"
AUD-0002979,USR-MER-0008-01,VIEW_ANALYTICS,MERCHANT_DASHBOARD,MER-0008,2026-07-02T15:17:00,"{""filters_applied"": 4, ""view"": ""redemption_log""}"
AUD-0002980,USR-MER-0007-01,VIEW_ANALYTICS,MERCHANT_DASHBOARD,MER-0007,2026-07-02T16:31:00,"{""filters_applied"": 2, ""view"": ""campaign_performance""}"
AUD-0002981,USR-MER-0003-01,VIEW_ANALYTICS,MERCHANT_DASHBOARD,MER-0003,2026-07-02T17:14:00,"{""filters_applied"": 2, ""view"": ""customer_detail""}"
AUD-0002982,USR-MER-0007-01,LOGIN,MERCHANT_SESSION,MER-0007,2026-07-02T18:00:00,"{""method"": ""password+mfa"", ""outcome"": ""success""}"
AUD-0002983,USR-MER-0004-01,LOGIN,MERCHANT_SESSION,MER-0004,2026-07-02T18:22:00,"{""method"": ""password+mfa"", ""outcome"": ""success""}"
AUD-0002984,USR-MER-0008-01,LOGIN,MERCHANT_SESSION,MER-0008,2026-07-02T18:46:00,"{""method"": ""password+mfa"", ""outcome"": ""success""}"
AUD-0002985,USR-MER-0008-01,VIEW_ANALYTICS,MERCHANT_DASHBOARD,MER-0008,2026-07-02T19:09:00,"{""filters_applied"": 0, ""view"": ""customer_detail""}"
AUD-0002986,USR-MER-0014-01,LOGIN,MERCHANT_SESSION,MER-0014,2026-07-02T19:09:00,"{""method"": ""password+mfa"", ""outcome"": ""success""}"
AUD-0002987,USR-MER-0011-01,VIEW_ANALYTICS,MERCHANT_DASHBOARD,MER-0011,2026-07-02T21:06:00,"{""filters_applied"": 0, ""view"": ""segmentation""}"
AUD-0002988,SYS-REDEEM,REDEMPTION_REJECTED,REDEMPTION,RED-000615,2026-07-02T21:48:19,"{""discount_applied"": 1000.0, ""gross_bill_amount"": 5000.0, ""offer_id"": ""OFR-0044"", ""reason"": ""OFFER_BUDGET_EXHAUSTED"", ""redemption_id"": ""RED-000615"", ""transaction_id"": ""TXN-0013219""}"
AUD-0002989,USR-MER-0005-01,APPROVE_CAMPAIGN,CAMPAIGN,CPN-0028,2026-07-03T00:22:00,"{""campaign_id"": ""CPN-0028""}"
AUD-0002990,SYS-REDEEM,REDEMPTION_CONFIRMED,REDEMPTION,RED-000616,2026-07-03T04:58:39,"{""discount_applied"": 190.0, ""gross_bill_amount"": 948.8, ""offer_id"": ""OFR-0092"", ""redemption_id"": ""RED-000616"", ""transaction_id"": ""TXN-0013220""}"
AUD-0002991,USR-MER-0006-01,LOGIN,MERCHANT_SESSION,MER-0006,2026-07-03T08:22:00,"{""method"": ""password+mfa"", ""outcome"": ""success""}"
AUD-0002992,USR-MER-0004-01,VIEW_ANALYTICS,MERCHANT_DASHBOARD,MER-0004,2026-07-03T08:50:00,"{""filters_applied"": 0, ""view"": ""segmentation""}"
AUD-0002993,USR-MER-0006-01,LOGIN,MERCHANT_SESSION,MER-0006,2026-07-03T09:52:00,"{""method"": ""password+mfa"", ""outcome"": ""success""}"
AUD-0002994,USR-MER-0004-01,VIEW_ANALYTICS,MERCHANT_DASHBOARD,MER-0004,2026-07-03T10:13:00,"{""filters_applied"": 4, ""view"": ""redemption_log""}"
AUD-0002995,USR-MER-0012-01,VIEW_ANALYTICS,MERCHANT_DASHBOARD,MER-0012,2026-07-03T10:13:00,"{""filters_applied"": 1, ""view"": ""customer_detail""}"
AUD-0002996,USR-MER-0014-01,LOGIN,MERCHANT_SESSION,MER-0014,2026-07-03T10:24:00,"{""method"": ""password+mfa"", ""outcome"": ""success""}"
AUD-0002997,USR-MER-0007-01,VIEW_ANALYTICS,MERCHANT_DASHBOARD,MER-0007,2026-07-03T10:44:00,"{""filters_applied"": 2, ""view"": ""redemption_log""}"
AUD-0002998,USR-MER-0008-01,LOGIN,MERCHANT_SESSION,MER-0008,2026-07-03T13:17:00,"{""method"": ""password+mfa"", ""outcome"": ""success""}"
AUD-0002999,USR-MER-0010-01,VIEW_ANALYTICS,MERCHANT_DASHBOARD,MER-0010,2026-07-03T14:37:00,"{""filters_applied"": 3, ""view"": ""redemption_log""}"
AUD-0003000,SYS-REDEEM,REDEMPTION_CONFIRMED,REDEMPTION,RED-000617,2026-07-03T15:39:55,"{""discount_applied"": 190.0, ""gross_bill_amount"": 1229.1, ""offer_id"": ""OFR-0092"", ""redemption_id"": ""RED-000617"", ""transaction_id"": ""TXN-0013241""}"
AUD-0003001,USR-MER-0006-01,VIEW_ANALYTICS,MERCHANT_DASHBOARD,MER-0006,2026-07-03T16:03:00,"{""filters_applied"": 3, ""view"": ""campaign_performance""}"
AUD-0003002,USR-MER-0014-01,VIEW_ANALYTICS,MERCHANT_DASHBOARD,MER-0014,2026-07-03T17:06:00,"{""filters_applied"": 1, ""view"": ""segmentation""}"
AUD-0003003,USR-MER-0013-01,LOGIN,MERCHANT_SESSION,MER-0013,2026-07-03T17:58:00,"{""method"": ""password+mfa"", ""outcome"": ""success""}"
AUD-0003004,USR-MER-0009-01,VIEW_ANALYTICS,MERCHANT_DASHBOARD,MER-0009,2026-07-03T18:07:00,"{""filters_applied"": 3, ""view"": ""campaign_performance""}"
AUD-0003005,USR-MER-0006-01,VIEW_ANALYTICS,MERCHANT_DASHBOARD,MER-0006,2026-07-03T18:21:00,"{""filters_applied"": 2, ""view"": ""customer_detail""}"
AUD-0003006,USR-MER-0007-01,LOGIN,MERCHANT_SESSION,MER-0007,2026-07-03T18:43:00,"{""method"": ""password+mfa"", ""outcome"": ""success""}"
AUD-0003007,SYS-REDEEM,REDEMPTION_CONFIRMED,REDEMPTION,RED-000618,2026-07-03T18:59:42,"{""discount_applied"": 190.0, ""gross_bill_amount"": 1273.56, ""offer_id"": ""OFR-0092"", ""redemption_id"": ""RED-000618"", ""transaction_id"": ""TXN-0013256""}"
AUD-0003008,USR-MER-0007-01,LOGIN,MERCHANT_SESSION,MER-0007,2026-07-03T19:43:00,"{""method"": ""password+mfa"", ""outcome"": ""success""}"
AUD-0003009,SYS-REDEEM,REDEMPTION_REJECTED,REDEMPTION,RED-000619,2026-07-03T20:08:42,"{""discount_applied"": 190.0, ""gross_bill_amount"": 1273.56, ""offer_id"": ""OFR-0092"", ""reason"": ""DUPLICATE_REDEMPTION"", ""redemption_id"": ""RED-000619"", ""transaction_id"": ""TXN-0013256""}"
AUD-0003010,SYS-REDEEM,REDEMPTION_CONFIRMED,REDEMPTION,RED-000620,2026-07-03T20:43:22,"{""discount_applied"": 190.0, ""gross_bill_amount"": 1255.43, ""offer_id"": ""OFR-0092"", ""redemption_id"": ""RED-000620"", ""transaction_id"": ""TXN-0013269""}"
AUD-0003011,USR-MER-0005-01,VIEW_ANALYTICS,MERCHANT_DASHBOARD,MER-0005,2026-07-03T20:46:00,"{""filters_applied"": 3, ""view"": ""segmentation""}"
AUD-0003012,USR-MER-0011-01,VIEW_ANALYTICS,MERCHANT_DASHBOARD,MER-0011,2026-07-03T21:50:00,"{""filters_applied"": 4, ""view"": ""campaign_performance""}"
AUD-0003013,USR-MER-0008-01,LOGIN,MERCHANT_SESSION,MER-0008,2026-07-04T08:37:00,"{""method"": ""password+mfa"", ""outcome"": ""success""}"
AUD-0003014,USR-MER-0009-01,VIEW_ANALYTICS,MERCHANT_DASHBOARD,MER-0009,2026-07-04T10:16:00,"{""filters_applied"": 2, ""view"": ""customer_detail""}"
AUD-0003015,USR-MER-0012-01,VIEW_ANALYTICS,MERCHANT_DASHBOARD,MER-0012,2026-07-04T12:14:00,"{""filters_applied"": 1, ""view"": ""campaign_performance""}"
AUD-0003016,USR-MER-0018-01,VIEW_ANALYTICS,MERCHANT_DASHBOARD,MER-0018,2026-07-04T12:51:00,"{""filters_applied"": 2, ""view"": ""customer_detail""}"
AUD-0003017,USR-MER-0015-01,VIEW_ANALYTICS,MERCHANT_DASHBOARD,MER-0015,2026-07-04T14:05:00,"{""filters_applied"": 0, ""view"": ""redemption_log""}"
AUD-0003018,USR-MER-0007-01,VIEW_ANALYTICS,MERCHANT_DASHBOARD,MER-0007,2026-07-04T15:13:00,"{""filters_applied"": 2, ""view"": ""segmentation""}"
AUD-0003019,USR-MER-0018-01,LOGIN,MERCHANT_SESSION,MER-0018,2026-07-04T17:00:00,"{""method"": ""password+mfa"", ""outcome"": ""success""}"
AUD-0003020,USR-MER-0011-01,LOGIN,MERCHANT_SESSION,MER-0011,2026-07-04T18:04:00,"{""method"": ""password+mfa"", ""outcome"": ""success""}"
AUD-0003021,USR-MER-0001-01,VIEW_ANALYTICS,MERCHANT_DASHBOARD,MER-0001,2026-07-04T18:33:00,"{""filters_applied"": 0, ""view"": ""campaign_performance""}"
AUD-0003022,USR-MER-0016-01,LOGIN,MERCHANT_SESSION,MER-0016,2026-07-04T18:33:00,"{""method"": ""password+mfa"", ""outcome"": ""success""}"
AUD-0003023,USR-MER-0007-01,LOGIN,MERCHANT_SESSION,MER-0007,2026-07-04T20:33:00,"{""method"": ""password+mfa"", ""outcome"": ""success""}"
AUD-0003024,USR-MER-0008-01,VIEW_ANALYTICS,MERCHANT_DASHBOARD,MER-0008,2026-07-04T21:32:00,"{""filters_applied"": 1, ""view"": ""redemption_log""}"
AUD-0003025,SYS-REDEEM,REDEMPTION_CONFIRMED,REDEMPTION,RED-000621,2026-07-04T23:09:34,"{""discount_applied"": 190.0, ""gross_bill_amount"": 1321.7, ""offer_id"": ""OFR-0092"", ""redemption_id"": ""RED-000621"", ""transaction_id"": ""TXN-0013315""}"
AUD-0003026,SYS-REDEEM,REDEMPTION_CONFIRMED,REDEMPTION,RED-000622,2026-07-04T23:45:58,"{""discount_applied"": 175.0, ""gross_bill_amount"": 700.0, ""offer_id"": ""OFR-0092"", ""redemption_id"": ""RED-000622"", ""transaction_id"": ""TXN-0013316""}"
AUD-0003027,SYS-REDEEM,REDEMPTION_REJECTED,REDEMPTION,RED-000623,2026-07-05T00:54:58,"{""discount_applied"": 175.0, ""gross_bill_amount"": 700.0, ""offer_id"": ""OFR-0092"", ""reason"": ""DUPLICATE_REDEMPTION"", ""redemption_id"": ""RED-000623"", ""transaction_id"": ""TXN-0013316""}"
AUD-0003028,SYS-REDEEM,REDEMPTION_REJECTED,REDEMPTION,RED-000624,2026-07-05T00:58:28,"{""discount_applied"": 1920.0, ""gross_bill_amount"": 10978.47, ""offer_id"": ""OFR-0044"", ""reason"": ""OFFER_BUDGET_EXHAUSTED"", ""redemption_id"": ""RED-000624"", ""transaction_id"": ""TXN-0013317""}"
AUD-0003029,SYS-REDEEM,REDEMPTION_REJECTED,REDEMPTION,RED-000625,2026-07-05T07:09:24,"{""discount_applied"": 1715.15, ""gross_bill_amount"": 8575.77, ""offer_id"": ""OFR-0044"", ""reason"": ""OFFER_BUDGET_EXHAUSTED"", ""redemption_id"": ""RED-000625"", ""transaction_id"": ""TXN-0013318""}"
AUD-0003030,USR-MER-0010-01,LOGIN,MERCHANT_SESSION,MER-0010,2026-07-05T08:44:00,"{""method"": ""password+mfa"", ""outcome"": ""success""}"
AUD-0003031,USR-MER-0018-01,LOGIN,MERCHANT_SESSION,MER-0018,2026-07-05T09:03:00,"{""method"": ""password+mfa"", ""outcome"": ""success""}"
AUD-0003032,USR-MER-0013-01,VIEW_ANALYTICS,MERCHANT_DASHBOARD,MER-0013,2026-07-05T09:05:00,"{""filters_applied"": 1, ""view"": ""segmentation""}"
AUD-0003033,USR-MER-0002-01,VIEW_ANALYTICS,MERCHANT_DASHBOARD,MER-0002,2026-07-05T09:32:00,"{""filters_applied"": 1, ""view"": ""campaign_performance""}"
AUD-0003034,USR-MER-0001-01,LOGIN,MERCHANT_SESSION,MER-0001,2026-07-05T09:48:00,"{""method"": ""password+mfa"", ""outcome"": ""success""}"
AUD-0003035,USR-MER-0018-01,VIEW_ANALYTICS,MERCHANT_DASHBOARD,MER-0018,2026-07-05T10:16:00,"{""filters_applied"": 3, ""view"": ""campaign_performance""}"
AUD-0003036,USR-MER-0002-01,VIEW_ANALYTICS,MERCHANT_DASHBOARD,MER-0002,2026-07-05T10:45:00,"{""filters_applied"": 2, ""view"": ""customer_detail""}"
AUD-0003037,USR-MER-0014-01,LOGIN,MERCHANT_SESSION,MER-0014,2026-07-05T12:03:00,"{""method"": ""password+mfa"", ""outcome"": ""success""}"
AUD-0003038,SYS-REDEEM,REDEMPTION_CONFIRMED,REDEMPTION,RED-000626,2026-07-05T15:01:49,"{""discount_applied"": 190.0, ""gross_bill_amount"": 921.96, ""offer_id"": ""OFR-0092"", ""redemption_id"": ""RED-000626"", ""transaction_id"": ""TXN-0013341""}"
AUD-0003039,SYS-REDEEM,REDEMPTION_CONFIRMED,REDEMPTION,RED-000627,2026-07-05T16:29:03,"{""discount_applied"": 190.0, ""gross_bill_amount"": 968.49, ""offer_id"": ""OFR-0092"", ""redemption_id"": ""RED-000627"", ""transaction_id"": ""TXN-0013345""}"
AUD-0003040,USR-MER-0016-01,VIEW_ANALYTICS,MERCHANT_DASHBOARD,MER-0016,2026-07-05T18:05:00,"{""filters_applied"": 2, ""view"": ""customer_detail""}"
AUD-0003041,USR-MER-0001-01,LOGIN,MERCHANT_SESSION,MER-0001,2026-07-05T19:23:00,"{""method"": ""password+mfa"", ""outcome"": ""success""}"
AUD-0003042,USR-MER-0011-01,VIEW_ANALYTICS,MERCHANT_DASHBOARD,MER-0011,2026-07-05T20:48:00,"{""filters_applied"": 4, ""view"": ""segmentation""}"
AUD-0003043,USR-MER-0002-01,LOGIN,MERCHANT_SESSION,MER-0002,2026-07-05T20:57:00,"{""method"": ""password+mfa"", ""outcome"": ""success""}"
AUD-0003044,SYS-REDEEM,REDEMPTION_CONFIRMED,REDEMPTION,RED-000628,2026-07-05T21:33:47,"{""discount_applied"": 190.0, ""gross_bill_amount"": 865.56, ""offer_id"": ""OFR-0092"", ""redemption_id"": ""RED-000628"", ""transaction_id"": ""TXN-0013370""}"
AUD-0003045,SYS-REDEEM,REDEMPTION_CONFIRMED,REDEMPTION,RED-000629,2026-07-06T03:11:51,"{""discount_applied"": 175.0, ""gross_bill_amount"": 700.0, ""offer_id"": ""OFR-0092"", ""redemption_id"": ""RED-000629"", ""transaction_id"": ""TXN-0013371""}"
AUD-0003046,USR-MER-0001-01,LOGIN,MERCHANT_SESSION,MER-0001,2026-07-06T08:55:00,"{""method"": ""password+mfa"", ""outcome"": ""success""}"
AUD-0003047,USR-MER-0011-01,LOGIN,MERCHANT_SESSION,MER-0011,2026-07-06T09:49:00,"{""method"": ""password+mfa"", ""outcome"": ""success""}"
AUD-0003048,USR-MER-0005-01,LOGIN,MERCHANT_SESSION,MER-0005,2026-07-06T11:59:00,"{""method"": ""password+mfa"", ""outcome"": ""success""}"
AUD-0003049,SYS-REDEEM,REDEMPTION_CONFIRMED,REDEMPTION,RED-000630,2026-07-06T13:29:13,"{""discount_applied"": 190.0, ""gross_bill_amount"": 840.03, ""offer_id"": ""OFR-0092"", ""redemption_id"": ""RED-000630"", ""transaction_id"": ""TXN-0013396""}"
AUD-0003050,USR-MER-0002-01,VIEW_ANALYTICS,MERCHANT_DASHBOARD,MER-0002,2026-07-06T15:00:00,"{""filters_applied"": 3, ""view"": ""segmentation""}"
AUD-0003051,USR-MER-0004-01,VIEW_ANALYTICS,MERCHANT_DASHBOARD,MER-0004,2026-07-06T16:09:00,"{""filters_applied"": 1, ""view"": ""customer_detail""}"
AUD-0003052,USR-MER-0003-01,VIEW_ANALYTICS,MERCHANT_DASHBOARD,MER-0003,2026-07-06T16:59:00,"{""filters_applied"": 2, ""view"": ""customer_detail""}"
AUD-0003053,USR-MER-0001-01,LAUNCH_CAMPAIGN,CAMPAIGN,CPN-0005,2026-07-06T18:50:00,"{""campaign_id"": ""CPN-0005""}"
AUD-0003054,USR-MER-0012-01,LOGIN,MERCHANT_SESSION,MER-0012,2026-07-06T18:50:00,"{""method"": ""password+mfa"", ""outcome"": ""success""}"
AUD-0003055,USR-MER-0012-01,LOGIN,MERCHANT_SESSION,MER-0012,2026-07-06T19:32:00,"{""method"": ""password+mfa"", ""outcome"": ""success""}"
AUD-0003056,USR-MER-0014-01,VIEW_ANALYTICS,MERCHANT_DASHBOARD,MER-0014,2026-07-06T19:55:00,"{""filters_applied"": 3, ""view"": ""customer_detail""}"
AUD-0003057,USR-MER-0006-01,VIEW_ANALYTICS,MERCHANT_DASHBOARD,MER-0006,2026-07-06T20:08:00,"{""filters_applied"": 4, ""view"": ""segmentation""}"
AUD-0003058,SYS-REDEEM,REDEMPTION_REJECTED,REDEMPTION,RED-000631,2026-07-06T20:14:13,"{""discount_applied"": 200.0, ""gross_bill_amount"": 1500.0, ""offer_id"": ""OFR-0025"", ""reason"": ""OFFER_BUDGET_EXHAUSTED"", ""redemption_id"": ""RED-000631"", ""transaction_id"": ""TXN-0013419""}"
AUD-0003059,SYS-REDEEM,REDEMPTION_CONFIRMED,REDEMPTION,RED-000632,2026-07-07T03:19:28,"{""discount_applied"": 190.0, ""gross_bill_amount"": 844.32, ""offer_id"": ""OFR-0092"", ""redemption_id"": ""RED-000632"", ""transaction_id"": ""TXN-0013422""}"
AUD-0003060,SYS-REDEEM,REDEMPTION_CONFIRMED,REDEMPTION,RED-000633,2026-07-07T03:24:18,"{""discount_applied"": 190.0, ""gross_bill_amount"": 997.05, ""offer_id"": ""OFR-0092"", ""redemption_id"": ""RED-000633"", ""transaction_id"": ""TXN-0013423""}"
AUD-0003061,USR-MER-0006-01,LOGIN,MERCHANT_SESSION,MER-0006,2026-07-07T09:05:00,"{""method"": ""password+mfa"", ""outcome"": ""success""}"
AUD-0003062,USR-MER-0014-01,VIEW_ANALYTICS,MERCHANT_DASHBOARD,MER-0014,2026-07-07T09:11:00,"{""filters_applied"": 0, ""view"": ""campaign_performance""}"
AUD-0003063,USR-MER-0016-01,VIEW_ANALYTICS,MERCHANT_DASHBOARD,MER-0016,2026-07-07T10:02:00,"{""filters_applied"": 0, ""view"": ""segmentation""}"
AUD-0003064,USR-MER-0012-01,VIEW_ANALYTICS,MERCHANT_DASHBOARD,MER-0012,2026-07-07T10:11:00,"{""filters_applied"": 4, ""view"": ""customer_detail""}"
AUD-0003065,USR-MER-0014-01,VIEW_ANALYTICS,MERCHANT_DASHBOARD,MER-0014,2026-07-07T10:46:00,"{""filters_applied"": 1, ""view"": ""customer_detail""}"
AUD-0003066,USR-MER-0013-01,VIEW_ANALYTICS,MERCHANT_DASHBOARD,MER-0013,2026-07-07T11:55:00,"{""filters_applied"": 3, ""view"": ""segmentation""}"
AUD-0003067,SYS-REDEEM,REDEMPTION_REJECTED,REDEMPTION,RED-000634,2026-07-07T11:58:31,"{""discount_applied"": 200.0, ""gross_bill_amount"": 2791.26, ""offer_id"": ""OFR-0025"", ""reason"": ""OFFER_BUDGET_EXHAUSTED"", ""redemption_id"": ""RED-000634"", ""transaction_id"": ""TXN-0013436""}"
AUD-0003068,SYS-REDEEM,REDEMPTION_REJECTED,REDEMPTION,RED-000635,2026-07-07T12:27:29,"{""discount_applied"": 200.0, ""gross_bill_amount"": 1909.93, ""offer_id"": ""OFR-0025"", ""reason"": ""OFFER_BUDGET_EXHAUSTED"", ""redemption_id"": ""RED-000635"", ""transaction_id"": ""TXN-0013441""}"
AUD-0003069,USR-MER-0005-01,VIEW_ANALYTICS,MERCHANT_DASHBOARD,MER-0005,2026-07-07T12:46:00,"{""filters_applied"": 4, ""view"": ""customer_detail""}"
AUD-0003070,SYS-REDEEM,REDEMPTION_REJECTED,REDEMPTION,RED-000636,2026-07-07T13:03:03,"{""discount_applied"": 200.0, ""gross_bill_amount"": 1500.0, ""offer_id"": ""OFR-0025"", ""reason"": ""OFFER_BUDGET_EXHAUSTED"", ""redemption_id"": ""RED-000636"", ""transaction_id"": ""TXN-0013444""}"
AUD-0003071,USR-MER-0008-01,LOGIN,MERCHANT_SESSION,MER-0008,2026-07-07T13:04:00,"{""method"": ""password+mfa"", ""outcome"": ""success""}"
AUD-0003072,USR-MER-0018-01,VIEW_ANALYTICS,MERCHANT_DASHBOARD,MER-0018,2026-07-07T13:34:00,"{""filters_applied"": 3, ""view"": ""segmentation""}"
AUD-0003073,USR-MER-0006-01,LOGIN,MERCHANT_SESSION,MER-0006,2026-07-07T13:40:00,"{""method"": ""password+mfa"", ""outcome"": ""success""}"
AUD-0003074,USR-MER-0011-01,VIEW_ANALYTICS,MERCHANT_DASHBOARD,MER-0011,2026-07-07T13:42:00,"{""filters_applied"": 2, ""view"": ""customer_detail""}"
AUD-0003075,USR-MER-0018-01,VIEW_ANALYTICS,MERCHANT_DASHBOARD,MER-0018,2026-07-07T13:46:00,"{""filters_applied"": 1, ""view"": ""segmentation""}"
AUD-0003076,USR-MER-0001-01,VIEW_ANALYTICS,MERCHANT_DASHBOARD,MER-0001,2026-07-07T15:42:00,"{""filters_applied"": 0, ""view"": ""campaign_performance""}"
AUD-0003077,SYS-REDEEM,REDEMPTION_REJECTED,REDEMPTION,RED-000637,2026-07-07T16:02:37,"{""discount_applied"": 200.0, ""gross_bill_amount"": 2322.08, ""offer_id"": ""OFR-0025"", ""reason"": ""OFFER_BUDGET_EXHAUSTED"", ""redemption_id"": ""RED-000637"", ""transaction_id"": ""TXN-0013447""}"
AUD-0003078,USR-MER-0011-01,VIEW_ANALYTICS,MERCHANT_DASHBOARD,MER-0011,2026-07-07T16:07:00,"{""filters_applied"": 1, ""view"": ""campaign_performance""}"
AUD-0003079,SYS-REDEEM,REDEMPTION_REJECTED,REDEMPTION,RED-000638,2026-07-07T16:17:04,"{""discount_applied"": 200.0, ""gross_bill_amount"": 2351.87, ""offer_id"": ""OFR-0025"", ""reason"": ""OFFER_BUDGET_EXHAUSTED"", ""redemption_id"": ""RED-000638"", ""transaction_id"": ""TXN-0013448""}"
AUD-0003080,USR-MER-0005-01,LAUNCH_CAMPAIGN,CAMPAIGN,CPN-0028,2026-07-07T17:22:00,"{""campaign_id"": ""CPN-0028""}"
AUD-0003081,SYS-REDEEM,REDEMPTION_REJECTED,REDEMPTION,RED-000639,2026-07-07T18:53:48,"{""discount_applied"": 200.0, ""gross_bill_amount"": 2055.17, ""offer_id"": ""OFR-0025"", ""reason"": ""OFFER_BUDGET_EXHAUSTED"", ""redemption_id"": ""RED-000639"", ""transaction_id"": ""TXN-0013460""}"
AUD-0003082,USR-MER-0007-01,LOGIN,MERCHANT_SESSION,MER-0007,2026-07-07T19:06:00,"{""method"": ""password+mfa"", ""outcome"": ""success""}"
AUD-0003083,USR-MER-0013-01,VIEW_ANALYTICS,MERCHANT_DASHBOARD,MER-0013,2026-07-07T19:32:00,"{""filters_applied"": 2, ""view"": ""campaign_performance""}"
AUD-0003084,USR-MER-0005-01,VIEW_ANALYTICS,MERCHANT_DASHBOARD,MER-0005,2026-07-07T20:23:00,"{""filters_applied"": 0, ""view"": ""redemption_log""}"
AUD-0003085,SYS-REDEEM,REDEMPTION_CONFIRMED,REDEMPTION,RED-000640,2026-07-07T22:04:46,"{""discount_applied"": 554.04, ""gross_bill_amount"": 2770.18, ""offer_id"": ""OFR-0048"", ""redemption_id"": ""RED-000640"", ""transaction_id"": ""TXN-0013469""}"
AUD-0003086,SYS-REDEEM,REDEMPTION_CONFIRMED,REDEMPTION,RED-000641,2026-07-07T22:07:13,"{""discount_applied"": 200.0, ""gross_bill_amount"": 1638.27, ""offer_id"": ""OFR-0025"", ""redemption_id"": ""RED-000641"", ""transaction_id"": ""TXN-0013470""}"
AUD-0003087,SYS-REDEEM,REDEMPTION_CONFIRMED,REDEMPTION,RED-000642,2026-07-07T22:40:43,"{""discount_applied"": 640.0, ""gross_bill_amount"": 3538.95, ""offer_id"": ""OFR-0048"", ""redemption_id"": ""RED-000642"", ""transaction_id"": ""TXN-0013471""}"
AUD-0003088,SYS-REDEEM,REDEMPTION_CONFIRMED,REDEMPTION,RED-000643,2026-07-08T03:25:42,"{""discount_applied"": 190.0, ""gross_bill_amount"": 1235.76, ""offer_id"": ""OFR-0092"", ""redemption_id"": ""RED-000643"", ""transaction_id"": ""TXN-0013472""}"
AUD-0003089,SYS-REDEEM,REDEMPTION_REJECTED,REDEMPTION,RED-000644,2026-07-08T04:18:37,"{""discount_applied"": 200.0, ""gross_bill_amount"": 1500.0, ""offer_id"": ""OFR-0025"", ""reason"": ""OFFER_BUDGET_EXHAUSTED"", ""redemption_id"": ""RED-000644"", ""transaction_id"": ""TXN-0013473""}"
AUD-0003090,USR-MER-0002-01,LOGIN,MERCHANT_SESSION,MER-0002,2026-07-08T08:58:00,"{""method"": ""password+mfa"", ""outcome"": ""success""}"
AUD-0003091,SYS-REDEEM,REDEMPTION_REJECTED,REDEMPTION,RED-000645,2026-07-08T09:29:14,"{""discount_applied"": 200.0, ""gross_bill_amount"": 1500.0, ""offer_id"": ""OFR-0025"", ""reason"": ""OFFER_BUDGET_EXHAUSTED"", ""redemption_id"": ""RED-000645"", ""transaction_id"": ""TXN-0013484""}"
AUD-0003092,USR-MER-0007-01,VIEW_ANALYTICS,MERCHANT_DASHBOARD,MER-0007,2026-07-08T10:18:00,"{""filters_applied"": 0, ""view"": ""redemption_log""}"
AUD-0003093,USR-MER-0017-01,VIEW_ANALYTICS,MERCHANT_DASHBOARD,MER-0017,2026-07-08T11:31:00,"{""filters_applied"": 3, ""view"": ""redemption_log""}"
AUD-0003094,USR-MER-0010-01,VIEW_ANALYTICS,MERCHANT_DASHBOARD,MER-0010,2026-07-08T13:00:00,"{""filters_applied"": 4, ""view"": ""segmentation""}"
AUD-0003095,SYS-REDEEM,REDEMPTION_CONFIRMED,REDEMPTION,RED-000646,2026-07-08T13:07:37,"{""discount_applied"": 409.63, ""gross_bill_amount"": 2048.13, ""offer_id"": ""OFR-0048"", ""redemption_id"": ""RED-000646"", ""transaction_id"": ""TXN-0013495""}"
AUD-0003096,USR-MER-0012-01,LOGIN,MERCHANT_SESSION,MER-0012,2026-07-08T13:14:00,"{""method"": ""password+mfa"", ""outcome"": ""success""}"
AUD-0003097,USR-MER-0017-01,LOGIN,MERCHANT_SESSION,MER-0017,2026-07-08T13:19:00,"{""method"": ""password+mfa"", ""outcome"": ""success""}"
AUD-0003098,SYS-REDEEM,REDEMPTION_CONFIRMED,REDEMPTION,RED-000647,2026-07-08T14:50:26,"{""discount_applied"": 526.4, ""gross_bill_amount"": 2632.0, ""offer_id"": ""OFR-0048"", ""redemption_id"": ""RED-000647"", ""transaction_id"": ""TXN-0013505""}"
AUD-0003099,USR-MER-0011-01,LAUNCH_CAMPAIGN,CAMPAIGN,CPN-0053,2026-07-08T15:51:00,"{""campaign_id"": ""CPN-0053""}"
AUD-0003100,SYS-REDEEM,REDEMPTION_CONFIRMED,REDEMPTION,RED-000648,2026-07-08T16:18:54,"{""discount_applied"": 640.0, ""gross_bill_amount"": 3920.0, ""offer_id"": ""OFR-0048"", ""redemption_id"": ""RED-000648"", ""transaction_id"": ""TXN-0013508""}"
AUD-0003101,USR-MER-0005-01,LOGIN,MERCHANT_SESSION,MER-0005,2026-07-08T16:36:00,"{""method"": ""password+mfa"", ""outcome"": ""success""}"
AUD-0003102,USR-MER-0014-01,VIEW_ANALYTICS,MERCHANT_DASHBOARD,MER-0014,2026-07-08T16:43:00,"{""filters_applied"": 2, ""view"": ""campaign_performance""}"
AUD-0003103,USR-MER-0012-01,LOGIN,MERCHANT_SESSION,MER-0012,2026-07-08T17:12:00,"{""method"": ""password+mfa"", ""outcome"": ""success""}"
AUD-0003104,USR-MER-0002-01,VIEW_ANALYTICS,MERCHANT_DASHBOARD,MER-0002,2026-07-08T17:42:00,"{""filters_applied"": 1, ""view"": ""customer_detail""}"
AUD-0003105,USR-MER-0013-01,VIEW_ANALYTICS,MERCHANT_DASHBOARD,MER-0013,2026-07-08T17:44:00,"{""filters_applied"": 2, ""view"": ""customer_detail""}"
AUD-0003106,SYS-REDEEM,REDEMPTION_CONFIRMED,REDEMPTION,RED-000649,2026-07-08T18:16:44,"{""discount_applied"": 200.0, ""gross_bill_amount"": 1750.94, ""offer_id"": ""OFR-0025"", ""redemption_id"": ""RED-000649"", ""transaction_id"": ""TXN-0013521""}"
AUD-0003107,USR-MER-0008-01,LOGIN,MERCHANT_SESSION,MER-0008,2026-07-08T19:11:00,"{""method"": ""password+mfa"", ""outcome"": ""success""}"
AUD-0003108,SYS-REDEEM,REDEMPTION_REJECTED,REDEMPTION,RED-000650,2026-07-08T19:20:44,"{""discount_applied"": 200.0, ""gross_bill_amount"": 1750.94, ""offer_id"": ""OFR-0025"", ""reason"": ""DUPLICATE_REDEMPTION"", ""redemption_id"": ""RED-000650"", ""transaction_id"": ""TXN-0013521""}"
AUD-0003109,USR-MER-0006-01,LOGIN,MERCHANT_SESSION,MER-0006,2026-07-08T19:39:00,"{""method"": ""password+mfa"", ""outcome"": ""success""}"
AUD-0003110,USR-MER-0014-01,LOGIN,MERCHANT_SESSION,MER-0014,2026-07-08T19:39:00,"{""method"": ""password+mfa"", ""outcome"": ""success""}"
AUD-0003111,USR-MER-0010-01,VIEW_ANALYTICS,MERCHANT_DASHBOARD,MER-0010,2026-07-08T20:10:00,"{""filters_applied"": 1, ""view"": ""segmentation""}"
AUD-0003112,SYS-REDEEM,REDEMPTION_CONFIRMED,REDEMPTION,RED-000651,2026-07-08T20:39:57,"{""discount_applied"": 875.36, ""gross_bill_amount"": 875.36, ""offer_id"": ""OFR-0073"", ""redemption_id"": ""RED-000651"", ""transaction_id"": ""TXN-0013530""}"
AUD-0003113,SYS-REDEEM,REDEMPTION_CONFIRMED,REDEMPTION,RED-000652,2026-07-08T22:17:33,"{""discount_applied"": 190.0, ""gross_bill_amount"": 984.29, ""offer_id"": ""OFR-0092"", ""redemption_id"": ""RED-000652"", ""transaction_id"": ""TXN-0013534""}"
AUD-0003114,SYS-REDEEM,REDEMPTION_CONFIRMED,REDEMPTION,RED-000653,2026-07-08T22:24:38,"{""discount_applied"": 624.7, ""gross_bill_amount"": 3123.51, ""offer_id"": ""OFR-0048"", ""redemption_id"": ""RED-000653"", ""transaction_id"": ""TXN-0013535""}"
AUD-0003115,SYS-REDEEM,REDEMPTION_CONFIRMED,REDEMPTION,RED-000654,2026-07-08T22:33:15,"{""discount_applied"": 640.0, ""gross_bill_amount"": 3810.0, ""offer_id"": ""OFR-0048"", ""redemption_id"": ""RED-000654"", ""transaction_id"": ""TXN-0013536""}"
AUD-0003116,SYS-REDEEM,REDEMPTION_REJECTED,REDEMPTION,RED-000655,2026-07-08T23:05:33,"{""discount_applied"": 190.0, ""gross_bill_amount"": 984.29, ""offer_id"": ""OFR-0092"", ""reason"": ""DUPLICATE_REDEMPTION"", ""redemption_id"": ""RED-000655"", ""transaction_id"": ""TXN-0013534""}"
AUD-0003117,SYS-REDEEM,REDEMPTION_REJECTED,REDEMPTION,RED-000656,2026-07-09T01:11:30,"{""discount_applied"": 200.0, ""gross_bill_amount"": 2216.76, ""offer_id"": ""OFR-0025"", ""reason"": ""OFFER_BUDGET_EXHAUSTED"", ""redemption_id"": ""RED-000656"", ""transaction_id"": ""TXN-0013537""}"
AUD-0003118,SYS-REDEEM,REDEMPTION_REJECTED,REDEMPTION,RED-000657,2026-07-09T03:35:19,"{""discount_applied"": 200.0, ""gross_bill_amount"": 1500.0, ""offer_id"": ""OFR-0025"", ""reason"": ""OFFER_BUDGET_EXHAUSTED"", ""redemption_id"": ""RED-000657"", ""transaction_id"": ""TXN-0013538""}"
AUD-0003119,SYS-REDEEM,REDEMPTION_REJECTED,REDEMPTION,RED-000658,2026-07-09T03:38:49,"{""discount_applied"": 200.0, ""gross_bill_amount"": 1500.0, ""offer_id"": ""OFR-0025"", ""reason"": ""OFFER_BUDGET_EXHAUSTED"", ""redemption_id"": ""RED-000658"", ""transaction_id"": ""TXN-0013539""}"
AUD-0003120,SYS-REDEEM,REDEMPTION_CONFIRMED,REDEMPTION,RED-000659,2026-07-09T04:41:11,"{""discount_applied"": 640.0, ""gross_bill_amount"": 3253.48, ""offer_id"": ""OFR-0048"", ""redemption_id"": ""RED-000659"", ""transaction_id"": ""TXN-0013540""}"
AUD-0003121,USR-MER-0005-01,LOGIN,MERCHANT_SESSION,MER-0005,2026-07-09T08:41:00,"{""method"": ""password+mfa"", ""outcome"": ""success""}"
AUD-0003122,USR-MER-0008-01,LOGIN,MERCHANT_SESSION,MER-0008,2026-07-09T09:09:00,"{""method"": ""password+mfa"", ""outcome"": ""success""}"
AUD-0003123,USR-MER-0001-01,VIEW_ANALYTICS,MERCHANT_DASHBOARD,MER-0001,2026-07-09T09:34:00,"{""filters_applied"": 4, ""view"": ""segmentation""}"
AUD-0003124,USR-MER-0018-01,VIEW_ANALYTICS,MERCHANT_DASHBOARD,MER-0018,2026-07-09T10:22:00,"{""filters_applied"": 4, ""view"": ""campaign_performance""}"
AUD-0003125,SYS-REDEEM,REDEMPTION_REJECTED,REDEMPTION,RED-000660,2026-07-09T10:54:45,"{""discount_applied"": 200.0, ""gross_bill_amount"": 2542.89, ""offer_id"": ""OFR-0025"", ""reason"": ""OFFER_BUDGET_EXHAUSTED"", ""redemption_id"": ""RED-000660"", ""transaction_id"": ""TXN-0013552""}"
AUD-0003126,USR-MER-0017-01,LOGIN,MERCHANT_SESSION,MER-0017,2026-07-09T11:22:00,"{""method"": ""password+mfa"", ""outcome"": ""success""}"
AUD-0003127,USR-MER-0017-01,LOGIN,MERCHANT_SESSION,MER-0017,2026-07-09T11:33:00,"{""method"": ""password+mfa"", ""outcome"": ""success""}"
AUD-0003128,USR-MER-0006-01,LOGIN,MERCHANT_SESSION,MER-0006,2026-07-09T11:40:00,"{""method"": ""password+mfa"", ""outcome"": ""success""}"
AUD-0003129,USR-MER-0007-01,VIEW_ANALYTICS,MERCHANT_DASHBOARD,MER-0007,2026-07-09T14:18:00,"{""filters_applied"": 0, ""view"": ""segmentation""}"
AUD-0003130,SYS-REDEEM,REDEMPTION_REJECTED,REDEMPTION,RED-000661,2026-07-09T16:35:12,"{""discount_applied"": 200.0, ""gross_bill_amount"": 1500.0, ""offer_id"": ""OFR-0025"", ""reason"": ""OFFER_BUDGET_EXHAUSTED"", ""redemption_id"": ""RED-000661"", ""transaction_id"": ""TXN-0013578""}"
AUD-0003131,USR-MER-0010-01,VIEW_ANALYTICS,MERCHANT_DASHBOARD,MER-0010,2026-07-09T16:44:00,"{""filters_applied"": 4, ""view"": ""segmentation""}"
AUD-0003132,USR-MER-0008-01,VIEW_ANALYTICS,MERCHANT_DASHBOARD,MER-0008,2026-07-09T16:45:00,"{""filters_applied"": 0, ""view"": ""redemption_log""}"
AUD-0003133,USR-MER-0015-01,LOGIN,MERCHANT_SESSION,MER-0015,2026-07-09T17:09:00,"{""method"": ""password+mfa"", ""outcome"": ""success""}"
AUD-0003134,USR-MER-0012-01,LOGIN,MERCHANT_SESSION,MER-0012,2026-07-09T17:43:00,"{""method"": ""password+mfa"", ""outcome"": ""success""}"
AUD-0003135,USR-MER-0018-01,LOGIN,MERCHANT_SESSION,MER-0018,2026-07-09T19:17:00,"{""method"": ""password+mfa"", ""outcome"": ""success""}"
AUD-0003136,USR-MER-0009-01,VIEW_ANALYTICS,MERCHANT_DASHBOARD,MER-0009,2026-07-09T20:01:00,"{""filters_applied"": 3, ""view"": ""redemption_log""}"
AUD-0003137,USR-MER-0018-01,LOGIN,MERCHANT_SESSION,MER-0018,2026-07-09T21:23:00,"{""method"": ""password+mfa"", ""outcome"": ""success""}"
AUD-0003138,SYS-REDEEM,REDEMPTION_CONFIRMED,REDEMPTION,RED-000662,2026-07-09T22:05:40,"{""discount_applied"": 802.55, ""gross_bill_amount"": 802.55, ""offer_id"": ""OFR-0073"", ""redemption_id"": ""RED-000662"", ""transaction_id"": ""TXN-0013603""}"
AUD-0003139,SYS-REDEEM,REDEMPTION_REJECTED,REDEMPTION,RED-000663,2026-07-09T22:18:40,"{""discount_applied"": 802.55, ""gross_bill_amount"": 802.55, ""offer_id"": ""OFR-0073"", ""reason"": ""DUPLICATE_REDEMPTION"", ""redemption_id"": ""RED-000663"", ""transaction_id"": ""TXN-0013603""}"
AUD-0003140,SYS-REDEEM,REDEMPTION_CONFIRMED,REDEMPTION,RED-000664,2026-07-09T23:51:27,"{""discount_applied"": 567.56, ""gross_bill_amount"": 2837.82, ""offer_id"": ""OFR-0048"", ""redemption_id"": ""RED-000664"", ""transaction_id"": ""TXN-0013604""}"
AUD-0003141,SYS-REDEEM,REDEMPTION_REJECTED,REDEMPTION,RED-000665,2026-07-10T01:35:19,"{""discount_applied"": 200.0, ""gross_bill_amount"": 1500.0, ""offer_id"": ""OFR-0025"", ""reason"": ""OFFER_BUDGET_EXHAUSTED"", ""redemption_id"": ""RED-000665"", ""transaction_id"": ""TXN-0013605""}"
AUD-0003142,SYS-REDEEM,REDEMPTION_CONFIRMED,REDEMPTION,RED-000666,2026-07-10T03:33:22,"{""discount_applied"": 511.2, ""gross_bill_amount"": 2556.0, ""offer_id"": ""OFR-0048"", ""redemption_id"": ""RED-000666"", ""transaction_id"": ""TXN-0013606""}"
AUD-0003143,SYS-REDEEM,REDEMPTION_CONFIRMED,REDEMPTION,RED-000667,2026-07-10T05:05:43,"{""discount_applied"": 400.0, ""gross_bill_amount"": 2000.0, ""offer_id"": ""OFR-0048"", ""redemption_id"": ""RED-000667"", ""transaction_id"": ""TXN-0013607""}"
AUD-0003144,SYS-REDEEM,REDEMPTION_REJECTED,REDEMPTION,RED-000668,2026-07-10T07:40:32,"{""discount_applied"": 200.0, ""gross_bill_amount"": 1500.0, ""offer_id"": ""OFR-0025"", ""reason"": ""OFFER_BUDGET_EXHAUSTED"", ""redemption_id"": ""RED-000668"", ""transaction_id"": ""TXN-0013608""}"
AUD-0003145,USR-MER-0013-01,VIEW_ANALYTICS,MERCHANT_DASHBOARD,MER-0013,2026-07-10T08:37:00,"{""filters_applied"": 4, ""view"": ""segmentation""}"
AUD-0003146,USR-MER-0007-01,VIEW_ANALYTICS,MERCHANT_DASHBOARD,MER-0007,2026-07-10T09:25:00,"{""filters_applied"": 4, ""view"": ""redemption_log""}"
AUD-0003147,USR-MER-0002-01,VIEW_ANALYTICS,MERCHANT_DASHBOARD,MER-0002,2026-07-10T10:06:00,"{""filters_applied"": 1, ""view"": ""segmentation""}"
AUD-0003148,SYS-REDEEM,REDEMPTION_CONFIRMED,REDEMPTION,RED-000669,2026-07-10T10:06:06,"{""discount_applied"": 781.19, ""gross_bill_amount"": 781.19, ""offer_id"": ""OFR-0073"", ""redemption_id"": ""RED-000669"", ""transaction_id"": ""TXN-0013614""}"
AUD-0003149,USR-MER-0001-01,LOGIN,MERCHANT_SESSION,MER-0001,2026-07-10T11:34:00,"{""method"": ""password+mfa"", ""outcome"": ""success""}"
AUD-0003150,SYS-REDEEM,REDEMPTION_REJECTED,REDEMPTION,RED-000670,2026-07-10T11:49:33,"{""discount_applied"": 200.0, ""gross_bill_amount"": 1500.0, ""offer_id"": ""OFR-0025"", ""reason"": ""OFFER_BUDGET_EXHAUSTED"", ""redemption_id"": ""RED-000670"", ""transaction_id"": ""TXN-0013621""}"
AUD-0003151,USR-MER-0018-01,LOGIN,MERCHANT_SESSION,MER-0018,2026-07-10T17:28:00,"{""method"": ""password+mfa"", ""outcome"": ""success""}"
AUD-0003152,SYS-REDEEM,REDEMPTION_CONFIRMED,REDEMPTION,RED-000671,2026-07-10T19:01:01,"{""discount_applied"": 175.0, ""gross_bill_amount"": 700.0, ""offer_id"": ""OFR-0092"", ""redemption_id"": ""RED-000671"", ""transaction_id"": ""TXN-0013648""}"
AUD-0003153,USR-MER-0006-01,VIEW_ANALYTICS,MERCHANT_DASHBOARD,MER-0006,2026-07-10T19:16:00,"{""filters_applied"": 2, ""view"": ""redemption_log""}"
AUD-0003154,SYS-REDEEM,REDEMPTION_CONFIRMED,REDEMPTION,RED-000672,2026-07-10T19:49:16,"{""discount_applied"": 175.0, ""gross_bill_amount"": 700.0, ""offer_id"": ""OFR-0092"", ""redemption_id"": ""RED-000672"", ""transaction_id"": ""TXN-0013652""}"
AUD-0003155,USR-MER-0009-01,VIEW_ANALYTICS,MERCHANT_DASHBOARD,MER-0009,2026-07-10T20:58:00,"{""filters_applied"": 2, ""view"": ""segmentation""}"
AUD-0003156,SYS-REDEEM,REDEMPTION_CONFIRMED,REDEMPTION,RED-000673,2026-07-11T00:57:51,"{""discount_applied"": 1500.0, ""gross_bill_amount"": 2518.89, ""offer_id"": ""OFR-0073"", ""redemption_id"": ""RED-000673"", ""transaction_id"": ""TXN-0013660""}"
AUD-0003157,SYS-REDEEM,REDEMPTION_REJECTED,REDEMPTION,RED-000674,2026-07-11T01:30:28,"{""discount_applied"": 200.0, ""gross_bill_amount"": 2687.46, ""offer_id"": ""OFR-0025"", ""reason"": ""OFFER_BUDGET_EXHAUSTED"", ""redemption_id"": ""RED-000674"", ""transaction_id"": ""TXN-0013661""}"
AUD-0003158,SYS-REDEEM,REDEMPTION_CONFIRMED,REDEMPTION,RED-000675,2026-07-11T01:54:51,"{""discount_applied"": 179.25, ""gross_bill_amount"": 717.0, ""offer_id"": ""OFR-0092"", ""redemption_id"": ""RED-000675"", ""transaction_id"": ""TXN-0013662""}"
AUD-0003159,SYS-REDEEM,REDEMPTION_REJECTED,REDEMPTION,RED-000676,2026-07-11T03:10:39,"{""discount_applied"": 200.0, ""gross_bill_amount"": 2126.12, ""offer_id"": ""OFR-0025"", ""reason"": ""OFFER_BUDGET_EXHAUSTED"", ""redemption_id"": ""RED-000676"", ""transaction_id"": ""TXN-0013663""}"
AUD-0003160,SYS-REDEEM,REDEMPTION_REJECTED,REDEMPTION,RED-000677,2026-07-11T05:51:29,"{""discount_applied"": 200.0, ""gross_bill_amount"": 2586.95, ""offer_id"": ""OFR-0025"", ""reason"": ""OFFER_BUDGET_EXHAUSTED"", ""redemption_id"": ""RED-000677"", ""transaction_id"": ""TXN-0013664""}"
AUD-0003161,USR-MER-0014-01,VIEW_ANALYTICS,MERCHANT_DASHBOARD,MER-0014,2026-07-11T09:28:00,"{""filters_applied"": 3, ""view"": ""customer_detail""}"
AUD-0003162,USR-MER-0008-01,LOGIN,MERCHANT_SESSION,MER-0008,2026-07-11T09:41:00,"{""method"": ""password+mfa"", ""outcome"": ""success""}"
AUD-0003163,SYS-REDEEM,REDEMPTION_CONFIRMED,REDEMPTION,RED-000678,2026-07-11T10:35:02,"{""discount_applied"": 190.0, ""gross_bill_amount"": 871.92, ""offer_id"": ""OFR-0092"", ""redemption_id"": ""RED-000678"", ""transaction_id"": ""TXN-0013673""}"
AUD-0003164,USR-MER-0003-01,LOGIN,MERCHANT_SESSION,MER-0003,2026-07-11T11:20:00,"{""method"": ""password+mfa"", ""outcome"": ""success""}"
AUD-0003165,USR-MER-0006-01,VIEW_ANALYTICS,MERCHANT_DASHBOARD,MER-0006,2026-07-11T11:20:00,"{""filters_applied"": 4, ""view"": ""segmentation""}"
AUD-0003166,SYS-REDEEM,REDEMPTION_REJECTED,REDEMPTION,RED-000679,2026-07-11T11:59:02,"{""discount_applied"": 190.0, ""gross_bill_amount"": 871.92, ""offer_id"": ""OFR-0092"", ""reason"": ""DUPLICATE_REDEMPTION"", ""redemption_id"": ""RED-000679"", ""transaction_id"": ""TXN-0013673""}"
AUD-0003167,USR-MER-0011-01,LOGIN,MERCHANT_SESSION,MER-0011,2026-07-11T12:50:00,"{""method"": ""password+mfa"", ""outcome"": ""success""}"
AUD-0003168,USR-MER-0003-01,VIEW_ANALYTICS,MERCHANT_DASHBOARD,MER-0003,2026-07-11T13:56:00,"{""filters_applied"": 4, ""view"": ""customer_detail""}"
AUD-0003169,SYS-REDEEM,REDEMPTION_REJECTED,REDEMPTION,RED-000680,2026-07-11T14:51:57,"{""discount_applied"": 200.0, ""gross_bill_amount"": 1500.0, ""offer_id"": ""OFR-0025"", ""reason"": ""OFFER_BUDGET_EXHAUSTED"", ""redemption_id"": ""RED-000680"", ""transaction_id"": ""TXN-0013689""}"
AUD-0003170,USR-MER-0016-01,LOGIN,MERCHANT_SESSION,MER-0016,2026-07-11T16:12:00,"{""method"": ""password+mfa"", ""outcome"": ""success""}"
AUD-0003171,USR-MER-0016-01,VIEW_ANALYTICS,MERCHANT_DASHBOARD,MER-0016,2026-07-11T16:19:00,"{""filters_applied"": 3, ""view"": ""segmentation""}"
AUD-0003172,USR-MER-0001-01,VIEW_ANALYTICS,MERCHANT_DASHBOARD,MER-0001,2026-07-11T16:45:00,"{""filters_applied"": 4, ""view"": ""customer_detail""}"
AUD-0003173,USR-MER-0013-01,VIEW_ANALYTICS,MERCHANT_DASHBOARD,MER-0013,2026-07-11T17:26:00,"{""filters_applied"": 4, ""view"": ""campaign_performance""}"
AUD-0003174,USR-MER-0017-01,LOGIN,MERCHANT_SESSION,MER-0017,2026-07-11T17:45:00,"{""method"": ""password+mfa"", ""outcome"": ""success""}"
AUD-0003175,SYS-REDEEM,REDEMPTION_REJECTED,REDEMPTION,RED-000681,2026-07-11T18:25:28,"{""discount_applied"": 200.0, ""gross_bill_amount"": 1791.76, ""offer_id"": ""OFR-0025"", ""reason"": ""OFFER_BUDGET_EXHAUSTED"", ""redemption_id"": ""RED-000681"", ""transaction_id"": ""TXN-0013706""}"
AUD-0003176,SYS-REDEEM,REDEMPTION_REJECTED,REDEMPTION,RED-000682,2026-07-11T19:01:03,"{""discount_applied"": 200.0, ""gross_bill_amount"": 1500.0, ""offer_id"": ""OFR-0025"", ""reason"": ""OFFER_BUDGET_EXHAUSTED"", ""redemption_id"": ""RED-000682"", ""transaction_id"": ""TXN-0013710""}"
AUD-0003177,USR-MER-0009-01,LOGIN,MERCHANT_SESSION,MER-0009,2026-07-11T20:17:00,"{""method"": ""password+mfa"", ""outcome"": ""success""}"
AUD-0003178,SYS-REDEEM,REDEMPTION_REJECTED,REDEMPTION,RED-000683,2026-07-11T22:08:41,"{""discount_applied"": 200.0, ""gross_bill_amount"": 2562.16, ""offer_id"": ""OFR-0025"", ""reason"": ""OFFER_BUDGET_EXHAUSTED"", ""redemption_id"": ""RED-000683"", ""transaction_id"": ""TXN-0013723""}"
AUD-0003179,SYS-REDEEM,REDEMPTION_REJECTED,REDEMPTION,RED-000684,2026-07-12T00:52:30,"{""discount_applied"": 200.0, ""gross_bill_amount"": 1500.0, ""offer_id"": ""OFR-0025"", ""reason"": ""OFFER_BUDGET_EXHAUSTED"", ""redemption_id"": ""RED-000684"", ""transaction_id"": ""TXN-0013724""}"
AUD-0003180,SYS-REDEEM,REDEMPTION_REJECTED,REDEMPTION,RED-000685,2026-07-12T02:15:42,"{""discount_applied"": 200.0, ""gross_bill_amount"": 1500.0, ""offer_id"": ""OFR-0025"", ""reason"": ""OFFER_BUDGET_EXHAUSTED"", ""redemption_id"": ""RED-000685"", ""transaction_id"": ""TXN-0013725""}"
AUD-0003181,SYS-REDEEM,REDEMPTION_REJECTED,REDEMPTION,RED-000686,2026-07-12T04:05:27,"{""discount_applied"": 200.0, ""gross_bill_amount"": 1550.35, ""offer_id"": ""OFR-0025"", ""reason"": ""OFFER_BUDGET_EXHAUSTED"", ""redemption_id"": ""RED-000686"", ""transaction_id"": ""TXN-0013726""}"
AUD-0003182,USR-MER-0001-01,LOGIN,MERCHANT_SESSION,MER-0001,2026-07-12T08:58:00,"{""method"": ""password+mfa"", ""outcome"": ""success""}"
AUD-0003183,SYS-REDEEM,REDEMPTION_REJECTED,REDEMPTION,RED-000687,2026-07-12T10:06:17,"{""discount_applied"": 200.0, ""gross_bill_amount"": 1647.46, ""offer_id"": ""OFR-0025"", ""reason"": ""OFFER_BUDGET_EXHAUSTED"", ""redemption_id"": ""RED-000687"", ""transaction_id"": ""TXN-0013733""}"
AUD-0003184,USR-MER-0009-01,VIEW_ANALYTICS,MERCHANT_DASHBOARD,MER-0009,2026-07-12T10:32:00,"{""filters_applied"": 3, ""view"": ""segmentation""}"
AUD-0003185,USR-MER-0018-01,VIEW_ANALYTICS,MERCHANT_DASHBOARD,MER-0018,2026-07-12T12:27:00,"{""filters_applied"": 4, ""view"": ""redemption_log""}"
AUD-0003186,USR-MER-0018-01,LOGIN,MERCHANT_SESSION,MER-0018,2026-07-12T12:29:00,"{""method"": ""password+mfa"", ""outcome"": ""success""}"
AUD-0003187,USR-MER-0014-01,LOGIN,MERCHANT_SESSION,MER-0014,2026-07-12T14:06:00,"{""method"": ""password+mfa"", ""outcome"": ""success""}"
AUD-0003188,USR-MER-0005-01,VIEW_ANALYTICS,MERCHANT_DASHBOARD,MER-0005,2026-07-12T17:41:00,"{""filters_applied"": 2, ""view"": ""customer_detail""}"
AUD-0003189,USR-MER-0011-01,LOGIN,MERCHANT_SESSION,MER-0011,2026-07-12T20:32:00,"{""method"": ""password+mfa"", ""outcome"": ""success""}"
AUD-0003190,USR-MER-0017-01,VIEW_ANALYTICS,MERCHANT_DASHBOARD,MER-0017,2026-07-12T20:43:00,"{""filters_applied"": 4, ""view"": ""segmentation""}"
AUD-0003191,USR-MER-0004-01,LOGIN,MERCHANT_SESSION,MER-0004,2026-07-12T21:02:00,"{""method"": ""password+mfa"", ""outcome"": ""success""}"
AUD-0003192,USR-MER-0016-01,LOGIN,MERCHANT_SESSION,MER-0016,2026-07-12T21:55:00,"{""method"": ""password+mfa"", ""outcome"": ""success""}"
AUD-0003193,SYS-REDEEM,REDEMPTION_REJECTED,REDEMPTION,RED-000688,2026-07-13T02:33:22,"{""discount_applied"": 200.0, ""gross_bill_amount"": 1500.0, ""offer_id"": ""OFR-0025"", ""reason"": ""OFFER_BUDGET_EXHAUSTED"", ""redemption_id"": ""RED-000688"", ""transaction_id"": ""TXN-0013771""}"
AUD-0003194,SYS-REDEEM,REDEMPTION_REJECTED,REDEMPTION,RED-000689,2026-07-13T02:57:42,"{""discount_applied"": 200.0, ""gross_bill_amount"": 1500.0, ""offer_id"": ""OFR-0025"", ""reason"": ""OFFER_BUDGET_EXHAUSTED"", ""redemption_id"": ""RED-000689"", ""transaction_id"": ""TXN-0013772""}"
AUD-0003195,SYS-REDEEM,REDEMPTION_CONFIRMED,REDEMPTION,RED-000690,2026-07-13T07:06:17,"{""discount_applied"": 721.88, ""gross_bill_amount"": 721.88, ""offer_id"": ""OFR-0073"", ""redemption_id"": ""RED-000690"", ""transaction_id"": ""TXN-0013774""}"
AUD-0003196,USR-MER-0013-01,VIEW_ANALYTICS,MERCHANT_DASHBOARD,MER-0013,2026-07-13T09:21:00,"{""filters_applied"": 4, ""view"": ""customer_detail""}"
AUD-0003197,USR-MER-0017-01,VIEW_ANALYTICS,MERCHANT_DASHBOARD,MER-0017,2026-07-13T09:39:00,"{""filters_applied"": 4, ""view"": ""redemption_log""}"
AUD-0003198,USR-MER-0002-01,VIEW_ANALYTICS,MERCHANT_DASHBOARD,MER-0002,2026-07-13T09:46:00,"{""filters_applied"": 2, ""view"": ""segmentation""}"
AUD-0003199,SYS-REDEEM,REDEMPTION_REJECTED,REDEMPTION,RED-000691,2026-07-13T12:02:49,"{""discount_applied"": 200.0, ""gross_bill_amount"": 2485.04, ""offer_id"": ""OFR-0025"", ""reason"": ""OFFER_BUDGET_EXHAUSTED"", ""redemption_id"": ""RED-000691"", ""transaction_id"": ""TXN-0013794""}"
AUD-0003200,SYS-AI-COPY,GENERATE_AI_CONTENT,CAMPAIGN,CPN-0039,2026-07-13T12:12:00,"{""model"": ""template-fallback-v1"", ""output_chars"": 173, ""prompt_version"": ""p2.0""}"
AUD-0003201,USR-MER-0015-01,LOGIN,MERCHANT_SESSION,MER-0015,2026-07-13T12:22:00,"{""method"": ""password+mfa"", ""outcome"": ""success""}"
AUD-0003202,USR-MER-0008-01,CREATE_CAMPAIGN,CAMPAIGN,CPN-0039,2026-07-13T13:15:00,"{""merchant_id"": ""MER-0008"", ""objective"": ""REACTIVATE_INACTIVE"", ""offer_id"": ""OFR-0059""}"
AUD-0003203,USR-MER-0005-01,VIEW_ANALYTICS,MERCHANT_DASHBOARD,MER-0005,2026-07-13T13:16:00,"{""filters_applied"": 3, ""view"": ""customer_detail""}"
AUD-0003204,USR-MER-0003-01,VIEW_ANALYTICS,MERCHANT_DASHBOARD,MER-0003,2026-07-13T14:25:00,"{""filters_applied"": 0, ""view"": ""campaign_performance""}"
AUD-0003205,USR-MER-0006-01,VIEW_ANALYTICS,MERCHANT_DASHBOARD,MER-0006,2026-07-13T15:32:00,"{""filters_applied"": 0, ""view"": ""segmentation""}"
AUD-0003206,SYS-REDEEM,REDEMPTION_CONFIRMED,REDEMPTION,RED-000692,2026-07-13T16:05:53,"{""discount_applied"": 640.0, ""gross_bill_amount"": 3921.0, ""offer_id"": ""OFR-0048"", ""redemption_id"": ""RED-000692"", ""transaction_id"": ""TXN-0013806""}"
AUD-0003207,SYS-REDEEM,REDEMPTION_REJECTED,REDEMPTION,RED-000693,2026-07-13T16:22:53,"{""discount_applied"": 640.0, ""gross_bill_amount"": 3921.0, ""offer_id"": ""OFR-0048"", ""reason"": ""DUPLICATE_REDEMPTION"", ""redemption_id"": ""RED-000693"", ""transaction_id"": ""TXN-0013806""}"
AUD-0003208,USR-MER-0008-01,VIEW_ANALYTICS,MERCHANT_DASHBOARD,MER-0008,2026-07-13T17:03:00,"{""filters_applied"": 3, ""view"": ""redemption_log""}"
AUD-0003209,SYS-REDEEM,REDEMPTION_REJECTED,REDEMPTION,RED-000694,2026-07-13T18:05:38,"{""discount_applied"": 200.0, ""gross_bill_amount"": 1500.0, ""offer_id"": ""OFR-0025"", ""reason"": ""OFFER_BUDGET_EXHAUSTED"", ""redemption_id"": ""RED-000694"", ""transaction_id"": ""TXN-0013818""}"
AUD-0003210,USR-MER-0001-01,LOGIN,MERCHANT_SESSION,MER-0001,2026-07-13T18:36:00,"{""method"": ""password+mfa"", ""outcome"": ""success""}"
AUD-0003211,SYS-REDEEM,REDEMPTION_CONFIRMED,REDEMPTION,RED-000695,2026-07-14T03:55:17,"{""discount_applied"": 536.98, ""gross_bill_amount"": 2684.9, ""offer_id"": ""OFR-0048"", ""redemption_id"": ""RED-000695"", ""transaction_id"": ""TXN-0013829""}"
AUD-0003212,USR-MER-0004-01,LOGIN,MERCHANT_SESSION,MER-0004,2026-07-14T08:32:00,"{""method"": ""password+mfa"", ""outcome"": ""success""}"
AUD-0003213,SYS-REDEEM,REDEMPTION_CONFIRMED,REDEMPTION,RED-000696,2026-07-14T10:32:10,"{""discount_applied"": 1500.0, ""gross_bill_amount"": 2536.37, ""offer_id"": ""OFR-0073"", ""redemption_id"": ""RED-000696"", ""transaction_id"": ""TXN-0013835""}"
AUD-0003214,USR-MER-0015-01,LOGIN,MERCHANT_SESSION,MER-0015,2026-07-14T10:34:00,"{""method"": ""password+mfa"", ""outcome"": ""success""}"
AUD-0003215,USR-MER-0013-01,LOGIN,MERCHANT_SESSION,MER-0013,2026-07-14T12:09:00,"{""method"": ""password+mfa"", ""outcome"": ""success""}"
AUD-0003216,USR-MER-0001-01,VIEW_ANALYTICS,MERCHANT_DASHBOARD,MER-0001,2026-07-14T12:24:00,"{""filters_applied"": 1, ""view"": ""campaign_performance""}"
AUD-0003217,USR-MER-0005-01,LOGIN,MERCHANT_SESSION,MER-0005,2026-07-14T12:26:00,"{""method"": ""password+mfa"", ""outcome"": ""success""}"
AUD-0003218,SYS-AI-COPY,GENERATE_AI_CONTENT,CAMPAIGN,CPN-0064,2026-07-14T12:27:00,"{""model"": ""mock-copywriter-v1"", ""output_chars"": 238, ""prompt_version"": ""p1.1""}"
AUD-0003219,USR-MER-0014-01,CREATE_CAMPAIGN,CAMPAIGN,CPN-0064,2026-07-14T12:40:00,"{""merchant_id"": ""MER-0014"", ""objective"": ""WELCOME_NEW_CUSTOMERS"", ""offer_id"": ""OFR-0084""}"
AUD-0003220,USR-MER-0018-01,VIEW_ANALYTICS,MERCHANT_DASHBOARD,MER-0018,2026-07-14T13:44:00,"{""filters_applied"": 0, ""view"": ""segmentation""}"
AUD-0003221,USR-MER-0005-01,LOGIN,MERCHANT_SESSION,MER-0005,2026-07-14T15:03:00,"{""method"": ""password+mfa"", ""outcome"": ""success""}"
AUD-0003222,USR-MER-0005-01,VIEW_ANALYTICS,MERCHANT_DASHBOARD,MER-0005,2026-07-14T16:02:00,"{""filters_applied"": 4, ""view"": ""campaign_performance""}"
AUD-0003223,USR-MER-0008-01,REJECT_CAMPAIGN,CAMPAIGN,CPN-0039,2026-07-14T17:01:00,"{""campaign_id"": ""CPN-0039""}"
AUD-0003224,USR-MER-0005-01,LOGIN,MERCHANT_SESSION,MER-0005,2026-07-14T17:49:00,"{""method"": ""password+mfa"", ""outcome"": ""success""}"
AUD-0003225,USR-MER-0014-01,VIEW_ANALYTICS,MERCHANT_DASHBOARD,MER-0014,2026-07-14T19:39:00,"{""filters_applied"": 4, ""view"": ""customer_detail""}"
AUD-0003226,USR-MER-0012-01,VIEW_ANALYTICS,MERCHANT_DASHBOARD,MER-0012,2026-07-14T21:16:00,"{""filters_applied"": 0, ""view"": ""redemption_log""}"
AUD-0003227,USR-MER-0004-01,LOGIN,MERCHANT_SESSION,MER-0004,2026-07-14T21:42:00,"{""method"": ""password+mfa"", ""outcome"": ""success""}"
AUD-0003228,SYS-REDEEM,REDEMPTION_REJECTED,REDEMPTION,RED-000697,2026-07-14T21:51:16,"{""discount_applied"": 200.0, ""gross_bill_amount"": 1548.72, ""offer_id"": ""OFR-0025"", ""reason"": ""OFFER_BUDGET_EXHAUSTED"", ""redemption_id"": ""RED-000697"", ""transaction_id"": ""TXN-0013869""}"
AUD-0003229,SYS-REDEEM,REDEMPTION_REJECTED,REDEMPTION,RED-000698,2026-07-15T05:46:05,"{""discount_applied"": 200.0, ""gross_bill_amount"": 1500.0, ""offer_id"": ""OFR-0025"", ""reason"": ""OFFER_BUDGET_EXHAUSTED"", ""redemption_id"": ""RED-000698"", ""transaction_id"": ""TXN-0013870""}"
AUD-0003230,SYS-REDEEM,REDEMPTION_CONFIRMED,REDEMPTION,RED-000699,2026-07-15T08:06:21,"{""discount_applied"": 572.79, ""gross_bill_amount"": 572.79, ""offer_id"": ""OFR-0073"", ""redemption_id"": ""RED-000699"", ""transaction_id"": ""TXN-0013871""}"
AUD-0003231,SYS-REDEEM,REDEMPTION_REJECTED,REDEMPTION,RED-000700,2026-07-15T08:14:21,"{""discount_applied"": 572.79, ""gross_bill_amount"": 572.79, ""offer_id"": ""OFR-0073"", ""reason"": ""DUPLICATE_REDEMPTION"", ""redemption_id"": ""RED-000700"", ""transaction_id"": ""TXN-0013871""}"
AUD-0003232,USR-MER-0006-01,VIEW_ANALYTICS,MERCHANT_DASHBOARD,MER-0006,2026-07-15T08:36:00,"{""filters_applied"": 2, ""view"": ""customer_detail""}"
AUD-0003233,USR-MER-0014-01,VIEW_ANALYTICS,MERCHANT_DASHBOARD,MER-0014,2026-07-15T08:41:00,"{""filters_applied"": 0, ""view"": ""redemption_log""}"
AUD-0003234,USR-MER-0013-01,VIEW_ANALYTICS,MERCHANT_DASHBOARD,MER-0013,2026-07-15T08:47:00,"{""filters_applied"": 1, ""view"": ""customer_detail""}"
AUD-0003235,USR-MER-0002-01,CREATE_OFFER,OFFER,OFR-0037,2026-07-15T09:36:00,"{""budget"": 25542.2, ""discount_type"": ""FIXED"", ""discount_value"": 400.0, ""merchant_id"": ""MER-0002"", ""minimum_spend"": 899.0}"
AUD-0003236,USR-MER-0003-01,LOGIN,MERCHANT_SESSION,MER-0003,2026-07-15T10:03:00,"{""method"": ""password+mfa"", ""outcome"": ""success""}"
AUD-0003237,USR-MER-0013-01,VIEW_ANALYTICS,MERCHANT_DASHBOARD,MER-0013,2026-07-15T10:09:00,"{""filters_applied"": 4, ""view"": ""redemption_log""}"
AUD-0003238,SYS-REDEEM,REDEMPTION_CONFIRMED,REDEMPTION,RED-000701,2026-07-15T13:12:37,"{""discount_applied"": 713.99, ""gross_bill_amount"": 713.99, ""offer_id"": ""OFR-0073"", ""redemption_id"": ""RED-000701"", ""transaction_id"": ""TXN-0013892""}"
AUD-0003239,SYS-REDEEM,REDEMPTION_REJECTED,REDEMPTION,RED-000702,2026-07-15T14:26:32,"{""discount_applied"": 200.0, ""gross_bill_amount"": 1500.0, ""offer_id"": ""OFR-0025"", ""reason"": ""OFFER_BUDGET_EXHAUSTED"", ""redemption_id"": ""RED-000702"", ""transaction_id"": ""TXN-0013898""}"
AUD-0003240,USR-MER-0008-01,LOGIN,MERCHANT_SESSION,MER-0008,2026-07-15T14:39:00,"{""method"": ""password+mfa"", ""outcome"": ""success""}"
AUD-0003241,USR-MER-0008-01,LOGIN,MERCHANT_SESSION,MER-0008,2026-07-15T18:21:00,"{""method"": ""password+mfa"", ""outcome"": ""success""}"
AUD-0003242,USR-MER-0018-01,LOGIN,MERCHANT_SESSION,MER-0018,2026-07-15T18:42:00,"{""method"": ""password+mfa"", ""outcome"": ""success""}"
AUD-0003243,USR-MER-0014-01,VIEW_ANALYTICS,MERCHANT_DASHBOARD,MER-0014,2026-07-15T19:18:00,"{""filters_applied"": 0, ""view"": ""campaign_performance""}"
AUD-0003244,USR-MER-0001-01,VIEW_ANALYTICS,MERCHANT_DASHBOARD,MER-0001,2026-07-15T20:04:00,"{""filters_applied"": 1, ""view"": ""redemption_log""}"
AUD-0003245,SYS-REDEEM,REDEMPTION_CONFIRMED,REDEMPTION,RED-000703,2026-07-15T20:34:58,"{""discount_applied"": 640.0, ""gross_bill_amount"": 3300.0, ""offer_id"": ""OFR-0048"", ""redemption_id"": ""RED-000703"", ""transaction_id"": ""TXN-0013932""}"
AUD-0003246,USR-MER-0014-01,LOGIN,MERCHANT_SESSION,MER-0014,2026-07-15T20:42:00,"{""method"": ""password+mfa"", ""outcome"": ""success""}"
AUD-0003247,USR-MER-0003-01,VIEW_ANALYTICS,MERCHANT_DASHBOARD,MER-0003,2026-07-15T21:25:00,"{""filters_applied"": 3, ""view"": ""campaign_performance""}"
AUD-0003248,SYS-REDEEM,REDEMPTION_CONFIRMED,REDEMPTION,RED-000704,2026-07-16T01:47:06,"{""discount_applied"": 400.0, ""gross_bill_amount"": 2000.0, ""offer_id"": ""OFR-0048"", ""redemption_id"": ""RED-000704"", ""transaction_id"": ""TXN-0013935""}"
AUD-0003249,SYS-REDEEM,REDEMPTION_CONFIRMED,REDEMPTION,RED-000705,2026-07-16T07:45:12,"{""discount_applied"": 532.97, ""gross_bill_amount"": 2664.87, ""offer_id"": ""OFR-0048"", ""redemption_id"": ""RED-000705"", ""transaction_id"": ""TXN-0013938""}"
AUD-0003250,USR-MER-0001-01,VIEW_ANALYTICS,MERCHANT_DASHBOARD,MER-0001,2026-07-16T08:54:00,"{""filters_applied"": 4, ""view"": ""customer_detail""}"
AUD-0003251,USR-MER-0015-01,LOGIN,MERCHANT_SESSION,MER-0015,2026-07-16T09:47:00,"{""method"": ""password+mfa"", ""outcome"": ""success""}"
AUD-0003252,USR-MER-0008-01,LOGIN,MERCHANT_SESSION,MER-0008,2026-07-16T10:30:00,"{""method"": ""password+mfa"", ""outcome"": ""success""}"
AUD-0003253,SYS-AI-COPY,GENERATE_AI_CONTENT,CAMPAIGN,CPN-0017,2026-07-16T10:46:00,"{""model"": ""mock-copywriter-v1"", ""output_chars"": 307, ""prompt_version"": ""p2.0""}"
AUD-0003254,USR-MER-0002-01,CREATE_CAMPAIGN,CAMPAIGN,CPN-0017,2026-07-16T12:02:00,"{""merchant_id"": ""MER-0002"", ""objective"": ""PROMOTE_HIGH_VALUE_OFFER"", ""offer_id"": ""OFR-0037""}"
AUD-0003255,USR-MER-0018-01,VIEW_ANALYTICS,MERCHANT_DASHBOARD,MER-0018,2026-07-16T12:36:00,"{""filters_applied"": 3, ""view"": ""campaign_performance""}"
AUD-0003256,USR-MER-0008-01,VIEW_ANALYTICS,MERCHANT_DASHBOARD,MER-0008,2026-07-16T13:10:00,"{""filters_applied"": 1, ""view"": ""redemption_log""}"
AUD-0003257,USR-MER-0014-01,APPROVE_CAMPAIGN,CAMPAIGN,CPN-0064,2026-07-16T13:18:00,"{""campaign_id"": ""CPN-0064""}"
AUD-0003258,USR-MER-0008-01,LOGIN,MERCHANT_SESSION,MER-0008,2026-07-16T13:34:00,"{""method"": ""password+mfa"", ""outcome"": ""success""}"
AUD-0003259,USR-MER-0015-01,LOGIN,MERCHANT_SESSION,MER-0015,2026-07-16T14:43:00,"{""method"": ""password+mfa"", ""outcome"": ""success""}"
AUD-0003260,USR-MER-0013-01,VIEW_ANALYTICS,MERCHANT_DASHBOARD,MER-0013,2026-07-16T15:04:00,"{""filters_applied"": 4, ""view"": ""campaign_performance""}"
AUD-0003261,USR-MER-0003-01,VIEW_ANALYTICS,MERCHANT_DASHBOARD,MER-0003,2026-07-16T15:11:00,"{""filters_applied"": 3, ""view"": ""redemption_log""}"
AUD-0003262,USR-MER-0018-01,VIEW_ANALYTICS,MERCHANT_DASHBOARD,MER-0018,2026-07-16T15:28:00,"{""filters_applied"": 1, ""view"": ""redemption_log""}"
AUD-0003263,USR-MER-0003-01,LOGIN,MERCHANT_SESSION,MER-0003,2026-07-16T18:15:00,"{""method"": ""password+mfa"", ""outcome"": ""success""}"
AUD-0003264,USR-MER-0007-01,VIEW_ANALYTICS,MERCHANT_DASHBOARD,MER-0007,2026-07-16T18:21:00,"{""filters_applied"": 0, ""view"": ""segmentation""}"
AUD-0003265,USR-MER-0001-01,LOGIN,MERCHANT_SESSION,MER-0001,2026-07-16T18:58:00,"{""method"": ""password+mfa"", ""outcome"": ""success""}"
AUD-0003266,USR-MER-0012-01,LOGIN,MERCHANT_SESSION,MER-0012,2026-07-16T20:16:00,"{""method"": ""password+mfa"", ""outcome"": ""success""}"
AUD-0003267,USR-MER-0013-01,LOGIN,MERCHANT_SESSION,MER-0013,2026-07-16T21:07:00,"{""method"": ""password+mfa"", ""outcome"": ""success""}"
AUD-0003268,SYS-REDEEM,REDEMPTION_CONFIRMED,REDEMPTION,RED-000706,2026-07-17T06:37:19,"{""discount_applied"": 1084.31, ""gross_bill_amount"": 1084.31, ""offer_id"": ""OFR-0073"", ""redemption_id"": ""RED-000706"", ""transaction_id"": ""TXN-0013986""}"
AUD-0003269,USR-MER-0012-01,LOGIN,MERCHANT_SESSION,MER-0012,2026-07-17T08:31:00,"{""method"": ""password+mfa"", ""outcome"": ""success""}"
AUD-0003270,USR-MER-0002-01,VIEW_ANALYTICS,MERCHANT_DASHBOARD,MER-0002,2026-07-17T09:12:00,"{""filters_applied"": 4, ""view"": ""customer_detail""}"
AUD-0003271,USR-MER-0010-01,LOGIN,MERCHANT_SESSION,MER-0010,2026-07-17T13:15:00,"{""method"": ""password+mfa"", ""outcome"": ""success""}"
AUD-0003272,USR-MER-0005-01,VIEW_ANALYTICS,MERCHANT_DASHBOARD,MER-0005,2026-07-17T13:27:00,"{""filters_applied"": 4, ""view"": ""segmentation""}"
AUD-0003273,USR-MER-0012-01,VIEW_ANALYTICS,MERCHANT_DASHBOARD,MER-0012,2026-07-17T14:26:00,"{""filters_applied"": 2, ""view"": ""redemption_log""}"
AUD-0003274,USR-MER-0005-01,LOGIN,MERCHANT_SESSION,MER-0005,2026-07-17T15:03:00,"{""method"": ""password+mfa"", ""outcome"": ""success""}"
AUD-0003275,USR-MER-0006-01,LOGIN,MERCHANT_SESSION,MER-0006,2026-07-17T15:14:00,"{""method"": ""password+mfa"", ""outcome"": ""success""}"
AUD-0003276,USR-MER-0013-01,VIEW_ANALYTICS,MERCHANT_DASHBOARD,MER-0013,2026-07-17T16:13:00,"{""filters_applied"": 0, ""view"": ""segmentation""}"
AUD-0003277,USR-MER-0009-01,LOGIN,MERCHANT_SESSION,MER-0009,2026-07-17T17:05:00,"{""method"": ""password+mfa"", ""outcome"": ""success""}"
AUD-0003278,USR-MER-0003-01,LOGIN,MERCHANT_SESSION,MER-0003,2026-07-17T19:08:00,"{""method"": ""password+mfa"", ""outcome"": ""success""}"
AUD-0003279,USR-MER-0002-01,APPROVE_CAMPAIGN,CAMPAIGN,CPN-0017,2026-07-17T19:35:00,"{""campaign_id"": ""CPN-0017""}"
AUD-0003280,USR-MER-0007-01,VIEW_ANALYTICS,MERCHANT_DASHBOARD,MER-0007,2026-07-17T20:19:00,"{""filters_applied"": 1, ""view"": ""customer_detail""}"
AUD-0003281,USR-MER-0014-01,LOGIN,MERCHANT_SESSION,MER-0014,2026-07-17T20:26:00,"{""method"": ""password+mfa"", ""outcome"": ""success""}"
AUD-0003282,USR-MER-0003-01,LOGIN,MERCHANT_SESSION,MER-0003,2026-07-17T21:02:00,"{""method"": ""password+mfa"", ""outcome"": ""success""}"
AUD-0003283,USR-MER-0012-01,VIEW_ANALYTICS,MERCHANT_DASHBOARD,MER-0012,2026-07-18T08:53:00,"{""filters_applied"": 4, ""view"": ""segmentation""}"
AUD-0003284,USR-MER-0014-01,LOGIN,MERCHANT_SESSION,MER-0014,2026-07-18T08:55:00,"{""method"": ""password+mfa"", ""outcome"": ""success""}"
AUD-0003285,USR-MER-0016-01,VIEW_ANALYTICS,MERCHANT_DASHBOARD,MER-0016,2026-07-18T09:49:00,"{""filters_applied"": 3, ""view"": ""campaign_performance""}"
AUD-0003286,USR-MER-0011-01,VIEW_ANALYTICS,MERCHANT_DASHBOARD,MER-0011,2026-07-18T10:22:00,"{""filters_applied"": 2, ""view"": ""campaign_performance""}"
AUD-0003287,USR-MER-0006-01,LOGIN,MERCHANT_SESSION,MER-0006,2026-07-18T11:36:00,"{""method"": ""password+mfa"", ""outcome"": ""success""}"
AUD-0003288,USR-MER-0003-01,VIEW_ANALYTICS,MERCHANT_DASHBOARD,MER-0003,2026-07-18T12:48:00,"{""filters_applied"": 2, ""view"": ""customer_detail""}"
AUD-0003289,USR-MER-0014-01,VIEW_ANALYTICS,MERCHANT_DASHBOARD,MER-0014,2026-07-18T13:26:00,"{""filters_applied"": 0, ""view"": ""segmentation""}"
AUD-0003290,USR-MER-0014-01,LAUNCH_CAMPAIGN,CAMPAIGN,CPN-0064,2026-07-18T15:11:00,"{""campaign_id"": ""CPN-0064""}"
AUD-0003291,USR-MER-0005-01,VIEW_ANALYTICS,MERCHANT_DASHBOARD,MER-0005,2026-07-18T15:42:00,"{""filters_applied"": 2, ""view"": ""redemption_log""}"
AUD-0003292,USR-MER-0009-01,LOGIN,MERCHANT_SESSION,MER-0009,2026-07-18T17:15:00,"{""method"": ""password+mfa"", ""outcome"": ""success""}"
AUD-0003293,USR-MER-0006-01,LOGIN,MERCHANT_SESSION,MER-0006,2026-07-18T17:32:00,"{""method"": ""password+mfa"", ""outcome"": ""success""}"
AUD-0003294,USR-MER-0006-01,LOGIN,MERCHANT_SESSION,MER-0006,2026-07-18T19:10:00,"{""method"": ""password+mfa"", ""outcome"": ""success""}"
AUD-0003295,USR-MER-0007-01,LOGIN,MERCHANT_SESSION,MER-0007,2026-07-18T20:14:00,"{""method"": ""password+mfa"", ""outcome"": ""success""}"
AUD-0003296,USR-MER-0006-01,LOGIN,MERCHANT_SESSION,MER-0006,2026-07-18T21:41:00,"{""method"": ""password+mfa"", ""outcome"": ""success""}"
AUD-0003297,SYS-REDEEM,REDEMPTION_CONFIRMED,REDEMPTION,RED-000707,2026-07-19T01:38:46,"{""discount_applied"": 137.7, ""gross_bill_amount"": 2754.0, ""offer_id"": ""OFR-0084"", ""redemption_id"": ""RED-000707"", ""transaction_id"": ""TXN-0014067""}"
AUD-0003298,SYS-REDEEM,REDEMPTION_CONFIRMED,REDEMPTION,RED-000708,2026-07-19T02:46:46,"{""discount_applied"": 42.23, ""gross_bill_amount"": 844.52, ""offer_id"": ""OFR-0084"", ""redemption_id"": ""RED-000708"", ""transaction_id"": ""TXN-0014068""}"
AUD-0003299,SYS-REDEEM,REDEMPTION_CONFIRMED,REDEMPTION,RED-000709,2026-07-19T02:48:12,"{""discount_applied"": 110.1, ""gross_bill_amount"": 2202.0, ""offer_id"": ""OFR-0084"", ""redemption_id"": ""RED-000709"", ""transaction_id"": ""TXN-0014069""}"
AUD-0003300,USR-MER-0010-01,VIEW_ANALYTICS,MERCHANT_DASHBOARD,MER-0010,2026-07-19T08:05:00,"{""filters_applied"": 1, ""view"": ""customer_detail""}"
AUD-0003301,USR-MER-0011-01,VIEW_ANALYTICS,MERCHANT_DASHBOARD,MER-0011,2026-07-19T09:13:00,"{""filters_applied"": 1, ""view"": ""redemption_log""}"
AUD-0003302,SYS-REDEEM,REDEMPTION_CONFIRMED,REDEMPTION,RED-000710,2026-07-19T09:18:53,"{""discount_applied"": 52.73, ""gross_bill_amount"": 1054.69, ""offer_id"": ""OFR-0084"", ""redemption_id"": ""RED-000710"", ""transaction_id"": ""TXN-0014073""}"
AUD-0003303,USR-MER-0017-01,LOGIN,MERCHANT_SESSION,MER-0017,2026-07-19T12:50:00,"{""method"": ""password+mfa"", ""outcome"": ""success""}"
AUD-0003304,USR-MER-0004-01,LOGIN,MERCHANT_SESSION,MER-0004,2026-07-19T13:52:00,"{""method"": ""password+mfa"", ""outcome"": ""success""}"
AUD-0003305,SYS-AI-COPY,GENERATE_AI_CONTENT,CAMPAIGN,CPN-0042,2026-07-19T17:27:00,"{""model"": ""mock-copywriter-v1"", ""output_chars"": 234, ""prompt_version"": ""p1.1""}"
AUD-0003306,USR-MER-0017-01,LOGIN,MERCHANT_SESSION,MER-0017,2026-07-19T17:35:00,"{""method"": ""password+mfa"", ""outcome"": ""success""}"
AUD-0003307,USR-MER-0005-01,LOGIN,MERCHANT_SESSION,MER-0005,2026-07-19T17:49:00,"{""method"": ""password+mfa"", ""outcome"": ""success""}"
AUD-0003308,USR-MER-0008-01,CREATE_CAMPAIGN,CAMPAIGN,CPN-0042,2026-07-19T17:49:00,"{""merchant_id"": ""MER-0008"", ""objective"": ""REACTIVATE_INACTIVE"", ""offer_id"": ""OFR-0062""}"
AUD-0003309,USR-MER-0002-01,VIEW_ANALYTICS,MERCHANT_DASHBOARD,MER-0002,2026-07-19T18:38:00,"{""filters_applied"": 1, ""view"": ""customer_detail""}"
AUD-0003310,USR-MER-0002-01,LOGIN,MERCHANT_SESSION,MER-0002,2026-07-19T18:55:00,"{""method"": ""password+mfa"", ""outcome"": ""success""}"
AUD-0003311,USR-MER-0004-01,VIEW_ANALYTICS,MERCHANT_DASHBOARD,MER-0004,2026-07-19T20:06:00,"{""filters_applied"": 2, ""view"": ""redemption_log""}"
AUD-0003312,USR-MER-0010-01,VIEW_ANALYTICS,MERCHANT_DASHBOARD,MER-0010,2026-07-19T20:19:00,"{""filters_applied"": 0, ""view"": ""customer_detail""}"
AUD-0003313,SYS-REDEEM,REDEMPTION_CONFIRMED,REDEMPTION,RED-000711,2026-07-20T04:27:16,"{""discount_applied"": 39.48, ""gross_bill_amount"": 789.68, ""offer_id"": ""OFR-0084"", ""redemption_id"": ""RED-000711"", ""transaction_id"": ""TXN-0014116""}"
AUD-0003314,USR-MER-0002-01,VIEW_ANALYTICS,MERCHANT_DASHBOARD,MER-0002,2026-07-20T09:14:00,"{""filters_applied"": 4, ""view"": ""campaign_performance""}"
AUD-0003315,USR-MER-0005-01,LOGIN,MERCHANT_SESSION,MER-0005,2026-07-20T09:52:00,"{""method"": ""password+mfa"", ""outcome"": ""success""}"
AUD-0003316,USR-MER-0006-01,VIEW_ANALYTICS,MERCHANT_DASHBOARD,MER-0006,2026-07-20T11:30:00,"{""filters_applied"": 3, ""view"": ""segmentation""}"
AUD-0003317,USR-MER-0017-01,VIEW_ANALYTICS,MERCHANT_DASHBOARD,MER-0017,2026-07-20T12:59:00,"{""filters_applied"": 2, ""view"": ""customer_detail""}"
AUD-0003318,USR-MER-0017-01,VIEW_ANALYTICS,MERCHANT_DASHBOARD,MER-0017,2026-07-20T13:31:00,"{""filters_applied"": 2, ""view"": ""campaign_performance""}"
AUD-0003319,USR-MER-0015-01,LOGIN,MERCHANT_SESSION,MER-0015,2026-07-20T13:41:00,"{""method"": ""password+mfa"", ""outcome"": ""success""}"
AUD-0003320,USR-MER-0014-01,VIEW_ANALYTICS,MERCHANT_DASHBOARD,MER-0014,2026-07-20T14:48:00,"{""filters_applied"": 4, ""view"": ""customer_detail""}"
AUD-0003321,USR-MER-0009-01,LOGIN,MERCHANT_SESSION,MER-0009,2026-07-20T14:55:00,"{""method"": ""password+mfa"", ""outcome"": ""success""}"
AUD-0003322,USR-MER-0011-01,VIEW_ANALYTICS,MERCHANT_DASHBOARD,MER-0011,2026-07-20T18:29:00,"{""filters_applied"": 4, ""view"": ""redemption_log""}"
AUD-0003323,USR-MER-0009-01,LOGIN,MERCHANT_SESSION,MER-0009,2026-07-20T19:58:00,"{""method"": ""password+mfa"", ""outcome"": ""success""}"
AUD-0003324,USR-MER-0010-01,LOGIN,MERCHANT_SESSION,MER-0010,2026-07-20T20:48:00,"{""method"": ""password+mfa"", ""outcome"": ""success""}"
AUD-0003325,USR-MER-0008-01,APPROVE_CAMPAIGN,CAMPAIGN,CPN-0042,2026-07-21T05:53:00,"{""campaign_id"": ""CPN-0042""}"
AUD-0003326,USR-MER-0001-01,LOGIN,MERCHANT_SESSION,MER-0001,2026-07-21T08:44:00,"{""method"": ""password+mfa"", ""outcome"": ""success""}"
AUD-0003327,USR-MER-0010-01,VIEW_ANALYTICS,MERCHANT_DASHBOARD,MER-0010,2026-07-21T08:45:00,"{""filters_applied"": 1, ""view"": ""customer_detail""}"
AUD-0003328,USR-MER-0010-01,LOGIN,MERCHANT_SESSION,MER-0010,2026-07-21T10:36:00,"{""method"": ""password+mfa"", ""outcome"": ""success""}"
AUD-0003329,USR-MER-0012-01,VIEW_ANALYTICS,MERCHANT_DASHBOARD,MER-0012,2026-07-21T11:01:00,"{""filters_applied"": 2, ""view"": ""redemption_log""}"
AUD-0003330,SYS-REDEEM,REDEMPTION_CONFIRMED,REDEMPTION,RED-000712,2026-07-21T12:56:06,"{""discount_applied"": 127.0, ""gross_bill_amount"": 2540.0, ""offer_id"": ""OFR-0084"", ""redemption_id"": ""RED-000712"", ""transaction_id"": ""TXN-0014186""}"
AUD-0003331,USR-MER-0012-01,VIEW_ANALYTICS,MERCHANT_DASHBOARD,MER-0012,2026-07-21T13:14:00,"{""filters_applied"": 1, ""view"": ""segmentation""}"
AUD-0003332,USR-MER-0011-01,VIEW_ANALYTICS,MERCHANT_DASHBOARD,MER-0011,2026-07-21T13:43:00,"{""filters_applied"": 2, ""view"": ""redemption_log""}"
AUD-0003333,USR-MER-0006-01,VIEW_ANALYTICS,MERCHANT_DASHBOARD,MER-0006,2026-07-21T14:05:00,"{""filters_applied"": 0, ""view"": ""redemption_log""}"
AUD-0003334,USR-MER-0016-01,VIEW_ANALYTICS,MERCHANT_DASHBOARD,MER-0016,2026-07-21T15:11:00,"{""filters_applied"": 2, ""view"": ""segmentation""}"
AUD-0003335,USR-MER-0009-01,LOGIN,MERCHANT_SESSION,MER-0009,2026-07-21T18:27:00,"{""method"": ""password+mfa"", ""outcome"": ""success""}"
AUD-0003336,USR-MER-0007-01,VIEW_ANALYTICS,MERCHANT_DASHBOARD,MER-0007,2026-07-21T19:18:00,"{""filters_applied"": 2, ""view"": ""redemption_log""}"
AUD-0003337,USR-MER-0017-01,VIEW_ANALYTICS,MERCHANT_DASHBOARD,MER-0017,2026-07-21T19:23:00,"{""filters_applied"": 3, ""view"": ""redemption_log""}"
AUD-0003338,USR-MER-0001-01,VIEW_ANALYTICS,MERCHANT_DASHBOARD,MER-0001,2026-07-21T20:04:00,"{""filters_applied"": 2, ""view"": ""campaign_performance""}"
AUD-0003339,USR-MER-0014-01,LOGIN,MERCHANT_SESSION,MER-0014,2026-07-21T20:12:00,"{""method"": ""password+mfa"", ""outcome"": ""success""}"
AUD-0003340,USR-MER-0018-01,LOGIN,MERCHANT_SESSION,MER-0018,2026-07-21T21:06:00,"{""method"": ""password+mfa"", ""outcome"": ""success""}"
AUD-0003341,USR-MER-0012-01,LOGIN,MERCHANT_SESSION,MER-0012,2026-07-21T21:39:00,"{""method"": ""password+mfa"", ""outcome"": ""success""}"
AUD-0003342,USR-MER-0015-01,VIEW_ANALYTICS,MERCHANT_DASHBOARD,MER-0015,2026-07-21T21:51:00,"{""filters_applied"": 4, ""view"": ""customer_detail""}"
AUD-0003343,USR-MER-0009-01,VIEW_ANALYTICS,MERCHANT_DASHBOARD,MER-0009,2026-07-22T09:33:00,"{""filters_applied"": 3, ""view"": ""campaign_performance""}"
AUD-0003344,USR-MER-0003-01,LOGIN,MERCHANT_SESSION,MER-0003,2026-07-22T09:35:00,"{""method"": ""password+mfa"", ""outcome"": ""success""}"
AUD-0003345,USR-MER-0014-01,LOGIN,MERCHANT_SESSION,MER-0014,2026-07-22T09:41:00,"{""method"": ""password+mfa"", ""outcome"": ""success""}"
AUD-0003346,USR-MER-0002-01,VIEW_ANALYTICS,MERCHANT_DASHBOARD,MER-0002,2026-07-22T10:45:00,"{""filters_applied"": 3, ""view"": ""segmentation""}"
AUD-0003347,USR-MER-0004-01,VIEW_ANALYTICS,MERCHANT_DASHBOARD,MER-0004,2026-07-22T12:38:00,"{""filters_applied"": 3, ""view"": ""campaign_performance""}"
AUD-0003348,USR-MER-0014-01,VIEW_ANALYTICS,MERCHANT_DASHBOARD,MER-0014,2026-07-22T12:40:00,"{""filters_applied"": 3, ""view"": ""customer_detail""}"
AUD-0003349,USR-MER-0006-01,VIEW_ANALYTICS,MERCHANT_DASHBOARD,MER-0006,2026-07-22T13:51:00,"{""filters_applied"": 4, ""view"": ""redemption_log""}"
AUD-0003350,USR-MER-0008-01,VIEW_ANALYTICS,MERCHANT_DASHBOARD,MER-0008,2026-07-22T16:07:00,"{""filters_applied"": 2, ""view"": ""customer_detail""}"
AUD-0003351,USR-MER-0012-01,LOGIN,MERCHANT_SESSION,MER-0012,2026-07-22T17:50:00,"{""method"": ""password+mfa"", ""outcome"": ""success""}"
AUD-0003352,USR-MER-0015-01,LOGIN,MERCHANT_SESSION,MER-0015,2026-07-22T17:58:00,"{""method"": ""password+mfa"", ""outcome"": ""success""}"
AUD-0003353,USR-MER-0011-01,LOGIN,MERCHANT_SESSION,MER-0011,2026-07-22T20:12:00,"{""method"": ""password+mfa"", ""outcome"": ""success""}"
AUD-0003354,SYS-REDEEM,REDEMPTION_CONFIRMED,REDEMPTION,RED-000713,2026-07-23T00:50:02,"{""discount_applied"": 88.15, ""gross_bill_amount"": 1763.0, ""offer_id"": ""OFR-0084"", ""redemption_id"": ""RED-000713"", ""transaction_id"": ""TXN-0014267""}"
AUD-0003355,SYS-REDEEM,REDEMPTION_CONFIRMED,REDEMPTION,RED-000714,2026-07-23T08:37:01,"{""discount_applied"": 53.85, ""gross_bill_amount"": 1077.0, ""offer_id"": ""OFR-0084"", ""redemption_id"": ""RED-000714"", ""transaction_id"": ""TXN-0014273""}"
AUD-0003356,SYS-REDEEM,REDEMPTION_REJECTED,REDEMPTION,RED-000715,2026-07-23T08:55:01,"{""discount_applied"": 53.85, ""gross_bill_amount"": 1077.0, ""offer_id"": ""OFR-0084"", ""reason"": ""DUPLICATE_REDEMPTION"", ""redemption_id"": ""RED-000715"", ""transaction_id"": ""TXN-0014273""}"
AUD-0003357,USR-MER-0009-01,LOGIN,MERCHANT_SESSION,MER-0009,2026-07-23T09:12:00,"{""method"": ""password+mfa"", ""outcome"": ""success""}"
AUD-0003358,USR-MER-0003-01,CREATE_OFFER,OFFER,OFR-0041,2026-07-23T10:06:00,"{""budget"": 37332.51, ""discount_type"": ""FIXED"", ""discount_value"": 2100.0, ""merchant_id"": ""MER-0003"", ""minimum_spend"": 799.0}"
AUD-0003359,USR-MER-0016-01,LOGIN,MERCHANT_SESSION,MER-0016,2026-07-23T10:20:00,"{""method"": ""password+mfa"", ""outcome"": ""success""}"
AUD-0003360,USR-MER-0003-01,LOGIN,MERCHANT_SESSION,MER-0003,2026-07-23T11:08:00,"{""method"": ""password+mfa"", ""outcome"": ""success""}"
AUD-0003361,USR-MER-0011-01,VIEW_ANALYTICS,MERCHANT_DASHBOARD,MER-0011,2026-07-23T11:53:00,"{""filters_applied"": 0, ""view"": ""campaign_performance""}"
AUD-0003362,USR-MER-0002-01,LAUNCH_CAMPAIGN,CAMPAIGN,CPN-0017,2026-07-23T13:35:00,"{""campaign_id"": ""CPN-0017""}"
AUD-0003363,USR-MER-0002-01,VIEW_ANALYTICS,MERCHANT_DASHBOARD,MER-0002,2026-07-23T15:42:00,"{""filters_applied"": 1, ""view"": ""segmentation""}"
AUD-0003364,SYS-AI-COPY,GENERATE_AI_CONTENT,CAMPAIGN,CPN-0021,2026-07-23T17:10:00,"{""model"": ""mock-copywriter-v1"", ""output_chars"": 270, ""prompt_version"": ""p1.2""}"
AUD-0003365,USR-MER-0013-01,VIEW_ANALYTICS,MERCHANT_DASHBOARD,MER-0013,2026-07-23T17:11:00,"{""filters_applied"": 0, ""view"": ""segmentation""}"
AUD-0003366,USR-MER-0001-01,VIEW_ANALYTICS,MERCHANT_DASHBOARD,MER-0001,2026-07-23T17:20:00,"{""filters_applied"": 0, ""view"": ""campaign_performance""}"
AUD-0003367,USR-MER-0003-01,CREATE_CAMPAIGN,CAMPAIGN,CPN-0021,2026-07-23T18:02:00,"{""merchant_id"": ""MER-0003"", ""objective"": ""SEASONAL_PROMOTION"", ""offer_id"": ""OFR-0041""}"
AUD-0003368,USR-MER-0016-01,LOGIN,MERCHANT_SESSION,MER-0016,2026-07-23T18:18:00,"{""method"": ""password+mfa"", ""outcome"": ""success""}"
AUD-0003369,SYS-REDEEM,REDEMPTION_CONFIRMED,REDEMPTION,RED-000716,2026-07-23T19:39:01,"{""discount_applied"": 400.0, ""gross_bill_amount"": 1794.0, ""offer_id"": ""OFR-0037"", ""redemption_id"": ""RED-000716"", ""transaction_id"": ""TXN-0014307""}"
AUD-0003370,SYS-REDEEM,REDEMPTION_CONFIRMED,REDEMPTION,RED-000717,2026-07-23T23:44:03,"{""discount_applied"": 400.0, ""gross_bill_amount"": 2391.0, ""offer_id"": ""OFR-0037"", ""redemption_id"": ""RED-000717"", ""transaction_id"": ""TXN-0014319""}"
AUD-0003371,SYS-REDEEM,REDEMPTION_CONFIRMED,REDEMPTION,RED-000718,2026-07-24T05:41:39,"{""discount_applied"": 400.0, ""gross_bill_amount"": 2405.33, ""offer_id"": ""OFR-0037"", ""redemption_id"": ""RED-000718"", ""transaction_id"": ""TXN-0014320""}"
AUD-0003372,USR-MER-0013-01,LOGIN,MERCHANT_SESSION,MER-0013,2026-07-24T08:52:00,"{""method"": ""password+mfa"", ""outcome"": ""success""}"
AUD-0003373,SYS-REDEEM,REDEMPTION_CONFIRMED,REDEMPTION,RED-000719,2026-07-24T09:42:18,"{""discount_applied"": 400.0, ""gross_bill_amount"": 1611.54, ""offer_id"": ""OFR-0037"", ""redemption_id"": ""RED-000719"", ""transaction_id"": ""TXN-0014329""}"
AUD-0003374,USR-MER-0011-01,VIEW_ANALYTICS,MERCHANT_DASHBOARD,MER-0011,2026-07-24T12:44:00,"{""filters_applied"": 1, ""view"": ""customer_detail""}"
AUD-0003375,USR-MER-0008-01,LOGIN,MERCHANT_SESSION,MER-0008,2026-07-24T12:58:00,"{""method"": ""password+mfa"", ""outcome"": ""success""}"
AUD-0003376,USR-MER-0014-01,VIEW_ANALYTICS,MERCHANT_DASHBOARD,MER-0014,2026-07-24T15:25:00,"{""filters_applied"": 2, ""view"": ""segmentation""}"
AUD-0003377,USR-MER-0011-01,VIEW_ANALYTICS,MERCHANT_DASHBOARD,MER-0011,2026-07-24T15:42:00,"{""filters_applied"": 3, ""view"": ""customer_detail""}"
AUD-0003378,USR-MER-0003-01,LOGIN,MERCHANT_SESSION,MER-0003,2026-07-24T15:48:00,"{""method"": ""password+mfa"", ""outcome"": ""success""}"
AUD-0003379,USR-MER-0010-01,LOGIN,MERCHANT_SESSION,MER-0010,2026-07-24T16:20:00,"{""method"": ""password+mfa"", ""outcome"": ""success""}"
AUD-0003380,USR-MER-0002-01,LOGIN,MERCHANT_SESSION,MER-0002,2026-07-24T16:32:00,"{""method"": ""password+mfa"", ""outcome"": ""success""}"
AUD-0003381,USR-MER-0008-01,LAUNCH_CAMPAIGN,CAMPAIGN,CPN-0042,2026-07-24T17:53:00,"{""campaign_id"": ""CPN-0042""}"
AUD-0003382,USR-MER-0010-01,VIEW_ANALYTICS,MERCHANT_DASHBOARD,MER-0010,2026-07-24T18:08:00,"{""filters_applied"": 4, ""view"": ""customer_detail""}"
AUD-0003383,USR-MER-0009-01,LOGIN,MERCHANT_SESSION,MER-0009,2026-07-24T18:50:00,"{""method"": ""password+mfa"", ""outcome"": ""success""}"
AUD-0003384,SYS-REDEEM,REDEMPTION_CONFIRMED,REDEMPTION,RED-000720,2026-07-24T20:47:58,"{""discount_applied"": 400.0, ""gross_bill_amount"": 1356.98, ""offer_id"": ""OFR-0037"", ""redemption_id"": ""RED-000720"", ""transaction_id"": ""TXN-0014372""}"
AUD-0003385,SYS-REDEEM,REDEMPTION_CONFIRMED,REDEMPTION,RED-000721,2026-07-24T21:59:58,"{""discount_applied"": 2844.5, ""gross_bill_amount"": 28445.01, ""offer_id"": ""OFR-0062"", ""redemption_id"": ""RED-000721"", ""transaction_id"": ""TXN-0014375""}"
AUD-0003386,SYS-REDEEM,REDEMPTION_CONFIRMED,REDEMPTION,RED-000722,2026-07-24T23:50:22,"{""discount_applied"": 400.55, ""gross_bill_amount"": 4005.48, ""offer_id"": ""OFR-0062"", ""redemption_id"": ""RED-000722"", ""transaction_id"": ""TXN-0014376""}"
AUD-0003387,SYS-REDEEM,REDEMPTION_CONFIRMED,REDEMPTION,RED-000723,2026-07-25T00:19:06,"{""discount_applied"": 2179.63, ""gross_bill_amount"": 21796.3, ""offer_id"": ""OFR-0062"", ""redemption_id"": ""RED-000723"", ""transaction_id"": ""TXN-0014377""}"
AUD-0003388,SYS-REDEEM,REDEMPTION_CONFIRMED,REDEMPTION,RED-000724,2026-07-25T01:10:19,"{""discount_applied"": 400.0, ""gross_bill_amount"": 1613.15, ""offer_id"": ""OFR-0037"", ""redemption_id"": ""RED-000724"", ""transaction_id"": ""TXN-0014378""}"
AUD-0003389,SYS-REDEEM,REDEMPTION_CONFIRMED,REDEMPTION,RED-000725,2026-07-25T04:41:11,"{""discount_applied"": 400.0, ""gross_bill_amount"": 3201.0, ""offer_id"": ""OFR-0037"", ""redemption_id"": ""RED-000725"", ""transaction_id"": ""TXN-0014379""}"
AUD-0003390,SYS-REDEEM,REDEMPTION_CONFIRMED,REDEMPTION,RED-000726,2026-07-25T06:54:10,"{""discount_applied"": 400.0, ""gross_bill_amount"": 2060.5, ""offer_id"": ""OFR-0037"", ""redemption_id"": ""RED-000726"", ""transaction_id"": ""TXN-0014380""}"
AUD-0003391,SYS-REDEEM,REDEMPTION_CONFIRMED,REDEMPTION,RED-000727,2026-07-25T08:01:21,"{""discount_applied"": 385.98, ""gross_bill_amount"": 3859.79, ""offer_id"": ""OFR-0062"", ""redemption_id"": ""RED-000727"", ""transaction_id"": ""TXN-0014382""}"
AUD-0003392,USR-MER-0011-01,VIEW_ANALYTICS,MERCHANT_DASHBOARD,MER-0011,2026-07-25T09:25:00,"{""filters_applied"": 1, ""view"": ""segmentation""}"
AUD-0003393,SYS-REDEEM,REDEMPTION_CONFIRMED,REDEMPTION,RED-000728,2026-07-25T09:46:47,"{""discount_applied"": 260.02, ""gross_bill_amount"": 2600.21, ""offer_id"": ""OFR-0062"", ""redemption_id"": ""RED-000728"", ""transaction_id"": ""TXN-0014387""}"
AUD-0003394,SYS-REDEEM,REDEMPTION_CONFIRMED,REDEMPTION,RED-000729,2026-07-25T10:10:51,"{""discount_applied"": 400.0, ""gross_bill_amount"": 3222.44, ""offer_id"": ""OFR-0037"", ""redemption_id"": ""RED-000729"", ""transaction_id"": ""TXN-0014391""}"
AUD-0003395,SYS-REDEEM,REDEMPTION_REJECTED,REDEMPTION,RED-000730,2026-07-25T10:34:51,"{""discount_applied"": 400.0, ""gross_bill_amount"": 3222.44, ""offer_id"": ""OFR-0037"", ""reason"": ""DUPLICATE_REDEMPTION"", ""redemption_id"": ""RED-000730"", ""transaction_id"": ""TXN-0014391""}"
AUD-0003396,SYS-REDEEM,REDEMPTION_CONFIRMED,REDEMPTION,RED-000731,2026-07-25T10:37:49,"{""discount_applied"": 400.0, ""gross_bill_amount"": 1583.39, ""offer_id"": ""OFR-0037"", ""redemption_id"": ""RED-000731"", ""transaction_id"": ""TXN-0014392""}"
AUD-0003397,USR-MER-0016-01,LOGIN,MERCHANT_SESSION,MER-0016,2026-07-25T10:56:00,"{""method"": ""password+mfa"", ""outcome"": ""success""}"
AUD-0003398,SYS-REDEEM,REDEMPTION_CONFIRMED,REDEMPTION,RED-000732,2026-07-25T11:29:53,"{""discount_applied"": 400.0, ""gross_bill_amount"": 1657.0, ""offer_id"": ""OFR-0037"", ""redemption_id"": ""RED-000732"", ""transaction_id"": ""TXN-0014397""}"
AUD-0003399,USR-MER-0003-01,APPROVE_CAMPAIGN,CAMPAIGN,CPN-0021,2026-07-25T12:57:00,"{""campaign_id"": ""CPN-0021""}"
AUD-0003400,SYS-REDEEM,REDEMPTION_CONFIRMED,REDEMPTION,RED-000733,2026-07-25T13:02:22,"{""discount_applied"": 3802.4, ""gross_bill_amount"": 38024.0, ""offer_id"": ""OFR-0062"", ""redemption_id"": ""RED-000733"", ""transaction_id"": ""TXN-0014402""}"
AUD-0003401,USR-MER-0017-01,VIEW_ANALYTICS,MERCHANT_DASHBOARD,MER-0017,2026-07-25T13:15:00,"{""filters_applied"": 2, ""view"": ""customer_detail""}"
AUD-0003402,SYS-REDEEM,REDEMPTION_CONFIRMED,REDEMPTION,RED-000734,2026-07-25T13:15:34,"{""discount_applied"": 459.71, ""gross_bill_amount"": 4597.14, ""offer_id"": ""OFR-0062"", ""redemption_id"": ""RED-000734"", ""transaction_id"": ""TXN-0014404""}"
AUD-0003403,USR-MER-0006-01,VIEW_ANALYTICS,MERCHANT_DASHBOARD,MER-0006,2026-07-25T13:53:00,"{""filters_applied"": 1, ""view"": ""redemption_log""}"
AUD-0003404,SYS-REDEEM,REDEMPTION_CONFIRMED,REDEMPTION,RED-000735,2026-07-25T15:51:35,"{""discount_applied"": 400.0, ""gross_bill_amount"": 2094.0, ""offer_id"": ""OFR-0037"", ""redemption_id"": ""RED-000735"", ""transaction_id"": ""TXN-0014412""}"
AUD-0003405,USR-MER-0018-01,LOGIN,MERCHANT_SESSION,MER-0018,2026-07-25T18:23:00,"{""method"": ""password+mfa"", ""outcome"": ""success""}"
AUD-0003406,USR-MER-0007-01,VIEW_ANALYTICS,MERCHANT_DASHBOARD,MER-0007,2026-07-25T18:57:00,"{""filters_applied"": 3, ""view"": ""customer_detail""}"
AUD-0003407,USR-MER-0010-01,VIEW_ANALYTICS,MERCHANT_DASHBOARD,MER-0010,2026-07-25T20:11:00,"{""filters_applied"": 0, ""view"": ""campaign_performance""}"
AUD-0003408,USR-MER-0009-01,LOGIN,MERCHANT_SESSION,MER-0009,2026-07-25T20:13:00,"{""method"": ""password+mfa"", ""outcome"": ""success""}"
AUD-0003409,USR-MER-0003-01,VIEW_ANALYTICS,MERCHANT_DASHBOARD,MER-0003,2026-07-25T20:33:00,"{""filters_applied"": 0, ""view"": ""customer_detail""}"
AUD-0003410,USR-MER-0003-01,VIEW_ANALYTICS,MERCHANT_DASHBOARD,MER-0003,2026-07-25T20:35:00,"{""filters_applied"": 2, ""view"": ""redemption_log""}"
AUD-0003411,USR-MER-0015-01,VIEW_ANALYTICS,MERCHANT_DASHBOARD,MER-0015,2026-07-25T20:44:00,"{""filters_applied"": 4, ""view"": ""redemption_log""}"
AUD-0003412,SYS-REDEEM,REDEMPTION_CONFIRMED,REDEMPTION,RED-000736,2026-07-26T01:34:58,"{""discount_applied"": 1528.5, ""gross_bill_amount"": 15285.0, ""offer_id"": ""OFR-0062"", ""redemption_id"": ""RED-000736"", ""transaction_id"": ""TXN-0014436""}"
AUD-0003413,SYS-REDEEM,REDEMPTION_CONFIRMED,REDEMPTION,RED-000737,2026-07-26T03:01:14,"{""discount_applied"": 2674.1, ""gross_bill_amount"": 26741.0, ""offer_id"": ""OFR-0062"", ""redemption_id"": ""RED-000737"", ""transaction_id"": ""TXN-0014437""}"
AUD-0003414,USR-MER-0010-01,LOGIN,MERCHANT_SESSION,MER-0010,2026-07-26T08:11:00,"{""method"": ""password+mfa"", ""outcome"": ""success""}"
AUD-0003415,SYS-REDEEM,REDEMPTION_CONFIRMED,REDEMPTION,RED-000738,2026-07-26T08:56:03,"{""discount_applied"": 388.91, ""gross_bill_amount"": 3889.08, ""offer_id"": ""OFR-0062"", ""redemption_id"": ""RED-000738"", ""transaction_id"": ""TXN-0014441""}"
AUD-0003416,SYS-REDEEM,REDEMPTION_CONFIRMED,REDEMPTION,RED-000739,2026-07-26T09:02:39,"{""discount_applied"": 2920.2, ""gross_bill_amount"": 29202.0, ""offer_id"": ""OFR-0062"", ""redemption_id"": ""RED-000739"", ""transaction_id"": ""TXN-0014443""}"
AUD-0003417,USR-MER-0017-01,VIEW_ANALYTICS,MERCHANT_DASHBOARD,MER-0017,2026-07-26T10:02:00,"{""filters_applied"": 2, ""view"": ""customer_detail""}"
AUD-0003418,SYS-REDEEM,REDEMPTION_CONFIRMED,REDEMPTION,RED-000740,2026-07-26T10:50:18,"{""discount_applied"": 2899.1, ""gross_bill_amount"": 28991.0, ""offer_id"": ""OFR-0062"", ""redemption_id"": ""RED-000740"", ""transaction_id"": ""TXN-0014445""}"
AUD-0003419,SYS-REDEEM,REDEMPTION_CONFIRMED,REDEMPTION,RED-000741,2026-07-26T11:39:46,"{""discount_applied"": 429.45, ""gross_bill_amount"": 4294.49, ""offer_id"": ""OFR-0062"", ""redemption_id"": ""RED-000741"", ""transaction_id"": ""TXN-0014449""}"
AUD-0003420,USR-MER-0011-01,LOGIN,MERCHANT_SESSION,MER-0011,2026-07-26T12:21:00,"{""method"": ""password+mfa"", ""outcome"": ""success""}"
AUD-0003421,SYS-REDEEM,REDEMPTION_REJECTED,REDEMPTION,RED-000742,2026-07-26T12:39:46,"{""discount_applied"": 429.45, ""gross_bill_amount"": 4294.49, ""offer_id"": ""OFR-0062"", ""reason"": ""DUPLICATE_REDEMPTION"", ""redemption_id"": ""RED-000742"", ""transaction_id"": ""TXN-0014449""}"
AUD-0003422,USR-MER-0010-01,VIEW_ANALYTICS,MERCHANT_DASHBOARD,MER-0010,2026-07-26T14:17:00,"{""filters_applied"": 1, ""view"": ""customer_detail""}"
AUD-0003423,SYS-REDEEM,REDEMPTION_CONFIRMED,REDEMPTION,RED-000743,2026-07-26T15:17:47,"{""discount_applied"": 2397.07, ""gross_bill_amount"": 23970.71, ""offer_id"": ""OFR-0062"", ""redemption_id"": ""RED-000743"", ""transaction_id"": ""TXN-0014462""}"
AUD-0003424,USR-MER-0001-01,VIEW_ANALYTICS,MERCHANT_DASHBOARD,MER-0001,2026-07-26T16:02:00,"{""filters_applied"": 2, ""view"": ""segmentation""}"
AUD-0003425,USR-MER-0008-01,LOGIN,MERCHANT_SESSION,MER-0008,2026-07-26T16:26:00,"{""method"": ""password+mfa"", ""outcome"": ""success""}"
AUD-0003426,SYS-REDEEM,REDEMPTION_CONFIRMED,REDEMPTION,RED-000744,2026-07-26T16:42:30,"{""discount_applied"": 35.24, ""gross_bill_amount"": 704.71, ""offer_id"": ""OFR-0084"", ""redemption_id"": ""RED-000744"", ""transaction_id"": ""TXN-0014468""}"
AUD-0003427,USR-MER-0015-01,VIEW_ANALYTICS,MERCHANT_DASHBOARD,MER-0015,2026-07-26T16:57:00,"{""filters_applied"": 1, ""view"": ""campaign_performance""}"
AUD-0003428,USR-MER-0017-01,VIEW_ANALYTICS,MERCHANT_DASHBOARD,MER-0017,2026-07-26T17:09:00,"{""filters_applied"": 2, ""view"": ""redemption_log""}"
AUD-0003429,SYS-REDEEM,REDEMPTION_CONFIRMED,REDEMPTION,RED-000745,2026-07-26T19:54:05,"{""discount_applied"": 2223.8, ""gross_bill_amount"": 22238.0, ""offer_id"": ""OFR-0062"", ""redemption_id"": ""RED-000745"", ""transaction_id"": ""TXN-0014485""}"
AUD-0003430,SYS-REDEEM,REDEMPTION_CONFIRMED,REDEMPTION,RED-000746,2026-07-26T21:46:59,"{""discount_applied"": 53.87, ""gross_bill_amount"": 1077.49, ""offer_id"": ""OFR-0084"", ""redemption_id"": ""RED-000746"", ""transaction_id"": ""TXN-0014491""}"
AUD-0003431,SYS-REDEEM,REDEMPTION_CONFIRMED,REDEMPTION,RED-000747,2026-07-26T22:15:53,"{""discount_applied"": 271.25, ""gross_bill_amount"": 2712.51, ""offer_id"": ""OFR-0062"", ""redemption_id"": ""RED-000747"", ""transaction_id"": ""TXN-0014493""}"
AUD-0003432,SYS-REDEEM,REDEMPTION_CONFIRMED,REDEMPTION,RED-000748,2026-07-26T23:49:50,"{""discount_applied"": 400.0, ""gross_bill_amount"": 1254.85, ""offer_id"": ""OFR-0037"", ""redemption_id"": ""RED-000748"", ""transaction_id"": ""TXN-0014494""}"
AUD-0003433,SYS-REDEEM,REDEMPTION_CONFIRMED,REDEMPTION,RED-000749,2026-07-27T00:34:35,"{""discount_applied"": 400.0, ""gross_bill_amount"": 1368.2, ""offer_id"": ""OFR-0037"", ""redemption_id"": ""RED-000749"", ""transaction_id"": ""TXN-0014495""}"
AUD-0003434,SYS-REDEEM,REDEMPTION_CONFIRMED,REDEMPTION,RED-000750,2026-07-27T01:45:02,"{""discount_applied"": 3301.1, ""gross_bill_amount"": 33011.0, ""offer_id"": ""OFR-0062"", ""redemption_id"": ""RED-000750"", ""transaction_id"": ""TXN-0014496""}"
AUD-0003435,SYS-REDEEM,REDEMPTION_CONFIRMED,REDEMPTION,RED-000751,2026-07-27T07:31:19,"{""discount_applied"": 33.24, ""gross_bill_amount"": 664.74, ""offer_id"": ""OFR-0084"", ""redemption_id"": ""RED-000751"", ""transaction_id"": ""TXN-0014497""}"
AUD-0003436,SYS-REDEEM,REDEMPTION_CONFIRMED,REDEMPTION,RED-000752,2026-07-27T08:12:49,"{""discount_applied"": 2620.9, ""gross_bill_amount"": 26209.0, ""offer_id"": ""OFR-0062"", ""redemption_id"": ""RED-000752"", ""transaction_id"": ""TXN-0014500""}"
AUD-0003437,USR-MER-0002-01,LOGIN,MERCHANT_SESSION,MER-0002,2026-07-27T09:51:00,"{""method"": ""password+mfa"", ""outcome"": ""success""}"
AUD-0003438,USR-MER-0004-01,LOGIN,MERCHANT_SESSION,MER-0004,2026-07-27T10:54:00,"{""method"": ""password+mfa"", ""outcome"": ""success""}"
AUD-0003439,USR-MER-0010-01,VIEW_ANALYTICS,MERCHANT_DASHBOARD,MER-0010,2026-07-27T11:57:00,"{""filters_applied"": 1, ""view"": ""campaign_performance""}"
AUD-0003440,SYS-REDEEM,REDEMPTION_CONFIRMED,REDEMPTION,RED-000753,2026-07-27T12:46:31,"{""discount_applied"": 49.64, ""gross_bill_amount"": 992.77, ""offer_id"": ""OFR-0084"", ""redemption_id"": ""RED-000753"", ""transaction_id"": ""TXN-0014511""}"
AUD-0003441,USR-MER-0002-01,VIEW_ANALYTICS,MERCHANT_DASHBOARD,MER-0002,2026-07-27T13:04:00,"{""filters_applied"": 1, ""view"": ""customer_detail""}"
AUD-0003442,USR-MER-0002-01,LOGIN,MERCHANT_SESSION,MER-0002,2026-07-27T14:18:00,"{""method"": ""password+mfa"", ""outcome"": ""success""}"
AUD-0003443,USR-MER-0001-01,LOGIN,MERCHANT_SESSION,MER-0001,2026-07-27T14:45:00,"{""method"": ""password+mfa"", ""outcome"": ""success""}"
AUD-0003444,USR-MER-0010-01,VIEW_ANALYTICS,MERCHANT_DASHBOARD,MER-0010,2026-07-27T15:56:00,"{""filters_applied"": 3, ""view"": ""campaign_performance""}"
AUD-0003445,USR-MER-0015-01,VIEW_ANALYTICS,MERCHANT_DASHBOARD,MER-0015,2026-07-27T19:59:00,"{""filters_applied"": 2, ""view"": ""customer_detail""}"
AUD-0003446,USR-MER-0008-01,VIEW_ANALYTICS,MERCHANT_DASHBOARD,MER-0008,2026-07-27T21:09:00,"{""filters_applied"": 0, ""view"": ""segmentation""}"
AUD-0003447,USR-MER-0012-01,LOGIN,MERCHANT_SESSION,MER-0012,2026-07-27T21:19:00,"{""method"": ""password+mfa"", ""outcome"": ""success""}"
AUD-0003448,SYS-REDEEM,REDEMPTION_CONFIRMED,REDEMPTION,RED-000754,2026-07-28T00:07:41,"{""discount_applied"": 2705.3, ""gross_bill_amount"": 27053.0, ""offer_id"": ""OFR-0062"", ""redemption_id"": ""RED-000754"", ""transaction_id"": ""TXN-0014548""}"
AUD-0003449,SYS-REDEEM,REDEMPTION_CONFIRMED,REDEMPTION,RED-000755,2026-07-28T00:18:58,"{""discount_applied"": 400.0, ""gross_bill_amount"": 1247.0, ""offer_id"": ""OFR-0037"", ""redemption_id"": ""RED-000755"", ""transaction_id"": ""TXN-0014549""}"
AUD-0003450,SYS-REDEEM,REDEMPTION_CONFIRMED,REDEMPTION,RED-000756,2026-07-28T01:37:08,"{""discount_applied"": 400.0, ""gross_bill_amount"": 1077.23, ""offer_id"": ""OFR-0037"", ""redemption_id"": ""RED-000756"", ""transaction_id"": ""TXN-0014550""}"
AUD-0003451,SYS-REDEEM,REDEMPTION_CONFIRMED,REDEMPTION,RED-000757,2026-07-28T04:45:26,"{""discount_applied"": 363.74, ""gross_bill_amount"": 3637.36, ""offer_id"": ""OFR-0062"", ""redemption_id"": ""RED-000757"", ""transaction_id"": ""TXN-0014551""}"
AUD-0003452,SYS-REDEEM,REDEMPTION_CONFIRMED,REDEMPTION,RED-000758,2026-07-28T05:23:48,"{""discount_applied"": 3473.4, ""gross_bill_amount"": 34734.0, ""offer_id"": ""OFR-0062"", ""redemption_id"": ""RED-000758"", ""transaction_id"": ""TXN-0014552""}"
AUD-0003453,SYS-REDEEM,REDEMPTION_CONFIRMED,REDEMPTION,RED-000759,2026-07-28T07:39:01,"{""discount_applied"": 400.0, ""gross_bill_amount"": 1195.16, ""offer_id"": ""OFR-0037"", ""redemption_id"": ""RED-000759"", ""transaction_id"": ""TXN-0014553""}"
AUD-0003454,SYS-REDEEM,REDEMPTION_CONFIRMED,REDEMPTION,RED-000760,2026-07-28T08:00:23,"{""discount_applied"": 400.0, ""gross_bill_amount"": 2023.0, ""offer_id"": ""OFR-0037"", ""redemption_id"": ""RED-000760"", ""transaction_id"": ""TXN-0014556""}"
AUD-0003455,SYS-REDEEM,REDEMPTION_REJECTED,REDEMPTION,RED-000761,2026-07-28T08:48:01,"{""discount_applied"": 400.0, ""gross_bill_amount"": 1195.16, ""offer_id"": ""OFR-0037"", ""reason"": ""DUPLICATE_REDEMPTION"", ""redemption_id"": ""RED-000761"", ""transaction_id"": ""TXN-0014553""}"
AUD-0003456,SYS-REDEEM,REDEMPTION_CONFIRMED,REDEMPTION,RED-000762,2026-07-28T09:33:47,"{""discount_applied"": 400.0, ""gross_bill_amount"": 1381.81, ""offer_id"": ""OFR-0037"", ""redemption_id"": ""RED-000762"", ""transaction_id"": ""TXN-0014561""}"
AUD-0003457,USR-MER-0012-01,LOGIN,MERCHANT_SESSION,MER-0012,2026-07-28T10:49:00,"{""method"": ""password+mfa"", ""outcome"": ""success""}"
AUD-0003458,USR-MER-0013-01,LOGIN,MERCHANT_SESSION,MER-0013,2026-07-28T12:00:00,"{""method"": ""password+mfa"", ""outcome"": ""success""}"
AUD-0003459,USR-MER-0012-01,LOGIN,MERCHANT_SESSION,MER-0012,2026-07-28T12:16:00,"{""method"": ""password+mfa"", ""outcome"": ""success""}"
AUD-0003460,USR-MER-0005-01,LOGIN,MERCHANT_SESSION,MER-0005,2026-07-28T13:04:00,"{""method"": ""password+mfa"", ""outcome"": ""success""}"
AUD-0003461,USR-MER-0006-01,VIEW_ANALYTICS,MERCHANT_DASHBOARD,MER-0006,2026-07-28T13:42:00,"{""filters_applied"": 0, ""view"": ""campaign_performance""}"
AUD-0003462,USR-MER-0016-01,LOGIN,MERCHANT_SESSION,MER-0016,2026-07-28T13:49:00,"{""method"": ""password+mfa"", ""outcome"": ""success""}"
AUD-0003463,USR-MER-0008-01,LOGIN,MERCHANT_SESSION,MER-0008,2026-07-28T14:40:00,"{""method"": ""password+mfa"", ""outcome"": ""success""}"
AUD-0003464,USR-MER-0010-01,LOGIN,MERCHANT_SESSION,MER-0010,2026-07-28T15:04:00,"{""method"": ""password+mfa"", ""outcome"": ""success""}"
AUD-0003465,USR-MER-0012-01,VIEW_ANALYTICS,MERCHANT_DASHBOARD,MER-0012,2026-07-28T16:50:00,"{""filters_applied"": 4, ""view"": ""customer_detail""}"
AUD-0003466,USR-MER-0018-01,VIEW_ANALYTICS,MERCHANT_DASHBOARD,MER-0018,2026-07-28T16:51:00,"{""filters_applied"": 3, ""view"": ""customer_detail""}"
AUD-0003467,USR-MER-0015-01,VIEW_ANALYTICS,MERCHANT_DASHBOARD,MER-0015,2026-07-28T17:03:00,"{""filters_applied"": 3, ""view"": ""segmentation""}"
AUD-0003468,USR-MER-0009-01,VIEW_ANALYTICS,MERCHANT_DASHBOARD,MER-0009,2026-07-28T17:26:00,"{""filters_applied"": 1, ""view"": ""campaign_performance""}"
AUD-0003469,SYS-REDEEM,REDEMPTION_CONFIRMED,REDEMPTION,RED-000763,2026-07-28T17:26:54,"{""discount_applied"": 3356.5, ""gross_bill_amount"": 33565.0, ""offer_id"": ""OFR-0062"", ""redemption_id"": ""RED-000763"", ""transaction_id"": ""TXN-0014586""}"
AUD-0003470,SYS-REDEEM,REDEMPTION_CONFIRMED,REDEMPTION,RED-000764,2026-07-28T18:53:28,"{""discount_applied"": 400.0, ""gross_bill_amount"": 2033.28, ""offer_id"": ""OFR-0037"", ""redemption_id"": ""RED-000764"", ""transaction_id"": ""TXN-0014594""}"
AUD-0003471,USR-MER-0016-01,LOGIN,MERCHANT_SESSION,MER-0016,2026-07-28T20:29:00,"{""method"": ""password+mfa"", ""outcome"": ""success""}"
AUD-0003472,USR-MER-0007-01,VIEW_ANALYTICS,MERCHANT_DASHBOARD,MER-0007,2026-07-28T20:44:00,"{""filters_applied"": 0, ""view"": ""redemption_log""}"
AUD-0003473,SYS-REDEEM,REDEMPTION_CONFIRMED,REDEMPTION,RED-000765,2026-07-29T00:07:07,"{""discount_applied"": 400.0, ""gross_bill_amount"": 1442.53, ""offer_id"": ""OFR-0037"", ""redemption_id"": ""RED-000765"", ""transaction_id"": ""TXN-0014602""}"
AUD-0003474,SYS-REDEEM,REDEMPTION_CONFIRMED,REDEMPTION,RED-000766,2026-07-29T00:55:14,"{""discount_applied"": 400.0, ""gross_bill_amount"": 1561.2, ""offer_id"": ""OFR-0037"", ""redemption_id"": ""RED-000766"", ""transaction_id"": ""TXN-0014603""}"
AUD-0003475,SYS-REDEEM,REDEMPTION_CONFIRMED,REDEMPTION,RED-000767,2026-07-29T01:04:02,"{""discount_applied"": 2737.2, ""gross_bill_amount"": 27372.0, ""offer_id"": ""OFR-0062"", ""redemption_id"": ""RED-000767"", ""transaction_id"": ""TXN-0014604""}"
AUD-0003476,SYS-REDEEM,REDEMPTION_CONFIRMED,REDEMPTION,RED-000768,2026-07-29T02:52:17,"{""discount_applied"": 400.0, ""gross_bill_amount"": 1455.79, ""offer_id"": ""OFR-0037"", ""redemption_id"": ""RED-000768"", ""transaction_id"": ""TXN-0014605""}"
AUD-0003477,SYS-REDEEM,REDEMPTION_REJECTED,REDEMPTION,RED-000769,2026-07-29T04:01:17,"{""discount_applied"": 400.0, ""gross_bill_amount"": 1455.79, ""offer_id"": ""OFR-0037"", ""reason"": ""DUPLICATE_REDEMPTION"", ""redemption_id"": ""RED-000769"", ""transaction_id"": ""TXN-0014605""}"
AUD-0003478,SYS-REDEEM,REDEMPTION_CONFIRMED,REDEMPTION,RED-000770,2026-07-30T01:55:27,"{""discount_applied"": 400.0, ""gross_bill_amount"": 1544.78, ""offer_id"": ""OFR-0037"", ""redemption_id"": ""RED-000770"", ""transaction_id"": ""TXN-0014660""}"
AUD-0003479,SYS-REDEEM,REDEMPTION_CONFIRMED,REDEMPTION,RED-000771,2026-07-30T04:07:52,"{""discount_applied"": 2585.95, ""gross_bill_amount"": 25859.53, ""offer_id"": ""OFR-0062"", ""redemption_id"": ""RED-000771"", ""transaction_id"": ""TXN-0014661""}"
AUD-0003480,SYS-REDEEM,REDEMPTION_CONFIRMED,REDEMPTION,RED-000772,2026-07-30T04:49:49,"{""discount_applied"": 399.73, ""gross_bill_amount"": 3997.31, ""offer_id"": ""OFR-0062"", ""redemption_id"": ""RED-000772"", ""transaction_id"": ""TXN-0014662""}"
AUD-0003481,SYS-REDEEM,REDEMPTION_CONFIRMED,REDEMPTION,RED-000773,2026-07-30T06:17:48,"{""discount_applied"": 400.0, ""gross_bill_amount"": 2080.0, ""offer_id"": ""OFR-0037"", ""redemption_id"": ""RED-000773"", ""transaction_id"": ""TXN-0014664""}"
AUD-0003482,SYS-REDEEM,REDEMPTION_REJECTED,REDEMPTION,RED-000774,2026-07-30T06:21:48,"{""discount_applied"": 400.0, ""gross_bill_amount"": 2080.0, ""offer_id"": ""OFR-0037"", ""reason"": ""DUPLICATE_REDEMPTION"", ""redemption_id"": ""RED-000774"", ""transaction_id"": ""TXN-0014664""}"
AUD-0003483,SYS-REDEEM,REDEMPTION_CONFIRMED,REDEMPTION,RED-000775,2026-07-30T09:31:19,"{""discount_applied"": 3041.5, ""gross_bill_amount"": 30415.0, ""offer_id"": ""OFR-0062"", ""redemption_id"": ""RED-000775"", ""transaction_id"": ""TXN-0014672""}"
AUD-0003484,SYS-REDEEM,REDEMPTION_CONFIRMED,REDEMPTION,RED-000776,2026-07-31T00:49:13,"{""discount_applied"": 467.27, ""gross_bill_amount"": 4672.66, ""offer_id"": ""OFR-0062"", ""redemption_id"": ""RED-000776"", ""transaction_id"": ""TXN-0014722""}"
AUD-0003485,SYS-REDEEM,REDEMPTION_CONFIRMED,REDEMPTION,RED-000777,2026-07-31T16:36:48,"{""discount_applied"": 4000.0, ""gross_bill_amount"": 50000.0, ""offer_id"": ""OFR-0062"", ""redemption_id"": ""RED-000777"", ""transaction_id"": ""TXN-0014750""}"
AUD-0003486,SYS-REDEEM,REDEMPTION_REJECTED,REDEMPTION,RED-000778,2026-07-31T16:58:48,"{""discount_applied"": 4000.0, ""gross_bill_amount"": 50000.0, ""offer_id"": ""OFR-0062"", ""reason"": ""DUPLICATE_REDEMPTION"", ""redemption_id"": ""RED-000778"", ""transaction_id"": ""TXN-0014750""}"
AUD-0003487,SYS-REDEEM,REDEMPTION_CONFIRMED,REDEMPTION,RED-000779,2026-07-31T17:31:59,"{""discount_applied"": 333.64, ""gross_bill_amount"": 3336.37, ""offer_id"": ""OFR-0062"", ""redemption_id"": ""RED-000779"", ""transaction_id"": ""TXN-0014756""}"
AUD-0003488,SYS-AI-COPY,GENERATE_AI_CONTENT,CAMPAIGN,CPN-0046,2026-08-01T08:06:00,"{""model"": ""mock-copywriter-v2"", ""output_chars"": 174, ""prompt_version"": ""p1.1""}"
AUD-0003489,USR-MER-0013-01,VIEW_ANALYTICS,MERCHANT_DASHBOARD,MER-0013,2026-08-01T08:15:00,"{""filters_applied"": 1, ""view"": ""customer_detail""}"
AUD-0003490,USR-MER-0009-01,CREATE_CAMPAIGN,CAMPAIGN,CPN-0046,2026-08-01T09:12:00,"{""merchant_id"": ""MER-0009"", ""objective"": ""REWARD_FREQUENT_CUSTOMERS"", ""offer_id"": ""OFR-0066""}"
AUD-0003491,USR-MER-0012-01,LOGIN,MERCHANT_SESSION,MER-0012,2026-08-01T11:08:00,"{""method"": ""password+mfa"", ""outcome"": ""success""}"
AUD-0003492,USR-MER-0018-01,LOGIN,MERCHANT_SESSION,MER-0018,2026-08-01T11:52:00,"{""method"": ""password+mfa"", ""outcome"": ""success""}"
AUD-0003493,USR-MER-0007-01,VIEW_ANALYTICS,MERCHANT_DASHBOARD,MER-0007,2026-08-01T13:05:00,"{""filters_applied"": 3, ""view"": ""campaign_performance""}"
AUD-0003494,USR-MER-0004-01,VIEW_ANALYTICS,MERCHANT_DASHBOARD,MER-0004,2026-08-01T13:39:00,"{""filters_applied"": 3, ""view"": ""customer_detail""}"
AUD-0003495,USR-MER-0002-01,VIEW_ANALYTICS,MERCHANT_DASHBOARD,MER-0002,2026-08-01T14:43:00,"{""filters_applied"": 4, ""view"": ""redemption_log""}"
AUD-0003496,USR-MER-0002-01,LOGIN,MERCHANT_SESSION,MER-0002,2026-08-01T16:29:00,"{""method"": ""password+mfa"", ""outcome"": ""success""}"
AUD-0003497,USR-MER-0006-01,VIEW_ANALYTICS,MERCHANT_DASHBOARD,MER-0006,2026-08-01T18:36:00,"{""filters_applied"": 3, ""view"": ""redemption_log""}"
AUD-0003498,USR-MER-0012-01,LOGIN,MERCHANT_SESSION,MER-0012,2026-08-01T20:13:00,"{""method"": ""password+mfa"", ""outcome"": ""success""}"
AUD-0003499,USR-MER-0009-01,APPROVE_CAMPAIGN,CAMPAIGN,CPN-0046,2026-08-02T03:04:00,"{""campaign_id"": ""CPN-0046""}"
AUD-0003500,SYS-REDEEM,REDEMPTION_CONFIRMED,REDEMPTION,RED-000780,2026-08-02T05:05:28,"{""discount_applied"": 2256.9, ""gross_bill_amount"": 22569.0, ""offer_id"": ""OFR-0062"", ""redemption_id"": ""RED-000780"", ""transaction_id"": ""TXN-0014820""}"
AUD-0003501,SYS-REDEEM,REDEMPTION_REJECTED,REDEMPTION,RED-000781,2026-08-02T06:16:28,"{""discount_applied"": 2256.9, ""gross_bill_amount"": 22569.0, ""offer_id"": ""OFR-0062"", ""reason"": ""DUPLICATE_REDEMPTION"", ""redemption_id"": ""RED-000781"", ""transaction_id"": ""TXN-0014820""}"
AUD-0003502,USR-MER-0017-01,LOGIN,MERCHANT_SESSION,MER-0017,2026-08-02T08:07:00,"{""method"": ""password+mfa"", ""outcome"": ""success""}"
AUD-0003503,USR-MER-0006-01,LOGIN,MERCHANT_SESSION,MER-0006,2026-08-02T08:38:00,"{""method"": ""password+mfa"", ""outcome"": ""success""}"
AUD-0003504,SYS-REDEEM,REDEMPTION_CONFIRMED,REDEMPTION,RED-000782,2026-08-02T08:50:49,"{""discount_applied"": 2136.03, ""gross_bill_amount"": 21360.32, ""offer_id"": ""OFR-0062"", ""redemption_id"": ""RED-000782"", ""transaction_id"": ""TXN-0014824""}"
AUD-0003505,USR-MER-0012-01,VIEW_ANALYTICS,MERCHANT_DASHBOARD,MER-0012,2026-08-02T09:25:00,"{""filters_applied"": 2, ""view"": ""customer_detail""}"
AUD-0003506,USR-MER-0014-01,LOGIN,MERCHANT_SESSION,MER-0014,2026-08-02T09:26:00,"{""method"": ""password+mfa"", ""outcome"": ""success""}"
AUD-0003507,USR-MER-0005-01,LOGIN,MERCHANT_SESSION,MER-0005,2026-08-02T10:04:00,"{""method"": ""password+mfa"", ""outcome"": ""success""}"
AUD-0003508,USR-MER-0010-01,LOGIN,MERCHANT_SESSION,MER-0010,2026-08-02T11:09:00,"{""method"": ""password+mfa"", ""outcome"": ""success""}"
AUD-0003509,USR-MER-0010-01,LOGIN,MERCHANT_SESSION,MER-0010,2026-08-02T11:52:00,"{""method"": ""password+mfa"", ""outcome"": ""success""}"
AUD-0003510,SYS-AI-COPY,GENERATE_AI_CONTENT,CAMPAIGN,CPN-0032,2026-08-02T11:53:00,"{""model"": ""mock-copywriter-v1"", ""output_chars"": 208, ""prompt_version"": ""p2.0""}"
AUD-0003511,SYS-REDEEM,REDEMPTION_CONFIRMED,REDEMPTION,RED-000783,2026-08-02T12:43:34,"{""discount_applied"": 4000.0, ""gross_bill_amount"": 41473.28, ""offer_id"": ""OFR-0062"", ""redemption_id"": ""RED-000783"", ""transaction_id"": ""TXN-0014839""}"
AUD-0003512,USR-MER-0006-01,CREATE_CAMPAIGN,CAMPAIGN,CPN-0032,2026-08-02T12:48:00,"{""merchant_id"": ""MER-0006"", ""objective"": ""REACTIVATE_INACTIVE"", ""offer_id"": ""OFR-0052""}"
AUD-0003513,USR-MER-0007-01,VIEW_ANALYTICS,MERCHANT_DASHBOARD,MER-0007,2026-08-02T14:47:00,"{""filters_applied"": 3, ""view"": ""campaign_performance""}"
AUD-0003514,USR-MER-0004-01,VIEW_ANALYTICS,MERCHANT_DASHBOARD,MER-0004,2026-08-02T16:02:00,"{""filters_applied"": 0, ""view"": ""segmentation""}"
AUD-0003515,USR-MER-0009-01,LOGIN,MERCHANT_SESSION,MER-0009,2026-08-02T16:58:00,"{""method"": ""password+mfa"", ""outcome"": ""success""}"
AUD-0003516,USR-MER-0010-01,LOGIN,MERCHANT_SESSION,MER-0010,2026-08-02T17:36:00,"{""method"": ""password+mfa"", ""outcome"": ""success""}"
AUD-0003517,USR-MER-0011-01,VIEW_ANALYTICS,MERCHANT_DASHBOARD,MER-0011,2026-08-02T18:01:00,"{""filters_applied"": 0, ""view"": ""redemption_log""}"
AUD-0003518,USR-MER-0015-01,VIEW_ANALYTICS,MERCHANT_DASHBOARD,MER-0015,2026-08-02T18:31:00,"{""filters_applied"": 0, ""view"": ""segmentation""}"
AUD-0003519,USR-MER-0003-01,LOGIN,MERCHANT_SESSION,MER-0003,2026-08-02T19:26:00,"{""method"": ""password+mfa"", ""outcome"": ""success""}"
AUD-0003520,USR-MER-0006-01,VIEW_ANALYTICS,MERCHANT_DASHBOARD,MER-0006,2026-08-02T19:44:00,"{""filters_applied"": 1, ""view"": ""segmentation""}"
AUD-0003521,USR-MER-0001-01,LOGIN,MERCHANT_SESSION,MER-0001,2026-08-03T08:48:00,"{""method"": ""password+mfa"", ""outcome"": ""success""}"
AUD-0003522,USR-MER-0006-01,VIEW_ANALYTICS,MERCHANT_DASHBOARD,MER-0006,2026-08-03T09:09:00,"{""filters_applied"": 1, ""view"": ""campaign_performance""}"
AUD-0003523,USR-MER-0001-01,VIEW_ANALYTICS,MERCHANT_DASHBOARD,MER-0001,2026-08-03T11:24:00,"{""filters_applied"": 2, ""view"": ""segmentation""}"
AUD-0003524,USR-MER-0018-01,VIEW_ANALYTICS,MERCHANT_DASHBOARD,MER-0018,2026-08-03T12:17:00,"{""filters_applied"": 4, ""view"": ""redemption_log""}"
AUD-0003525,USR-MER-0012-01,VIEW_ANALYTICS,MERCHANT_DASHBOARD,MER-0012,2026-08-03T12:25:00,"{""filters_applied"": 3, ""view"": ""redemption_log""}"
AUD-0003526,USR-MER-0016-01,LOGIN,MERCHANT_SESSION,MER-0016,2026-08-03T12:58:00,"{""method"": ""password+mfa"", ""outcome"": ""success""}"
AUD-0003527,USR-MER-0001-01,VIEW_ANALYTICS,MERCHANT_DASHBOARD,MER-0001,2026-08-03T13:08:00,"{""filters_applied"": 2, ""view"": ""campaign_performance""}"
AUD-0003528,USR-MER-0010-01,VIEW_ANALYTICS,MERCHANT_DASHBOARD,MER-0010,2026-08-03T13:16:00,"{""filters_applied"": 3, ""view"": ""redemption_log""}"
AUD-0003529,USR-MER-0013-01,LOGIN,MERCHANT_SESSION,MER-0013,2026-08-03T14:57:00,"{""method"": ""password+mfa"", ""outcome"": ""success""}"
AUD-0003530,USR-MER-0013-01,LOGIN,MERCHANT_SESSION,MER-0013,2026-08-03T15:28:00,"{""method"": ""password+mfa"", ""outcome"": ""success""}"
AUD-0003531,USR-MER-0001-01,VIEW_ANALYTICS,MERCHANT_DASHBOARD,MER-0001,2026-08-03T17:35:00,"{""filters_applied"": 2, ""view"": ""segmentation""}"
AUD-0003532,USR-MER-0013-01,LOGIN,MERCHANT_SESSION,MER-0013,2026-08-03T18:25:00,"{""method"": ""password+mfa"", ""outcome"": ""success""}"
AUD-0003533,USR-MER-0013-01,VIEW_ANALYTICS,MERCHANT_DASHBOARD,MER-0013,2026-08-03T19:06:00,"{""filters_applied"": 0, ""view"": ""segmentation""}"
AUD-0003534,USR-MER-0013-01,LOGIN,MERCHANT_SESSION,MER-0013,2026-08-03T19:25:00,"{""method"": ""password+mfa"", ""outcome"": ""success""}"
AUD-0003535,USR-MER-0017-01,VIEW_ANALYTICS,MERCHANT_DASHBOARD,MER-0017,2026-08-03T20:24:00,"{""filters_applied"": 3, ""view"": ""customer_detail""}"
AUD-0003536,USR-MER-0004-01,VIEW_ANALYTICS,MERCHANT_DASHBOARD,MER-0004,2026-08-03T21:56:00,"{""filters_applied"": 1, ""view"": ""customer_detail""}"
AUD-0003537,USR-MER-0006-01,APPROVE_CAMPAIGN,CAMPAIGN,CPN-0032,2026-08-03T22:51:00,"{""campaign_id"": ""CPN-0032""}"
AUD-0003538,USR-MER-0018-01,CREATE_CAMPAIGN,CAMPAIGN,CPN-0075,2026-08-04T03:10:00,"{""merchant_id"": ""MER-0018"", ""objective"": ""PROMOTE_HIGH_VALUE_OFFER"", ""offer_id"": ""OFR-0095""}"
AUD-0003539,SYS-AI-COPY,GENERATE_AI_CONTENT,CAMPAIGN,CPN-0075,2026-08-04T03:15:00,"{""model"": ""mock-copywriter-v1"", ""output_chars"": 204, ""prompt_version"": ""p2.0""}"
AUD-0003540,USR-MER-0010-01,LOGIN,MERCHANT_SESSION,MER-0010,2026-08-04T11:18:00,"{""method"": ""password+mfa"", ""outcome"": ""success""}"
AUD-0003541,USR-MER-0009-01,VIEW_ANALYTICS,MERCHANT_DASHBOARD,MER-0009,2026-08-04T13:45:00,"{""filters_applied"": 0, ""view"": ""customer_detail""}"
AUD-0003542,USR-MER-0010-01,VIEW_ANALYTICS,MERCHANT_DASHBOARD,MER-0010,2026-08-04T13:45:00,"{""filters_applied"": 0, ""view"": ""segmentation""}"
AUD-0003543,USR-MER-0006-01,VIEW_ANALYTICS,MERCHANT_DASHBOARD,MER-0006,2026-08-04T14:38:00,"{""filters_applied"": 3, ""view"": ""campaign_performance""}"
AUD-0003544,USR-MER-0015-01,LOGIN,MERCHANT_SESSION,MER-0015,2026-08-04T15:56:00,"{""method"": ""password+mfa"", ""outcome"": ""success""}"
AUD-0003545,USR-MER-0004-01,LOGIN,MERCHANT_SESSION,MER-0004,2026-08-04T16:41:00,"{""method"": ""password+mfa"", ""outcome"": ""success""}"
AUD-0003546,USR-MER-0005-01,LOGIN,MERCHANT_SESSION,MER-0005,2026-08-04T17:14:00,"{""method"": ""password+mfa"", ""outcome"": ""success""}"
AUD-0003547,USR-MER-0009-01,LOGIN,MERCHANT_SESSION,MER-0009,2026-08-04T17:54:00,"{""method"": ""password+mfa"", ""outcome"": ""success""}"
AUD-0003548,USR-MER-0006-01,VIEW_ANALYTICS,MERCHANT_DASHBOARD,MER-0006,2026-08-04T18:43:00,"{""filters_applied"": 4, ""view"": ""segmentation""}"
AUD-0003549,USR-MER-0003-01,LAUNCH_CAMPAIGN,CAMPAIGN,CPN-0021,2026-08-04T18:57:00,"{""campaign_id"": ""CPN-0021""}"
AUD-0003550,USR-MER-0012-01,VIEW_ANALYTICS,MERCHANT_DASHBOARD,MER-0012,2026-08-04T19:23:00,"{""filters_applied"": 4, ""view"": ""customer_detail""}"
AUD-0003551,USR-MER-0002-01,VIEW_ANALYTICS,MERCHANT_DASHBOARD,MER-0002,2026-08-04T19:48:00,"{""filters_applied"": 2, ""view"": ""redemption_log""}"
AUD-0003552,USR-MER-0005-01,LOGIN,MERCHANT_SESSION,MER-0005,2026-08-04T21:01:00,"{""method"": ""password+mfa"", ""outcome"": ""success""}"
AUD-0003553,SYS-REDEEM,REDEMPTION_REJECTED,REDEMPTION,RED-000784,2026-08-05T00:26:20,"{""discount_applied"": 1696.0, ""gross_bill_amount"": 1696.0, ""offer_id"": ""OFR-0041"", ""reason"": ""OFFER_BUDGET_EXHAUSTED"", ""redemption_id"": ""RED-000784"", ""transaction_id"": ""TXN-0014971""}"
AUD-0003554,SYS-REDEEM,REDEMPTION_REJECTED,REDEMPTION,RED-000785,2026-08-05T02:06:30,"{""discount_applied"": 943.18, ""gross_bill_amount"": 943.18, ""offer_id"": ""OFR-0041"", ""reason"": ""OFFER_BUDGET_EXHAUSTED"", ""redemption_id"": ""RED-000785"", ""transaction_id"": ""TXN-0014972""}"
AUD-0003555,SYS-REDEEM,REDEMPTION_REJECTED,REDEMPTION,RED-000786,2026-08-05T05:23:20,"{""discount_applied"": 960.61, ""gross_bill_amount"": 960.61, ""offer_id"": ""OFR-0041"", ""reason"": ""OFFER_BUDGET_EXHAUSTED"", ""redemption_id"": ""RED-000786"", ""transaction_id"": ""TXN-0014973""}"
AUD-0003556,SYS-REDEEM,REDEMPTION_CONFIRMED,REDEMPTION,RED-000787,2026-08-05T08:45:56,"{""discount_applied"": 2100.0, ""gross_bill_amount"": 3888.0, ""offer_id"": ""OFR-0041"", ""redemption_id"": ""RED-000787"", ""transaction_id"": ""TXN-0014976""}"
AUD-0003557,USR-MER-0003-01,LOGIN,MERCHANT_SESSION,MER-0003,2026-08-05T09:16:00,"{""method"": ""password+mfa"", ""outcome"": ""success""}"
AUD-0003558,USR-MER-0010-01,VIEW_ANALYTICS,MERCHANT_DASHBOARD,MER-0010,2026-08-05T09:34:00,"{""filters_applied"": 4, ""view"": ""segmentation""}"
AUD-0003559,SYS-REDEEM,REDEMPTION_REJECTED,REDEMPTION,RED-000788,2026-08-05T10:10:57,"{""discount_applied"": 2100.0, ""gross_bill_amount"": 2431.0, ""offer_id"": ""OFR-0041"", ""reason"": ""OFFER_BUDGET_EXHAUSTED"", ""redemption_id"": ""RED-000788"", ""transaction_id"": ""TXN-0014980""}"
AUD-0003560,SYS-AI-COPY,GENERATE_AI_CONTENT,CAMPAIGN,CPN-0057,2026-08-05T10:38:00,"{""model"": ""template-fallback-v1"", ""output_chars"": 245, ""prompt_version"": ""p1.1""}"
AUD-0003561,USR-MER-0012-01,CREATE_CAMPAIGN,CAMPAIGN,CPN-0057,2026-08-05T11:33:00,"{""merchant_id"": ""MER-0012"", ""objective"": ""WELCOME_NEW_CUSTOMERS"", ""offer_id"": ""OFR-0077""}"
AUD-0003562,USR-MER-0018-01,LOGIN,MERCHANT_SESSION,MER-0018,2026-08-05T11:33:00,"{""method"": ""password+mfa"", ""outcome"": ""success""}"
AUD-0003563,USR-MER-0009-01,LAUNCH_CAMPAIGN,CAMPAIGN,CPN-0046,2026-08-05T12:04:00,"{""campaign_id"": ""CPN-0046""}"
AUD-0003564,SYS-REDEEM,REDEMPTION_REJECTED,REDEMPTION,RED-000789,2026-08-05T12:08:29,"{""discount_applied"": 1082.33, ""gross_bill_amount"": 1082.33, ""offer_id"": ""OFR-0041"", ""reason"": ""OFFER_BUDGET_EXHAUSTED"", ""redemption_id"": ""RED-000789"", ""transaction_id"": ""TXN-0014985""}"
AUD-0003565,USR-MER-0001-01,LOGIN,MERCHANT_SESSION,MER-0001,2026-08-05T13:20:00,"{""method"": ""password+mfa"", ""outcome"": ""success""}"
AUD-0003566,USR-MER-0017-01,LOGIN,MERCHANT_SESSION,MER-0017,2026-08-05T13:26:00,"{""method"": ""password+mfa"", ""outcome"": ""success""}"
AUD-0003567,USR-MER-0012-01,LOGIN,MERCHANT_SESSION,MER-0012,2026-08-05T13:27:00,"{""method"": ""password+mfa"", ""outcome"": ""success""}"
AUD-0003568,SYS-REDEEM,REDEMPTION_CONFIRMED,REDEMPTION,RED-000790,2026-08-05T14:23:02,"{""discount_applied"": 1381.42, ""gross_bill_amount"": 1381.42, ""offer_id"": ""OFR-0041"", ""redemption_id"": ""RED-000790"", ""transaction_id"": ""TXN-0014993""}"
AUD-0003569,SYS-REDEEM,REDEMPTION_CONFIRMED,REDEMPTION,RED-000791,2026-08-05T14:56:11,"{""discount_applied"": 863.11, ""gross_bill_amount"": 863.11, ""offer_id"": ""OFR-0041"", ""redemption_id"": ""RED-000791"", ""transaction_id"": ""TXN-0014997""}"
AUD-0003570,USR-MER-0001-01,CREATE_OFFER,OFFER,OFR-0001,2026-08-05T15:48:00,"{""budget"": 8517.86, ""discount_type"": ""FIXED"", ""discount_value"": 350.0, ""merchant_id"": ""MER-0001"", ""minimum_spend"": 4999.0}"
AUD-0003571,SYS-REDEEM,REDEMPTION_CONFIRMED,REDEMPTION,RED-000792,2026-08-05T16:13:12,"{""discount_applied"": 1507.0, ""gross_bill_amount"": 1507.0, ""offer_id"": ""OFR-0041"", ""redemption_id"": ""RED-000792"", ""transaction_id"": ""TXN-0014998""}"
AUD-0003572,USR-MER-0012-01,LOGIN,MERCHANT_SESSION,MER-0012,2026-08-05T16:27:00,"{""method"": ""password+mfa"", ""outcome"": ""success""}"
AUD-0003573,USR-MER-0013-01,LOGIN,MERCHANT_SESSION,MER-0013,2026-08-05T16:41:00,"{""method"": ""password+mfa"", ""outcome"": ""success""}"
AUD-0003574,USR-MER-0017-01,VIEW_ANALYTICS,MERCHANT_DASHBOARD,MER-0017,2026-08-05T17:08:00,"{""filters_applied"": 2, ""view"": ""redemption_log""}"
AUD-0003575,USR-MER-0006-01,VIEW_ANALYTICS,MERCHANT_DASHBOARD,MER-0006,2026-08-05T17:30:00,"{""filters_applied"": 0, ""view"": ""customer_detail""}"
AUD-0003576,USR-MER-0002-01,VIEW_ANALYTICS,MERCHANT_DASHBOARD,MER-0002,2026-08-05T20:01:00,"{""filters_applied"": 4, ""view"": ""redemption_log""}"
AUD-0003577,USR-MER-0001-01,UPDATE_OFFER,OFFER,OFR-0001,2026-08-05T20:48:00,"{""changed_fields"": [""budget""], ""merchant_id"": ""MER-0001""}"
AUD-0003578,USR-MER-0012-01,VIEW_ANALYTICS,MERCHANT_DASHBOARD,MER-0012,2026-08-05T20:51:00,"{""filters_applied"": 1, ""view"": ""segmentation""}"
AUD-0003579,USR-MER-0004-01,VIEW_ANALYTICS,MERCHANT_DASHBOARD,MER-0004,2026-08-05T21:17:00,"{""filters_applied"": 0, ""view"": ""segmentation""}"
AUD-0003580,USR-MER-0003-01,VIEW_ANALYTICS,MERCHANT_DASHBOARD,MER-0003,2026-08-05T21:46:00,"{""filters_applied"": 3, ""view"": ""customer_detail""}"
AUD-0003581,USR-MER-0016-01,LOGIN,MERCHANT_SESSION,MER-0016,2026-08-05T21:48:00,"{""method"": ""password+mfa"", ""outcome"": ""success""}"
AUD-0003582,SYS-REDEEM,REDEMPTION_CONFIRMED,REDEMPTION,RED-000793,2026-08-05T22:20:18,"{""discount_applied"": 1402.54, ""gross_bill_amount"": 1402.54, ""offer_id"": ""OFR-0041"", ""redemption_id"": ""RED-000793"", ""transaction_id"": ""TXN-0015020""}"
AUD-0003583,SYS-REDEEM,REDEMPTION_REJECTED,REDEMPTION,RED-000794,2026-08-06T00:30:00,"{""discount_applied"": 2100.0, ""gross_bill_amount"": 2987.0, ""offer_id"": ""OFR-0041"", ""reason"": ""OFFER_BUDGET_EXHAUSTED"", ""redemption_id"": ""RED-000794"", ""transaction_id"": ""TXN-0015021""}"
AUD-0003584,SYS-REDEEM,REDEMPTION_CONFIRMED,REDEMPTION,RED-000795,2026-08-06T04:25:34,"{""discount_applied"": 2100.0, ""gross_bill_amount"": 4976.88, ""offer_id"": ""OFR-0041"", ""redemption_id"": ""RED-000795"", ""transaction_id"": ""TXN-0015022""}"
AUD-0003585,SYS-REDEEM,REDEMPTION_REJECTED,REDEMPTION,RED-000796,2026-08-06T06:58:26,"{""discount_applied"": 1306.21, ""gross_bill_amount"": 1306.21, ""offer_id"": ""OFR-0041"", ""reason"": ""OFFER_BUDGET_EXHAUSTED"", ""redemption_id"": ""RED-000796"", ""transaction_id"": ""TXN-0015025""}"
AUD-0003586,SYS-REDEEM,REDEMPTION_CONFIRMED,REDEMPTION,RED-000797,2026-08-06T07:27:07,"{""discount_applied"": 1345.07, ""gross_bill_amount"": 1345.07, ""offer_id"": ""OFR-0041"", ""redemption_id"": ""RED-000797"", ""transaction_id"": ""TXN-0015027""}"
AUD-0003587,USR-MER-0005-01,LOGIN,MERCHANT_SESSION,MER-0005,2026-08-06T09:00:00,"{""method"": ""password+mfa"", ""outcome"": ""success""}"
AUD-0003588,SYS-REDEEM,REDEMPTION_REJECTED,REDEMPTION,RED-000798,2026-08-06T09:51:02,"{""discount_applied"": 1332.02, ""gross_bill_amount"": 1332.02, ""offer_id"": ""OFR-0041"", ""reason"": ""OFFER_BUDGET_EXHAUSTED"", ""redemption_id"": ""RED-000798"", ""transaction_id"": ""TXN-0015034""}"
AUD-0003589,SYS-REDEEM,REDEMPTION_CONFIRMED,REDEMPTION,RED-000799,2026-08-06T10:02:44,"{""discount_applied"": 3000.0, ""gross_bill_amount"": 5663.93, ""offer_id"": ""OFR-0066"", ""redemption_id"": ""RED-000799"", ""transaction_id"": ""TXN-0015035""}"
AUD-0003590,USR-MER-0010-01,VIEW_ANALYTICS,MERCHANT_DASHBOARD,MER-0010,2026-08-06T10:26:00,"{""filters_applied"": 2, ""view"": ""customer_detail""}"
AUD-0003591,SYS-REDEEM,REDEMPTION_REJECTED,REDEMPTION,RED-000800,2026-08-06T11:03:35,"{""discount_applied"": 2100.0, ""gross_bill_amount"": 5187.0, ""offer_id"": ""OFR-0041"", ""reason"": ""OFFER_BUDGET_EXHAUSTED"", ""redemption_id"": ""RED-000800"", ""transaction_id"": ""TXN-0015038""}"
AUD-0003592,SYS-REDEEM,REDEMPTION_CONFIRMED,REDEMPTION,RED-000801,2026-08-06T12:15:57,"{""discount_applied"": 1459.03, ""gross_bill_amount"": 1459.03, ""offer_id"": ""OFR-0041"", ""redemption_id"": ""RED-000801"", ""transaction_id"": ""TXN-0015042""}"
AUD-0003593,SYS-REDEEM,REDEMPTION_REJECTED,REDEMPTION,RED-000802,2026-08-06T12:50:14,"{""discount_applied"": 2100.0, ""gross_bill_amount"": 3837.0, ""offer_id"": ""OFR-0041"", ""reason"": ""OFFER_BUDGET_EXHAUSTED"", ""redemption_id"": ""RED-000802"", ""transaction_id"": ""TXN-0015047""}"
AUD-0003594,SYS-REDEEM,REDEMPTION_CONFIRMED,REDEMPTION,RED-000803,2026-08-06T14:38:51,"{""discount_applied"": 1368.16, ""gross_bill_amount"": 1368.16, ""offer_id"": ""OFR-0041"", ""redemption_id"": ""RED-000803"", ""transaction_id"": ""TXN-0015055""}"
AUD-0003595,USR-MER-0016-01,VIEW_ANALYTICS,MERCHANT_DASHBOARD,MER-0016,2026-08-06T15:11:00,"{""filters_applied"": 4, ""view"": ""customer_detail""}"
AUD-0003596,USR-MER-0012-01,REJECT_CAMPAIGN,CAMPAIGN,CPN-0057,2026-08-06T15:16:00,"{""campaign_id"": ""CPN-0057""}"
AUD-0003597,USR-MER-0016-01,LOGIN,MERCHANT_SESSION,MER-0016,2026-08-06T15:57:00,"{""method"": ""password+mfa"", ""outcome"": ""success""}"
AUD-0003598,SYS-REDEEM,REDEMPTION_REJECTED,REDEMPTION,RED-000804,2026-08-06T16:42:52,"{""discount_applied"": 2100.0, ""gross_bill_amount"": 4409.0, ""offer_id"": ""OFR-0041"", ""reason"": ""OFFER_BUDGET_EXHAUSTED"", ""redemption_id"": ""RED-000804"", ""transaction_id"": ""TXN-0015064""}"
AUD-0003599,USR-MER-0018-01,LOGIN,MERCHANT_SESSION,MER-0018,2026-08-06T19:08:00,"{""method"": ""password+mfa"", ""outcome"": ""success""}"
AUD-0003600,USR-MER-0011-01,LOGIN,MERCHANT_SESSION,MER-0011,2026-08-06T19:42:00,"{""method"": ""password+mfa"", ""outcome"": ""success""}"
AUD-0003601,USR-MER-0007-01,VIEW_ANALYTICS,MERCHANT_DASHBOARD,MER-0007,2026-08-06T19:47:00,"{""filters_applied"": 1, ""view"": ""customer_detail""}"
AUD-0003602,SYS-REDEEM,REDEMPTION_REJECTED,REDEMPTION,RED-000805,2026-08-06T20:42:02,"{""discount_applied"": 1056.29, ""gross_bill_amount"": 1056.29, ""offer_id"": ""OFR-0041"", ""reason"": ""OFFER_BUDGET_EXHAUSTED"", ""redemption_id"": ""RED-000805"", ""transaction_id"": ""TXN-0015086""}"
AUD-0003603,USR-MER-0006-01,LOGIN,MERCHANT_SESSION,MER-0006,2026-08-06T20:45:00,"{""method"": ""password+mfa"", ""outcome"": ""success""}"
AUD-0003604,USR-MER-0009-01,VIEW_ANALYTICS,MERCHANT_DASHBOARD,MER-0009,2026-08-06T21:07:00,"{""filters_applied"": 1, ""view"": ""campaign_performance""}"
AUD-0003605,USR-MER-0018-01,VIEW_ANALYTICS,MERCHANT_DASHBOARD,MER-0018,2026-08-06T21:19:00,"{""filters_applied"": 3, ""view"": ""segmentation""}"
AUD-0003606,SYS-REDEEM,REDEMPTION_CONFIRMED,REDEMPTION,RED-000806,2026-08-06T21:59:22,"{""discount_applied"": 3000.0, ""gross_bill_amount"": 5633.0, ""offer_id"": ""OFR-0066"", ""redemption_id"": ""RED-000806"", ""transaction_id"": ""TXN-0015090""}"
AUD-0003607,USR-MER-0018-01,APPROVE_CAMPAIGN,CAMPAIGN,CPN-0075,2026-08-07T02:32:00,"{""campaign_id"": ""CPN-0075""}"
AUD-0003608,SYS-REDEEM,REDEMPTION_CONFIRMED,REDEMPTION,RED-000807,2026-08-07T05:17:40,"{""discount_applied"": 3000.0, ""gross_bill_amount"": 5350.42, ""offer_id"": ""OFR-0066"", ""redemption_id"": ""RED-000807"", ""transaction_id"": ""TXN-0015091""}"
AUD-0003609,SYS-REDEEM,REDEMPTION_REJECTED,REDEMPTION,RED-000808,2026-08-07T06:10:40,"{""discount_applied"": 3000.0, ""gross_bill_amount"": 5350.42, ""offer_id"": ""OFR-0066"", ""reason"": ""DUPLICATE_REDEMPTION"", ""redemption_id"": ""RED-000808"", ""transaction_id"": ""TXN-0015091""}"
AUD-0003610,USR-MER-0017-01,VIEW_ANALYTICS,MERCHANT_DASHBOARD,MER-0017,2026-08-07T09:28:00,"{""filters_applied"": 2, ""view"": ""segmentation""}"
AUD-0003611,USR-MER-0009-01,LOGIN,MERCHANT_SESSION,MER-0009,2026-08-07T09:43:00,"{""method"": ""password+mfa"", ""outcome"": ""success""}"
AUD-0003612,USR-MER-0003-01,VIEW_ANALYTICS,MERCHANT_DASHBOARD,MER-0003,2026-08-07T10:20:00,"{""filters_applied"": 4, ""view"": ""segmentation""}"
AUD-0003613,USR-MER-0010-01,VIEW_ANALYTICS,MERCHANT_DASHBOARD,MER-0010,2026-08-07T10:38:00,"{""filters_applied"": 3, ""view"": ""redemption_log""}"
AUD-0003614,USR-MER-0002-01,LOGIN,MERCHANT_SESSION,MER-0002,2026-08-07T10:40:00,"{""method"": ""password+mfa"", ""outcome"": ""success""}"
AUD-0003615,USR-MER-0011-01,VIEW_ANALYTICS,MERCHANT_DASHBOARD,MER-0011,2026-08-07T11:12:00,"{""filters_applied"": 4, ""view"": ""customer_detail""}"
AUD-0003616,USR-MER-0016-01,LOGIN,MERCHANT_SESSION,MER-0016,2026-08-07T11:23:00,"{""method"": ""password+mfa"", ""outcome"": ""success""}"
AUD-0003617,USR-MER-0004-01,LOGIN,MERCHANT_SESSION,MER-0004,2026-08-07T11:29:00,"{""method"": ""password+mfa"", ""outcome"": ""success""}"
AUD-0003618,USR-MER-0013-01,VIEW_ANALYTICS,MERCHANT_DASHBOARD,MER-0013,2026-08-07T12:37:00,"{""filters_applied"": 1, ""view"": ""customer_detail""}"
AUD-0003619,USR-MER-0006-01,LOGIN,MERCHANT_SESSION,MER-0006,2026-08-07T13:32:00,"{""method"": ""password+mfa"", ""outcome"": ""success""}"
AUD-0003620,USR-MER-0011-01,LOGIN,MERCHANT_SESSION,MER-0011,2026-08-07T13:48:00,"{""method"": ""password+mfa"", ""outcome"": ""success""}"
AUD-0003621,USR-MER-0008-01,VIEW_ANALYTICS,MERCHANT_DASHBOARD,MER-0008,2026-08-07T17:07:00,"{""filters_applied"": 4, ""view"": ""redemption_log""}"
AUD-0003622,USR-MER-0001-01,LOGIN,MERCHANT_SESSION,MER-0001,2026-08-07T17:40:00,"{""method"": ""password+mfa"", ""outcome"": ""success""}"
AUD-0003623,SYS-REDEEM,REDEMPTION_CONFIRMED,REDEMPTION,RED-000809,2026-08-07T18:00:33,"{""discount_applied"": 1252.31, ""gross_bill_amount"": 1252.31, ""offer_id"": ""OFR-0041"", ""redemption_id"": ""RED-000809"", ""transaction_id"": ""TXN-0015118""}"
AUD-0003624,USR-MER-0015-01,VIEW_ANALYTICS,MERCHANT_DASHBOARD,MER-0015,2026-08-07T18:31:00,"{""filters_applied"": 4, ""view"": ""redemption_log""}"
AUD-0003625,SYS-REDEEM,REDEMPTION_REJECTED,REDEMPTION,RED-000810,2026-08-07T19:05:33,"{""discount_applied"": 1252.31, ""gross_bill_amount"": 1252.31, ""offer_id"": ""OFR-0041"", ""reason"": ""DUPLICATE_REDEMPTION"", ""redemption_id"": ""RED-000810"", ""transaction_id"": ""TXN-0015118""}"
AUD-0003626,USR-MER-0009-01,VIEW_ANALYTICS,MERCHANT_DASHBOARD,MER-0009,2026-08-07T19:22:00,"{""filters_applied"": 2, ""view"": ""customer_detail""}"
AUD-0003627,SYS-REDEEM,REDEMPTION_REJECTED,REDEMPTION,RED-000811,2026-08-07T20:56:02,"{""discount_applied"": 2100.0, ""gross_bill_amount"": 3120.54, ""offer_id"": ""OFR-0041"", ""reason"": ""OFFER_BUDGET_EXHAUSTED"", ""redemption_id"": ""RED-000811"", ""transaction_id"": ""TXN-0015137""}"
AUD-0003628,USR-MER-0001-01,VIEW_ANALYTICS,MERCHANT_DASHBOARD,MER-0001,2026-08-07T21:04:00,"{""filters_applied"": 4, ""view"": ""customer_detail""}"
AUD-0003629,SYS-REDEEM,REDEMPTION_CONFIRMED,REDEMPTION,RED-000812,2026-08-08T00:18:53,"{""discount_applied"": 2100.0, ""gross_bill_amount"": 6000.0, ""offer_id"": ""OFR-0041"", ""redemption_id"": ""RED-000812"", ""transaction_id"": ""TXN-0015140""}"
AUD-0003630,SYS-REDEEM,REDEMPTION_CONFIRMED,REDEMPTION,RED-000813,2026-08-08T03:25:38,"{""discount_applied"": 2100.0, ""gross_bill_amount"": 5741.0, ""offer_id"": ""OFR-0041"", ""redemption_id"": ""RED-000813"", ""transaction_id"": ""TXN-0015141""}"
AUD-0003631,USR-MER-0015-01,LOGIN,MERCHANT_SESSION,MER-0015,2026-08-08T08:10:00,"{""method"": ""password+mfa"", ""outcome"": ""success""}"
AUD-0003632,USR-MER-0006-01,LOGIN,MERCHANT_SESSION,MER-0006,2026-08-08T08:11:00,"{""method"": ""password+mfa"", ""outcome"": ""success""}"
AUD-0003633,USR-MER-0001-01,VIEW_ANALYTICS,MERCHANT_DASHBOARD,MER-0001,2026-08-08T08:32:00,"{""filters_applied"": 3, ""view"": ""segmentation""}"
AUD-0003634,SYS-REDEEM,REDEMPTION_REJECTED,REDEMPTION,RED-000814,2026-08-08T08:34:47,"{""discount_applied"": 1029.17, ""gross_bill_amount"": 1029.17, ""offer_id"": ""OFR-0041"", ""reason"": ""OFFER_BUDGET_EXHAUSTED"", ""redemption_id"": ""RED-000814"", ""transaction_id"": ""TXN-0015147""}"
AUD-0003635,USR-MER-0001-01,VIEW_ANALYTICS,MERCHANT_DASHBOARD,MER-0001,2026-08-08T08:37:00,"{""filters_applied"": 1, ""view"": ""campaign_performance""}"
AUD-0003636,USR-MER-0006-01,LOGIN,MERCHANT_SESSION,MER-0006,2026-08-08T09:11:00,"{""method"": ""password+mfa"", ""outcome"": ""success""}"
AUD-0003637,USR-MER-0012-01,LOGIN,MERCHANT_SESSION,MER-0012,2026-08-08T10:50:00,"{""method"": ""password+mfa"", ""outcome"": ""success""}"
AUD-0003638,USR-MER-0012-01,LOGIN,MERCHANT_SESSION,MER-0012,2026-08-08T13:15:00,"{""method"": ""password+mfa"", ""outcome"": ""success""}"
AUD-0003639,USR-MER-0001-01,VIEW_ANALYTICS,MERCHANT_DASHBOARD,MER-0001,2026-08-08T13:21:00,"{""filters_applied"": 4, ""view"": ""campaign_performance""}"
AUD-0003640,USR-MER-0003-01,LOGIN,MERCHANT_SESSION,MER-0003,2026-08-08T14:11:00,"{""method"": ""password+mfa"", ""outcome"": ""success""}"
AUD-0003641,USR-MER-0018-01,VIEW_ANALYTICS,MERCHANT_DASHBOARD,MER-0018,2026-08-08T16:21:00,"{""filters_applied"": 3, ""view"": ""customer_detail""}"
AUD-0003642,USR-MER-0001-01,VIEW_ANALYTICS,MERCHANT_DASHBOARD,MER-0001,2026-08-08T16:39:00,"{""filters_applied"": 1, ""view"": ""segmentation""}"
AUD-0003643,USR-MER-0012-01,VIEW_ANALYTICS,MERCHANT_DASHBOARD,MER-0012,2026-08-08T16:59:00,"{""filters_applied"": 2, ""view"": ""campaign_performance""}"
AUD-0003644,USR-MER-0006-01,LOGIN,MERCHANT_SESSION,MER-0006,2026-08-08T17:24:00,"{""method"": ""password+mfa"", ""outcome"": ""success""}"
AUD-0003645,SYS-REDEEM,REDEMPTION_CONFIRMED,REDEMPTION,RED-000815,2026-08-08T18:04:48,"{""discount_applied"": 1169.69, ""gross_bill_amount"": 1169.69, ""offer_id"": ""OFR-0041"", ""redemption_id"": ""RED-000815"", ""transaction_id"": ""TXN-0015174""}"
AUD-0003646,USR-MER-0016-01,LOGIN,MERCHANT_SESSION,MER-0016,2026-08-08T20:52:00,"{""method"": ""password+mfa"", ""outcome"": ""success""}"
AUD-0003647,USR-MER-0013-01,CREATE_OFFER,OFFER,OFR-0013,2026-08-08T21:11:00,"{""budget"": 10603.72, ""discount_type"": ""FIXED"", ""discount_value"": 250.0, ""merchant_id"": ""MER-0013"", ""minimum_spend"": 2499.0}"
AUD-0003648,SYS-REDEEM,REDEMPTION_CONFIRMED,REDEMPTION,RED-000816,2026-08-08T22:00:18,"{""discount_applied"": 844.36, ""gross_bill_amount"": 844.36, ""offer_id"": ""OFR-0041"", ""redemption_id"": ""RED-000816"", ""transaction_id"": ""TXN-0015195""}"
AUD-0003649,USR-MER-0013-01,UPDATE_OFFER,OFFER,OFR-0013,2026-08-09T02:11:00,"{""changed_fields"": [""minimum_spend""], ""merchant_id"": ""MER-0013""}"
AUD-0003650,SYS-REDEEM,REDEMPTION_CONFIRMED,REDEMPTION,RED-000817,2026-08-09T02:56:00,"{""discount_applied"": 2100.0, ""gross_bill_amount"": 5455.0, ""offer_id"": ""OFR-0041"", ""redemption_id"": ""RED-000817"", ""transaction_id"": ""TXN-0015196""}"
AUD-0003651,SYS-REDEEM,REDEMPTION_REJECTED,REDEMPTION,RED-000818,2026-08-09T03:50:00,"{""discount_applied"": 2100.0, ""gross_bill_amount"": 5455.0, ""offer_id"": ""OFR-0041"", ""reason"": ""DUPLICATE_REDEMPTION"", ""redemption_id"": ""RED-000818"", ""transaction_id"": ""TXN-0015196""}"
AUD-0003652,USR-MER-0014-01,LOGIN,MERCHANT_SESSION,MER-0014,2026-08-09T09:17:00,"{""method"": ""password+mfa"", ""outcome"": ""success""}"
AUD-0003653,USR-MER-0002-01,LOGIN,MERCHANT_SESSION,MER-0002,2026-08-09T09:53:00,"{""method"": ""password+mfa"", ""outcome"": ""success""}"
AUD-0003654,USR-MER-0018-01,LAUNCH_CAMPAIGN,CAMPAIGN,CPN-0075,2026-08-09T11:08:00,"{""campaign_id"": ""CPN-0075""}"
AUD-0003655,USR-MER-0008-01,VIEW_ANALYTICS,MERCHANT_DASHBOARD,MER-0008,2026-08-09T11:16:00,"{""filters_applied"": 2, ""view"": ""segmentation""}"
AUD-0003656,USR-MER-0006-01,LOGIN,MERCHANT_SESSION,MER-0006,2026-08-09T11:40:00,"{""method"": ""password+mfa"", ""outcome"": ""success""}"
AUD-0003657,USR-MER-0004-01,VIEW_ANALYTICS,MERCHANT_DASHBOARD,MER-0004,2026-08-09T11:42:00,"{""filters_applied"": 2, ""view"": ""segmentation""}"
AUD-0003658,USR-MER-0004-01,LOGIN,MERCHANT_SESSION,MER-0004,2026-08-09T12:15:00,"{""method"": ""password+mfa"", ""outcome"": ""success""}"
AUD-0003659,SYS-REDEEM,REDEMPTION_CONFIRMED,REDEMPTION,RED-000819,2026-08-09T13:11:47,"{""discount_applied"": 1100.48, ""gross_bill_amount"": 1100.48, ""offer_id"": ""OFR-0041"", ""redemption_id"": ""RED-000819"", ""transaction_id"": ""TXN-0015222""}"
AUD-0003660,USR-MER-0011-01,VIEW_ANALYTICS,MERCHANT_DASHBOARD,MER-0011,2026-08-09T13:25:00,"{""filters_applied"": 3, ""view"": ""segmentation""}"
AUD-0003661,USR-MER-0015-01,VIEW_ANALYTICS,MERCHANT_DASHBOARD,MER-0015,2026-08-09T14:12:00,"{""filters_applied"": 1, ""view"": ""redemption_log""}"
AUD-0003662,USR-MER-0006-01,VIEW_ANALYTICS,MERCHANT_DASHBOARD,MER-0006,2026-08-09T14:23:00,"{""filters_applied"": 2, ""view"": ""campaign_performance""}"
AUD-0003663,SYS-REDEEM,REDEMPTION_REJECTED,REDEMPTION,RED-000820,2026-08-09T14:29:47,"{""discount_applied"": 3000.0, ""gross_bill_amount"": 7583.7, ""offer_id"": ""OFR-0066"", ""reason"": ""OFFER_BUDGET_EXHAUSTED"", ""redemption_id"": ""RED-000820"", ""transaction_id"": ""TXN-0015228""}"
AUD-0003664,USR-MER-0001-01,VIEW_ANALYTICS,MERCHANT_DASHBOARD,MER-0001,2026-08-09T15:18:00,"{""filters_applied"": 1, ""view"": ""redemption_log""}"
AUD-0003665,USR-MER-0004-01,VIEW_ANALYTICS,MERCHANT_DASHBOARD,MER-0004,2026-08-09T15:30:00,"{""filters_applied"": 3, ""view"": ""segmentation""}"
AUD-0003666,USR-MER-0008-01,LOGIN,MERCHANT_SESSION,MER-0008,2026-08-09T17:20:00,"{""method"": ""password+mfa"", ""outcome"": ""success""}"
AUD-0003667,USR-MER-0006-01,VIEW_ANALYTICS,MERCHANT_DASHBOARD,MER-0006,2026-08-09T18:08:00,"{""filters_applied"": 4, ""view"": ""redemption_log""}"
AUD-0003668,USR-MER-0009-01,VIEW_ANALYTICS,MERCHANT_DASHBOARD,MER-0009,2026-08-09T18:15:00,"{""filters_applied"": 0, ""view"": ""customer_detail""}"
AUD-0003669,USR-MER-0015-01,VIEW_ANALYTICS,MERCHANT_DASHBOARD,MER-0015,2026-08-09T18:15:00,"{""filters_applied"": 4, ""view"": ""customer_detail""}"
AUD-0003670,USR-MER-0014-01,LOGIN,MERCHANT_SESSION,MER-0014,2026-08-09T18:19:00,"{""method"": ""password+mfa"", ""outcome"": ""success""}"
AUD-0003671,USR-MER-0002-01,VIEW_ANALYTICS,MERCHANT_DASHBOARD,MER-0002,2026-08-09T18:20:00,"{""filters_applied"": 4, ""view"": ""campaign_performance""}"
AUD-0003672,USR-MER-0012-01,LOGIN,MERCHANT_SESSION,MER-0012,2026-08-09T19:00:00,"{""method"": ""password+mfa"", ""outcome"": ""success""}"
AUD-0003673,SYS-REDEEM,REDEMPTION_CONFIRMED,REDEMPTION,RED-000821,2026-08-09T20:10:23,"{""discount_applied"": 400.0, ""gross_bill_amount"": 1032.17, ""offer_id"": ""OFR-0095"", ""redemption_id"": ""RED-000821"", ""transaction_id"": ""TXN-0015248""}"
AUD-0003674,SYS-REDEEM,REDEMPTION_CONFIRMED,REDEMPTION,RED-000822,2026-08-09T21:24:52,"{""discount_applied"": 400.0, ""gross_bill_amount"": 1487.88, ""offer_id"": ""OFR-0095"", ""redemption_id"": ""RED-000822"", ""transaction_id"": ""TXN-0015253""}"
AUD-0003675,USR-MER-0008-01,LOGIN,MERCHANT_SESSION,MER-0008,2026-08-09T21:30:00,"{""method"": ""password+mfa"", ""outcome"": ""success""}"
AUD-0003676,SYS-REDEEM,REDEMPTION_CONFIRMED,REDEMPTION,RED-000823,2026-08-09T21:39:56,"{""discount_applied"": 400.0, ""gross_bill_amount"": 1341.89, ""offer_id"": ""OFR-0095"", ""redemption_id"": ""RED-000823"", ""transaction_id"": ""TXN-0015255""}"
AUD-0003677,SYS-REDEEM,REDEMPTION_REJECTED,REDEMPTION,RED-000824,2026-08-09T22:50:56,"{""discount_applied"": 400.0, ""gross_bill_amount"": 1341.89, ""offer_id"": ""OFR-0095"", ""reason"": ""DUPLICATE_REDEMPTION"", ""redemption_id"": ""RED-000824"", ""transaction_id"": ""TXN-0015255""}"
AUD-0003678,SYS-REDEEM,REDEMPTION_CONFIRMED,REDEMPTION,RED-000825,2026-08-10T04:54:03,"{""discount_applied"": 1312.3, ""gross_bill_amount"": 1312.3, ""offer_id"": ""OFR-0041"", ""redemption_id"": ""RED-000825"", ""transaction_id"": ""TXN-0015257""}"
AUD-0003679,SYS-REDEEM,REDEMPTION_CONFIRMED,REDEMPTION,RED-000826,2026-08-10T07:52:35,"{""discount_applied"": 400.0, ""gross_bill_amount"": 1986.0, ""offer_id"": ""OFR-0095"", ""redemption_id"": ""RED-000826"", ""transaction_id"": ""TXN-0015259""}"
AUD-0003680,USR-MER-0011-01,LOGIN,MERCHANT_SESSION,MER-0011,2026-08-10T08:10:00,"{""method"": ""password+mfa"", ""outcome"": ""success""}"
AUD-0003681,USR-MER-0016-01,LOGIN,MERCHANT_SESSION,MER-0016,2026-08-10T08:56:00,"{""method"": ""password+mfa"", ""outcome"": ""success""}"
AUD-0003682,USR-MER-0004-01,VIEW_ANALYTICS,MERCHANT_DASHBOARD,MER-0004,2026-08-10T09:44:00,"{""filters_applied"": 1, ""view"": ""campaign_performance""}"
AUD-0003683,USR-MER-0010-01,VIEW_ANALYTICS,MERCHANT_DASHBOARD,MER-0010,2026-08-10T13:06:00,"{""filters_applied"": 4, ""view"": ""campaign_performance""}"
AUD-0003684,USR-MER-0004-01,LOGIN,MERCHANT_SESSION,MER-0004,2026-08-10T14:33:00,"{""method"": ""password+mfa"", ""outcome"": ""success""}"
AUD-0003685,SYS-REDEEM,REDEMPTION_CONFIRMED,REDEMPTION,RED-000827,2026-08-10T16:30:24,"{""discount_applied"": 400.0, ""gross_bill_amount"": 1661.95, ""offer_id"": ""OFR-0095"", ""redemption_id"": ""RED-000827"", ""transaction_id"": ""TXN-0015292""}"
AUD-0003686,USR-MER-0016-01,LOGIN,MERCHANT_SESSION,MER-0016,2026-08-10T16:34:00,"{""method"": ""password+mfa"", ""outcome"": ""success""}"
AUD-0003687,USR-MER-0018-01,LOGIN,MERCHANT_SESSION,MER-0018,2026-08-10T16:51:00,"{""method"": ""password+mfa"", ""outcome"": ""success""}"
AUD-0003688,SYS-REDEEM,REDEMPTION_CONFIRMED,REDEMPTION,RED-000828,2026-08-10T17:05:47,"{""discount_applied"": 400.0, ""gross_bill_amount"": 1201.04, ""offer_id"": ""OFR-0095"", ""redemption_id"": ""RED-000828"", ""transaction_id"": ""TXN-0015295""}"
AUD-0003689,SYS-REDEEM,REDEMPTION_CONFIRMED,REDEMPTION,RED-000829,2026-08-10T17:09:24,"{""discount_applied"": 1306.01, ""gross_bill_amount"": 1306.01, ""offer_id"": ""OFR-0041"", ""redemption_id"": ""RED-000829"", ""transaction_id"": ""TXN-0015298""}"
AUD-0003690,SYS-REDEEM,REDEMPTION_CONFIRMED,REDEMPTION,RED-000830,2026-08-10T17:34:58,"{""discount_applied"": 400.0, ""gross_bill_amount"": 909.52, ""offer_id"": ""OFR-0095"", ""redemption_id"": ""RED-000830"", ""transaction_id"": ""TXN-0015301""}"
AUD-0003691,USR-MER-0010-01,VIEW_ANALYTICS,MERCHANT_DASHBOARD,MER-0010,2026-08-10T19:43:00,"{""filters_applied"": 2, ""view"": ""segmentation""}"
AUD-0003692,SYS-REDEEM,REDEMPTION_CONFIRMED,REDEMPTION,RED-000831,2026-08-10T20:08:26,"{""discount_applied"": 3000.0, ""gross_bill_amount"": 8543.88, ""offer_id"": ""OFR-0066"", ""redemption_id"": ""RED-000831"", ""transaction_id"": ""TXN-0015314""}"
AUD-0003693,USR-MER-0002-01,LOGIN,MERCHANT_SESSION,MER-0002,2026-08-10T20:15:00,"{""method"": ""password+mfa"", ""outcome"": ""success""}"
AUD-0003694,SYS-REDEEM,REDEMPTION_REJECTED,REDEMPTION,RED-000832,2026-08-10T20:29:26,"{""discount_applied"": 3000.0, ""gross_bill_amount"": 8543.88, ""offer_id"": ""OFR-0066"", ""reason"": ""DUPLICATE_REDEMPTION"", ""redemption_id"": ""RED-000832"", ""transaction_id"": ""TXN-0015314""}"
AUD-0003695,USR-MER-0016-01,VIEW_ANALYTICS,MERCHANT_DASHBOARD,MER-0016,2026-08-10T21:41:00,"{""filters_applied"": 4, ""view"": ""campaign_performance""}"
AUD-0003696,USR-MER-0018-01,VIEW_ANALYTICS,MERCHANT_DASHBOARD,MER-0018,2026-08-10T21:48:00,"{""filters_applied"": 2, ""view"": ""campaign_performance""}"
AUD-0003697,USR-MER-0015-01,LOGIN,MERCHANT_SESSION,MER-0015,2026-08-10T21:49:00,"{""method"": ""password+mfa"", ""outcome"": ""success""}"
AUD-0003698,SYS-REDEEM,REDEMPTION_REJECTED,REDEMPTION,RED-000833,2026-08-10T23:43:31,"{""discount_applied"": 989.53, ""gross_bill_amount"": 989.53, ""offer_id"": ""OFR-0041"", ""reason"": ""OFFER_BUDGET_EXHAUSTED"", ""redemption_id"": ""RED-000833"", ""transaction_id"": ""TXN-0015319""}"
AUD-0003699,SYS-REDEEM,REDEMPTION_CONFIRMED,REDEMPTION,RED-000834,2026-08-11T05:52:11,"{""discount_applied"": 1212.76, ""gross_bill_amount"": 1212.76, ""offer_id"": ""OFR-0041"", ""redemption_id"": ""RED-000834"", ""transaction_id"": ""TXN-0015320""}"
AUD-0003700,SYS-REDEEM,REDEMPTION_REJECTED,REDEMPTION,RED-000835,2026-08-11T05:55:14,"{""discount_applied"": 3000.0, ""gross_bill_amount"": 8818.87, ""offer_id"": ""OFR-0066"", ""reason"": ""OFFER_BUDGET_EXHAUSTED"", ""redemption_id"": ""RED-000835"", ""transaction_id"": ""TXN-0015321""}"
AUD-0003701,SYS-REDEEM,REDEMPTION_CONFIRMED,REDEMPTION,RED-000836,2026-08-11T07:05:45,"{""discount_applied"": 400.0, ""gross_bill_amount"": 1933.0, ""offer_id"": ""OFR-0095"", ""redemption_id"": ""RED-000836"", ""transaction_id"": ""TXN-0015323""}"
AUD-0003702,USR-MER-0013-01,VIEW_ANALYTICS,MERCHANT_DASHBOARD,MER-0013,2026-08-11T13:36:00,"{""filters_applied"": 2, ""view"": ""campaign_performance""}"
AUD-0003703,USR-MER-0001-01,VIEW_ANALYTICS,MERCHANT_DASHBOARD,MER-0001,2026-08-11T15:47:00,"{""filters_applied"": 4, ""view"": ""campaign_performance""}"
AUD-0003704,USR-MER-0017-01,VIEW_ANALYTICS,MERCHANT_DASHBOARD,MER-0017,2026-08-11T16:30:00,"{""filters_applied"": 2, ""view"": ""segmentation""}"
AUD-0003705,USR-MER-0004-01,LOGIN,MERCHANT_SESSION,MER-0004,2026-08-11T16:46:00,"{""method"": ""password+mfa"", ""outcome"": ""success""}"
AUD-0003706,USR-MER-0002-01,LOGIN,MERCHANT_SESSION,MER-0002,2026-08-11T16:52:00,"{""method"": ""password+mfa"", ""outcome"": ""success""}"
AUD-0003707,USR-MER-0006-01,LOGIN,MERCHANT_SESSION,MER-0006,2026-08-11T17:06:00,"{""method"": ""password+mfa"", ""outcome"": ""success""}"
AUD-0003708,USR-MER-0006-01,VIEW_ANALYTICS,MERCHANT_DASHBOARD,MER-0006,2026-08-11T19:05:00,"{""filters_applied"": 0, ""view"": ""customer_detail""}"
AUD-0003709,USR-MER-0013-01,LOGIN,MERCHANT_SESSION,MER-0013,2026-08-11T20:02:00,"{""method"": ""password+mfa"", ""outcome"": ""success""}"
AUD-0003710,USR-MER-0015-01,LOGIN,MERCHANT_SESSION,MER-0015,2026-08-11T20:22:00,"{""method"": ""password+mfa"", ""outcome"": ""success""}"
AUD-0003711,USR-MER-0007-01,LOGIN,MERCHANT_SESSION,MER-0007,2026-08-11T21:10:00,"{""method"": ""password+mfa"", ""outcome"": ""success""}"
AUD-0003712,USR-MER-0003-01,VIEW_ANALYTICS,MERCHANT_DASHBOARD,MER-0003,2026-08-11T21:37:00,"{""filters_applied"": 2, ""view"": ""customer_detail""}"
AUD-0003713,SYS-REDEEM,REDEMPTION_CONFIRMED,REDEMPTION,RED-000837,2026-08-12T08:28:49,"{""discount_applied"": 400.0, ""gross_bill_amount"": 902.69, ""offer_id"": ""OFR-0095"", ""redemption_id"": ""RED-000837"", ""transaction_id"": ""TXN-0015366""}"
AUD-0003714,USR-MER-0012-01,LOGIN,MERCHANT_SESSION,MER-0012,2026-08-12T09:18:00,"{""method"": ""password+mfa"", ""outcome"": ""success""}"
AUD-0003715,USR-MER-0003-01,LOGIN,MERCHANT_SESSION,MER-0003,2026-08-12T09:27:00,"{""method"": ""password+mfa"", ""outcome"": ""success""}"
AUD-0003716,USR-MER-0001-01,LOGIN,MERCHANT_SESSION,MER-0001,2026-08-12T10:45:00,"{""method"": ""password+mfa"", ""outcome"": ""success""}"
AUD-0003717,USR-MER-0002-01,VIEW_ANALYTICS,MERCHANT_DASHBOARD,MER-0002,2026-08-12T12:30:00,"{""filters_applied"": 0, ""view"": ""campaign_performance""}"
AUD-0003718,USR-MER-0004-01,CREATE_OFFER,OFFER,OFR-0004,2026-08-12T14:41:00,"{""budget"": 28722.13, ""discount_type"": ""FIXED"", ""discount_value"": 2700.0, ""merchant_id"": ""MER-0004"", ""minimum_spend"": 9999.0}"
AUD-0003719,USR-MER-0005-01,VIEW_ANALYTICS,MERCHANT_DASHBOARD,MER-0005,2026-08-12T15:14:00,"{""filters_applied"": 2, ""view"": ""customer_detail""}"
AUD-0003720,USR-MER-0006-01,VIEW_ANALYTICS,MERCHANT_DASHBOARD,MER-0006,2026-08-12T16:48:00,"{""filters_applied"": 3, ""view"": ""segmentation""}"
AUD-0003721,USR-MER-0010-01,VIEW_ANALYTICS,MERCHANT_DASHBOARD,MER-0010,2026-08-12T17:01:00,"{""filters_applied"": 0, ""view"": ""customer_detail""}"
AUD-0003722,SYS-REDEEM,REDEMPTION_CONFIRMED,REDEMPTION,RED-000838,2026-08-12T19:23:41,"{""discount_applied"": 400.0, ""gross_bill_amount"": 1975.63, ""offer_id"": ""OFR-0095"", ""redemption_id"": ""RED-000838"", ""transaction_id"": ""TXN-0015394""}"
AUD-0003723,USR-MER-0012-01,VIEW_ANALYTICS,MERCHANT_DASHBOARD,MER-0012,2026-08-12T19:25:00,"{""filters_applied"": 4, ""view"": ""segmentation""}"
AUD-0003724,USR-MER-0009-01,VIEW_ANALYTICS,MERCHANT_DASHBOARD,MER-0009,2026-08-12T20:12:00,"{""filters_applied"": 3, ""view"": ""customer_detail""}"
AUD-0003725,USR-MER-0018-01,VIEW_ANALYTICS,MERCHANT_DASHBOARD,MER-0018,2026-08-12T21:35:00,"{""filters_applied"": 0, ""view"": ""campaign_performance""}"
AUD-0003726,SYS-REDEEM,REDEMPTION_CONFIRMED,REDEMPTION,RED-000839,2026-08-12T23:01:01,"{""discount_applied"": 1065.89, ""gross_bill_amount"": 1065.89, ""offer_id"": ""OFR-0041"", ""redemption_id"": ""RED-000839"", ""transaction_id"": ""TXN-0015409""}"
AUD-0003727,SYS-REDEEM,REDEMPTION_CONFIRMED,REDEMPTION,RED-000840,2026-08-13T00:58:37,"{""discount_applied"": 2100.0, ""gross_bill_amount"": 4715.0, ""offer_id"": ""OFR-0041"", ""redemption_id"": ""RED-000840"", ""transaction_id"": ""TXN-0015410""}"
AUD-0003728,SYS-REDEEM,REDEMPTION_CONFIRMED,REDEMPTION,RED-000841,2026-08-13T01:26:10,"{""discount_applied"": 400.0, ""gross_bill_amount"": 1338.77, ""offer_id"": ""OFR-0095"", ""redemption_id"": ""RED-000841"", ""transaction_id"": ""TXN-0015411""}"
AUD-0003729,SYS-REDEEM,REDEMPTION_CONFIRMED,REDEMPTION,RED-000842,2026-08-13T01:28:18,"{""discount_applied"": 400.0, ""gross_bill_amount"": 2407.0, ""offer_id"": ""OFR-0095"", ""redemption_id"": ""RED-000842"", ""transaction_id"": ""TXN-0015412""}"
AUD-0003730,SYS-AI-COPY,GENERATE_AI_CONTENT,CAMPAIGN,CPN-0043,2026-08-13T03:01:00,"{""model"": ""mock-copywriter-v2"", ""output_chars"": 130, ""prompt_version"": ""p1.1""}"
AUD-0003731,USR-MER-0009-01,CREATE_CAMPAIGN,CAMPAIGN,CPN-0043,2026-08-13T03:18:00,"{""merchant_id"": ""MER-0009"", ""objective"": ""REWARD_FREQUENT_CUSTOMERS"", ""offer_id"": ""OFR-0063""}"
AUD-0003732,SYS-REDEEM,REDEMPTION_REJECTED,REDEMPTION,RED-000843,2026-08-13T05:24:46,"{""discount_applied"": 2100.0, ""gross_bill_amount"": 3065.0, ""offer_id"": ""OFR-0041"", ""reason"": ""OFFER_BUDGET_EXHAUSTED"", ""redemption_id"": ""RED-000843"", ""transaction_id"": ""TXN-0015413""}"
AUD-0003733,SYS-REDEEM,REDEMPTION_REJECTED,REDEMPTION,RED-000844,2026-08-13T06:22:31,"{""discount_applied"": 1192.9, ""gross_bill_amount"": 1192.9, ""offer_id"": ""OFR-0041"", ""reason"": ""OFFER_BUDGET_EXHAUSTED"", ""redemption_id"": ""RED-000844"", ""transaction_id"": ""TXN-0015414""}"
AUD-0003734,SYS-REDEEM,REDEMPTION_CONFIRMED,REDEMPTION,RED-000845,2026-08-13T07:50:06,"{""discount_applied"": 400.0, ""gross_bill_amount"": 1076.9, ""offer_id"": ""OFR-0095"", ""redemption_id"": ""RED-000845"", ""transaction_id"": ""TXN-0015415""}"
AUD-0003735,USR-MER-0009-01,VIEW_ANALYTICS,MERCHANT_DASHBOARD,MER-0009,2026-08-13T08:30:00,"{""filters_applied"": 0, ""view"": ""campaign_performance""}"
AUD-0003736,USR-MER-0018-01,VIEW_ANALYTICS,MERCHANT_DASHBOARD,MER-0018,2026-08-13T09:22:00,"{""filters_applied"": 0, ""view"": ""redemption_log""}"
AUD-0003737,USR-MER-0014-01,VIEW_ANALYTICS,MERCHANT_DASHBOARD,MER-0014,2026-08-13T09:28:00,"{""filters_applied"": 3, ""view"": ""customer_detail""}"
AUD-0003738,USR-MER-0008-01,VIEW_ANALYTICS,MERCHANT_DASHBOARD,MER-0008,2026-08-13T10:00:00,"{""filters_applied"": 3, ""view"": ""campaign_performance""}"
AUD-0003739,USR-MER-0004-01,VIEW_ANALYTICS,MERCHANT_DASHBOARD,MER-0004,2026-08-13T10:08:00,"{""filters_applied"": 4, ""view"": ""redemption_log""}"
AUD-0003740,USR-MER-0013-01,VIEW_ANALYTICS,MERCHANT_DASHBOARD,MER-0013,2026-08-13T10:22:00,"{""filters_applied"": 0, ""view"": ""customer_detail""}"
AUD-0003741,SYS-REDEEM,REDEMPTION_REJECTED,REDEMPTION,RED-000846,2026-08-13T11:28:20,"{""discount_applied"": 1501.62, ""gross_bill_amount"": 1501.62, ""offer_id"": ""OFR-0041"", ""reason"": ""OFFER_BUDGET_EXHAUSTED"", ""redemption_id"": ""RED-000846"", ""transaction_id"": ""TXN-0015429""}"
AUD-0003742,USR-MER-0006-01,LOGIN,MERCHANT_SESSION,MER-0006,2026-08-13T12:23:00,"{""method"": ""password+mfa"", ""outcome"": ""success""}"
AUD-0003743,USR-MER-0004-01,VIEW_ANALYTICS,MERCHANT_DASHBOARD,MER-0004,2026-08-13T13:10:00,"{""filters_applied"": 4, ""view"": ""campaign_performance""}"
AUD-0003744,USR-MER-0014-01,VIEW_ANALYTICS,MERCHANT_DASHBOARD,MER-0014,2026-08-13T13:11:00,"{""filters_applied"": 1, ""view"": ""redemption_log""}"
AUD-0003745,USR-MER-0003-01,CREATE_OFFER,OFFER,OFR-0003,2026-08-13T13:28:00,"{""budget"": 27002.72, ""discount_type"": ""PERCENTAGE"", ""discount_value"": 5.0, ""merchant_id"": ""MER-0003"", ""minimum_spend"": 9999.0}"
AUD-0003746,SYS-REDEEM,REDEMPTION_CONFIRMED,REDEMPTION,RED-000847,2026-08-13T14:11:09,"{""discount_applied"": 1030.34, ""gross_bill_amount"": 1030.34, ""offer_id"": ""OFR-0041"", ""redemption_id"": ""RED-000847"", ""transaction_id"": ""TXN-0015435""}"
AUD-0003747,USR-MER-0001-01,CREATE_OFFER,OFFER,OFR-0026,2026-08-13T14:39:00,"{""budget"": 4435.48, ""discount_type"": ""FIXED"", ""discount_value"": 100.0, ""merchant_id"": ""MER-0001"", ""minimum_spend"": 599.0}"
AUD-0003748,SYS-REDEEM,REDEMPTION_REJECTED,REDEMPTION,RED-000848,2026-08-13T15:15:19,"{""discount_applied"": 2100.0, ""gross_bill_amount"": 3150.0, ""offer_id"": ""OFR-0041"", ""reason"": ""OFFER_BUDGET_EXHAUSTED"", ""redemption_id"": ""RED-000848"", ""transaction_id"": ""TXN-0015438""}"
AUD-0003749,USR-MER-0009-01,VIEW_ANALYTICS,MERCHANT_DASHBOARD,MER-0009,2026-08-13T15:25:00,"{""filters_applied"": 2, ""view"": ""customer_detail""}"
AUD-0003750,USR-MER-0008-01,LOGIN,MERCHANT_SESSION,MER-0008,2026-08-13T16:49:00,"{""method"": ""password+mfa"", ""outcome"": ""success""}"
AUD-0003751,USR-MER-0005-01,VIEW_ANALYTICS,MERCHANT_DASHBOARD,MER-0005,2026-08-13T17:26:00,"{""filters_applied"": 3, ""view"": ""segmentation""}"
AUD-0003752,SYS-REDEEM,REDEMPTION_CONFIRMED,REDEMPTION,RED-000849,2026-08-13T17:49:35,"{""discount_applied"": 2100.0, ""gross_bill_amount"": 2969.0, ""offer_id"": ""OFR-0041"", ""redemption_id"": ""RED-000849"", ""transaction_id"": ""TXN-0015448""}"
AUD-0003753,USR-MER-0009-01,VIEW_ANALYTICS,MERCHANT_DASHBOARD,MER-0009,2026-08-13T17:57:00,"{""filters_applied"": 2, ""view"": ""redemption_log""}"
AUD-0003754,SYS-REDEEM,REDEMPTION_CONFIRMED,REDEMPTION,RED-000850,2026-08-13T18:20:15,"{""discount_applied"": 3000.0, ""gross_bill_amount"": 5000.0, ""offer_id"": ""OFR-0066"", ""redemption_id"": ""RED-000850"", ""transaction_id"": ""TXN-0015451""}"
AUD-0003755,SYS-REDEEM,REDEMPTION_CONFIRMED,REDEMPTION,RED-000851,2026-08-13T18:43:18,"{""discount_applied"": 890.57, ""gross_bill_amount"": 890.57, ""offer_id"": ""OFR-0041"", ""redemption_id"": ""RED-000851"", ""transaction_id"": ""TXN-0015452""}"
AUD-0003756,USR-MER-0002-01,VIEW_ANALYTICS,MERCHANT_DASHBOARD,MER-0002,2026-08-13T18:59:00,"{""filters_applied"": 0, ""view"": ""segmentation""}"
AUD-0003757,SYS-REDEEM,REDEMPTION_CONFIRMED,REDEMPTION,RED-000852,2026-08-13T19:27:19,"{""discount_applied"": 2100.0, ""gross_bill_amount"": 2160.68, ""offer_id"": ""OFR-0041"", ""redemption_id"": ""RED-000852"", ""transaction_id"": ""TXN-0015457""}"
AUD-0003758,USR-MER-0014-01,VIEW_ANALYTICS,MERCHANT_DASHBOARD,MER-0014,2026-08-13T19:55:00,"{""filters_applied"": 3, ""view"": ""campaign_performance""}"
AUD-0003759,USR-MER-0004-01,LOGIN,MERCHANT_SESSION,MER-0004,2026-08-13T21:08:00,"{""method"": ""password+mfa"", ""outcome"": ""success""}"
AUD-0003760,USR-MER-0011-01,LOGIN,MERCHANT_SESSION,MER-0011,2026-08-13T21:31:00,"{""method"": ""password+mfa"", ""outcome"": ""success""}"
AUD-0003761,USR-MER-0018-01,LOGIN,MERCHANT_SESSION,MER-0018,2026-08-13T21:52:00,"{""method"": ""password+mfa"", ""outcome"": ""success""}"
AUD-0003762,SYS-REDEEM,REDEMPTION_CONFIRMED,REDEMPTION,RED-000853,2026-08-13T23:58:52,"{""discount_applied"": 400.0, ""gross_bill_amount"": 1138.0, ""offer_id"": ""OFR-0095"", ""redemption_id"": ""RED-000853"", ""transaction_id"": ""TXN-0015466""}"
AUD-0003763,SYS-REDEEM,REDEMPTION_CONFIRMED,REDEMPTION,RED-000854,2026-08-14T00:00:22,"{""discount_applied"": 3000.0, ""gross_bill_amount"": 7508.21, ""offer_id"": ""OFR-0066"", ""redemption_id"": ""RED-000854"", ""transaction_id"": ""TXN-0015467""}"
AUD-0003764,SYS-REDEEM,REDEMPTION_REJECTED,REDEMPTION,RED-000855,2026-08-14T01:23:22,"{""discount_applied"": 3000.0, ""gross_bill_amount"": 7508.21, ""offer_id"": ""OFR-0066"", ""reason"": ""DUPLICATE_REDEMPTION"", ""redemption_id"": ""RED-000855"", ""transaction_id"": ""TXN-0015467""}"
AUD-0003765,SYS-REDEEM,REDEMPTION_CONFIRMED,REDEMPTION,RED-000856,2026-08-14T03:46:37,"{""discount_applied"": 3000.0, ""gross_bill_amount"": 8025.87, ""offer_id"": ""OFR-0066"", ""redemption_id"": ""RED-000856"", ""transaction_id"": ""TXN-0015468""}"
AUD-0003766,SYS-REDEEM,REDEMPTION_REJECTED,REDEMPTION,RED-000857,2026-08-14T04:46:33,"{""discount_applied"": 3000.0, ""gross_bill_amount"": 5872.0, ""offer_id"": ""OFR-0066"", ""reason"": ""OFFER_BUDGET_EXHAUSTED"", ""redemption_id"": ""RED-000857"", ""transaction_id"": ""TXN-0015469""}"
AUD-0003767,SYS-REDEEM,REDEMPTION_CONFIRMED,REDEMPTION,RED-000858,2026-08-14T05:45:18,"{""discount_applied"": 3000.0, ""gross_bill_amount"": 8000.0, ""offer_id"": ""OFR-0066"", ""redemption_id"": ""RED-000858"", ""transaction_id"": ""TXN-0015470""}"
AUD-0003768,SYS-REDEEM,REDEMPTION_REJECTED,REDEMPTION,RED-000859,2026-08-14T06:37:18,"{""discount_applied"": 3000.0, ""gross_bill_amount"": 8000.0, ""offer_id"": ""OFR-0066"", ""reason"": ""DUPLICATE_REDEMPTION"", ""redemption_id"": ""RED-000859"", ""transaction_id"": ""TXN-0015470""}"
AUD-0003769,SYS-AI-COPY,GENERATE_AI_CONTENT,CAMPAIGN,CPN-0067,2026-08-14T08:09:00,"{""model"": ""template-fallback-v1"", ""output_chars"": 188, ""prompt_version"": ""p2.0""}"
AUD-0003770,USR-MER-0017-01,LOGIN,MERCHANT_SESSION,MER-0017,2026-08-14T08:16:00,"{""method"": ""password+mfa"", ""outcome"": ""success""}"
AUD-0003771,USR-MER-0015-01,CREATE_CAMPAIGN,CAMPAIGN,CPN-0067,2026-08-14T08:27:00,"{""merchant_id"": ""MER-0015"", ""objective"": ""INCREASE_REPEAT_PURCHASE"", ""offer_id"": ""OFR-0087""}"
AUD-0003772,USR-MER-0005-01,VIEW_ANALYTICS,MERCHANT_DASHBOARD,MER-0005,2026-08-14T10:29:00,"{""filters_applied"": 1, ""view"": ""customer_detail""}"
AUD-0003773,USR-MER-0010-01,LOGIN,MERCHANT_SESSION,MER-0010,2026-08-14T10:56:00,"{""method"": ""password+mfa"", ""outcome"": ""success""}"
AUD-0003774,SYS-AI-COPY,GENERATE_AI_CONTENT,CAMPAIGN,CPN-0006,2026-08-14T11:24:00,"{""model"": ""template-fallback-v1"", ""output_chars"": 264, ""prompt_version"": ""p1.1""}"
AUD-0003775,USR-MER-0004-01,VIEW_ANALYTICS,MERCHANT_DASHBOARD,MER-0004,2026-08-14T11:27:00,"{""filters_applied"": 3, ""view"": ""segmentation""}"
AUD-0003776,USR-MER-0009-01,LOGIN,MERCHANT_SESSION,MER-0009,2026-08-14T11:39:00,"{""method"": ""password+mfa"", ""outcome"": ""success""}"
AUD-0003777,USR-MER-0001-01,CREATE_CAMPAIGN,CAMPAIGN,CPN-0006,2026-08-14T11:45:00,"{""merchant_id"": ""MER-0001"", ""objective"": ""PROMOTE_HIGH_VALUE_OFFER"", ""offer_id"": ""OFR-0026""}"
AUD-0003778,SYS-REDEEM,REDEMPTION_CONFIRMED,REDEMPTION,RED-000860,2026-08-14T12:30:01,"{""discount_applied"": 400.0, ""gross_bill_amount"": 1530.0, ""offer_id"": ""OFR-0095"", ""redemption_id"": ""RED-000860"", ""transaction_id"": ""TXN-0015491""}"
AUD-0003779,USR-MER-0004-01,LOGIN,MERCHANT_SESSION,MER-0004,2026-08-14T12:54:00,"{""method"": ""password+mfa"", ""outcome"": ""success""}"
AUD-0003780,USR-MER-0016-01,VIEW_ANALYTICS,MERCHANT_DASHBOARD,MER-0016,2026-08-14T15:22:00,"{""filters_applied"": 0, ""view"": ""customer_detail""}"
AUD-0003781,USR-MER-0014-01,LOGIN,MERCHANT_SESSION,MER-0014,2026-08-14T15:29:00,"{""method"": ""password+mfa"", ""outcome"": ""success""}"
AUD-0003782,USR-MER-0006-01,LOGIN,MERCHANT_SESSION,MER-0006,2026-08-14T16:32:00,"{""method"": ""password+mfa"", ""outcome"": ""success""}"
AUD-0003783,USR-MER-0013-01,LOGIN,MERCHANT_SESSION,MER-0013,2026-08-14T16:42:00,"{""method"": ""password+mfa"", ""outcome"": ""success""}"
AUD-0003784,USR-MER-0006-01,LAUNCH_CAMPAIGN,CAMPAIGN,CPN-0032,2026-08-14T17:51:00,"{""campaign_id"": ""CPN-0032""}"
AUD-0003785,USR-MER-0012-01,LOGIN,MERCHANT_SESSION,MER-0012,2026-08-14T18:50:00,"{""method"": ""password+mfa"", ""outcome"": ""success""}"
AUD-0003786,USR-MER-0002-01,LOGIN,MERCHANT_SESSION,MER-0002,2026-08-14T19:30:00,"{""method"": ""password+mfa"", ""outcome"": ""success""}"
AUD-0003787,USR-MER-0016-01,VIEW_ANALYTICS,MERCHANT_DASHBOARD,MER-0016,2026-08-14T20:53:00,"{""filters_applied"": 4, ""view"": ""customer_detail""}"
AUD-0003788,USR-MER-0016-01,LOGIN,MERCHANT_SESSION,MER-0016,2026-08-14T21:15:00,"{""method"": ""password+mfa"", ""outcome"": ""success""}"
AUD-0003789,SYS-REDEEM,REDEMPTION_CONFIRMED,REDEMPTION,RED-000861,2026-08-14T21:30:07,"{""discount_applied"": 144.0, ""gross_bill_amount"": 1612.16, ""offer_id"": ""OFR-0052"", ""redemption_id"": ""RED-000861"", ""transaction_id"": ""TXN-0015531""}"
AUD-0003790,SYS-REDEEM,REDEMPTION_REJECTED,REDEMPTION,RED-000862,2026-08-14T21:32:07,"{""discount_applied"": 144.0, ""gross_bill_amount"": 1612.16, ""offer_id"": ""OFR-0052"", ""reason"": ""DUPLICATE_REDEMPTION"", ""redemption_id"": ""RED-000862"", ""transaction_id"": ""TXN-0015531""}"
AUD-0003791,SYS-REDEEM,REDEMPTION_CONFIRMED,REDEMPTION,RED-000863,2026-08-14T23:15:49,"{""discount_applied"": 135.0, ""gross_bill_amount"": 900.0, ""offer_id"": ""OFR-0052"", ""redemption_id"": ""RED-000863"", ""transaction_id"": ""TXN-0015532""}"
AUD-0003792,USR-MER-0009-01,APPROVE_CAMPAIGN,CAMPAIGN,CPN-0043,2026-08-15T02:03:00,"{""campaign_id"": ""CPN-0043""}"
AUD-0003793,SYS-REDEEM,REDEMPTION_CONFIRMED,REDEMPTION,RED-000864,2026-08-15T03:17:50,"{""discount_applied"": 144.0, ""gross_bill_amount"": 1427.08, ""offer_id"": ""OFR-0052"", ""redemption_id"": ""RED-000864"", ""transaction_id"": ""TXN-0015533""}"
AUD-0003794,SYS-REDEEM,REDEMPTION_CONFIRMED,REDEMPTION,RED-000865,2026-08-15T05:34:56,"{""discount_applied"": 144.0, ""gross_bill_amount"": 1420.25, ""offer_id"": ""OFR-0052"", ""redemption_id"": ""RED-000865"", ""transaction_id"": ""TXN-0015534""}"
AUD-0003795,SYS-REDEEM,REDEMPTION_CONFIRMED,REDEMPTION,RED-000866,2026-08-15T06:30:24,"{""discount_applied"": 144.0, ""gross_bill_amount"": 1469.6, ""offer_id"": ""OFR-0052"", ""redemption_id"": ""RED-000866"", ""transaction_id"": ""TXN-0015535""}"
AUD-0003796,USR-MER-0003-01,VIEW_ANALYTICS,MERCHANT_DASHBOARD,MER-0003,2026-08-15T08:37:00,"{""filters_applied"": 4, ""view"": ""segmentation""}"
AUD-0003797,SYS-REDEEM,REDEMPTION_CONFIRMED,REDEMPTION,RED-000867,2026-08-15T08:43:43,"{""discount_applied"": 144.0, ""gross_bill_amount"": 1238.55, ""offer_id"": ""OFR-0052"", ""redemption_id"": ""RED-000867"", ""transaction_id"": ""TXN-0015542""}"
AUD-0003798,USR-MER-0010-01,LOGIN,MERCHANT_SESSION,MER-0010,2026-08-15T09:30:00,"{""method"": ""password+mfa"", ""outcome"": ""success""}"
AUD-0003799,SYS-REDEEM,REDEMPTION_CONFIRMED,REDEMPTION,RED-000868,2026-08-15T09:56:30,"{""discount_applied"": 135.0, ""gross_bill_amount"": 900.0, ""offer_id"": ""OFR-0052"", ""redemption_id"": ""RED-000868"", ""transaction_id"": ""TXN-0015546""}"
AUD-0003800,SYS-REDEEM,REDEMPTION_CONFIRMED,REDEMPTION,RED-000869,2026-08-15T11:22:27,"{""discount_applied"": 135.65, ""gross_bill_amount"": 904.31, ""offer_id"": ""OFR-0052"", ""redemption_id"": ""RED-000869"", ""transaction_id"": ""TXN-0015552""}"
AUD-0003801,USR-MER-0015-01,LOGIN,MERCHANT_SESSION,MER-0015,2026-08-15T11:49:00,"{""method"": ""password+mfa"", ""outcome"": ""success""}"
AUD-0003802,SYS-REDEEM,REDEMPTION_REJECTED,REDEMPTION,RED-000870,2026-08-15T12:12:27,"{""discount_applied"": 135.65, ""gross_bill_amount"": 904.31, ""offer_id"": ""OFR-0052"", ""reason"": ""DUPLICATE_REDEMPTION"", ""redemption_id"": ""RED-000870"", ""transaction_id"": ""TXN-0015552""}"
AUD-0003803,USR-MER-0005-01,VIEW_ANALYTICS,MERCHANT_DASHBOARD,MER-0005,2026-08-15T12:21:00,"{""filters_applied"": 0, ""view"": ""redemption_log""}"
AUD-0003804,SYS-REDEEM,REDEMPTION_CONFIRMED,REDEMPTION,RED-000871,2026-08-15T13:18:06,"{""discount_applied"": 144.0, ""gross_bill_amount"": 1591.15, ""offer_id"": ""OFR-0052"", ""redemption_id"": ""RED-000871"", ""transaction_id"": ""TXN-0015561""}"
AUD-0003805,SYS-REDEEM,REDEMPTION_CONFIRMED,REDEMPTION,RED-000872,2026-08-15T13:36:20,"{""discount_applied"": 144.0, ""gross_bill_amount"": 1312.06, ""offer_id"": ""OFR-0052"", ""redemption_id"": ""RED-000872"", ""transaction_id"": ""TXN-0015564""}"
AUD-0003806,USR-MER-0006-01,VIEW_ANALYTICS,MERCHANT_DASHBOARD,MER-0006,2026-08-15T14:02:00,"{""filters_applied"": 2, ""view"": ""customer_detail""}"
AUD-0003807,USR-MER-0018-01,LOGIN,MERCHANT_SESSION,MER-0018,2026-08-15T14:18:00,"{""method"": ""password+mfa"", ""outcome"": ""success""}"
AUD-0003808,SYS-REDEEM,REDEMPTION_CONFIRMED,REDEMPTION,RED-000873,2026-08-15T15:01:25,"{""discount_applied"": 135.0, ""gross_bill_amount"": 900.0, ""offer_id"": ""OFR-0052"", ""redemption_id"": ""RED-000873"", ""transaction_id"": ""TXN-0015570""}"
AUD-0003809,USR-MER-0005-01,LOGIN,MERCHANT_SESSION,MER-0005,2026-08-15T16:21:00,"{""method"": ""password+mfa"", ""outcome"": ""success""}"
AUD-0003810,SYS-REDEEM,REDEMPTION_CONFIRMED,REDEMPTION,RED-000874,2026-08-15T16:53:08,"{""discount_applied"": 400.0, ""gross_bill_amount"": 3500.0, ""offer_id"": ""OFR-0095"", ""redemption_id"": ""RED-000874"", ""transaction_id"": ""TXN-0015582""}"
AUD-0003811,SYS-REDEEM,REDEMPTION_CONFIRMED,REDEMPTION,RED-000875,2026-08-15T17:23:10,"{""discount_applied"": 400.0, ""gross_bill_amount"": 3500.0, ""offer_id"": ""OFR-0095"", ""redemption_id"": ""RED-000875"", ""transaction_id"": ""TXN-0015586""}"
AUD-0003812,USR-MER-0010-01,LOGIN,MERCHANT_SESSION,MER-0010,2026-08-15T17:27:00,"{""method"": ""password+mfa"", ""outcome"": ""success""}"
AUD-0003813,USR-MER-0018-01,VIEW_ANALYTICS,MERCHANT_DASHBOARD,MER-0018,2026-08-15T17:31:00,"{""filters_applied"": 4, ""view"": ""customer_detail""}"
AUD-0003814,USR-MER-0001-01,VIEW_ANALYTICS,MERCHANT_DASHBOARD,MER-0001,2026-08-15T17:41:00,"{""filters_applied"": 1, ""view"": ""customer_detail""}"
AUD-0003815,SYS-REDEEM,REDEMPTION_REJECTED,REDEMPTION,RED-000876,2026-08-15T18:19:08,"{""discount_applied"": 400.0, ""gross_bill_amount"": 3500.0, ""offer_id"": ""OFR-0095"", ""reason"": ""DUPLICATE_REDEMPTION"", ""redemption_id"": ""RED-000876"", ""transaction_id"": ""TXN-0015582""}"
AUD-0003816,USR-MER-0009-01,LOGIN,MERCHANT_SESSION,MER-0009,2026-08-15T19:34:00,"{""method"": ""password+mfa"", ""outcome"": ""success""}"
AUD-0003817,USR-MER-0009-01,VIEW_ANALYTICS,MERCHANT_DASHBOARD,MER-0009,2026-08-15T20:12:00,"{""filters_applied"": 2, ""view"": ""customer_detail""}"
AUD-0003818,SYS-REDEEM,REDEMPTION_CONFIRMED,REDEMPTION,RED-000877,2026-08-15T21:26:29,"{""discount_applied"": 135.0, ""gross_bill_amount"": 900.0, ""offer_id"": ""OFR-0052"", ""redemption_id"": ""RED-000877"", ""transaction_id"": ""TXN-0015608""}"
AUD-0003819,USR-MER-0001-01,APPROVE_CAMPAIGN,CAMPAIGN,CPN-0006,2026-08-15T23:19:00,"{""campaign_id"": ""CPN-0006""}"
AUD-0003820,USR-MER-0017-01,LOGIN,MERCHANT_SESSION,MER-0017,2026-08-16T08:21:00,"{""method"": ""password+mfa"", ""outcome"": ""success""}"
AUD-0003821,USR-MER-0003-01,VIEW_ANALYTICS,MERCHANT_DASHBOARD,MER-0003,2026-08-16T08:59:00,"{""filters_applied"": 1, ""view"": ""campaign_performance""}"
AUD-0003822,SYS-REDEEM,REDEMPTION_CONFIRMED,REDEMPTION,RED-000878,2026-08-16T09:00:53,"{""discount_applied"": 400.0, ""gross_bill_amount"": 2769.69, ""offer_id"": ""OFR-0095"", ""redemption_id"": ""RED-000878"", ""transaction_id"": ""TXN-0015610""}"
AUD-0003823,SYS-REDEEM,REDEMPTION_REJECTED,REDEMPTION,RED-000879,2026-08-16T09:25:53,"{""discount_applied"": 400.0, ""gross_bill_amount"": 2769.69, ""offer_id"": ""OFR-0095"", ""reason"": ""DUPLICATE_REDEMPTION"", ""redemption_id"": ""RED-000879"", ""transaction_id"": ""TXN-0015610""}"
AUD-0003824,USR-MER-0009-01,LOGIN,MERCHANT_SESSION,MER-0009,2026-08-16T10:08:00,"{""method"": ""password+mfa"", ""outcome"": ""success""}"
AUD-0003825,SYS-REDEEM,REDEMPTION_CONFIRMED,REDEMPTION,RED-000880,2026-08-16T10:23:43,"{""discount_applied"": 144.0, ""gross_bill_amount"": 1618.01, ""offer_id"": ""OFR-0052"", ""redemption_id"": ""RED-000880"", ""transaction_id"": ""TXN-0015613""}"
AUD-0003826,SYS-REDEEM,REDEMPTION_CONFIRMED,REDEMPTION,RED-000881,2026-08-16T10:28:38,"{""discount_applied"": 135.0, ""gross_bill_amount"": 900.0, ""offer_id"": ""OFR-0052"", ""redemption_id"": ""RED-000881"", ""transaction_id"": ""TXN-0015614""}"
AUD-0003827,SYS-REDEEM,REDEMPTION_CONFIRMED,REDEMPTION,RED-000882,2026-08-16T10:56:29,"{""discount_applied"": 135.0, ""gross_bill_amount"": 900.0, ""offer_id"": ""OFR-0052"", ""redemption_id"": ""RED-000882"", ""transaction_id"": ""TXN-0015617""}"
AUD-0003828,USR-MER-0006-01,VIEW_ANALYTICS,MERCHANT_DASHBOARD,MER-0006,2026-08-16T11:34:00,"{""filters_applied"": 1, ""view"": ""customer_detail""}"
AUD-0003829,USR-MER-0015-01,APPROVE_CAMPAIGN,CAMPAIGN,CPN-0067,2026-08-16T12:13:00,"{""campaign_id"": ""CPN-0067""}"
AUD-0003830,USR-MER-0008-01,LOGIN,MERCHANT_SESSION,MER-0008,2026-08-16T12:14:00,"{""method"": ""password+mfa"", ""outcome"": ""success""}"
AUD-0003831,USR-MER-0014-01,LOGIN,MERCHANT_SESSION,MER-0014,2026-08-16T12:19:00,"{""method"": ""password+mfa"", ""outcome"": ""success""}"
AUD-0003832,USR-MER-0017-01,VIEW_ANALYTICS,MERCHANT_DASHBOARD,MER-0017,2026-08-16T12:42:00,"{""filters_applied"": 0, ""view"": ""campaign_performance""}"
AUD-0003833,USR-MER-0006-01,VIEW_ANALYTICS,MERCHANT_DASHBOARD,MER-0006,2026-08-16T13:47:00,"{""filters_applied"": 4, ""view"": ""campaign_performance""}"
AUD-0003834,USR-MER-0001-01,LOGIN,MERCHANT_SESSION,MER-0001,2026-08-16T14:03:00,"{""method"": ""password+mfa"", ""outcome"": ""success""}"
AUD-0003835,USR-MER-0013-01,LOGIN,MERCHANT_SESSION,MER-0013,2026-08-16T14:38:00,"{""method"": ""password+mfa"", ""outcome"": ""success""}"
AUD-0003836,USR-MER-0002-01,LOGIN,MERCHANT_SESSION,MER-0002,2026-08-16T14:56:00,"{""method"": ""password+mfa"", ""outcome"": ""success""}"
AUD-0003837,USR-MER-0017-01,VIEW_ANALYTICS,MERCHANT_DASHBOARD,MER-0017,2026-08-16T15:16:00,"{""filters_applied"": 3, ""view"": ""customer_detail""}"
AUD-0003838,USR-MER-0005-01,VIEW_ANALYTICS,MERCHANT_DASHBOARD,MER-0005,2026-08-16T15:32:00,"{""filters_applied"": 0, ""view"": ""redemption_log""}"
AUD-0003839,USR-MER-0017-01,LOGIN,MERCHANT_SESSION,MER-0017,2026-08-16T15:50:00,"{""method"": ""password+mfa"", ""outcome"": ""success""}"
AUD-0003840,USR-MER-0008-01,LOGIN,MERCHANT_SESSION,MER-0008,2026-08-16T16:39:00,"{""method"": ""password+mfa"", ""outcome"": ""success""}"
AUD-0003841,USR-MER-0006-01,LOGIN,MERCHANT_SESSION,MER-0006,2026-08-16T17:08:00,"{""method"": ""password+mfa"", ""outcome"": ""success""}"
AUD-0003842,USR-MER-0013-01,LOGIN,MERCHANT_SESSION,MER-0013,2026-08-16T18:37:00,"{""method"": ""password+mfa"", ""outcome"": ""success""}"
AUD-0003843,USR-MER-0007-01,VIEW_ANALYTICS,MERCHANT_DASHBOARD,MER-0007,2026-08-16T19:12:00,"{""filters_applied"": 3, ""view"": ""redemption_log""}"
AUD-0003844,USR-MER-0007-01,VIEW_ANALYTICS,MERCHANT_DASHBOARD,MER-0007,2026-08-16T19:46:00,"{""filters_applied"": 3, ""view"": ""customer_detail""}"
AUD-0003845,USR-MER-0014-01,VIEW_ANALYTICS,MERCHANT_DASHBOARD,MER-0014,2026-08-16T21:09:00,"{""filters_applied"": 2, ""view"": ""redemption_log""}"
AUD-0003846,SYS-REDEEM,REDEMPTION_CONFIRMED,REDEMPTION,RED-000883,2026-08-16T23:43:27,"{""discount_applied"": 144.0, ""gross_bill_amount"": 1099.15, ""offer_id"": ""OFR-0052"", ""redemption_id"": ""RED-000883"", ""transaction_id"": ""TXN-0015651""}"
AUD-0003847,SYS-REDEEM,REDEMPTION_CONFIRMED,REDEMPTION,RED-000884,2026-08-17T02:18:13,"{""discount_applied"": 144.0, ""gross_bill_amount"": 1382.77, ""offer_id"": ""OFR-0052"", ""redemption_id"": ""RED-000884"", ""transaction_id"": ""TXN-0015652""}"
AUD-0003848,USR-MER-0010-01,LOGIN,MERCHANT_SESSION,MER-0010,2026-08-17T08:37:00,"{""method"": ""password+mfa"", ""outcome"": ""success""}"
AUD-0003849,USR-MER-0009-01,VIEW_ANALYTICS,MERCHANT_DASHBOARD,MER-0009,2026-08-17T10:46:00,"{""filters_applied"": 4, ""view"": ""redemption_log""}"
AUD-0003850,USR-MER-0011-01,LOGIN,MERCHANT_SESSION,MER-0011,2026-08-17T11:36:00,"{""method"": ""password+mfa"", ""outcome"": ""success""}"
AUD-0003851,USR-MER-0009-01,LOGIN,MERCHANT_SESSION,MER-0009,2026-08-17T13:10:00,"{""method"": ""password+mfa"", ""outcome"": ""success""}"
AUD-0003852,SYS-REDEEM,REDEMPTION_CONFIRMED,REDEMPTION,RED-000885,2026-08-17T15:18:39,"{""discount_applied"": 144.0, ""gross_bill_amount"": 1084.1, ""offer_id"": ""OFR-0052"", ""redemption_id"": ""RED-000885"", ""transaction_id"": ""TXN-0015687""}"
AUD-0003853,USR-MER-0011-01,LOGIN,MERCHANT_SESSION,MER-0011,2026-08-17T16:06:00,"{""method"": ""password+mfa"", ""outcome"": ""success""}"
AUD-0003854,USR-MER-0003-01,VIEW_ANALYTICS,MERCHANT_DASHBOARD,MER-0003,2026-08-17T16:37:00,"{""filters_applied"": 1, ""view"": ""segmentation""}"
AUD-0003855,USR-MER-0001-01,LOGIN,MERCHANT_SESSION,MER-0001,2026-08-17T17:20:00,"{""method"": ""password+mfa"", ""outcome"": ""success""}"
AUD-0003856,USR-MER-0003-01,VIEW_ANALYTICS,MERCHANT_DASHBOARD,MER-0003,2026-08-17T19:33:00,"{""filters_applied"": 4, ""view"": ""redemption_log""}"
AUD-0003857,USR-MER-0005-01,LOGIN,MERCHANT_SESSION,MER-0005,2026-08-17T19:39:00,"{""method"": ""password+mfa"", ""outcome"": ""success""}"
AUD-0003858,USR-MER-0017-01,VIEW_ANALYTICS,MERCHANT_DASHBOARD,MER-0017,2026-08-17T19:56:00,"{""filters_applied"": 3, ""view"": ""segmentation""}"
AUD-0003859,USR-MER-0014-01,VIEW_ANALYTICS,MERCHANT_DASHBOARD,MER-0014,2026-08-17T20:02:00,"{""filters_applied"": 3, ""view"": ""campaign_performance""}"
AUD-0003860,USR-MER-0004-01,VIEW_ANALYTICS,MERCHANT_DASHBOARD,MER-0004,2026-08-18T08:04:00,"{""filters_applied"": 0, ""view"": ""segmentation""}"
AUD-0003861,USR-MER-0010-01,VIEW_ANALYTICS,MERCHANT_DASHBOARD,MER-0010,2026-08-18T08:39:00,"{""filters_applied"": 1, ""view"": ""customer_detail""}"
AUD-0003862,USR-MER-0007-01,VIEW_ANALYTICS,MERCHANT_DASHBOARD,MER-0007,2026-08-18T09:11:00,"{""filters_applied"": 3, ""view"": ""campaign_performance""}"
AUD-0003863,USR-MER-0005-01,VIEW_ANALYTICS,MERCHANT_DASHBOARD,MER-0005,2026-08-18T09:47:00,"{""filters_applied"": 0, ""view"": ""redemption_log""}"
AUD-0003864,USR-MER-0017-01,LOGIN,MERCHANT_SESSION,MER-0017,2026-08-18T09:55:00,"{""method"": ""password+mfa"", ""outcome"": ""success""}"
AUD-0003865,USR-MER-0017-01,LOGIN,MERCHANT_SESSION,MER-0017,2026-08-18T10:15:00,"{""method"": ""password+mfa"", ""outcome"": ""success""}"
AUD-0003866,USR-MER-0004-01,LOGIN,MERCHANT_SESSION,MER-0004,2026-08-18T13:21:00,"{""method"": ""password+mfa"", ""outcome"": ""success""}"
AUD-0003867,USR-MER-0014-01,LOGIN,MERCHANT_SESSION,MER-0014,2026-08-18T14:33:00,"{""method"": ""password+mfa"", ""outcome"": ""success""}"
AUD-0003868,USR-MER-0008-01,VIEW_ANALYTICS,MERCHANT_DASHBOARD,MER-0008,2026-08-18T15:00:00,"{""filters_applied"": 0, ""view"": ""segmentation""}"
AUD-0003869,USR-MER-0007-01,VIEW_ANALYTICS,MERCHANT_DASHBOARD,MER-0007,2026-08-18T15:21:00,"{""filters_applied"": 0, ""view"": ""campaign_performance""}"
AUD-0003870,USR-MER-0004-01,VIEW_ANALYTICS,MERCHANT_DASHBOARD,MER-0004,2026-08-18T16:24:00,"{""filters_applied"": 1, ""view"": ""segmentation""}"
AUD-0003871,USR-MER-0007-01,LOGIN,MERCHANT_SESSION,MER-0007,2026-08-18T18:23:00,"{""method"": ""password+mfa"", ""outcome"": ""success""}"
AUD-0003872,USR-MER-0004-01,LOGIN,MERCHANT_SESSION,MER-0004,2026-08-18T18:35:00,"{""method"": ""password+mfa"", ""outcome"": ""success""}"
AUD-0003873,USR-MER-0018-01,LOGIN,MERCHANT_SESSION,MER-0018,2026-08-18T18:55:00,"{""method"": ""password+mfa"", ""outcome"": ""success""}"
AUD-0003874,USR-MER-0003-01,VIEW_ANALYTICS,MERCHANT_DASHBOARD,MER-0003,2026-08-18T21:16:00,"{""filters_applied"": 4, ""view"": ""redemption_log""}"
AUD-0003875,USR-MER-0004-01,VIEW_ANALYTICS,MERCHANT_DASHBOARD,MER-0004,2026-08-18T21:26:00,"{""filters_applied"": 4, ""view"": ""segmentation""}"
AUD-0003876,SYS-REDEEM,REDEMPTION_CONFIRMED,REDEMPTION,RED-000886,2026-08-19T06:56:23,"{""discount_applied"": 135.0, ""gross_bill_amount"": 900.0, ""offer_id"": ""OFR-0052"", ""redemption_id"": ""RED-000886"", ""transaction_id"": ""TXN-0015760""}"
AUD-0003877,SYS-REDEEM,REDEMPTION_CONFIRMED,REDEMPTION,RED-000887,2026-08-19T07:33:12,"{""discount_applied"": 137.31, ""gross_bill_amount"": 915.37, ""offer_id"": ""OFR-0052"", ""redemption_id"": ""RED-000887"", ""transaction_id"": ""TXN-0015761""}"
AUD-0003878,USR-MER-0010-01,VIEW_ANALYTICS,MERCHANT_DASHBOARD,MER-0010,2026-08-19T08:38:00,"{""filters_applied"": 2, ""view"": ""customer_detail""}"
AUD-0003879,USR-MER-0015-01,VIEW_ANALYTICS,MERCHANT_DASHBOARD,MER-0015,2026-08-19T09:23:00,"{""filters_applied"": 3, ""view"": ""customer_detail""}"
AUD-0003880,SYS-REDEEM,REDEMPTION_CONFIRMED,REDEMPTION,RED-000888,2026-08-19T10:31:07,"{""discount_applied"": 144.0, ""gross_bill_amount"": 1200.0, ""offer_id"": ""OFR-0052"", ""redemption_id"": ""RED-000888"", ""transaction_id"": ""TXN-0015771""}"
AUD-0003881,SYS-REDEEM,REDEMPTION_CONFIRMED,REDEMPTION,RED-000889,2026-08-19T10:31:13,"{""discount_applied"": 144.0, ""gross_bill_amount"": 1241.17, ""offer_id"": ""OFR-0052"", ""redemption_id"": ""RED-000889"", ""transaction_id"": ""TXN-0015772""}"
AUD-0003882,USR-MER-0010-01,VIEW_ANALYTICS,MERCHANT_DASHBOARD,MER-0010,2026-08-19T13:07:00,"{""filters_applied"": 2, ""view"": ""segmentation""}"
AUD-0003883,USR-MER-0001-01,LAUNCH_CAMPAIGN,CAMPAIGN,CPN-0006,2026-08-19T13:19:00,"{""campaign_id"": ""CPN-0006""}"
AUD-0003884,USR-MER-0011-01,LOGIN,MERCHANT_SESSION,MER-0011,2026-08-19T13:36:00,"{""method"": ""password+mfa"", ""outcome"": ""success""}"
AUD-0003885,USR-MER-0001-01,VIEW_ANALYTICS,MERCHANT_DASHBOARD,MER-0001,2026-08-19T14:32:00,"{""filters_applied"": 4, ""view"": ""customer_detail""}"
AUD-0003886,USR-MER-0012-01,LOGIN,MERCHANT_SESSION,MER-0012,2026-08-19T15:09:00,"{""method"": ""password+mfa"", ""outcome"": ""success""}"
AUD-0003887,USR-MER-0016-01,VIEW_ANALYTICS,MERCHANT_DASHBOARD,MER-0016,2026-08-19T15:21:00,"{""filters_applied"": 1, ""view"": ""customer_detail""}"
AUD-0003888,USR-MER-0011-01,LOGIN,MERCHANT_SESSION,MER-0011,2026-08-19T16:49:00,"{""method"": ""password+mfa"", ""outcome"": ""success""}"
AUD-0003889,USR-MER-0004-01,LOGIN,MERCHANT_SESSION,MER-0004,2026-08-19T16:50:00,"{""method"": ""password+mfa"", ""outcome"": ""success""}"
AUD-0003890,USR-MER-0009-01,VIEW_ANALYTICS,MERCHANT_DASHBOARD,MER-0009,2026-08-19T17:58:00,"{""filters_applied"": 1, ""view"": ""redemption_log""}"
AUD-0003891,USR-MER-0011-01,CREATE_OFFER,OFFER,OFR-0011,2026-08-19T18:01:00,"{""budget"": 8451.69, ""discount_type"": ""FIXED"", ""discount_value"": 700.0, ""merchant_id"": ""MER-0011"", ""minimum_spend"": 799.0}"
AUD-0003892,SYS-REDEEM,REDEMPTION_CONFIRMED,REDEMPTION,RED-000890,2026-08-19T18:29:33,"{""discount_applied"": 144.0, ""gross_bill_amount"": 996.18, ""offer_id"": ""OFR-0052"", ""redemption_id"": ""RED-000890"", ""transaction_id"": ""TXN-0015804""}"
AUD-0003893,USR-MER-0014-01,LOGIN,MERCHANT_SESSION,MER-0014,2026-08-19T19:56:00,"{""method"": ""password+mfa"", ""outcome"": ""success""}"
AUD-0003894,USR-MER-0017-01,VIEW_ANALYTICS,MERCHANT_DASHBOARD,MER-0017,2026-08-19T20:08:00,"{""filters_applied"": 0, ""view"": ""redemption_log""}"
AUD-0003895,USR-MER-0016-01,VIEW_ANALYTICS,MERCHANT_DASHBOARD,MER-0016,2026-08-19T20:20:00,"{""filters_applied"": 1, ""view"": ""campaign_performance""}"
AUD-0003896,USR-MER-0014-01,LOGIN,MERCHANT_SESSION,MER-0014,2026-08-19T20:41:00,"{""method"": ""password+mfa"", ""outcome"": ""success""}"
AUD-0003897,SYS-REDEEM,REDEMPTION_CONFIRMED,REDEMPTION,RED-000891,2026-08-19T22:56:18,"{""discount_applied"": 100.0, ""gross_bill_amount"": 1031.07, ""offer_id"": ""OFR-0026"", ""redemption_id"": ""RED-000891"", ""transaction_id"": ""TXN-0015821""}"
AUD-0003898,SYS-REDEEM,REDEMPTION_CONFIRMED,REDEMPTION,RED-000892,2026-08-19T22:56:57,"{""discount_applied"": 144.0, ""gross_bill_amount"": 1520.34, ""offer_id"": ""OFR-0052"", ""redemption_id"": ""RED-000892"", ""transaction_id"": ""TXN-0015822""}"
AUD-0003899,SYS-REDEEM,REDEMPTION_CONFIRMED,REDEMPTION,RED-000893,2026-08-20T02:40:38,"{""discount_applied"": 100.0, ""gross_bill_amount"": 678.48, ""offer_id"": ""OFR-0026"", ""redemption_id"": ""RED-000893"", ""transaction_id"": ""TXN-0015823""}"
AUD-0003900,SYS-REDEEM,REDEMPTION_CONFIRMED,REDEMPTION,RED-000894,2026-08-20T05:41:55,"{""discount_applied"": 100.0, ""gross_bill_amount"": 600.0, ""offer_id"": ""OFR-0026"", ""redemption_id"": ""RED-000894"", ""transaction_id"": ""TXN-0015824""}"
AUD-0003901,SYS-REDEEM,REDEMPTION_CONFIRMED,REDEMPTION,RED-000895,2026-08-20T07:26:50,"{""discount_applied"": 144.0, ""gross_bill_amount"": 1075.19, ""offer_id"": ""OFR-0052"", ""redemption_id"": ""RED-000895"", ""transaction_id"": ""TXN-0015826""}"
AUD-0003902,USR-MER-0002-01,VIEW_ANALYTICS,MERCHANT_DASHBOARD,MER-0002,2026-08-20T09:28:00,"{""filters_applied"": 0, ""view"": ""customer_detail""}"
AUD-0003903,USR-MER-0004-01,VIEW_ANALYTICS,MERCHANT_DASHBOARD,MER-0004,2026-08-20T12:29:00,"{""filters_applied"": 2, ""view"": ""campaign_performance""}"
AUD-0003904,USR-MER-0001-01,VIEW_ANALYTICS,MERCHANT_DASHBOARD,MER-0001,2026-08-20T12:32:00,"{""filters_applied"": 4, ""view"": ""segmentation""}"
AUD-0003905,USR-MER-0015-01,VIEW_ANALYTICS,MERCHANT_DASHBOARD,MER-0015,2026-08-20T12:52:00,"{""filters_applied"": 4, ""view"": ""campaign_performance""}"
AUD-0003906,USR-MER-0007-01,LOGIN,MERCHANT_SESSION,MER-0007,2026-08-20T13:01:00,"{""method"": ""password+mfa"", ""outcome"": ""success""}"
AUD-0003907,SYS-REDEEM,REDEMPTION_CONFIRMED,REDEMPTION,RED-000896,2026-08-20T14:24:05,"{""discount_applied"": 100.0, ""gross_bill_amount"": 685.41, ""offer_id"": ""OFR-0026"", ""redemption_id"": ""RED-000896"", ""transaction_id"": ""TXN-0015849""}"
AUD-0003908,USR-MER-0014-01,VIEW_ANALYTICS,MERCHANT_DASHBOARD,MER-0014,2026-08-20T14:49:00,"{""filters_applied"": 0, ""view"": ""customer_detail""}"
AUD-0003909,USR-MER-0017-01,VIEW_ANALYTICS,MERCHANT_DASHBOARD,MER-0017,2026-08-20T15:13:00,"{""filters_applied"": 4, ""view"": ""customer_detail""}"
AUD-0003910,USR-MER-0016-01,VIEW_ANALYTICS,MERCHANT_DASHBOARD,MER-0016,2026-08-20T15:24:00,"{""filters_applied"": 2, ""view"": ""redemption_log""}"
AUD-0003911,USR-MER-0010-01,VIEW_ANALYTICS,MERCHANT_DASHBOARD,MER-0010,2026-08-20T18:28:00,"{""filters_applied"": 4, ""view"": ""campaign_performance""}"
AUD-0003912,USR-MER-0008-01,VIEW_ANALYTICS,MERCHANT_DASHBOARD,MER-0008,2026-08-20T19:03:00,"{""filters_applied"": 3, ""view"": ""customer_detail""}"
AUD-0003913,USR-MER-0013-01,LOGIN,MERCHANT_SESSION,MER-0013,2026-08-20T20:53:00,"{""method"": ""password+mfa"", ""outcome"": ""success""}"
AUD-0003914,SYS-REDEEM,REDEMPTION_CONFIRMED,REDEMPTION,RED-000897,2026-08-20T23:26:00,"{""discount_applied"": 144.0, ""gross_bill_amount"": 1597.66, ""offer_id"": ""OFR-0052"", ""redemption_id"": ""RED-000897"", ""transaction_id"": ""TXN-0015874""}"
AUD-0003915,SYS-REDEEM,REDEMPTION_CONFIRMED,REDEMPTION,RED-000898,2026-08-21T00:03:45,"{""discount_applied"": 144.0, ""gross_bill_amount"": 1173.4, ""offer_id"": ""OFR-0052"", ""redemption_id"": ""RED-000898"", ""transaction_id"": ""TXN-0015875""}"
AUD-0003916,SYS-REDEEM,REDEMPTION_CONFIRMED,REDEMPTION,RED-000899,2026-08-21T01:51:30,"{""discount_applied"": 144.0, ""gross_bill_amount"": 1200.0, ""offer_id"": ""OFR-0052"", ""redemption_id"": ""RED-000899"", ""transaction_id"": ""TXN-0015876""}"
AUD-0003917,SYS-REDEEM,REDEMPTION_CONFIRMED,REDEMPTION,RED-000900,2026-08-21T03:35:42,"{""discount_applied"": 100.0, ""gross_bill_amount"": 673.0, ""offer_id"": ""OFR-0026"", ""redemption_id"": ""RED-000900"", ""transaction_id"": ""TXN-0015877""}"
AUD-0003918,SYS-REDEEM,REDEMPTION_CONFIRMED,REDEMPTION,RED-000901,2026-08-21T03:54:25,"{""discount_applied"": 100.0, ""gross_bill_amount"": 783.63, ""offer_id"": ""OFR-0026"", ""redemption_id"": ""RED-000901"", ""transaction_id"": ""TXN-0015878""}"
AUD-0003919,SYS-REDEEM,REDEMPTION_CONFIRMED,REDEMPTION,RED-000902,2026-08-21T06:09:12,"{""discount_applied"": 144.0, ""gross_bill_amount"": 1071.0, ""offer_id"": ""OFR-0052"", ""redemption_id"": ""RED-000902"", ""transaction_id"": ""TXN-0015879""}"
AUD-0003920,SYS-REDEEM,REDEMPTION_CONFIRMED,REDEMPTION,RED-000903,2026-08-21T07:03:36,"{""discount_applied"": 100.0, ""gross_bill_amount"": 637.75, ""offer_id"": ""OFR-0026"", ""redemption_id"": ""RED-000903"", ""transaction_id"": ""TXN-0015881""}"
AUD-0003921,SYS-REDEEM,REDEMPTION_REJECTED,REDEMPTION,RED-000904,2026-08-21T07:30:12,"{""discount_applied"": 144.0, ""gross_bill_amount"": 1071.0, ""offer_id"": ""OFR-0052"", ""reason"": ""DUPLICATE_REDEMPTION"", ""redemption_id"": ""RED-000904"", ""transaction_id"": ""TXN-0015879""}"
AUD-0003922,SYS-REDEEM,REDEMPTION_REJECTED,REDEMPTION,RED-000905,2026-08-21T07:54:36,"{""discount_applied"": 100.0, ""gross_bill_amount"": 637.75, ""offer_id"": ""OFR-0026"", ""reason"": ""DUPLICATE_REDEMPTION"", ""redemption_id"": ""RED-000905"", ""transaction_id"": ""TXN-0015881""}"
AUD-0003923,SYS-REDEEM,REDEMPTION_CONFIRMED,REDEMPTION,RED-000906,2026-08-21T08:53:51,"{""discount_applied"": 100.0, ""gross_bill_amount"": 600.0, ""offer_id"": ""OFR-0026"", ""redemption_id"": ""RED-000906"", ""transaction_id"": ""TXN-0015884""}"
AUD-0003924,USR-MER-0010-01,LOGIN,MERCHANT_SESSION,MER-0010,2026-08-21T09:21:00,"{""method"": ""password+mfa"", ""outcome"": ""success""}"
AUD-0003925,USR-MER-0009-01,LOGIN,MERCHANT_SESSION,MER-0009,2026-08-21T09:40:00,"{""method"": ""password+mfa"", ""outcome"": ""success""}"
AUD-0003926,USR-MER-0003-01,VIEW_ANALYTICS,MERCHANT_DASHBOARD,MER-0003,2026-08-21T09:56:00,"{""filters_applied"": 4, ""view"": ""campaign_performance""}"
AUD-0003927,SYS-REDEEM,REDEMPTION_CONFIRMED,REDEMPTION,RED-000907,2026-08-21T10:03:12,"{""discount_applied"": 144.0, ""gross_bill_amount"": 1318.77, ""offer_id"": ""OFR-0052"", ""redemption_id"": ""RED-000907"", ""transaction_id"": ""TXN-0015887""}"
AUD-0003928,SYS-REDEEM,REDEMPTION_REJECTED,REDEMPTION,RED-000908,2026-08-21T10:04:12,"{""discount_applied"": 144.0, ""gross_bill_amount"": 1318.77, ""offer_id"": ""OFR-0052"", ""reason"": ""DUPLICATE_REDEMPTION"", ""redemption_id"": ""RED-000908"", ""transaction_id"": ""TXN-0015887""}"
AUD-0003929,USR-MER-0014-01,LOGIN,MERCHANT_SESSION,MER-0014,2026-08-21T10:31:00,"{""method"": ""password+mfa"", ""outcome"": ""success""}"
AUD-0003930,USR-MER-0001-01,VIEW_ANALYTICS,MERCHANT_DASHBOARD,MER-0001,2026-08-21T11:06:00,"{""filters_applied"": 1, ""view"": ""redemption_log""}"
AUD-0003931,USR-MER-0008-01,VIEW_ANALYTICS,MERCHANT_DASHBOARD,MER-0008,2026-08-21T12:59:00,"{""filters_applied"": 0, ""view"": ""redemption_log""}"
AUD-0003932,USR-MER-0018-01,LOGIN,MERCHANT_SESSION,MER-0018,2026-08-21T13:22:00,"{""method"": ""password+mfa"", ""outcome"": ""success""}"
AUD-0003933,USR-MER-0011-01,VIEW_ANALYTICS,MERCHANT_DASHBOARD,MER-0011,2026-08-21T13:38:00,"{""filters_applied"": 4, ""view"": ""campaign_performance""}"
AUD-0003934,USR-MER-0016-01,LOGIN,MERCHANT_SESSION,MER-0016,2026-08-21T14:26:00,"{""method"": ""password+mfa"", ""outcome"": ""success""}"
AUD-0003935,USR-MER-0002-01,VIEW_ANALYTICS,MERCHANT_DASHBOARD,MER-0002,2026-08-21T15:33:00,"{""filters_applied"": 4, ""view"": ""customer_detail""}"
AUD-0003936,USR-MER-0016-01,LOGIN,MERCHANT_SESSION,MER-0016,2026-08-21T16:14:00,"{""method"": ""password+mfa"", ""outcome"": ""success""}"
AUD-0003937,USR-MER-0013-01,VIEW_ANALYTICS,MERCHANT_DASHBOARD,MER-0013,2026-08-21T16:34:00,"{""filters_applied"": 3, ""view"": ""segmentation""}"
AUD-0003938,USR-MER-0017-01,LOGIN,MERCHANT_SESSION,MER-0017,2026-08-21T16:47:00,"{""method"": ""password+mfa"", ""outcome"": ""success""}"
AUD-0003939,USR-MER-0002-01,VIEW_ANALYTICS,MERCHANT_DASHBOARD,MER-0002,2026-08-21T17:28:00,"{""filters_applied"": 0, ""view"": ""customer_detail""}"
AUD-0003940,SYS-REDEEM,REDEMPTION_CONFIRMED,REDEMPTION,RED-000909,2026-08-21T17:57:27,"{""discount_applied"": 144.0, ""gross_bill_amount"": 1066.88, ""offer_id"": ""OFR-0052"", ""redemption_id"": ""RED-000909"", ""transaction_id"": ""TXN-0015910""}"
AUD-0003941,USR-MER-0007-01,LOGIN,MERCHANT_SESSION,MER-0007,2026-08-21T18:09:00,"{""method"": ""password+mfa"", ""outcome"": ""success""}"
AUD-0003942,USR-MER-0016-01,VIEW_ANALYTICS,MERCHANT_DASHBOARD,MER-0016,2026-08-21T18:31:00,"{""filters_applied"": 1, ""view"": ""campaign_performance""}"
AUD-0003943,USR-MER-0004-01,VIEW_ANALYTICS,MERCHANT_DASHBOARD,MER-0004,2026-08-21T18:46:00,"{""filters_applied"": 2, ""view"": ""redemption_log""}"
AUD-0003944,USR-MER-0009-01,VIEW_ANALYTICS,MERCHANT_DASHBOARD,MER-0009,2026-08-21T20:36:00,"{""filters_applied"": 4, ""view"": ""campaign_performance""}"
AUD-0003945,USR-MER-0007-01,VIEW_ANALYTICS,MERCHANT_DASHBOARD,MER-0007,2026-08-21T20:54:00,"{""filters_applied"": 0, ""view"": ""segmentation""}"
AUD-0003946,USR-MER-0005-01,VIEW_ANALYTICS,MERCHANT_DASHBOARD,MER-0005,2026-08-21T21:27:00,"{""filters_applied"": 4, ""view"": ""redemption_log""}"
AUD-0003947,USR-MER-0015-01,LOGIN,MERCHANT_SESSION,MER-0015,2026-08-21T21:46:00,"{""method"": ""password+mfa"", ""outcome"": ""success""}"
AUD-0003948,SYS-REDEEM,REDEMPTION_CONFIRMED,REDEMPTION,RED-000910,2026-08-22T01:09:46,"{""discount_applied"": 100.0, ""gross_bill_amount"": 736.57, ""offer_id"": ""OFR-0026"", ""redemption_id"": ""RED-000910"", ""transaction_id"": ""TXN-0015924""}"
AUD-0003949,SYS-REDEEM,REDEMPTION_REJECTED,REDEMPTION,RED-000911,2026-08-22T01:26:46,"{""discount_applied"": 100.0, ""gross_bill_amount"": 736.57, ""offer_id"": ""OFR-0026"", ""reason"": ""DUPLICATE_REDEMPTION"", ""redemption_id"": ""RED-000911"", ""transaction_id"": ""TXN-0015924""}"
AUD-0003950,SYS-REDEEM,REDEMPTION_CONFIRMED,REDEMPTION,RED-000912,2026-08-22T05:06:04,"{""discount_applied"": 100.0, ""gross_bill_amount"": 600.0, ""offer_id"": ""OFR-0026"", ""redemption_id"": ""RED-000912"", ""transaction_id"": ""TXN-0015925""}"
AUD-0003951,SYS-REDEEM,REDEMPTION_CONFIRMED,REDEMPTION,RED-000913,2026-08-22T06:10:04,"{""discount_applied"": 100.0, ""gross_bill_amount"": 1040.98, ""offer_id"": ""OFR-0026"", ""redemption_id"": ""RED-000913"", ""transaction_id"": ""TXN-0015926""}"
AUD-0003952,USR-MER-0014-01,LOGIN,MERCHANT_SESSION,MER-0014,2026-08-22T08:30:00,"{""method"": ""password+mfa"", ""outcome"": ""success""}"
AUD-0003953,USR-MER-0013-01,VIEW_ANALYTICS,MERCHANT_DASHBOARD,MER-0013,2026-08-22T09:02:00,"{""filters_applied"": 2, ""view"": ""campaign_performance""}"
AUD-0003954,USR-MER-0013-01,LOGIN,MERCHANT_SESSION,MER-0013,2026-08-22T09:22:00,"{""method"": ""password+mfa"", ""outcome"": ""success""}"
AUD-0003955,USR-MER-0009-01,LOGIN,MERCHANT_SESSION,MER-0009,2026-08-22T09:26:00,"{""method"": ""password+mfa"", ""outcome"": ""success""}"
AUD-0003956,SYS-REDEEM,REDEMPTION_CONFIRMED,REDEMPTION,RED-000914,2026-08-22T09:37:47,"{""discount_applied"": 100.0, ""gross_bill_amount"": 962.32, ""offer_id"": ""OFR-0026"", ""redemption_id"": ""RED-000914"", ""transaction_id"": ""TXN-0015935""}"
AUD-0003957,SYS-REDEEM,REDEMPTION_REJECTED,REDEMPTION,RED-000915,2026-08-22T09:43:47,"{""discount_applied"": 100.0, ""gross_bill_amount"": 962.32, ""offer_id"": ""OFR-0026"", ""reason"": ""DUPLICATE_REDEMPTION"", ""redemption_id"": ""RED-000915"", ""transaction_id"": ""TXN-0015935""}"
AUD-0003958,USR-MER-0002-01,LOGIN,MERCHANT_SESSION,MER-0002,2026-08-22T10:25:00,"{""method"": ""password+mfa"", ""outcome"": ""success""}"
AUD-0003959,USR-MER-0005-01,LOGIN,MERCHANT_SESSION,MER-0005,2026-08-22T15:44:00,"{""method"": ""password+mfa"", ""outcome"": ""success""}"
AUD-0003960,USR-MER-0014-01,VIEW_ANALYTICS,MERCHANT_DASHBOARD,MER-0014,2026-08-22T16:42:00,"{""filters_applied"": 2, ""view"": ""redemption_log""}"
AUD-0003961,USR-MER-0011-01,LOGIN,MERCHANT_SESSION,MER-0011,2026-08-22T17:28:00,"{""method"": ""password+mfa"", ""outcome"": ""success""}"
AUD-0003962,USR-MER-0015-01,VIEW_ANALYTICS,MERCHANT_DASHBOARD,MER-0015,2026-08-22T17:34:00,"{""filters_applied"": 1, ""view"": ""customer_detail""}"
AUD-0003963,SYS-REDEEM,REDEMPTION_CONFIRMED,REDEMPTION,RED-000916,2026-08-22T17:55:16,"{""discount_applied"": 100.0, ""gross_bill_amount"": 600.0, ""offer_id"": ""OFR-0026"", ""redemption_id"": ""RED-000916"", ""transaction_id"": ""TXN-0015964""}"
AUD-0003964,USR-MER-0014-01,VIEW_ANALYTICS,MERCHANT_DASHBOARD,MER-0014,2026-08-22T18:38:00,"{""filters_applied"": 3, ""view"": ""customer_detail""}"
AUD-0003965,SYS-REDEEM,REDEMPTION_CONFIRMED,REDEMPTION,RED-000917,2026-08-22T22:41:54,"{""discount_applied"": 100.0, ""gross_bill_amount"": 765.0, ""offer_id"": ""OFR-0026"", ""redemption_id"": ""RED-000917"", ""transaction_id"": ""TXN-0015985""}"
AUD-0003966,USR-MER-0003-01,VIEW_ANALYTICS,MERCHANT_DASHBOARD,MER-0003,2026-08-23T08:02:00,"{""filters_applied"": 3, ""view"": ""campaign_performance""}"
AUD-0003967,SYS-REDEEM,REDEMPTION_CONFIRMED,REDEMPTION,RED-000918,2026-08-23T08:30:46,"{""discount_applied"": 100.0, ""gross_bill_amount"": 1128.48, ""offer_id"": ""OFR-0026"", ""redemption_id"": ""RED-000918"", ""transaction_id"": ""TXN-0015989""}"
AUD-0003968,USR-MER-0006-01,VIEW_ANALYTICS,MERCHANT_DASHBOARD,MER-0006,2026-08-23T08:50:00,"{""filters_applied"": 2, ""view"": ""redemption_log""}"
AUD-0003969,USR-MER-0013-01,LOGIN,MERCHANT_SESSION,MER-0013,2026-08-23T08:52:00,"{""method"": ""password+mfa"", ""outcome"": ""success""}"
AUD-0003970,USR-MER-0011-01,VIEW_ANALYTICS,MERCHANT_DASHBOARD,MER-0011,2026-08-23T15:13:00,"{""filters_applied"": 1, ""view"": ""segmentation""}"
AUD-0003971,USR-MER-0013-01,LOGIN,MERCHANT_SESSION,MER-0013,2026-08-23T15:32:00,"{""method"": ""password+mfa"", ""outcome"": ""success""}"
AUD-0003972,USR-MER-0001-01,LOGIN,MERCHANT_SESSION,MER-0001,2026-08-23T15:45:00,"{""method"": ""password+mfa"", ""outcome"": ""success""}"
AUD-0003973,USR-MER-0005-01,LOGIN,MERCHANT_SESSION,MER-0005,2026-08-23T17:02:00,"{""method"": ""password+mfa"", ""outcome"": ""success""}"
AUD-0003974,USR-MER-0017-01,LOGIN,MERCHANT_SESSION,MER-0017,2026-08-23T19:16:00,"{""method"": ""password+mfa"", ""outcome"": ""success""}"
AUD-0003975,USR-MER-0016-01,VIEW_ANALYTICS,MERCHANT_DASHBOARD,MER-0016,2026-08-23T19:17:00,"{""filters_applied"": 4, ""view"": ""redemption_log""}"
AUD-0003976,USR-MER-0008-01,LOGIN,MERCHANT_SESSION,MER-0008,2026-08-23T19:23:00,"{""method"": ""password+mfa"", ""outcome"": ""success""}"
AUD-0003977,USR-MER-0005-01,LOGIN,MERCHANT_SESSION,MER-0005,2026-08-23T19:29:00,"{""method"": ""password+mfa"", ""outcome"": ""success""}"
AUD-0003978,USR-MER-0010-01,LOGIN,MERCHANT_SESSION,MER-0010,2026-08-23T20:24:00,"{""method"": ""password+mfa"", ""outcome"": ""success""}"
AUD-0003979,USR-MER-0011-01,VIEW_ANALYTICS,MERCHANT_DASHBOARD,MER-0011,2026-08-23T20:51:00,"{""filters_applied"": 2, ""view"": ""customer_detail""}"
AUD-0003980,USR-MER-0002-01,LOGIN,MERCHANT_SESSION,MER-0002,2026-08-23T21:27:00,"{""method"": ""password+mfa"", ""outcome"": ""success""}"
AUD-0003981,SYS-REDEEM,REDEMPTION_CONFIRMED,REDEMPTION,RED-000919,2026-08-24T06:30:20,"{""discount_applied"": 100.0, ""gross_bill_amount"": 600.0, ""offer_id"": ""OFR-0026"", ""redemption_id"": ""RED-000919"", ""transaction_id"": ""TXN-0016035""}"
AUD-0003982,USR-MER-0009-01,LAUNCH_CAMPAIGN,CAMPAIGN,CPN-0043,2026-08-24T09:36:00,"{""campaign_id"": ""CPN-0043""}"
AUD-0003983,USR-MER-0004-01,VIEW_ANALYTICS,MERCHANT_DASHBOARD,MER-0004,2026-08-24T10:02:00,"{""filters_applied"": 4, ""view"": ""campaign_performance""}"
AUD-0003984,USR-MER-0014-01,LOGIN,MERCHANT_SESSION,MER-0014,2026-08-24T11:30:00,"{""method"": ""password+mfa"", ""outcome"": ""success""}"
AUD-0003985,SYS-REDEEM,REDEMPTION_REJECTED,REDEMPTION,RED-000920,2026-08-24T11:37:00,"{""discount_applied"": 4600.0, ""gross_bill_amount"": 8614.5, ""offer_id"": ""OFR-0087"", ""reason"": ""OFFER_NOT_STARTED"", ""redemption_id"": ""RED-000920"", ""transaction_id"": ""TXN-0016050""}"
AUD-0003986,USR-MER-0005-01,VIEW_ANALYTICS,MERCHANT_DASHBOARD,MER-0005,2026-08-24T12:08:00,"{""filters_applied"": 0, ""view"": ""customer_detail""}"
AUD-0003987,SYS-REDEEM,REDEMPTION_REJECTED,REDEMPTION,RED-000921,2026-08-24T12:59:04,"{""discount_applied"": 871.82, ""gross_bill_amount"": 871.82, ""offer_id"": ""OFR-0063"", ""reason"": ""OFFER_BUDGET_EXHAUSTED"", ""redemption_id"": ""RED-000921"", ""transaction_id"": ""TXN-0016054""}"
AUD-0003988,USR-MER-0012-01,VIEW_ANALYTICS,MERCHANT_DASHBOARD,MER-0012,2026-08-24T14:06:00,"{""filters_applied"": 3, ""view"": ""customer_detail""}"
AUD-0003989,SYS-REDEEM,REDEMPTION_REJECTED,REDEMPTION,RED-000922,2026-08-24T14:33:13,"{""discount_applied"": 924.53, ""gross_bill_amount"": 924.53, ""offer_id"": ""OFR-0063"", ""reason"": ""OFFER_BUDGET_EXHAUSTED"", ""redemption_id"": ""RED-000922"", ""transaction_id"": ""TXN-0016061""}"
AUD-0003990,USR-MER-0003-01,LOGIN,MERCHANT_SESSION,MER-0003,2026-08-24T14:57:00,"{""method"": ""password+mfa"", ""outcome"": ""success""}"
AUD-0003991,USR-MER-0009-01,LOGIN,MERCHANT_SESSION,MER-0009,2026-08-24T16:00:00,"{""method"": ""password+mfa"", ""outcome"": ""success""}"
AUD-0003992,USR-MER-0010-01,VIEW_ANALYTICS,MERCHANT_DASHBOARD,MER-0010,2026-08-24T16:11:00,"{""filters_applied"": 0, ""view"": ""segmentation""}"
AUD-0003993,USR-MER-0003-01,VIEW_ANALYTICS,MERCHANT_DASHBOARD,MER-0003,2026-08-24T16:43:00,"{""filters_applied"": 3, ""view"": ""campaign_performance""}"
AUD-0003994,USR-MER-0008-01,LOGIN,MERCHANT_SESSION,MER-0008,2026-08-24T18:21:00,"{""method"": ""password+mfa"", ""outcome"": ""success""}"
AUD-0003995,USR-MER-0018-01,VIEW_ANALYTICS,MERCHANT_DASHBOARD,MER-0018,2026-08-24T21:42:00,"{""filters_applied"": 4, ""view"": ""campaign_performance""}"
AUD-0003996,SYS-REDEEM,REDEMPTION_CONFIRMED,REDEMPTION,RED-000923,2026-08-25T07:38:17,"{""discount_applied"": 100.0, ""gross_bill_amount"": 694.0, ""offer_id"": ""OFR-0026"", ""redemption_id"": ""RED-000923"", ""transaction_id"": ""TXN-0016102""}"
AUD-0003997,USR-MER-0001-01,LOGIN,MERCHANT_SESSION,MER-0001,2026-08-25T11:42:00,"{""method"": ""password+mfa"", ""outcome"": ""success""}"
AUD-0003998,USR-MER-0011-01,LOGIN,MERCHANT_SESSION,MER-0011,2026-08-25T12:07:00,"{""method"": ""password+mfa"", ""outcome"": ""success""}"
AUD-0003999,USR-MER-0012-01,LOGIN,MERCHANT_SESSION,MER-0012,2026-08-25T13:53:00,"{""method"": ""password+mfa"", ""outcome"": ""success""}"
AUD-0004000,USR-MER-0005-01,VIEW_ANALYTICS,MERCHANT_DASHBOARD,MER-0005,2026-08-25T15:35:00,"{""filters_applied"": 1, ""view"": ""redemption_log""}"
AUD-0004001,USR-MER-0015-01,LAUNCH_CAMPAIGN,CAMPAIGN,CPN-0067,2026-08-25T15:35:00,"{""campaign_id"": ""CPN-0067""}"
AUD-0004002,USR-MER-0011-01,LOGIN,MERCHANT_SESSION,MER-0011,2026-08-25T15:40:00,"{""method"": ""password+mfa"", ""outcome"": ""success""}"
AUD-0004003,SYS-REDEEM,REDEMPTION_CONFIRMED,REDEMPTION,RED-000924,2026-08-25T16:10:59,"{""discount_applied"": 100.0, ""gross_bill_amount"": 894.0, ""offer_id"": ""OFR-0026"", ""redemption_id"": ""RED-000924"", ""transaction_id"": ""TXN-0016125""}"
AUD-0004004,USR-MER-0018-01,VIEW_ANALYTICS,MERCHANT_DASHBOARD,MER-0018,2026-08-25T16:12:00,"{""filters_applied"": 4, ""view"": ""segmentation""}"
AUD-0004005,SYS-REDEEM,REDEMPTION_CONFIRMED,REDEMPTION,RED-000925,2026-08-25T19:57:39,"{""discount_applied"": 4600.0, ""gross_bill_amount"": 5462.0, ""offer_id"": ""OFR-0087"", ""redemption_id"": ""RED-000925"", ""transaction_id"": ""TXN-0016144""}"
AUD-0004006,USR-MER-0002-01,LOGIN,MERCHANT_SESSION,MER-0002,2026-08-25T20:44:00,"{""method"": ""password+mfa"", ""outcome"": ""success""}"
AUD-0004007,USR-MER-0010-01,LOGIN,MERCHANT_SESSION,MER-0010,2026-08-25T21:02:00,"{""method"": ""password+mfa"", ""outcome"": ""success""}"
AUD-0004008,SYS-REDEEM,REDEMPTION_CONFIRMED,REDEMPTION,RED-000926,2026-08-26T03:01:12,"{""discount_applied"": 100.0, ""gross_bill_amount"": 600.0, ""offer_id"": ""OFR-0026"", ""redemption_id"": ""RED-000926"", ""transaction_id"": ""TXN-0016149""}"
AUD-0004009,SYS-REDEEM,REDEMPTION_REJECTED,REDEMPTION,RED-000927,2026-08-26T05:05:06,"{""discount_applied"": 890.03, ""gross_bill_amount"": 890.03, ""offer_id"": ""OFR-0063"", ""reason"": ""OFFER_BUDGET_EXHAUSTED"", ""redemption_id"": ""RED-000927"", ""transaction_id"": ""TXN-0016150""}"
AUD-0004010,SYS-REDEEM,REDEMPTION_REJECTED,REDEMPTION,RED-000928,2026-08-26T06:27:33,"{""discount_applied"": 926.27, ""gross_bill_amount"": 926.27, ""offer_id"": ""OFR-0063"", ""reason"": ""OFFER_BUDGET_EXHAUSTED"", ""redemption_id"": ""RED-000928"", ""transaction_id"": ""TXN-0016151""}"
AUD-0004011,USR-MER-0010-01,LOGIN,MERCHANT_SESSION,MER-0010,2026-08-26T08:39:00,"{""method"": ""password+mfa"", ""outcome"": ""success""}"
AUD-0004012,SYS-REDEEM,REDEMPTION_REJECTED,REDEMPTION,RED-000929,2026-08-26T08:49:16,"{""discount_applied"": 922.17, ""gross_bill_amount"": 922.17, ""offer_id"": ""OFR-0063"", ""reason"": ""OFFER_BUDGET_EXHAUSTED"", ""redemption_id"": ""RED-000929"", ""transaction_id"": ""TXN-0016157""}"
AUD-0004013,SYS-REDEEM,REDEMPTION_CONFIRMED,REDEMPTION,RED-000930,2026-08-26T09:57:26,"{""discount_applied"": 100.0, ""gross_bill_amount"": 858.67, ""offer_id"": ""OFR-0026"", ""redemption_id"": ""RED-000930"", ""transaction_id"": ""TXN-0016161""}"
AUD-0004014,SYS-REDEEM,REDEMPTION_CONFIRMED,REDEMPTION,RED-000931,2026-08-26T11:12:10,"{""discount_applied"": 1723.87, ""gross_bill_amount"": 1723.87, ""offer_id"": ""OFR-0087"", ""redemption_id"": ""RED-000931"", ""transaction_id"": ""TXN-0016166""}"
AUD-0004015,USR-MER-0016-01,VIEW_ANALYTICS,MERCHANT_DASHBOARD,MER-0016,2026-08-26T11:29:00,"{""filters_applied"": 2, ""view"": ""segmentation""}"
AUD-0004016,USR-MER-0011-01,VIEW_ANALYTICS,MERCHANT_DASHBOARD,MER-0011,2026-08-26T13:28:00,"{""filters_applied"": 1, ""view"": ""campaign_performance""}"
AUD-0004017,USR-MER-0013-01,LOGIN,MERCHANT_SESSION,MER-0013,2026-08-26T13:45:00,"{""method"": ""password+mfa"", ""outcome"": ""success""}"
AUD-0004018,USR-MER-0012-01,LOGIN,MERCHANT_SESSION,MER-0012,2026-08-26T13:54:00,"{""method"": ""password+mfa"", ""outcome"": ""success""}"
AUD-0004019,USR-MER-0014-01,VIEW_ANALYTICS,MERCHANT_DASHBOARD,MER-0014,2026-08-26T14:35:00,"{""filters_applied"": 3, ""view"": ""redemption_log""}"
AUD-0004020,USR-MER-0003-01,VIEW_ANALYTICS,MERCHANT_DASHBOARD,MER-0003,2026-08-26T14:56:00,"{""filters_applied"": 0, ""view"": ""customer_detail""}"
AUD-0004021,USR-MER-0012-01,LOGIN,MERCHANT_SESSION,MER-0012,2026-08-26T16:19:00,"{""method"": ""password+mfa"", ""outcome"": ""success""}"
AUD-0004022,USR-MER-0014-01,VIEW_ANALYTICS,MERCHANT_DASHBOARD,MER-0014,2026-08-26T17:25:00,"{""filters_applied"": 1, ""view"": ""redemption_log""}"
AUD-0004023,USR-MER-0015-01,LOGIN,MERCHANT_SESSION,MER-0015,2026-08-26T17:56:00,"{""method"": ""password+mfa"", ""outcome"": ""success""}"
AUD-0004024,USR-MER-0001-01,VIEW_ANALYTICS,MERCHANT_DASHBOARD,MER-0001,2026-08-26T18:17:00,"{""filters_applied"": 1, ""view"": ""customer_detail""}"
AUD-0004025,USR-MER-0002-01,LOGIN,MERCHANT_SESSION,MER-0002,2026-08-26T18:24:00,"{""method"": ""password+mfa"", ""outcome"": ""success""}"
AUD-0004026,USR-MER-0018-01,LOGIN,MERCHANT_SESSION,MER-0018,2026-08-26T21:11:00,"{""method"": ""password+mfa"", ""outcome"": ""success""}"
AUD-0004027,SYS-REDEEM,REDEMPTION_CONFIRMED,REDEMPTION,RED-000932,2026-08-26T21:12:46,"{""discount_applied"": 4600.0, ""gross_bill_amount"": 6151.0, ""offer_id"": ""OFR-0087"", ""redemption_id"": ""RED-000932"", ""transaction_id"": ""TXN-0016202""}"
AUD-0004028,SYS-REDEEM,REDEMPTION_CONFIRMED,REDEMPTION,RED-000933,2026-08-27T04:51:56,"{""discount_applied"": 1121.9, ""gross_bill_amount"": 1121.9, ""offer_id"": ""OFR-0087"", ""redemption_id"": ""RED-000933"", ""transaction_id"": ""TXN-0016203""}"
AUD-0004029,SYS-REDEEM,REDEMPTION_CONFIRMED,REDEMPTION,RED-000934,2026-08-27T06:07:21,"{""discount_applied"": 1606.94, ""gross_bill_amount"": 1606.94, ""offer_id"": ""OFR-0087"", ""redemption_id"": ""RED-000934"", ""transaction_id"": ""TXN-0016204""}"
AUD-0004030,USR-MER-0016-01,LOGIN,MERCHANT_SESSION,MER-0016,2026-08-27T08:11:00,"{""method"": ""password+mfa"", ""outcome"": ""success""}"
AUD-0004031,USR-MER-0007-01,VIEW_ANALYTICS,MERCHANT_DASHBOARD,MER-0007,2026-08-27T09:11:00,"{""filters_applied"": 3, ""view"": ""campaign_performance""}"
AUD-0004032,USR-MER-0018-01,LOGIN,MERCHANT_SESSION,MER-0018,2026-08-27T09:24:00,"{""method"": ""password+mfa"", ""outcome"": ""success""}"
AUD-0004033,USR-MER-0007-01,VIEW_ANALYTICS,MERCHANT_DASHBOARD,MER-0007,2026-08-27T09:54:00,"{""filters_applied"": 3, ""view"": ""segmentation""}"
AUD-0004034,USR-MER-0013-01,VIEW_ANALYTICS,MERCHANT_DASHBOARD,MER-0013,2026-08-27T10:34:00,"{""filters_applied"": 4, ""view"": ""redemption_log""}"
AUD-0004035,USR-MER-0005-01,LOGIN,MERCHANT_SESSION,MER-0005,2026-08-27T11:34:00,"{""method"": ""password+mfa"", ""outcome"": ""success""}"
AUD-0004036,USR-MER-0018-01,LOGIN,MERCHANT_SESSION,MER-0018,2026-08-27T12:31:00,"{""method"": ""password+mfa"", ""outcome"": ""success""}"
AUD-0004037,SYS-REDEEM,REDEMPTION_REJECTED,REDEMPTION,RED-000935,2026-08-27T15:40:00,"{""discount_applied"": 3696.39, ""gross_bill_amount"": 3696.39, ""offer_id"": ""OFR-0087"", ""reason"": ""INELIGIBLE_CUSTOMER"", ""redemption_id"": ""RED-000935"", ""transaction_id"": ""TXN-0016236""}"
AUD-0004038,USR-MER-0012-01,VIEW_ANALYTICS,MERCHANT_DASHBOARD,MER-0012,2026-08-27T16:10:00,"{""filters_applied"": 2, ""view"": ""campaign_performance""}"
AUD-0004039,USR-MER-0017-01,VIEW_ANALYTICS,MERCHANT_DASHBOARD,MER-0017,2026-08-27T16:10:00,"{""filters_applied"": 2, ""view"": ""redemption_log""}"
AUD-0004040,USR-MER-0010-01,VIEW_ANALYTICS,MERCHANT_DASHBOARD,MER-0010,2026-08-27T16:23:00,"{""filters_applied"": 1, ""view"": ""segmentation""}"
AUD-0004041,USR-MER-0010-01,VIEW_ANALYTICS,MERCHANT_DASHBOARD,MER-0010,2026-08-27T16:26:00,"{""filters_applied"": 0, ""view"": ""campaign_performance""}"
AUD-0004042,USR-MER-0011-01,LOGIN,MERCHANT_SESSION,MER-0011,2026-08-27T16:49:00,"{""method"": ""password+mfa"", ""outcome"": ""success""}"
AUD-0004043,USR-MER-0010-01,LOGIN,MERCHANT_SESSION,MER-0010,2026-08-27T17:02:00,"{""method"": ""password+mfa"", ""outcome"": ""success""}"
AUD-0004044,USR-MER-0009-01,LOGIN,MERCHANT_SESSION,MER-0009,2026-08-27T17:03:00,"{""method"": ""password+mfa"", ""outcome"": ""success""}"
AUD-0004045,USR-MER-0001-01,LOGIN,MERCHANT_SESSION,MER-0001,2026-08-27T17:40:00,"{""method"": ""password+mfa"", ""outcome"": ""success""}"
AUD-0004046,USR-MER-0005-01,LOGIN,MERCHANT_SESSION,MER-0005,2026-08-27T17:42:00,"{""method"": ""password+mfa"", ""outcome"": ""success""}"
AUD-0004047,SYS-REDEEM,REDEMPTION_CONFIRMED,REDEMPTION,RED-000936,2026-08-27T19:07:00,"{""discount_applied"": 4600.0, ""gross_bill_amount"": 12000.0, ""offer_id"": ""OFR-0087"", ""redemption_id"": ""RED-000936"", ""transaction_id"": ""TXN-0016260""}"
AUD-0004048,SYS-REDEEM,REDEMPTION_REJECTED,REDEMPTION,RED-000937,2026-08-27T20:40:27,"{""discount_applied"": 345.11, ""gross_bill_amount"": 345.11, ""offer_id"": ""OFR-0087"", ""reason"": ""BELOW_MINIMUM_SPEND"", ""redemption_id"": ""RED-000937"", ""transaction_id"": ""TXN-0016267""}"
AUD-0004049,SYS-REDEEM,REDEMPTION_REJECTED,REDEMPTION,RED-000938,2026-08-27T21:21:27,"{""discount_applied"": 2158.0, ""gross_bill_amount"": 2158.0, ""offer_id"": ""OFR-0087"", ""reason"": ""WRONG_MERCHANT"", ""redemption_id"": ""RED-000938"", ""transaction_id"": ""TXN-0016270""}"
AUD-0004050,SYS-REDEEM,REDEMPTION_REJECTED,REDEMPTION,RED-000939,2026-08-27T21:29:27,"{""discount_applied"": 4600.0, ""gross_bill_amount"": 7367.0, ""offer_id"": ""OFR-0087"", ""reason"": ""WRONG_CUSTOMER"", ""redemption_id"": ""RED-000939"", ""transaction_id"": ""TXN-0016271""}"
AUD-0004051,SYS-REDEEM,REDEMPTION_REJECTED,REDEMPTION,RED-000940,2026-08-27T21:38:27,"{""discount_applied"": 4600.0, ""gross_bill_amount"": 11322.0, ""offer_id"": ""OFR-0087"", ""reason"": ""TRANSACTION_FAILED"", ""redemption_id"": ""RED-000940"", ""transaction_id"": ""TXN-0016272""}"
AUD-0004052,SYS-REDEEM,REDEMPTION_REJECTED,REDEMPTION,RED-000941,2026-08-27T21:49:27,"{""discount_applied"": 4600.0, ""gross_bill_amount"": 10189.0, ""offer_id"": ""OFR-0087"", ""reason"": ""TRANSACTION_REVERSED"", ""redemption_id"": ""RED-000941"", ""transaction_id"": ""TXN-0016273""}"
AUD-0004053,SYS-REDEEM,REDEMPTION_CONFIRMED,REDEMPTION,RED-000942,2026-08-27T22:04:01,"{""discount_applied"": 100.0, ""gross_bill_amount"": 833.28, ""offer_id"": ""OFR-0026"", ""redemption_id"": ""RED-000942"", ""transaction_id"": ""TXN-0016276""}"
AUD-0004054,SYS-REDEEM,REDEMPTION_REJECTED,REDEMPTION,RED-000943,2026-08-28T05:52:18,"{""discount_applied"": 532.49, ""gross_bill_amount"": 532.49, ""offer_id"": ""OFR-0063"", ""reason"": ""OFFER_BUDGET_EXHAUSTED"", ""redemption_id"": ""RED-000943"", ""transaction_id"": ""TXN-0016277""}"
AUD-0004055,USR-MER-0012-01,VIEW_ANALYTICS,MERCHANT_DASHBOARD,MER-0012,2026-08-28T08:37:00,"{""filters_applied"": 3, ""view"": ""customer_detail""}"
AUD-0004056,SYS-REDEEM,REDEMPTION_CONFIRMED,REDEMPTION,RED-000944,2026-08-28T09:46:01,"{""discount_applied"": 4600.0, ""gross_bill_amount"": 5076.44, ""offer_id"": ""OFR-0087"", ""redemption_id"": ""RED-000944"", ""transaction_id"": ""TXN-0016285""}"
AUD-0004057,USR-MER-0005-01,LOGIN,MERCHANT_SESSION,MER-0005,2026-08-28T11:07:00,"{""method"": ""password+mfa"", ""outcome"": ""success""}"
AUD-0004058,USR-MER-0008-01,VIEW_ANALYTICS,MERCHANT_DASHBOARD,MER-0008,2026-08-28T12:07:00,"{""filters_applied"": 1, ""view"": ""segmentation""}"
AUD-0004059,USR-MER-0014-01,VIEW_ANALYTICS,MERCHANT_DASHBOARD,MER-0014,2026-08-28T12:58:00,"{""filters_applied"": 4, ""view"": ""campaign_performance""}"
AUD-0004060,USR-MER-0017-01,VIEW_ANALYTICS,MERCHANT_DASHBOARD,MER-0017,2026-08-28T13:44:00,"{""filters_applied"": 3, ""view"": ""redemption_log""}"
AUD-0004061,USR-MER-0003-01,LOGIN,MERCHANT_SESSION,MER-0003,2026-08-28T14:48:00,"{""method"": ""password+mfa"", ""outcome"": ""success""}"
AUD-0004062,USR-MER-0008-01,LOGIN,MERCHANT_SESSION,MER-0008,2026-08-28T15:59:00,"{""method"": ""password+mfa"", ""outcome"": ""success""}"
AUD-0004063,USR-MER-0009-01,LOGIN,MERCHANT_SESSION,MER-0009,2026-08-28T18:28:00,"{""method"": ""password+mfa"", ""outcome"": ""success""}"
AUD-0004064,USR-MER-0008-01,VIEW_ANALYTICS,MERCHANT_DASHBOARD,MER-0008,2026-08-28T19:02:00,"{""filters_applied"": 3, ""view"": ""redemption_log""}"
AUD-0004065,USR-MER-0017-01,LOGIN,MERCHANT_SESSION,MER-0017,2026-08-28T19:20:00,"{""method"": ""password+mfa"", ""outcome"": ""success""}"
AUD-0004066,USR-MER-0002-01,VIEW_ANALYTICS,MERCHANT_DASHBOARD,MER-0002,2026-08-28T19:31:00,"{""filters_applied"": 3, ""view"": ""segmentation""}"
AUD-0004067,USR-MER-0005-01,LOGIN,MERCHANT_SESSION,MER-0005,2026-08-28T20:54:00,"{""method"": ""password+mfa"", ""outcome"": ""success""}"
AUD-0004068,SYS-REDEEM,REDEMPTION_CONFIRMED,REDEMPTION,RED-000945,2026-08-28T20:56:51,"{""discount_applied"": 4600.0, ""gross_bill_amount"": 4763.0, ""offer_id"": ""OFR-0087"", ""redemption_id"": ""RED-000945"", ""transaction_id"": ""TXN-0016339""}"
AUD-0004069,SYS-REDEEM,REDEMPTION_CONFIRMED,REDEMPTION,RED-000946,2026-08-28T22:57:21,"{""discount_applied"": 1398.99, ""gross_bill_amount"": 1398.99, ""offer_id"": ""OFR-0087"", ""redemption_id"": ""RED-000946"", ""transaction_id"": ""TXN-0016341""}"
AUD-0004070,SYS-REDEEM,REDEMPTION_CONFIRMED,REDEMPTION,RED-000947,2026-08-29T06:09:05,"{""discount_applied"": 1042.76, ""gross_bill_amount"": 1042.76, ""offer_id"": ""OFR-0087"", ""redemption_id"": ""RED-000947"", ""transaction_id"": ""TXN-0016342""}"
AUD-0004071,SYS-AI-COPY,GENERATE_AI_CONTENT,CAMPAIGN,CPN-0047,2026-08-29T10:01:00,"{""model"": ""mock-copywriter-v2"", ""output_chars"": 313, ""prompt_version"": ""p1.0""}"
AUD-0004072,USR-MER-0010-01,CREATE_CAMPAIGN,CAMPAIGN,CPN-0047,2026-08-29T10:03:00,"{""merchant_id"": ""MER-0010"", ""objective"": ""WELCOME_NEW_CUSTOMERS"", ""offer_id"": ""OFR-0067""}"
AUD-0004073,USR-MER-0001-01,CREATE_OFFER,OFFER,OFR-0031,2026-08-30T14:27:00,"{""budget"": 4695.96, ""discount_type"": ""FIXED"", ""discount_value"": 250.0, ""merchant_id"": ""MER-0001"", ""minimum_spend"": 9999.0}"
AUD-0004074,USR-MER-0010-01,APPROVE_CAMPAIGN,CAMPAIGN,CPN-0047,2026-08-30T17:44:00,"{""campaign_id"": ""CPN-0047""}"
AUD-0004075,SYS-REDEEM,REDEMPTION_CONFIRMED,REDEMPTION,RED-000948,2026-08-30T20:18:30,"{""discount_applied"": 4600.0, ""gross_bill_amount"": 4722.0, ""offer_id"": ""OFR-0087"", ""redemption_id"": ""RED-000948"", ""transaction_id"": ""TXN-0016441""}"
AUD-0004076,SYS-REDEEM,REDEMPTION_REJECTED,REDEMPTION,RED-000949,2026-08-31T00:48:33,"{""discount_applied"": 1500.0, ""gross_bill_amount"": 4401.29, ""offer_id"": ""OFR-0063"", ""reason"": ""OFFER_BUDGET_EXHAUSTED"", ""redemption_id"": ""RED-000949"", ""transaction_id"": ""TXN-0016446""}"
AUD-0004077,SYS-REDEEM,REDEMPTION_CONFIRMED,REDEMPTION,RED-000950,2026-08-31T22:04:22,"{""discount_applied"": 1126.65, ""gross_bill_amount"": 1126.65, ""offer_id"": ""OFR-0087"", ""redemption_id"": ""RED-000950"", ""transaction_id"": ""TXN-0016506""}"
AUD-0004078,SYS-AI-COPY,GENERATE_AI_CONTENT,CAMPAIGN,CPN-0011,2026-09-01T04:08:00,"{""model"": ""mock-copywriter-v2"", ""output_chars"": 198, ""prompt_version"": ""p1.2""}"
AUD-0004079,USR-MER-0001-01,CREATE_CAMPAIGN,CAMPAIGN,CPN-0011,2026-09-01T04:10:00,"{""merchant_id"": ""MER-0001"", ""objective"": ""PROMOTE_HIGH_VALUE_OFFER"", ""offer_id"": ""OFR-0031""}"
AUD-0004080,USR-MER-0007-01,LOGIN,MERCHANT_SESSION,MER-0007,2026-09-01T08:24:00,"{""method"": ""password+mfa"", ""outcome"": ""success""}"
AUD-0004081,USR-MER-0002-01,VIEW_ANALYTICS,MERCHANT_DASHBOARD,MER-0002,2026-09-01T10:37:00,"{""filters_applied"": 4, ""view"": ""redemption_log""}"
AUD-0004082,USR-MER-0001-01,VIEW_ANALYTICS,MERCHANT_DASHBOARD,MER-0001,2026-09-01T11:45:00,"{""filters_applied"": 2, ""view"": ""customer_detail""}"
AUD-0004083,USR-MER-0015-01,LOGIN,MERCHANT_SESSION,MER-0015,2026-09-01T15:09:00,"{""method"": ""password+mfa"", ""outcome"": ""success""}"
AUD-0004084,USR-MER-0006-01,LOGIN,MERCHANT_SESSION,MER-0006,2026-09-01T15:31:00,"{""method"": ""password+mfa"", ""outcome"": ""success""}"
AUD-0004085,SYS-REDEEM,REDEMPTION_REJECTED,REDEMPTION,RED-000951,2026-09-01T15:33:50,"{""discount_applied"": 1500.0, ""gross_bill_amount"": 5774.16, ""offer_id"": ""OFR-0063"", ""reason"": ""OFFER_BUDGET_EXHAUSTED"", ""redemption_id"": ""RED-000951"", ""transaction_id"": ""TXN-0016527""}"
AUD-0004086,USR-MER-0013-01,LOGIN,MERCHANT_SESSION,MER-0013,2026-09-01T16:57:00,"{""method"": ""password+mfa"", ""outcome"": ""success""}"
AUD-0004087,USR-MER-0015-01,VIEW_ANALYTICS,MERCHANT_DASHBOARD,MER-0015,2026-09-01T17:03:00,"{""filters_applied"": 0, ""view"": ""campaign_performance""}"
AUD-0004088,USR-MER-0006-01,VIEW_ANALYTICS,MERCHANT_DASHBOARD,MER-0006,2026-09-01T20:09:00,"{""filters_applied"": 3, ""view"": ""redemption_log""}"
AUD-0004089,SYS-REDEEM,REDEMPTION_REJECTED,REDEMPTION,RED-000952,2026-09-02T03:04:46,"{""discount_applied"": 830.66, ""gross_bill_amount"": 830.66, ""offer_id"": ""OFR-0063"", ""reason"": ""OFFER_BUDGET_EXHAUSTED"", ""redemption_id"": ""RED-000952"", ""transaction_id"": ""TXN-0016561""}"
AUD-0004090,USR-MER-0014-01,VIEW_ANALYTICS,MERCHANT_DASHBOARD,MER-0014,2026-09-02T08:08:00,"{""filters_applied"": 2, ""view"": ""customer_detail""}"
AUD-0004091,USR-MER-0015-01,LOGIN,MERCHANT_SESSION,MER-0015,2026-09-02T09:24:00,"{""method"": ""password+mfa"", ""outcome"": ""success""}"
AUD-0004092,USR-MER-0004-01,VIEW_ANALYTICS,MERCHANT_DASHBOARD,MER-0004,2026-09-02T11:07:00,"{""filters_applied"": 1, ""view"": ""redemption_log""}"
AUD-0004093,USR-MER-0016-01,CREATE_CAMPAIGN,CAMPAIGN,CPN-0070,2026-09-02T12:11:00,"{""merchant_id"": ""MER-0016"", ""objective"": ""PROMOTE_HIGH_VALUE_OFFER"", ""offer_id"": ""OFR-0090""}"
AUD-0004094,SYS-AI-COPY,GENERATE_AI_CONTENT,CAMPAIGN,CPN-0070,2026-09-02T12:37:00,"{""model"": ""mock-copywriter-v2"", ""output_chars"": 124, ""prompt_version"": ""p1.0""}"
AUD-0004095,USR-MER-0004-01,LOGIN,MERCHANT_SESSION,MER-0004,2026-09-02T14:36:00,"{""method"": ""password+mfa"", ""outcome"": ""success""}"
AUD-0004096,USR-MER-0017-01,LOGIN,MERCHANT_SESSION,MER-0017,2026-09-02T15:20:00,"{""method"": ""password+mfa"", ""outcome"": ""success""}"
AUD-0004097,USR-MER-0001-01,APPROVE_CAMPAIGN,CAMPAIGN,CPN-0011,2026-09-02T15:38:00,"{""campaign_id"": ""CPN-0011""}"
AUD-0004098,USR-MER-0004-01,VIEW_ANALYTICS,MERCHANT_DASHBOARD,MER-0004,2026-09-02T19:32:00,"{""filters_applied"": 2, ""view"": ""redemption_log""}"
AUD-0004099,SYS-REDEEM,REDEMPTION_CONFIRMED,REDEMPTION,RED-000953,2026-09-02T20:10:16,"{""discount_applied"": 1357.85, ""gross_bill_amount"": 1357.85, ""offer_id"": ""OFR-0087"", ""redemption_id"": ""RED-000953"", ""transaction_id"": ""TXN-0016616""}"
AUD-0004100,USR-MER-0001-01,LOGIN,MERCHANT_SESSION,MER-0001,2026-09-02T21:28:00,"{""method"": ""password+mfa"", ""outcome"": ""success""}"
AUD-0004101,SYS-REDEEM,REDEMPTION_CONFIRMED,REDEMPTION,RED-000954,2026-09-03T07:57:32,"{""discount_applied"": 1703.95, ""gross_bill_amount"": 1703.95, ""offer_id"": ""OFR-0087"", ""redemption_id"": ""RED-000954"", ""transaction_id"": ""TXN-0016622""}"
AUD-0004102,SYS-REDEEM,REDEMPTION_REJECTED,REDEMPTION,RED-000955,2026-09-03T08:07:32,"{""discount_applied"": 1703.95, ""gross_bill_amount"": 1703.95, ""offer_id"": ""OFR-0087"", ""reason"": ""DUPLICATE_REDEMPTION"", ""redemption_id"": ""RED-000955"", ""transaction_id"": ""TXN-0016622""}"
AUD-0004103,USR-MER-0013-01,LOGIN,MERCHANT_SESSION,MER-0013,2026-09-03T08:18:00,"{""method"": ""password+mfa"", ""outcome"": ""success""}"
AUD-0004104,USR-MER-0006-01,LOGIN,MERCHANT_SESSION,MER-0006,2026-09-03T09:31:00,"{""method"": ""password+mfa"", ""outcome"": ""success""}"
AUD-0004105,USR-MER-0002-01,VIEW_ANALYTICS,MERCHANT_DASHBOARD,MER-0002,2026-09-03T12:46:00,"{""filters_applied"": 2, ""view"": ""redemption_log""}"
AUD-0004106,USR-MER-0010-01,VIEW_ANALYTICS,MERCHANT_DASHBOARD,MER-0010,2026-09-03T13:45:00,"{""filters_applied"": 4, ""view"": ""campaign_performance""}"
AUD-0004107,USR-MER-0017-01,VIEW_ANALYTICS,MERCHANT_DASHBOARD,MER-0017,2026-09-03T16:08:00,"{""filters_applied"": 1, ""view"": ""customer_detail""}"
AUD-0004108,USR-MER-0002-01,LOGIN,MERCHANT_SESSION,MER-0002,2026-09-03T16:41:00,"{""method"": ""password+mfa"", ""outcome"": ""success""}"
AUD-0004109,USR-MER-0005-01,VIEW_ANALYTICS,MERCHANT_DASHBOARD,MER-0005,2026-09-03T17:14:00,"{""filters_applied"": 4, ""view"": ""segmentation""}"
AUD-0004110,USR-MER-0014-01,LOGIN,MERCHANT_SESSION,MER-0014,2026-09-03T17:47:00,"{""method"": ""password+mfa"", ""outcome"": ""success""}"
AUD-0004111,USR-MER-0016-01,APPROVE_CAMPAIGN,CAMPAIGN,CPN-0070,2026-09-03T18:57:00,"{""campaign_id"": ""CPN-0070""}"
AUD-0004112,USR-MER-0013-01,LOGIN,MERCHANT_SESSION,MER-0013,2026-09-03T19:20:00,"{""method"": ""password+mfa"", ""outcome"": ""success""}"
AUD-0004113,USR-MER-0008-01,LOGIN,MERCHANT_SESSION,MER-0008,2026-09-03T19:30:00,"{""method"": ""password+mfa"", ""outcome"": ""success""}"
AUD-0004114,USR-MER-0018-01,LOGIN,MERCHANT_SESSION,MER-0018,2026-09-03T19:35:00,"{""method"": ""password+mfa"", ""outcome"": ""success""}"
AUD-0004115,USR-MER-0003-01,LOGIN,MERCHANT_SESSION,MER-0003,2026-09-03T19:40:00,"{""method"": ""password+mfa"", ""outcome"": ""success""}"
AUD-0004116,USR-MER-0018-01,VIEW_ANALYTICS,MERCHANT_DASHBOARD,MER-0018,2026-09-03T20:18:00,"{""filters_applied"": 0, ""view"": ""segmentation""}"
AUD-0004117,USR-MER-0005-01,LOGIN,MERCHANT_SESSION,MER-0005,2026-09-03T20:32:00,"{""method"": ""password+mfa"", ""outcome"": ""success""}"
AUD-0004118,USR-MER-0002-01,LOGIN,MERCHANT_SESSION,MER-0002,2026-09-03T21:35:00,"{""method"": ""password+mfa"", ""outcome"": ""success""}"
AUD-0004119,USR-MER-0004-01,VIEW_ANALYTICS,MERCHANT_DASHBOARD,MER-0004,2026-09-04T09:08:00,"{""filters_applied"": 0, ""view"": ""campaign_performance""}"
AUD-0004120,USR-MER-0002-01,VIEW_ANALYTICS,MERCHANT_DASHBOARD,MER-0002,2026-09-04T09:47:00,"{""filters_applied"": 4, ""view"": ""campaign_performance""}"
AUD-0004121,USR-MER-0006-01,VIEW_ANALYTICS,MERCHANT_DASHBOARD,MER-0006,2026-09-04T10:45:00,"{""filters_applied"": 1, ""view"": ""segmentation""}"
AUD-0004122,USR-MER-0002-01,VIEW_ANALYTICS,MERCHANT_DASHBOARD,MER-0002,2026-09-04T11:45:00,"{""filters_applied"": 4, ""view"": ""redemption_log""}"
AUD-0004123,USR-MER-0001-01,VIEW_ANALYTICS,MERCHANT_DASHBOARD,MER-0001,2026-09-04T11:58:00,"{""filters_applied"": 4, ""view"": ""customer_detail""}"
AUD-0004124,USR-MER-0006-01,VIEW_ANALYTICS,MERCHANT_DASHBOARD,MER-0006,2026-09-04T13:10:00,"{""filters_applied"": 1, ""view"": ""customer_detail""}"
AUD-0004125,USR-MER-0016-01,LOGIN,MERCHANT_SESSION,MER-0016,2026-09-04T13:47:00,"{""method"": ""password+mfa"", ""outcome"": ""success""}"
AUD-0004126,USR-MER-0012-01,LOGIN,MERCHANT_SESSION,MER-0012,2026-09-04T13:51:00,"{""method"": ""password+mfa"", ""outcome"": ""success""}"
AUD-0004127,USR-MER-0014-01,VIEW_ANALYTICS,MERCHANT_DASHBOARD,MER-0014,2026-09-04T16:14:00,"{""filters_applied"": 4, ""view"": ""campaign_performance""}"
AUD-0004128,USR-MER-0017-01,LOGIN,MERCHANT_SESSION,MER-0017,2026-09-04T16:58:00,"{""method"": ""password+mfa"", ""outcome"": ""success""}"
AUD-0004129,USR-MER-0006-01,LOGIN,MERCHANT_SESSION,MER-0006,2026-09-04T17:16:00,"{""method"": ""password+mfa"", ""outcome"": ""success""}"
AUD-0004130,USR-MER-0017-01,LOGIN,MERCHANT_SESSION,MER-0017,2026-09-04T18:33:00,"{""method"": ""password+mfa"", ""outcome"": ""success""}"
AUD-0004131,USR-MER-0004-01,CREATE_OFFER,OFFER,OFR-0045,2026-09-04T19:08:00,"{""budget"": 60544.8, ""discount_type"": ""FIXED"", ""discount_value"": 3800.0, ""merchant_id"": ""MER-0004"", ""minimum_spend"": 499.0}"
AUD-0004132,SYS-AI-COPY,GENERATE_AI_CONTENT,CAMPAIGN,CPN-0025,2026-09-05T03:20:00,"{""model"": ""mock-copywriter-v2"", ""output_chars"": 288, ""prompt_version"": ""p1.2""}"
AUD-0004133,USR-MER-0004-01,CREATE_CAMPAIGN,CAMPAIGN,CPN-0025,2026-09-05T03:22:00,"{""merchant_id"": ""MER-0004"", ""objective"": ""REACTIVATE_INACTIVE"", ""offer_id"": ""OFR-0045""}"
AUD-0004134,USR-MER-0016-01,CANCEL_CAMPAIGN,CAMPAIGN,CPN-0070,2026-09-05T06:57:00,"{""campaign_id"": ""CPN-0070""}"
AUD-0004135,SYS-AI-COPY,GENERATE_AI_CONTENT,CAMPAIGN,CPN-0050,2026-09-05T09:57:00,"{""model"": ""mock-copywriter-v2"", ""output_chars"": 220, ""prompt_version"": ""p1.1""}"
AUD-0004136,USR-MER-0010-01,CREATE_CAMPAIGN,CAMPAIGN,CPN-0050,2026-09-05T10:04:00,"{""merchant_id"": ""MER-0010"", ""objective"": ""WELCOME_NEW_CUSTOMERS"", ""offer_id"": ""OFR-0070""}"
AUD-0004137,USR-MER-0010-01,LAUNCH_CAMPAIGN,CAMPAIGN,CPN-0047,2026-09-05T10:44:00,"{""campaign_id"": ""CPN-0047""}"
AUD-0004138,USR-MER-0012-01,VIEW_ANALYTICS,MERCHANT_DASHBOARD,MER-0012,2026-09-05T12:03:00,"{""filters_applied"": 0, ""view"": ""redemption_log""}"
AUD-0004139,USR-MER-0002-01,LOGIN,MERCHANT_SESSION,MER-0002,2026-09-05T12:37:00,"{""method"": ""password+mfa"", ""outcome"": ""success""}"
AUD-0004140,USR-MER-0002-01,VIEW_ANALYTICS,MERCHANT_DASHBOARD,MER-0002,2026-09-05T13:44:00,"{""filters_applied"": 0, ""view"": ""customer_detail""}"
AUD-0004141,USR-MER-0005-01,VIEW_ANALYTICS,MERCHANT_DASHBOARD,MER-0005,2026-09-05T14:47:00,"{""filters_applied"": 3, ""view"": ""campaign_performance""}"
AUD-0004142,USR-MER-0007-01,LOGIN,MERCHANT_SESSION,MER-0007,2026-09-05T15:44:00,"{""method"": ""password+mfa"", ""outcome"": ""success""}"
AUD-0004143,USR-MER-0006-01,LOGIN,MERCHANT_SESSION,MER-0006,2026-09-05T17:04:00,"{""method"": ""password+mfa"", ""outcome"": ""success""}"
AUD-0004144,USR-MER-0016-01,VIEW_ANALYTICS,MERCHANT_DASHBOARD,MER-0016,2026-09-05T18:13:00,"{""filters_applied"": 3, ""view"": ""campaign_performance""}"
AUD-0004145,USR-MER-0013-01,VIEW_ANALYTICS,MERCHANT_DASHBOARD,MER-0013,2026-09-05T18:23:00,"{""filters_applied"": 3, ""view"": ""segmentation""}"
AUD-0004146,USR-MER-0004-01,APPROVE_CAMPAIGN,CAMPAIGN,CPN-0025,2026-09-05T20:07:00,"{""campaign_id"": ""CPN-0025""}"
AUD-0004147,USR-MER-0007-01,LOGIN,MERCHANT_SESSION,MER-0007,2026-09-05T21:38:00,"{""method"": ""password+mfa"", ""outcome"": ""success""}"
AUD-0004148,USR-MER-0004-01,UPDATE_OFFER,OFFER,OFR-0045,2026-09-06T00:08:00,"{""changed_fields"": [""expiry_time""], ""merchant_id"": ""MER-0004""}"
AUD-0004149,SYS-REDEEM,REDEMPTION_CONFIRMED,REDEMPTION,RED-000956,2026-09-06T06:39:27,"{""discount_applied"": 400.0, ""gross_bill_amount"": 886.26, ""offer_id"": ""OFR-0067"", ""redemption_id"": ""RED-000956"", ""transaction_id"": ""TXN-0016795""}"
AUD-0004150,USR-MER-0001-01,LOGIN,MERCHANT_SESSION,MER-0001,2026-09-06T08:18:00,"{""method"": ""password+mfa"", ""outcome"": ""success""}"
AUD-0004151,USR-MER-0012-01,LOGIN,MERCHANT_SESSION,MER-0012,2026-09-06T08:47:00,"{""method"": ""password+mfa"", ""outcome"": ""success""}"
AUD-0004152,USR-MER-0002-01,VIEW_ANALYTICS,MERCHANT_DASHBOARD,MER-0002,2026-09-06T11:16:00,"{""filters_applied"": 0, ""view"": ""campaign_performance""}"
AUD-0004153,USR-MER-0001-01,VIEW_ANALYTICS,MERCHANT_DASHBOARD,MER-0001,2026-09-06T12:22:00,"{""filters_applied"": 2, ""view"": ""segmentation""}"
AUD-0004154,USR-MER-0001-01,LAUNCH_CAMPAIGN,CAMPAIGN,CPN-0011,2026-09-06T12:50:00,"{""campaign_id"": ""CPN-0011""}"
AUD-0004155,USR-MER-0010-01,APPROVE_CAMPAIGN,CAMPAIGN,CPN-0050,2026-09-06T13:21:00,"{""campaign_id"": ""CPN-0050""}"
AUD-0004156,USR-MER-0018-01,VIEW_ANALYTICS,MERCHANT_DASHBOARD,MER-0018,2026-09-06T13:41:00,"{""filters_applied"": 3, ""view"": ""customer_detail""}"
AUD-0004157,USR-MER-0003-01,LOGIN,MERCHANT_SESSION,MER-0003,2026-09-06T15:17:00,"{""method"": ""password+mfa"", ""outcome"": ""success""}"
AUD-0004158,SYS-REDEEM,REDEMPTION_CONFIRMED,REDEMPTION,RED-000957,2026-09-06T16:03:55,"{""discount_applied"": 250.0, ""gross_bill_amount"": 16578.94, ""offer_id"": ""OFR-0031"", ""redemption_id"": ""RED-000957"", ""transaction_id"": ""TXN-0016831""}"
AUD-0004159,SYS-REDEEM,REDEMPTION_REJECTED,REDEMPTION,RED-000958,2026-09-06T16:15:55,"{""discount_applied"": 250.0, ""gross_bill_amount"": 16578.94, ""offer_id"": ""OFR-0031"", ""reason"": ""DUPLICATE_REDEMPTION"", ""redemption_id"": ""RED-000958"", ""transaction_id"": ""TXN-0016831""}"
AUD-0004160,USR-MER-0018-01,VIEW_ANALYTICS,MERCHANT_DASHBOARD,MER-0018,2026-09-06T16:30:00,"{""filters_applied"": 4, ""view"": ""redemption_log""}"
AUD-0004161,SYS-REDEEM,REDEMPTION_CONFIRMED,REDEMPTION,RED-000959,2026-09-06T16:51:06,"{""discount_applied"": 400.0, ""gross_bill_amount"": 1780.0, ""offer_id"": ""OFR-0067"", ""redemption_id"": ""RED-000959"", ""transaction_id"": ""TXN-0016836""}"
AUD-0004162,USR-MER-0016-01,LOGIN,MERCHANT_SESSION,MER-0016,2026-09-06T17:05:00,"{""method"": ""password+mfa"", ""outcome"": ""success""}"
AUD-0004163,USR-MER-0008-01,LOGIN,MERCHANT_SESSION,MER-0008,2026-09-06T18:37:00,"{""method"": ""password+mfa"", ""outcome"": ""success""}"
AUD-0004164,USR-MER-0014-01,VIEW_ANALYTICS,MERCHANT_DASHBOARD,MER-0014,2026-09-06T20:25:00,"{""filters_applied"": 2, ""view"": ""segmentation""}"
AUD-0004165,USR-MER-0015-01,LOGIN,MERCHANT_SESSION,MER-0015,2026-09-06T21:04:00,"{""method"": ""password+mfa"", ""outcome"": ""success""}"
AUD-0004166,SYS-REDEEM,REDEMPTION_REJECTED,REDEMPTION,RED-000960,2026-09-07T02:49:07,"{""discount_applied"": 250.0, ""gross_bill_amount"": 13855.47, ""offer_id"": ""OFR-0031"", ""reason"": ""OFFER_BUDGET_EXHAUSTED"", ""redemption_id"": ""RED-000960"", ""transaction_id"": ""TXN-0016859""}"
AUD-0004167,SYS-REDEEM,REDEMPTION_CONFIRMED,REDEMPTION,RED-000961,2026-09-07T03:45:08,"{""discount_applied"": 250.0, ""gross_bill_amount"": 10000.0, ""offer_id"": ""OFR-0031"", ""redemption_id"": ""RED-000961"", ""transaction_id"": ""TXN-0016860""}"
AUD-0004168,USR-MER-0011-01,VIEW_ANALYTICS,MERCHANT_DASHBOARD,MER-0011,2026-09-07T08:48:00,"{""filters_applied"": 3, ""view"": ""redemption_log""}"
AUD-0004169,USR-MER-0003-01,VIEW_ANALYTICS,MERCHANT_DASHBOARD,MER-0003,2026-09-07T10:03:00,"{""filters_applied"": 2, ""view"": ""customer_detail""}"
AUD-0004170,USR-MER-0005-01,LOGIN,MERCHANT_SESSION,MER-0005,2026-09-07T11:14:00,"{""method"": ""password+mfa"", ""outcome"": ""success""}"
AUD-0004171,USR-MER-0015-01,VIEW_ANALYTICS,MERCHANT_DASHBOARD,MER-0015,2026-09-07T13:40:00,"{""filters_applied"": 4, ""view"": ""campaign_performance""}"
AUD-0004172,USR-MER-0007-01,LOGIN,MERCHANT_SESSION,MER-0007,2026-09-07T14:58:00,"{""method"": ""password+mfa"", ""outcome"": ""success""}"
AUD-0004173,USR-MER-0007-01,VIEW_ANALYTICS,MERCHANT_DASHBOARD,MER-0007,2026-09-07T15:52:00,"{""filters_applied"": 3, ""view"": ""segmentation""}"
AUD-0004174,USR-MER-0012-01,VIEW_ANALYTICS,MERCHANT_DASHBOARD,MER-0012,2026-09-07T16:11:00,"{""filters_applied"": 4, ""view"": ""redemption_log""}"
AUD-0004175,USR-MER-0003-01,VIEW_ANALYTICS,MERCHANT_DASHBOARD,MER-0003,2026-09-07T16:36:00,"{""filters_applied"": 0, ""view"": ""segmentation""}"
AUD-0004176,USR-MER-0017-01,VIEW_ANALYTICS,MERCHANT_DASHBOARD,MER-0017,2026-09-07T17:01:00,"{""filters_applied"": 4, ""view"": ""campaign_performance""}"
AUD-0004177,SYS-REDEEM,REDEMPTION_CONFIRMED,REDEMPTION,RED-000962,2026-09-07T18:16:23,"{""discount_applied"": 400.0, ""gross_bill_amount"": 1819.0, ""offer_id"": ""OFR-0067"", ""redemption_id"": ""RED-000962"", ""transaction_id"": ""TXN-0016895""}"
AUD-0004178,USR-MER-0012-01,LOGIN,MERCHANT_SESSION,MER-0012,2026-09-07T19:08:00,"{""method"": ""password+mfa"", ""outcome"": ""success""}"
AUD-0004179,SYS-REDEEM,REDEMPTION_CONFIRMED,REDEMPTION,RED-000963,2026-09-07T19:15:18,"{""discount_applied"": 250.0, ""gross_bill_amount"": 16347.31, ""offer_id"": ""OFR-0031"", ""redemption_id"": ""RED-000963"", ""transaction_id"": ""TXN-0016904""}"
AUD-0004180,SYS-REDEEM,REDEMPTION_CONFIRMED,REDEMPTION,RED-000964,2026-09-07T20:28:35,"{""discount_applied"": 250.0, ""gross_bill_amount"": 10651.18, ""offer_id"": ""OFR-0031"", ""redemption_id"": ""RED-000964"", ""transaction_id"": ""TXN-0016915""}"
AUD-0004181,USR-MER-0011-01,LOGIN,MERCHANT_SESSION,MER-0011,2026-09-07T21:39:00,"{""method"": ""password+mfa"", ""outcome"": ""success""}"
AUD-0004182,SYS-REDEEM,REDEMPTION_REJECTED,REDEMPTION,RED-000965,2026-09-08T02:05:05,"{""discount_applied"": 250.0, ""gross_bill_amount"": 17674.86, ""offer_id"": ""OFR-0031"", ""reason"": ""OFFER_BUDGET_EXHAUSTED"", ""redemption_id"": ""RED-000965"", ""transaction_id"": ""TXN-0016921""}"
AUD-0004183,SYS-REDEEM,REDEMPTION_CONFIRMED,REDEMPTION,RED-000966,2026-09-08T03:45:07,"{""discount_applied"": 250.0, ""gross_bill_amount"": 10000.0, ""offer_id"": ""OFR-0031"", ""redemption_id"": ""RED-000966"", ""transaction_id"": ""TXN-0016922""}"
AUD-0004184,SYS-REDEEM,REDEMPTION_REJECTED,REDEMPTION,RED-000967,2026-09-08T04:05:43,"{""discount_applied"": 250.0, ""gross_bill_amount"": 16177.36, ""offer_id"": ""OFR-0031"", ""reason"": ""OFFER_BUDGET_EXHAUSTED"", ""redemption_id"": ""RED-000967"", ""transaction_id"": ""TXN-0016923""}"
AUD-0004185,SYS-REDEEM,REDEMPTION_REJECTED,REDEMPTION,RED-000968,2026-09-08T05:06:52,"{""discount_applied"": 250.0, ""gross_bill_amount"": 10000.0, ""offer_id"": ""OFR-0031"", ""reason"": ""OFFER_BUDGET_EXHAUSTED"", ""redemption_id"": ""RED-000968"", ""transaction_id"": ""TXN-0016924""}"
AUD-0004186,SYS-REDEEM,REDEMPTION_CONFIRMED,REDEMPTION,RED-000969,2026-09-08T07:16:30,"{""discount_applied"": 250.0, ""gross_bill_amount"": 10000.0, ""offer_id"": ""OFR-0031"", ""redemption_id"": ""RED-000969"", ""transaction_id"": ""TXN-0016927""}"
AUD-0004187,USR-MER-0007-01,LOGIN,MERCHANT_SESSION,MER-0007,2026-09-08T08:04:00,"{""method"": ""password+mfa"", ""outcome"": ""success""}"
AUD-0004188,USR-MER-0008-01,VIEW_ANALYTICS,MERCHANT_DASHBOARD,MER-0008,2026-09-08T08:04:00,"{""filters_applied"": 3, ""view"": ""redemption_log""}"
AUD-0004189,USR-MER-0010-01,VIEW_ANALYTICS,MERCHANT_DASHBOARD,MER-0010,2026-09-08T08:18:00,"{""filters_applied"": 0, ""view"": ""customer_detail""}"
AUD-0004190,SYS-REDEEM,REDEMPTION_CONFIRMED,REDEMPTION,RED-000970,2026-09-08T08:22:20,"{""discount_applied"": 250.0, ""gross_bill_amount"": 10000.0, ""offer_id"": ""OFR-0031"", ""redemption_id"": ""RED-000970"", ""transaction_id"": ""TXN-0016934""}"
AUD-0004191,SYS-REDEEM,REDEMPTION_CONFIRMED,REDEMPTION,RED-000971,2026-09-08T09:49:08,"{""discount_applied"": 250.0, ""gross_bill_amount"": 14990.26, ""offer_id"": ""OFR-0031"", ""redemption_id"": ""RED-000971"", ""transaction_id"": ""TXN-0016944""}"
AUD-0004192,USR-MER-0010-01,LOGIN,MERCHANT_SESSION,MER-0010,2026-09-08T09:50:00,"{""method"": ""password+mfa"", ""outcome"": ""success""}"
AUD-0004193,USR-MER-0017-01,VIEW_ANALYTICS,MERCHANT_DASHBOARD,MER-0017,2026-09-08T10:06:00,"{""filters_applied"": 2, ""view"": ""customer_detail""}"
AUD-0004194,SYS-REDEEM,REDEMPTION_CONFIRMED,REDEMPTION,RED-000972,2026-09-08T11:34:10,"{""discount_applied"": 250.0, ""gross_bill_amount"": 10000.0, ""offer_id"": ""OFR-0031"", ""redemption_id"": ""RED-000972"", ""transaction_id"": ""TXN-0016948""}"
AUD-0004195,SYS-REDEEM,REDEMPTION_CONFIRMED,REDEMPTION,RED-000973,2026-09-08T11:53:42,"{""discount_applied"": 250.0, ""gross_bill_amount"": 12747.56, ""offer_id"": ""OFR-0031"", ""redemption_id"": ""RED-000973"", ""transaction_id"": ""TXN-0016950""}"
AUD-0004196,USR-MER-0012-01,LOGIN,MERCHANT_SESSION,MER-0012,2026-09-08T11:55:00,"{""method"": ""password+mfa"", ""outcome"": ""success""}"
AUD-0004197,SYS-REDEEM,REDEMPTION_REJECTED,REDEMPTION,RED-000974,2026-09-08T12:08:25,"{""discount_applied"": 250.0, ""gross_bill_amount"": 16219.42, ""offer_id"": ""OFR-0031"", ""reason"": ""OFFER_BUDGET_EXHAUSTED"", ""redemption_id"": ""RED-000974"", ""transaction_id"": ""TXN-0016951""}"
AUD-0004198,USR-MER-0001-01,LOGIN,MERCHANT_SESSION,MER-0001,2026-09-08T12:53:00,"{""method"": ""password+mfa"", ""outcome"": ""success""}"
AUD-0004199,USR-MER-0006-01,LOGIN,MERCHANT_SESSION,MER-0006,2026-09-08T13:06:00,"{""method"": ""password+mfa"", ""outcome"": ""success""}"
AUD-0004200,USR-MER-0013-01,VIEW_ANALYTICS,MERCHANT_DASHBOARD,MER-0013,2026-09-08T14:22:00,"{""filters_applied"": 4, ""view"": ""segmentation""}"
AUD-0004201,SYS-REDEEM,REDEMPTION_REJECTED,REDEMPTION,RED-000975,2026-09-08T15:29:00,"{""discount_applied"": 250.0, ""gross_bill_amount"": 12077.38, ""offer_id"": ""OFR-0031"", ""reason"": ""OFFER_BUDGET_EXHAUSTED"", ""redemption_id"": ""RED-000975"", ""transaction_id"": ""TXN-0016965""}"
AUD-0004202,USR-MER-0005-01,LOGIN,MERCHANT_SESSION,MER-0005,2026-09-08T15:29:00,"{""method"": ""password+mfa"", ""outcome"": ""success""}"
AUD-0004203,USR-MER-0018-01,VIEW_ANALYTICS,MERCHANT_DASHBOARD,MER-0018,2026-09-08T16:16:00,"{""filters_applied"": 4, ""view"": ""campaign_performance""}"
AUD-0004204,USR-MER-0015-01,VIEW_ANALYTICS,MERCHANT_DASHBOARD,MER-0015,2026-09-08T20:54:00,"{""filters_applied"": 0, ""view"": ""campaign_performance""}"
AUD-0004205,SYS-REDEEM,REDEMPTION_CONFIRMED,REDEMPTION,RED-000976,2026-09-09T04:24:06,"{""discount_applied"": 400.0, ""gross_bill_amount"": 909.86, ""offer_id"": ""OFR-0067"", ""redemption_id"": ""RED-000976"", ""transaction_id"": ""TXN-0016996""}"
AUD-0004206,SYS-REDEEM,REDEMPTION_REJECTED,REDEMPTION,RED-000977,2026-09-09T05:37:06,"{""discount_applied"": 400.0, ""gross_bill_amount"": 909.86, ""offer_id"": ""OFR-0067"", ""reason"": ""DUPLICATE_REDEMPTION"", ""redemption_id"": ""RED-000977"", ""transaction_id"": ""TXN-0016996""}"
AUD-0004207,SYS-REDEEM,REDEMPTION_REJECTED,REDEMPTION,RED-000978,2026-09-09T08:34:44,"{""discount_applied"": 250.0, ""gross_bill_amount"": 10000.0, ""offer_id"": ""OFR-0031"", ""reason"": ""OFFER_BUDGET_EXHAUSTED"", ""redemption_id"": ""RED-000978"", ""transaction_id"": ""TXN-0017007""}"
AUD-0004208,USR-MER-0001-01,VIEW_ANALYTICS,MERCHANT_DASHBOARD,MER-0001,2026-09-09T09:12:00,"{""filters_applied"": 3, ""view"": ""customer_detail""}"
AUD-0004209,USR-MER-0003-01,LOGIN,MERCHANT_SESSION,MER-0003,2026-09-09T09:22:00,"{""method"": ""password+mfa"", ""outcome"": ""success""}"
AUD-0004210,USR-MER-0007-01,LOGIN,MERCHANT_SESSION,MER-0007,2026-09-09T10:08:00,"{""method"": ""password+mfa"", ""outcome"": ""success""}"
AUD-0004211,SYS-REDEEM,REDEMPTION_CONFIRMED,REDEMPTION,RED-000979,2026-09-09T10:39:48,"{""discount_applied"": 250.0, ""gross_bill_amount"": 14195.79, ""offer_id"": ""OFR-0031"", ""redemption_id"": ""RED-000979"", ""transaction_id"": ""TXN-0017019""}"
AUD-0004212,SYS-REDEEM,REDEMPTION_REJECTED,REDEMPTION,RED-000980,2026-09-09T11:01:48,"{""discount_applied"": 250.0, ""gross_bill_amount"": 14195.79, ""offer_id"": ""OFR-0031"", ""reason"": ""DUPLICATE_REDEMPTION"", ""redemption_id"": ""RED-000980"", ""transaction_id"": ""TXN-0017019""}"
AUD-0004213,USR-MER-0005-01,VIEW_ANALYTICS,MERCHANT_DASHBOARD,MER-0005,2026-09-09T12:45:00,"{""filters_applied"": 4, ""view"": ""redemption_log""}"
AUD-0004214,USR-MER-0009-01,LOGIN,MERCHANT_SESSION,MER-0009,2026-09-09T14:55:00,"{""method"": ""password+mfa"", ""outcome"": ""success""}"
AUD-0004215,USR-MER-0013-01,LOGIN,MERCHANT_SESSION,MER-0013,2026-09-09T17:18:00,"{""method"": ""password+mfa"", ""outcome"": ""success""}"
AUD-0004216,USR-MER-0006-01,LOGIN,MERCHANT_SESSION,MER-0006,2026-09-09T17:45:00,"{""method"": ""password+mfa"", ""outcome"": ""success""}"
AUD-0004217,USR-MER-0009-01,VIEW_ANALYTICS,MERCHANT_DASHBOARD,MER-0009,2026-09-09T18:54:00,"{""filters_applied"": 0, ""view"": ""campaign_performance""}"
AUD-0004218,USR-MER-0013-01,VIEW_ANALYTICS,MERCHANT_DASHBOARD,MER-0013,2026-09-09T21:37:00,"{""filters_applied"": 3, ""view"": ""redemption_log""}"
AUD-0004219,SYS-REDEEM,REDEMPTION_CONFIRMED,REDEMPTION,RED-000981,2026-09-09T21:50:20,"{""discount_applied"": 250.0, ""gross_bill_amount"": 14537.9, ""offer_id"": ""OFR-0031"", ""redemption_id"": ""RED-000981"", ""transaction_id"": ""TXN-0017059""}"
AUD-0004220,SYS-REDEEM,REDEMPTION_REJECTED,REDEMPTION,RED-000982,2026-09-10T03:19:47,"{""discount_applied"": 250.0, ""gross_bill_amount"": 16651.5, ""offer_id"": ""OFR-0031"", ""reason"": ""OFFER_BUDGET_EXHAUSTED"", ""redemption_id"": ""RED-000982"", ""transaction_id"": ""TXN-0017060""}"
AUD-0004221,SYS-REDEEM,REDEMPTION_REJECTED,REDEMPTION,RED-000983,2026-09-10T03:37:00,"{""discount_applied"": 3883.0, ""gross_bill_amount"": 3883.0, ""offer_id"": ""OFR-0087"", ""reason"": ""OFFER_EXPIRED"", ""redemption_id"": ""RED-000983"", ""transaction_id"": ""TXN-0017061""}"
AUD-0004222,SYS-REDEEM,REDEMPTION_CONFIRMED,REDEMPTION,RED-000984,2026-09-10T08:02:44,"{""discount_applied"": 250.0, ""gross_bill_amount"": 10000.0, ""offer_id"": ""OFR-0031"", ""redemption_id"": ""RED-000984"", ""transaction_id"": ""TXN-0017068""}"
AUD-0004223,USR-MER-0016-01,VIEW_ANALYTICS,MERCHANT_DASHBOARD,MER-0016,2026-09-10T08:17:00,"{""filters_applied"": 2, ""view"": ""campaign_performance""}"
AUD-0004224,USR-MER-0010-01,VIEW_ANALYTICS,MERCHANT_DASHBOARD,MER-0010,2026-09-10T09:28:00,"{""filters_applied"": 2, ""view"": ""segmentation""}"
AUD-0004225,USR-MER-0006-01,LOGIN,MERCHANT_SESSION,MER-0006,2026-09-10T09:57:00,"{""method"": ""password+mfa"", ""outcome"": ""success""}"
AUD-0004226,USR-MER-0006-01,LOGIN,MERCHANT_SESSION,MER-0006,2026-09-10T10:14:00,"{""method"": ""password+mfa"", ""outcome"": ""success""}"
AUD-0004227,USR-MER-0015-01,VIEW_ANALYTICS,MERCHANT_DASHBOARD,MER-0015,2026-09-10T11:47:00,"{""filters_applied"": 2, ""view"": ""campaign_performance""}"
AUD-0004228,USR-MER-0005-01,LOGIN,MERCHANT_SESSION,MER-0005,2026-09-10T11:52:00,"{""method"": ""password+mfa"", ""outcome"": ""success""}"
AUD-0004229,USR-MER-0017-01,LOGIN,MERCHANT_SESSION,MER-0017,2026-09-10T16:28:00,"{""method"": ""password+mfa"", ""outcome"": ""success""}"
AUD-0004230,USR-MER-0013-01,LOGIN,MERCHANT_SESSION,MER-0013,2026-09-10T16:47:00,"{""method"": ""password+mfa"", ""outcome"": ""success""}"
AUD-0004231,SYS-REDEEM,REDEMPTION_CONFIRMED,REDEMPTION,RED-000985,2026-09-10T17:58:39,"{""discount_applied"": 250.0, ""gross_bill_amount"": 12903.71, ""offer_id"": ""OFR-0031"", ""redemption_id"": ""RED-000985"", ""transaction_id"": ""TXN-0017109""}"
AUD-0004232,USR-MER-0009-01,VIEW_ANALYTICS,MERCHANT_DASHBOARD,MER-0009,2026-09-10T20:19:00,"{""filters_applied"": 0, ""view"": ""segmentation""}"
AUD-0004233,USR-MER-0011-01,VIEW_ANALYTICS,MERCHANT_DASHBOARD,MER-0011,2026-09-10T20:52:00,"{""filters_applied"": 1, ""view"": ""redemption_log""}"
AUD-0004234,SYS-REDEEM,REDEMPTION_CONFIRMED,REDEMPTION,RED-000986,2026-09-11T00:54:48,"{""discount_applied"": 250.0, ""gross_bill_amount"": 16060.06, ""offer_id"": ""OFR-0031"", ""redemption_id"": ""RED-000986"", ""transaction_id"": ""TXN-0017128""}"
AUD-0004235,SYS-AI-COPY,GENERATE_AI_CONTENT,CAMPAIGN,CPN-0061,2026-09-11T03:20:00,"{""model"": ""template-fallback-v1"", ""output_chars"": 161, ""prompt_version"": ""p1.2""}"
AUD-0004236,USR-MER-0013-01,CREATE_CAMPAIGN,CAMPAIGN,CPN-0061,2026-09-11T04:37:00,"{""merchant_id"": ""MER-0013"", ""objective"": ""INCREASE_REPEAT_PURCHASE"", ""offer_id"": ""OFR-0081""}"
AUD-0004237,SYS-REDEEM,REDEMPTION_CONFIRMED,REDEMPTION,RED-000987,2026-09-11T08:53:06,"{""discount_applied"": 250.0, ""gross_bill_amount"": 10000.0, ""offer_id"": ""OFR-0031"", ""redemption_id"": ""RED-000987"", ""transaction_id"": ""TXN-0017135""}"
AUD-0004238,USR-MER-0004-01,LAUNCH_CAMPAIGN,CAMPAIGN,CPN-0025,2026-09-11T09:09:00,"{""campaign_id"": ""CPN-0025""}"
AUD-0004239,SYS-REDEEM,REDEMPTION_REJECTED,REDEMPTION,RED-000988,2026-09-11T09:20:11,"{""discount_applied"": 250.0, ""gross_bill_amount"": 10000.0, ""offer_id"": ""OFR-0031"", ""reason"": ""OFFER_BUDGET_EXHAUSTED"", ""redemption_id"": ""RED-000988"", ""transaction_id"": ""TXN-0017138""}"
AUD-0004240,USR-MER-0003-01,LOGIN,MERCHANT_SESSION,MER-0003,2026-09-11T09:58:00,"{""method"": ""password+mfa"", ""outcome"": ""success""}"
AUD-0004241,USR-MER-0009-01,LOGIN,MERCHANT_SESSION,MER-0009,2026-09-11T10:50:00,"{""method"": ""password+mfa"", ""outcome"": ""success""}"
AUD-0004242,USR-MER-0005-01,VIEW_ANALYTICS,MERCHANT_DASHBOARD,MER-0005,2026-09-11T11:36:00,"{""filters_applied"": 3, ""view"": ""segmentation""}"
AUD-0004243,USR-MER-0003-01,LOGIN,MERCHANT_SESSION,MER-0003,2026-09-11T11:42:00,"{""method"": ""password+mfa"", ""outcome"": ""success""}"
AUD-0004244,SYS-REDEEM,REDEMPTION_CONFIRMED,REDEMPTION,RED-000989,2026-09-11T12:17:49,"{""discount_applied"": 530.82, ""gross_bill_amount"": 530.82, ""offer_id"": ""OFR-0045"", ""redemption_id"": ""RED-000989"", ""transaction_id"": ""TXN-0017144""}"
AUD-0004245,USR-MER-0001-01,VIEW_ANALYTICS,MERCHANT_DASHBOARD,MER-0001,2026-09-11T12:47:00,"{""filters_applied"": 3, ""view"": ""customer_detail""}"
AUD-0004246,USR-MER-0016-01,LOGIN,MERCHANT_SESSION,MER-0016,2026-09-11T16:38:00,"{""method"": ""password+mfa"", ""outcome"": ""success""}"
AUD-0004247,USR-MER-0006-01,LOGIN,MERCHANT_SESSION,MER-0006,2026-09-11T16:47:00,"{""method"": ""password+mfa"", ""outcome"": ""success""}"
AUD-0004248,USR-MER-0006-01,VIEW_ANALYTICS,MERCHANT_DASHBOARD,MER-0006,2026-09-11T17:19:00,"{""filters_applied"": 4, ""view"": ""segmentation""}"
AUD-0004249,SYS-REDEEM,REDEMPTION_CONFIRMED,REDEMPTION,RED-000990,2026-09-11T18:09:56,"{""discount_applied"": 769.46, ""gross_bill_amount"": 769.46, ""offer_id"": ""OFR-0045"", ""redemption_id"": ""RED-000990"", ""transaction_id"": ""TXN-0017166""}"
AUD-0004250,USR-MER-0014-01,LOGIN,MERCHANT_SESSION,MER-0014,2026-09-11T19:59:00,"{""method"": ""password+mfa"", ""outcome"": ""success""}"
AUD-0004251,SYS-REDEEM,REDEMPTION_CONFIRMED,REDEMPTION,RED-000991,2026-09-11T20:10:09,"{""discount_applied"": 716.68, ""gross_bill_amount"": 716.68, ""offer_id"": ""OFR-0045"", ""redemption_id"": ""RED-000991"", ""transaction_id"": ""TXN-0017179""}"
AUD-0004252,SYS-REDEEM,REDEMPTION_REJECTED,REDEMPTION,RED-000992,2026-09-11T22:11:42,"{""discount_applied"": 3800.0, ""gross_bill_amount"": 12000.0, ""offer_id"": ""OFR-0045"", ""reason"": ""OFFER_BUDGET_EXHAUSTED"", ""redemption_id"": ""RED-000992"", ""transaction_id"": ""TXN-0017187""}"
AUD-0004253,SYS-REDEEM,REDEMPTION_CONFIRMED,REDEMPTION,RED-000993,2026-09-11T23:24:06,"{""discount_applied"": 3800.0, ""gross_bill_amount"": 6534.0, ""offer_id"": ""OFR-0045"", ""redemption_id"": ""RED-000993"", ""transaction_id"": ""TXN-0017188""}"
AUD-0004254,SYS-REDEEM,REDEMPTION_REJECTED,REDEMPTION,RED-000994,2026-09-12T00:01:06,"{""discount_applied"": 3800.0, ""gross_bill_amount"": 6534.0, ""offer_id"": ""OFR-0045"", ""reason"": ""DUPLICATE_REDEMPTION"", ""redemption_id"": ""RED-000994"", ""transaction_id"": ""TXN-0017188""}"
AUD-0004255,SYS-REDEEM,REDEMPTION_CONFIRMED,REDEMPTION,RED-000995,2026-09-12T03:17:46,"{""discount_applied"": 3800.0, ""gross_bill_amount"": 9123.0, ""offer_id"": ""OFR-0045"", ""redemption_id"": ""RED-000995"", ""transaction_id"": ""TXN-0017189""}"
AUD-0004256,USR-MER-0013-01,APPROVE_CAMPAIGN,CAMPAIGN,CPN-0061,2026-09-12T05:51:00,"{""campaign_id"": ""CPN-0061""}"
AUD-0004257,SYS-REDEEM,REDEMPTION_CONFIRMED,REDEMPTION,RED-000996,2026-09-12T06:45:53,"{""discount_applied"": 3800.0, ""gross_bill_amount"": 7883.0, ""offer_id"": ""OFR-0045"", ""redemption_id"": ""RED-000996"", ""transaction_id"": ""TXN-0017190""}"
AUD-0004258,SYS-REDEEM,REDEMPTION_CONFIRMED,REDEMPTION,RED-000997,2026-09-12T07:22:35,"{""discount_applied"": 3800.0, ""gross_bill_amount"": 9433.0, ""offer_id"": ""OFR-0045"", ""redemption_id"": ""RED-000997"", ""transaction_id"": ""TXN-0017191""}"
AUD-0004259,SYS-REDEEM,REDEMPTION_REJECTED,REDEMPTION,RED-000998,2026-09-12T08:16:35,"{""discount_applied"": 3800.0, ""gross_bill_amount"": 9433.0, ""offer_id"": ""OFR-0045"", ""reason"": ""DUPLICATE_REDEMPTION"", ""redemption_id"": ""RED-000998"", ""transaction_id"": ""TXN-0017191""}"
AUD-0004260,USR-MER-0013-01,LOGIN,MERCHANT_SESSION,MER-0013,2026-09-12T09:52:00,"{""method"": ""password+mfa"", ""outcome"": ""success""}"
AUD-0004261,USR-MER-0001-01,VIEW_ANALYTICS,MERCHANT_DASHBOARD,MER-0001,2026-09-12T11:34:00,"{""filters_applied"": 3, ""view"": ""campaign_performance""}"
AUD-0004262,USR-MER-0018-01,LOGIN,MERCHANT_SESSION,MER-0018,2026-09-12T12:58:00,"{""method"": ""password+mfa"", ""outcome"": ""success""}"
AUD-0004263,USR-MER-0010-01,LAUNCH_CAMPAIGN,CAMPAIGN,CPN-0050,2026-09-12T13:21:00,"{""campaign_id"": ""CPN-0050""}"
AUD-0004264,USR-MER-0010-01,VIEW_ANALYTICS,MERCHANT_DASHBOARD,MER-0010,2026-09-12T13:44:00,"{""filters_applied"": 3, ""view"": ""segmentation""}"
AUD-0004265,USR-MER-0007-01,VIEW_ANALYTICS,MERCHANT_DASHBOARD,MER-0007,2026-09-12T13:52:00,"{""filters_applied"": 0, ""view"": ""customer_detail""}"
AUD-0004266,SYS-REDEEM,REDEMPTION_CONFIRMED,REDEMPTION,RED-000999,2026-09-12T14:53:39,"{""discount_applied"": 3800.0, ""gross_bill_amount"": 3878.0, ""offer_id"": ""OFR-0045"", ""redemption_id"": ""RED-000999"", ""transaction_id"": ""TXN-0017209""}"
AUD-0004267,USR-MER-0018-01,LOGIN,MERCHANT_SESSION,MER-0018,2026-09-12T16:04:00,"{""method"": ""password+mfa"", ""outcome"": ""success""}"
AUD-0004268,USR-MER-0014-01,VIEW_ANALYTICS,MERCHANT_DASHBOARD,MER-0014,2026-09-12T16:31:00,"{""filters_applied"": 3, ""view"": ""customer_detail""}"
AUD-0004269,USR-MER-0008-01,VIEW_ANALYTICS,MERCHANT_DASHBOARD,MER-0008,2026-09-12T18:18:00,"{""filters_applied"": 1, ""view"": ""campaign_performance""}"
AUD-0004270,SYS-REDEEM,REDEMPTION_CONFIRMED,REDEMPTION,RED-001000,2026-09-12T19:08:19,"{""discount_applied"": 582.47, ""gross_bill_amount"": 582.47, ""offer_id"": ""OFR-0045"", ""redemption_id"": ""RED-001000"", ""transaction_id"": ""TXN-0017228""}"
AUD-0004271,SYS-REDEEM,REDEMPTION_REJECTED,REDEMPTION,RED-001001,2026-09-12T19:20:36,"{""discount_applied"": 3800.0, ""gross_bill_amount"": 12000.0, ""offer_id"": ""OFR-0045"", ""reason"": ""OFFER_BUDGET_EXHAUSTED"", ""redemption_id"": ""RED-001001"", ""transaction_id"": ""TXN-0017229""}"
AUD-0004272,USR-MER-0009-01,VIEW_ANALYTICS,MERCHANT_DASHBOARD,MER-0009,2026-09-12T19:29:00,"{""filters_applied"": 3, ""view"": ""redemption_log""}"
AUD-0004273,SYS-REDEEM,REDEMPTION_REJECTED,REDEMPTION,RED-001002,2026-09-12T20:01:17,"{""discount_applied"": 250.0, ""gross_bill_amount"": 10000.0, ""offer_id"": ""OFR-0031"", ""reason"": ""OFFER_BUDGET_EXHAUSTED"", ""redemption_id"": ""RED-001002"", ""transaction_id"": ""TXN-0017234""}"
AUD-0004274,USR-MER-0008-01,LOGIN,MERCHANT_SESSION,MER-0008,2026-09-12T20:22:00,"{""method"": ""password+mfa"", ""outcome"": ""success""}"
AUD-0004275,SYS-REDEEM,REDEMPTION_CONFIRMED,REDEMPTION,RED-001003,2026-09-12T20:46:05,"{""discount_applied"": 3800.0, ""gross_bill_amount"": 8990.0, ""offer_id"": ""OFR-0045"", ""redemption_id"": ""RED-001003"", ""transaction_id"": ""TXN-0017241""}"
AUD-0004276,USR-MER-0002-01,VIEW_ANALYTICS,MERCHANT_DASHBOARD,MER-0002,2026-09-12T20:59:00,"{""filters_applied"": 0, ""view"": ""campaign_performance""}"
AUD-0004277,SYS-REDEEM,REDEMPTION_CONFIRMED,REDEMPTION,RED-001004,2026-09-13T02:15:47,"{""discount_applied"": 3800.0, ""gross_bill_amount"": 4646.61, ""offer_id"": ""OFR-0045"", ""redemption_id"": ""RED-001004"", ""transaction_id"": ""TXN-0017244""}"
AUD-0004278,SYS-REDEEM,REDEMPTION_CONFIRMED,REDEMPTION,RED-001005,2026-09-13T02:19:57,"{""discount_applied"": 770.04, ""gross_bill_amount"": 770.04, ""offer_id"": ""OFR-0045"", ""redemption_id"": ""RED-001005"", ""transaction_id"": ""TXN-0017245""}"
AUD-0004279,SYS-REDEEM,REDEMPTION_REJECTED,REDEMPTION,RED-001006,2026-09-13T02:41:49,"{""discount_applied"": 250.0, ""gross_bill_amount"": 14314.15, ""offer_id"": ""OFR-0031"", ""reason"": ""OFFER_BUDGET_EXHAUSTED"", ""redemption_id"": ""RED-001006"", ""transaction_id"": ""TXN-0017246""}"
AUD-0004280,SYS-REDEEM,REDEMPTION_CONFIRMED,REDEMPTION,RED-001007,2026-09-13T03:42:46,"{""discount_applied"": 300.0, ""gross_bill_amount"": 1223.26, ""offer_id"": ""OFR-0070"", ""redemption_id"": ""RED-001007"", ""transaction_id"": ""TXN-0017247""}"
AUD-0004281,SYS-REDEEM,REDEMPTION_CONFIRMED,REDEMPTION,RED-001008,2026-09-13T04:40:58,"{""discount_applied"": 556.28, ""gross_bill_amount"": 556.28, ""offer_id"": ""OFR-0045"", ""redemption_id"": ""RED-001008"", ""transaction_id"": ""TXN-0017248""}"
AUD-0004282,SYS-REDEEM,REDEMPTION_CONFIRMED,REDEMPTION,RED-001009,2026-09-13T06:17:09,"{""discount_applied"": 300.0, ""gross_bill_amount"": 1172.52, ""offer_id"": ""OFR-0070"", ""redemption_id"": ""RED-001009"", ""transaction_id"": ""TXN-0017249""}"
AUD-0004283,SYS-REDEEM,REDEMPTION_CONFIRMED,REDEMPTION,RED-001010,2026-09-13T07:25:30,"{""discount_applied"": 300.0, ""gross_bill_amount"": 2312.0, ""offer_id"": ""OFR-0070"", ""redemption_id"": ""RED-001010"", ""transaction_id"": ""TXN-0017250""}"
AUD-0004284,USR-MER-0008-01,VIEW_ANALYTICS,MERCHANT_DASHBOARD,MER-0008,2026-09-13T08:20:00,"{""filters_applied"": 1, ""view"": ""campaign_performance""}"
AUD-0004285,USR-MER-0009-01,LOGIN,MERCHANT_SESSION,MER-0009,2026-09-13T09:48:00,"{""method"": ""password+mfa"", ""outcome"": ""success""}"
AUD-0004286,USR-MER-0015-01,VIEW_ANALYTICS,MERCHANT_DASHBOARD,MER-0015,2026-09-13T10:46:00,"{""filters_applied"": 2, ""view"": ""customer_detail""}"
AUD-0004287,USR-MER-0007-01,VIEW_ANALYTICS,MERCHANT_DASHBOARD,MER-0007,2026-09-13T11:53:00,"{""filters_applied"": 2, ""view"": ""customer_detail""}"
AUD-0004288,USR-MER-0009-01,VIEW_ANALYTICS,MERCHANT_DASHBOARD,MER-0009,2026-09-13T11:58:00,"{""filters_applied"": 1, ""view"": ""redemption_log""}"
AUD-0004289,USR-MER-0014-01,LOGIN,MERCHANT_SESSION,MER-0014,2026-09-13T12:00:00,"{""method"": ""password+mfa"", ""outcome"": ""success""}"
AUD-0004290,USR-MER-0017-01,VIEW_ANALYTICS,MERCHANT_DASHBOARD,MER-0017,2026-09-13T13:40:00,"{""filters_applied"": 2, ""view"": ""redemption_log""}"
AUD-0004291,USR-MER-0008-01,VIEW_ANALYTICS,MERCHANT_DASHBOARD,MER-0008,2026-09-13T13:49:00,"{""filters_applied"": 1, ""view"": ""campaign_performance""}"
AUD-0004292,USR-MER-0009-01,LOGIN,MERCHANT_SESSION,MER-0009,2026-09-13T14:19:00,"{""method"": ""password+mfa"", ""outcome"": ""success""}"
AUD-0004293,USR-MER-0007-01,LOGIN,MERCHANT_SESSION,MER-0007,2026-09-13T14:33:00,"{""method"": ""password+mfa"", ""outcome"": ""success""}"
AUD-0004294,USR-MER-0014-01,VIEW_ANALYTICS,MERCHANT_DASHBOARD,MER-0014,2026-09-13T14:35:00,"{""filters_applied"": 1, ""view"": ""redemption_log""}"
AUD-0004295,USR-MER-0006-01,LOGIN,MERCHANT_SESSION,MER-0006,2026-09-13T15:14:00,"{""method"": ""password+mfa"", ""outcome"": ""success""}"
AUD-0004296,USR-MER-0010-01,LOGIN,MERCHANT_SESSION,MER-0010,2026-09-13T15:46:00,"{""method"": ""password+mfa"", ""outcome"": ""success""}"
AUD-0004297,USR-MER-0014-01,VIEW_ANALYTICS,MERCHANT_DASHBOARD,MER-0014,2026-09-13T19:45:00,"{""filters_applied"": 4, ""view"": ""customer_detail""}"
AUD-0004298,USR-MER-0013-01,VIEW_ANALYTICS,MERCHANT_DASHBOARD,MER-0013,2026-09-13T20:24:00,"{""filters_applied"": 1, ""view"": ""redemption_log""}"
AUD-0004299,USR-MER-0003-01,VIEW_ANALYTICS,MERCHANT_DASHBOARD,MER-0003,2026-09-13T20:29:00,"{""filters_applied"": 4, ""view"": ""customer_detail""}"
AUD-0004300,USR-MER-0001-01,VIEW_ANALYTICS,MERCHANT_DASHBOARD,MER-0001,2026-09-13T21:08:00,"{""filters_applied"": 2, ""view"": ""segmentation""}"
AUD-0004301,SYS-REDEEM,REDEMPTION_CONFIRMED,REDEMPTION,RED-001011,2026-09-13T22:43:52,"{""discount_applied"": 3800.0, ""gross_bill_amount"": 9087.0, ""offer_id"": ""OFR-0045"", ""redemption_id"": ""RED-001011"", ""transaction_id"": ""TXN-0017324""}"
AUD-0004302,SYS-REDEEM,REDEMPTION_CONFIRMED,REDEMPTION,RED-001012,2026-09-13T23:32:12,"{""discount_applied"": 941.32, ""gross_bill_amount"": 941.32, ""offer_id"": ""OFR-0045"", ""redemption_id"": ""RED-001012"", ""transaction_id"": ""TXN-0017325""}"
AUD-0004303,SYS-REDEEM,REDEMPTION_CONFIRMED,REDEMPTION,RED-001013,2026-09-14T00:25:13,"{""discount_applied"": 3504.0, ""gross_bill_amount"": 3504.0, ""offer_id"": ""OFR-0045"", ""redemption_id"": ""RED-001013"", ""transaction_id"": ""TXN-0017326""}"
AUD-0004304,USR-MER-0001-01,CREATE_OFFER,OFFER,OFR-0029,2026-09-14T01:34:00,"{""budget"": 7584.51, ""discount_type"": ""FIXED"", ""discount_value"": 100.0, ""merchant_id"": ""MER-0001"", ""minimum_spend"": 1199.0}"
AUD-0004305,SYS-REDEEM,REDEMPTION_REJECTED,REDEMPTION,RED-001014,2026-09-14T01:48:13,"{""discount_applied"": 3504.0, ""gross_bill_amount"": 3504.0, ""offer_id"": ""OFR-0045"", ""reason"": ""DUPLICATE_REDEMPTION"", ""redemption_id"": ""RED-001014"", ""transaction_id"": ""TXN-0017326""}"
AUD-0004306,SYS-REDEEM,REDEMPTION_CONFIRMED,REDEMPTION,RED-001015,2026-09-14T01:58:14,"{""discount_applied"": 400.0, ""gross_bill_amount"": 971.0, ""offer_id"": ""OFR-0067"", ""redemption_id"": ""RED-001015"", ""transaction_id"": ""TXN-0017327""}"
AUD-0004307,SYS-REDEEM,REDEMPTION_CONFIRMED,REDEMPTION,RED-001016,2026-09-14T02:53:10,"{""discount_applied"": 300.0, ""gross_bill_amount"": 1690.0, ""offer_id"": ""OFR-0070"", ""redemption_id"": ""RED-001016"", ""transaction_id"": ""TXN-0017328""}"
AUD-0004308,SYS-AI-COPY,GENERATE_AI_CONTENT,CAMPAIGN,CPN-0009,2026-09-14T03:08:00,"{""model"": ""mock-copywriter-v1"", ""output_chars"": 179, ""prompt_version"": ""p1.1""}"
AUD-0004309,USR-MER-0001-01,CREATE_CAMPAIGN,CAMPAIGN,CPN-0009,2026-09-14T04:23:00,"{""merchant_id"": ""MER-0001"", ""objective"": ""WELCOME_NEW_CUSTOMERS"", ""offer_id"": ""OFR-0029""}"
AUD-0004310,SYS-REDEEM,REDEMPTION_CONFIRMED,REDEMPTION,RED-001017,2026-09-14T06:43:15,"{""discount_applied"": 300.0, ""gross_bill_amount"": 1234.37, ""offer_id"": ""OFR-0070"", ""redemption_id"": ""RED-001017"", ""transaction_id"": ""TXN-0017329""}"
AUD-0004311,SYS-REDEEM,REDEMPTION_CONFIRMED,REDEMPTION,RED-001018,2026-09-14T07:16:47,"{""discount_applied"": 550.32, ""gross_bill_amount"": 550.32, ""offer_id"": ""OFR-0045"", ""redemption_id"": ""RED-001018"", ""transaction_id"": ""TXN-0017330""}"
AUD-0004312,USR-MER-0016-01,VIEW_ANALYTICS,MERCHANT_DASHBOARD,MER-0016,2026-09-14T08:36:00,"{""filters_applied"": 0, ""view"": ""redemption_log""}"
AUD-0004313,SYS-REDEEM,REDEMPTION_CONFIRMED,REDEMPTION,RED-001019,2026-09-14T08:37:31,"{""discount_applied"": 400.0, ""gross_bill_amount"": 618.79, ""offer_id"": ""OFR-0067"", ""redemption_id"": ""RED-001019"", ""transaction_id"": ""TXN-0017336""}"
AUD-0004314,USR-MER-0001-01,VIEW_ANALYTICS,MERCHANT_DASHBOARD,MER-0001,2026-09-14T10:00:00,"{""filters_applied"": 2, ""view"": ""customer_detail""}"
AUD-0004315,USR-MER-0017-01,VIEW_ANALYTICS,MERCHANT_DASHBOARD,MER-0017,2026-09-14T10:34:00,"{""filters_applied"": 0, ""view"": ""segmentation""}"
AUD-0004316,USR-MER-0010-01,VIEW_ANALYTICS,MERCHANT_DASHBOARD,MER-0010,2026-09-14T11:17:00,"{""filters_applied"": 2, ""view"": ""customer_detail""}"
AUD-0004317,USR-MER-0016-01,LOGIN,MERCHANT_SESSION,MER-0016,2026-09-14T11:35:00,"{""method"": ""password+mfa"", ""outcome"": ""success""}"
AUD-0004318,USR-MER-0004-01,VIEW_ANALYTICS,MERCHANT_DASHBOARD,MER-0004,2026-09-14T12:56:00,"{""filters_applied"": 3, ""view"": ""campaign_performance""}"
AUD-0004319,USR-MER-0002-01,VIEW_ANALYTICS,MERCHANT_DASHBOARD,MER-0002,2026-09-14T17:07:00,"{""filters_applied"": 4, ""view"": ""campaign_performance""}"
AUD-0004320,SYS-REDEEM,REDEMPTION_CONFIRMED,REDEMPTION,RED-001020,2026-09-14T21:23:22,"{""discount_applied"": 250.0, ""gross_bill_amount"": 16546.2, ""offer_id"": ""OFR-0031"", ""redemption_id"": ""RED-001020"", ""transaction_id"": ""TXN-0017382""}"
AUD-0004321,SYS-REDEEM,REDEMPTION_REJECTED,REDEMPTION,RED-001021,2026-09-15T00:18:55,"{""discount_applied"": 3800.0, ""gross_bill_amount"": 5916.0, ""offer_id"": ""OFR-0045"", ""reason"": ""OFFER_BUDGET_EXHAUSTED"", ""redemption_id"": ""RED-001021"", ""transaction_id"": ""TXN-0017384""}"
AUD-0004322,SYS-REDEEM,REDEMPTION_REJECTED,REDEMPTION,RED-001022,2026-09-15T00:33:41,"{""discount_applied"": 250.0, ""gross_bill_amount"": 14904.52, ""offer_id"": ""OFR-0031"", ""reason"": ""OFFER_BUDGET_EXHAUSTED"", ""redemption_id"": ""RED-001022"", ""transaction_id"": ""TXN-0017385""}"
AUD-0004323,SYS-REDEEM,REDEMPTION_REJECTED,REDEMPTION,RED-001023,2026-09-15T03:09:16,"{""discount_applied"": 250.0, ""gross_bill_amount"": 10919.13, ""offer_id"": ""OFR-0031"", ""reason"": ""OFFER_BUDGET_EXHAUSTED"", ""redemption_id"": ""RED-001023"", ""transaction_id"": ""TXN-0017386""}"
AUD-0004324,SYS-REDEEM,REDEMPTION_REJECTED,REDEMPTION,RED-001024,2026-09-15T03:14:42,"{""discount_applied"": 250.0, ""gross_bill_amount"": 10385.83, ""offer_id"": ""OFR-0031"", ""reason"": ""OFFER_BUDGET_EXHAUSTED"", ""redemption_id"": ""RED-001024"", ""transaction_id"": ""TXN-0017387""}"
AUD-0004325,SYS-REDEEM,REDEMPTION_CONFIRMED,REDEMPTION,RED-001025,2026-09-15T07:00:13,"{""discount_applied"": 250.0, ""gross_bill_amount"": 10000.0, ""offer_id"": ""OFR-0031"", ""redemption_id"": ""RED-001025"", ""transaction_id"": ""TXN-0017388""}"
AUD-0004326,USR-MER-0001-01,APPROVE_CAMPAIGN,CAMPAIGN,CPN-0009,2026-09-15T07:54:00,"{""campaign_id"": ""CPN-0009""}"
AUD-0004327,USR-MER-0004-01,LOGIN,MERCHANT_SESSION,MER-0004,2026-09-15T10:39:00,"{""method"": ""password+mfa"", ""outcome"": ""success""}"
AUD-0004328,USR-MER-0008-01,LOGIN,MERCHANT_SESSION,MER-0008,2026-09-15T11:46:00,"{""method"": ""password+mfa"", ""outcome"": ""success""}"
AUD-0004329,USR-MER-0013-01,VIEW_ANALYTICS,MERCHANT_DASHBOARD,MER-0013,2026-09-15T11:49:00,"{""filters_applied"": 0, ""view"": ""redemption_log""}"
AUD-0004330,USR-MER-0007-01,LOGIN,MERCHANT_SESSION,MER-0007,2026-09-15T12:30:00,"{""method"": ""password+mfa"", ""outcome"": ""success""}"
AUD-0004331,USR-MER-0008-01,LOGIN,MERCHANT_SESSION,MER-0008,2026-09-15T13:26:00,"{""method"": ""password+mfa"", ""outcome"": ""success""}"
AUD-0004332,USR-MER-0007-01,LOGIN,MERCHANT_SESSION,MER-0007,2026-09-15T16:03:00,"{""method"": ""password+mfa"", ""outcome"": ""success""}"
AUD-0004333,USR-MER-0006-01,VIEW_ANALYTICS,MERCHANT_DASHBOARD,MER-0006,2026-09-15T16:54:00,"{""filters_applied"": 4, ""view"": ""redemption_log""}"
AUD-0004334,USR-MER-0010-01,VIEW_ANALYTICS,MERCHANT_DASHBOARD,MER-0010,2026-09-15T18:05:00,"{""filters_applied"": 3, ""view"": ""redemption_log""}"
AUD-0004335,SYS-REDEEM,REDEMPTION_CONFIRMED,REDEMPTION,RED-001026,2026-09-15T23:33:37,"{""discount_applied"": 776.48, ""gross_bill_amount"": 776.48, ""offer_id"": ""OFR-0045"", ""redemption_id"": ""RED-001026"", ""transaction_id"": ""TXN-0017452""}"
AUD-0004336,SYS-REDEEM,REDEMPTION_CONFIRMED,REDEMPTION,RED-001027,2026-09-16T04:56:05,"{""discount_applied"": 300.0, ""gross_bill_amount"": 2793.0, ""offer_id"": ""OFR-0070"", ""redemption_id"": ""RED-001027"", ""transaction_id"": ""TXN-0017453""}"
AUD-0004337,SYS-REDEEM,REDEMPTION_CONFIRMED,REDEMPTION,RED-001028,2026-09-16T04:58:14,"{""discount_applied"": 300.0, ""gross_bill_amount"": 1868.91, ""offer_id"": ""OFR-0070"", ""redemption_id"": ""RED-001028"", ""transaction_id"": ""TXN-0017454""}"
AUD-0004338,SYS-REDEEM,REDEMPTION_REJECTED,REDEMPTION,RED-001029,2026-09-16T05:36:05,"{""discount_applied"": 300.0, ""gross_bill_amount"": 2793.0, ""offer_id"": ""OFR-0070"", ""reason"": ""DUPLICATE_REDEMPTION"", ""redemption_id"": ""RED-001029"", ""transaction_id"": ""TXN-0017453""}"
AUD-0004339,SYS-REDEEM,REDEMPTION_REJECTED,REDEMPTION,RED-001030,2026-09-16T06:12:14,"{""discount_applied"": 300.0, ""gross_bill_amount"": 1868.91, ""offer_id"": ""OFR-0070"", ""reason"": ""DUPLICATE_REDEMPTION"", ""redemption_id"": ""RED-001030"", ""transaction_id"": ""TXN-0017454""}"
AUD-0004340,SYS-REDEEM,REDEMPTION_REJECTED,REDEMPTION,RED-001031,2026-09-16T07:44:22,"{""discount_applied"": 3800.0, ""gross_bill_amount"": 8769.77, ""offer_id"": ""OFR-0045"", ""reason"": ""OFFER_BUDGET_EXHAUSTED"", ""redemption_id"": ""RED-001031"", ""transaction_id"": ""TXN-0017458""}"
AUD-0004341,USR-MER-0002-01,VIEW_ANALYTICS,MERCHANT_DASHBOARD,MER-0002,2026-09-16T08:29:00,"{""filters_applied"": 4, ""view"": ""customer_detail""}"
AUD-0004342,USR-MER-0017-01,VIEW_ANALYTICS,MERCHANT_DASHBOARD,MER-0017,2026-09-16T08:41:00,"{""filters_applied"": 0, ""view"": ""customer_detail""}"
AUD-0004343,USR-MER-0004-01,VIEW_ANALYTICS,MERCHANT_DASHBOARD,MER-0004,2026-09-16T08:52:00,"{""filters_applied"": 4, ""view"": ""segmentation""}"
AUD-0004344,SYS-REDEEM,REDEMPTION_CONFIRMED,REDEMPTION,RED-001032,2026-09-16T09:35:50,"{""discount_applied"": 3800.0, ""gross_bill_amount"": 6767.35, ""offer_id"": ""OFR-0045"", ""redemption_id"": ""RED-001032"", ""transaction_id"": ""TXN-0017465""}"
AUD-0004345,USR-MER-0017-01,VIEW_ANALYTICS,MERCHANT_DASHBOARD,MER-0017,2026-09-16T10:36:00,"{""filters_applied"": 2, ""view"": ""customer_detail""}"
AUD-0004346,SYS-REDEEM,REDEMPTION_CONFIRMED,REDEMPTION,RED-001033,2026-09-16T12:41:51,"{""discount_applied"": 3800.0, ""gross_bill_amount"": 8345.0, ""offer_id"": ""OFR-0045"", ""redemption_id"": ""RED-001033"", ""transaction_id"": ""TXN-0017477""}"
AUD-0004347,USR-MER-0002-01,VIEW_ANALYTICS,MERCHANT_DASHBOARD,MER-0002,2026-09-16T13:06:00,"{""filters_applied"": 2, ""view"": ""campaign_performance""}"
AUD-0004348,USR-MER-0018-01,VIEW_ANALYTICS,MERCHANT_DASHBOARD,MER-0018,2026-09-16T13:19:00,"{""filters_applied"": 1, ""view"": ""customer_detail""}"
AUD-0004349,USR-MER-0002-01,LOGIN,MERCHANT_SESSION,MER-0002,2026-09-16T13:27:00,"{""method"": ""password+mfa"", ""outcome"": ""success""}"
AUD-0004350,USR-MER-0013-01,VIEW_ANALYTICS,MERCHANT_DASHBOARD,MER-0013,2026-09-16T13:35:00,"{""filters_applied"": 4, ""view"": ""segmentation""}"
AUD-0004351,USR-MER-0004-01,LOGIN,MERCHANT_SESSION,MER-0004,2026-09-16T14:07:00,"{""method"": ""password+mfa"", ""outcome"": ""success""}"
AUD-0004352,USR-MER-0003-01,LOGIN,MERCHANT_SESSION,MER-0003,2026-09-16T14:45:00,"{""method"": ""password+mfa"", ""outcome"": ""success""}"
AUD-0004353,USR-MER-0004-01,LOGIN,MERCHANT_SESSION,MER-0004,2026-09-16T15:00:00,"{""method"": ""password+mfa"", ""outcome"": ""success""}"
AUD-0004354,USR-MER-0001-01,VIEW_ANALYTICS,MERCHANT_DASHBOARD,MER-0001,2026-09-16T15:01:00,"{""filters_applied"": 4, ""view"": ""redemption_log""}"
AUD-0004355,USR-MER-0006-01,LOGIN,MERCHANT_SESSION,MER-0006,2026-09-16T15:39:00,"{""method"": ""password+mfa"", ""outcome"": ""success""}"
AUD-0004356,SYS-REDEEM,REDEMPTION_CONFIRMED,REDEMPTION,RED-001034,2026-09-16T16:59:18,"{""discount_applied"": 765.57, ""gross_bill_amount"": 765.57, ""offer_id"": ""OFR-0045"", ""redemption_id"": ""RED-001034"", ""transaction_id"": ""TXN-0017496""}"
AUD-0004357,USR-MER-0001-01,VIEW_ANALYTICS,MERCHANT_DASHBOARD,MER-0001,2026-09-16T17:26:00,"{""filters_applied"": 2, ""view"": ""customer_detail""}"
AUD-0004358,USR-MER-0014-01,VIEW_ANALYTICS,MERCHANT_DASHBOARD,MER-0014,2026-09-16T17:34:00,"{""filters_applied"": 4, ""view"": ""customer_detail""}"
AUD-0004359,SYS-REDEEM,REDEMPTION_CONFIRMED,REDEMPTION,RED-001035,2026-09-16T19:01:38,"{""discount_applied"": 300.0, ""gross_bill_amount"": 1517.25, ""offer_id"": ""OFR-0070"", ""redemption_id"": ""RED-001035"", ""transaction_id"": ""TXN-0017507""}"
AUD-0004360,USR-MER-0006-01,LOGIN,MERCHANT_SESSION,MER-0006,2026-09-16T19:04:00,"{""method"": ""password+mfa"", ""outcome"": ""success""}"
AUD-0004361,USR-MER-0015-01,VIEW_ANALYTICS,MERCHANT_DASHBOARD,MER-0015,2026-09-16T19:17:00,"{""filters_applied"": 0, ""view"": ""campaign_performance""}"
AUD-0004362,USR-MER-0006-01,VIEW_ANALYTICS,MERCHANT_DASHBOARD,MER-0006,2026-09-16T19:30:00,"{""filters_applied"": 0, ""view"": ""campaign_performance""}"
AUD-0004363,USR-MER-0011-01,VIEW_ANALYTICS,MERCHANT_DASHBOARD,MER-0011,2026-09-16T19:37:00,"{""filters_applied"": 4, ""view"": ""campaign_performance""}"
AUD-0004364,USR-MER-0014-01,LOGIN,MERCHANT_SESSION,MER-0014,2026-09-16T19:40:00,"{""method"": ""password+mfa"", ""outcome"": ""success""}"
AUD-0004365,USR-MER-0002-01,LOGIN,MERCHANT_SESSION,MER-0002,2026-09-16T19:54:00,"{""method"": ""password+mfa"", ""outcome"": ""success""}"
AUD-0004366,USR-MER-0015-01,LOGIN,MERCHANT_SESSION,MER-0015,2026-09-16T20:08:00,"{""method"": ""password+mfa"", ""outcome"": ""success""}"
AUD-0004367,SYS-REDEEM,REDEMPTION_CONFIRMED,REDEMPTION,RED-001036,2026-09-16T22:54:17,"{""discount_applied"": 798.69, ""gross_bill_amount"": 798.69, ""offer_id"": ""OFR-0045"", ""redemption_id"": ""RED-001036"", ""transaction_id"": ""TXN-0017520""}"
AUD-0004368,SYS-REDEEM,REDEMPTION_REJECTED,REDEMPTION,RED-001037,2026-09-16T23:06:17,"{""discount_applied"": 798.69, ""gross_bill_amount"": 798.69, ""offer_id"": ""OFR-0045"", ""reason"": ""DUPLICATE_REDEMPTION"", ""redemption_id"": ""RED-001037"", ""transaction_id"": ""TXN-0017520""}"
AUD-0004369,SYS-REDEEM,REDEMPTION_CONFIRMED,REDEMPTION,RED-001038,2026-09-16T23:55:31,"{""discount_applied"": 300.0, ""gross_bill_amount"": 1981.0, ""offer_id"": ""OFR-0070"", ""redemption_id"": ""RED-001038"", ""transaction_id"": ""TXN-0017521""}"
AUD-0004370,SYS-REDEEM,REDEMPTION_REJECTED,REDEMPTION,RED-001039,2026-09-17T03:09:03,"{""discount_applied"": 3800.0, ""gross_bill_amount"": 4270.0, ""offer_id"": ""OFR-0045"", ""reason"": ""OFFER_BUDGET_EXHAUSTED"", ""redemption_id"": ""RED-001039"", ""transaction_id"": ""TXN-0017522""}"
AUD-0004371,SYS-REDEEM,REDEMPTION_CONFIRMED,REDEMPTION,RED-001040,2026-09-17T09:09:00,"{""discount_applied"": 553.84, ""gross_bill_amount"": 553.84, ""offer_id"": ""OFR-0045"", ""redemption_id"": ""RED-001040"", ""transaction_id"": ""TXN-0017529""}"
AUD-0004372,USR-MER-0015-01,VIEW_ANALYTICS,MERCHANT_DASHBOARD,MER-0015,2026-09-17T10:22:00,"{""filters_applied"": 2, ""view"": ""campaign_performance""}"
AUD-0004373,SYS-AI-COPY,GENERATE_AI_CONTENT,CAMPAIGN,CPN-0036,2026-09-17T10:54:00,"{""model"": ""mock-copywriter-v2"", ""output_chars"": 305, ""prompt_version"": ""p1.0""}"
AUD-0004374,SYS-REDEEM,REDEMPTION_CONFIRMED,REDEMPTION,RED-001041,2026-09-17T11:09:00,"{""discount_applied"": 2786.81, ""gross_bill_amount"": 2786.81, ""offer_id"": ""OFR-0045"", ""redemption_id"": ""RED-001041"", ""transaction_id"": ""TXN-0017535""}"
AUD-0004375,USR-MER-0007-01,CREATE_CAMPAIGN,CAMPAIGN,CPN-0036,2026-09-17T11:15:00,"{""merchant_id"": ""MER-0007"", ""objective"": ""REWARD_FREQUENT_CUSTOMERS"", ""offer_id"": ""OFR-0056""}"
AUD-0004376,USR-MER-0010-01,LOGIN,MERCHANT_SESSION,MER-0010,2026-09-17T14:09:00,"{""method"": ""password+mfa"", ""outcome"": ""success""}"
AUD-0004377,USR-MER-0017-01,VIEW_ANALYTICS,MERCHANT_DASHBOARD,MER-0017,2026-09-17T14:28:00,"{""filters_applied"": 0, ""view"": ""campaign_performance""}"
AUD-0004378,USR-MER-0012-01,VIEW_ANALYTICS,MERCHANT_DASHBOARD,MER-0012,2026-09-17T15:52:00,"{""filters_applied"": 1, ""view"": ""segmentation""}"
AUD-0004379,USR-MER-0006-01,VIEW_ANALYTICS,MERCHANT_DASHBOARD,MER-0006,2026-09-17T16:12:00,"{""filters_applied"": 2, ""view"": ""segmentation""}"
AUD-0004380,USR-MER-0010-01,VIEW_ANALYTICS,MERCHANT_DASHBOARD,MER-0010,2026-09-17T17:39:00,"{""filters_applied"": 2, ""view"": ""redemption_log""}"
AUD-0004381,SYS-REDEEM,REDEMPTION_CONFIRMED,REDEMPTION,RED-001042,2026-09-17T20:09:00,"{""discount_applied"": 3800.0, ""gross_bill_amount"": 7749.2, ""offer_id"": ""OFR-0045"", ""redemption_id"": ""RED-001042"", ""transaction_id"": ""TXN-0017578""}"
AUD-0004382,SYS-REDEEM,REDEMPTION_CONFIRMED,REDEMPTION,RED-001043,2026-09-18T03:59:33,"{""discount_applied"": 3800.0, ""gross_bill_amount"": 6076.47, ""offer_id"": ""OFR-0045"", ""redemption_id"": ""RED-001043"", ""transaction_id"": ""TXN-0017582""}"
AUD-0004383,SYS-REDEEM,REDEMPTION_REJECTED,REDEMPTION,RED-001044,2026-09-18T05:22:33,"{""discount_applied"": 3800.0, ""gross_bill_amount"": 6076.47, ""offer_id"": ""OFR-0045"", ""reason"": ""DUPLICATE_REDEMPTION"", ""redemption_id"": ""RED-001044"", ""transaction_id"": ""TXN-0017582""}"
AUD-0004384,USR-MER-0007-01,APPROVE_CAMPAIGN,CAMPAIGN,CPN-0036,2026-09-18T05:35:00,"{""campaign_id"": ""CPN-0036""}"
AUD-0004385,SYS-REDEEM,REDEMPTION_CONFIRMED,REDEMPTION,RED-001045,2026-09-18T09:04:26,"{""discount_applied"": 300.0, ""gross_bill_amount"": 1601.42, ""offer_id"": ""OFR-0070"", ""redemption_id"": ""RED-001045"", ""transaction_id"": ""TXN-0017591""}"
AUD-0004386,USR-MER-0010-01,LOGIN,MERCHANT_SESSION,MER-0010,2026-09-18T13:17:00,"{""method"": ""password+mfa"", ""outcome"": ""success""}"
AUD-0004387,USR-MER-0009-01,VIEW_ANALYTICS,MERCHANT_DASHBOARD,MER-0009,2026-09-18T13:38:00,"{""filters_applied"": 3, ""view"": ""segmentation""}"
AUD-0004388,USR-MER-0013-01,VIEW_ANALYTICS,MERCHANT_DASHBOARD,MER-0013,2026-09-18T18:40:00,"{""filters_applied"": 4, ""view"": ""campaign_performance""}"
AUD-0004389,USR-MER-0014-01,VIEW_ANALYTICS,MERCHANT_DASHBOARD,MER-0014,2026-09-18T18:45:00,"{""filters_applied"": 4, ""view"": ""redemption_log""}"
AUD-0004390,USR-MER-0014-01,VIEW_ANALYTICS,MERCHANT_DASHBOARD,MER-0014,2026-09-18T20:00:00,"{""filters_applied"": 0, ""view"": ""segmentation""}"
AUD-0004391,USR-MER-0014-01,VIEW_ANALYTICS,MERCHANT_DASHBOARD,MER-0014,2026-09-18T21:04:00,"{""filters_applied"": 1, ""view"": ""customer_detail""}"
AUD-0004392,SYS-REDEEM,REDEMPTION_CONFIRMED,REDEMPTION,RED-001046,2026-09-19T07:30:18,"{""discount_applied"": 300.0, ""gross_bill_amount"": 1329.34, ""offer_id"": ""OFR-0070"", ""redemption_id"": ""RED-001046"", ""transaction_id"": ""TXN-0017655""}"
AUD-0004393,USR-MER-0015-01,VIEW_ANALYTICS,MERCHANT_DASHBOARD,MER-0015,2026-09-19T08:47:00,"{""filters_applied"": 0, ""view"": ""customer_detail""}"
AUD-0004394,USR-MER-0017-01,VIEW_ANALYTICS,MERCHANT_DASHBOARD,MER-0017,2026-09-19T10:12:00,"{""filters_applied"": 2, ""view"": ""campaign_performance""}"
AUD-0004395,USR-MER-0014-01,LOGIN,MERCHANT_SESSION,MER-0014,2026-09-19T11:39:00,"{""method"": ""password+mfa"", ""outcome"": ""success""}"
AUD-0004396,USR-MER-0003-01,LOGIN,MERCHANT_SESSION,MER-0003,2026-09-19T13:13:00,"{""method"": ""password+mfa"", ""outcome"": ""success""}"
AUD-0004397,USR-MER-0009-01,VIEW_ANALYTICS,MERCHANT_DASHBOARD,MER-0009,2026-09-19T13:35:00,"{""filters_applied"": 0, ""view"": ""campaign_performance""}"
AUD-0004398,USR-MER-0013-01,VIEW_ANALYTICS,MERCHANT_DASHBOARD,MER-0013,2026-09-19T16:03:00,"{""filters_applied"": 2, ""view"": ""redemption_log""}"
AUD-0004399,USR-MER-0010-01,VIEW_ANALYTICS,MERCHANT_DASHBOARD,MER-0010,2026-09-19T16:35:00,"{""filters_applied"": 2, ""view"": ""segmentation""}"
AUD-0004400,USR-MER-0009-01,LOGIN,MERCHANT_SESSION,MER-0009,2026-09-19T16:36:00,"{""method"": ""password+mfa"", ""outcome"": ""success""}"
AUD-0004401,USR-MER-0017-01,VIEW_ANALYTICS,MERCHANT_DASHBOARD,MER-0017,2026-09-19T16:36:00,"{""filters_applied"": 1, ""view"": ""customer_detail""}"
AUD-0004402,USR-MER-0014-01,LOGIN,MERCHANT_SESSION,MER-0014,2026-09-19T18:20:00,"{""method"": ""password+mfa"", ""outcome"": ""success""}"
AUD-0004403,USR-MER-0011-01,VIEW_ANALYTICS,MERCHANT_DASHBOARD,MER-0011,2026-09-19T20:12:00,"{""filters_applied"": 3, ""view"": ""redemption_log""}"
AUD-0004404,USR-MER-0007-01,LOGIN,MERCHANT_SESSION,MER-0007,2026-09-20T09:22:00,"{""method"": ""password+mfa"", ""outcome"": ""success""}"
AUD-0004405,USR-MER-0003-01,VIEW_ANALYTICS,MERCHANT_DASHBOARD,MER-0003,2026-09-20T09:37:00,"{""filters_applied"": 3, ""view"": ""segmentation""}"
AUD-0004406,USR-MER-0018-01,LOGIN,MERCHANT_SESSION,MER-0018,2026-09-20T09:54:00,"{""method"": ""password+mfa"", ""outcome"": ""success""}"
AUD-0004407,USR-MER-0011-01,VIEW_ANALYTICS,MERCHANT_DASHBOARD,MER-0011,2026-09-20T09:55:00,"{""filters_applied"": 0, ""view"": ""redemption_log""}"
AUD-0004408,USR-MER-0015-01,VIEW_ANALYTICS,MERCHANT_DASHBOARD,MER-0015,2026-09-20T11:40:00,"{""filters_applied"": 1, ""view"": ""redemption_log""}"
AUD-0004409,USR-MER-0002-01,LOGIN,MERCHANT_SESSION,MER-0002,2026-09-20T11:56:00,"{""method"": ""password+mfa"", ""outcome"": ""success""}"
AUD-0004410,USR-MER-0005-01,LOGIN,MERCHANT_SESSION,MER-0005,2026-09-20T13:05:00,"{""method"": ""password+mfa"", ""outcome"": ""success""}"
AUD-0004411,USR-MER-0003-01,LOGIN,MERCHANT_SESSION,MER-0003,2026-09-20T13:42:00,"{""method"": ""password+mfa"", ""outcome"": ""success""}"
AUD-0004412,USR-MER-0002-01,LOGIN,MERCHANT_SESSION,MER-0002,2026-09-20T14:16:00,"{""method"": ""password+mfa"", ""outcome"": ""success""}"
AUD-0004413,USR-MER-0002-01,LOGIN,MERCHANT_SESSION,MER-0002,2026-09-20T14:49:00,"{""method"": ""password+mfa"", ""outcome"": ""success""}"
AUD-0004414,USR-MER-0017-01,VIEW_ANALYTICS,MERCHANT_DASHBOARD,MER-0017,2026-09-20T15:06:00,"{""filters_applied"": 0, ""view"": ""redemption_log""}"
AUD-0004415,USR-MER-0013-01,VIEW_ANALYTICS,MERCHANT_DASHBOARD,MER-0013,2026-09-20T15:48:00,"{""filters_applied"": 1, ""view"": ""campaign_performance""}"
AUD-0004416,USR-MER-0014-01,LOGIN,MERCHANT_SESSION,MER-0014,2026-09-20T17:39:00,"{""method"": ""password+mfa"", ""outcome"": ""success""}"
AUD-0004417,USR-MER-0003-01,LOGIN,MERCHANT_SESSION,MER-0003,2026-09-20T18:05:00,"{""method"": ""password+mfa"", ""outcome"": ""success""}"
AUD-0004418,USR-MER-0001-01,CREATE_OFFER,OFFER,OFR-0032,2026-09-20T19:19:00,"{""budget"": 3092.52, ""discount_type"": ""PERCENTAGE"", ""discount_value"": 15.0, ""merchant_id"": ""MER-0001"", ""minimum_spend"": 4999.0}"
AUD-0004419,USR-MER-0018-01,LOGIN,MERCHANT_SESSION,MER-0018,2026-09-20T21:11:00,"{""method"": ""password+mfa"", ""outcome"": ""success""}"
AUD-0004420,USR-MER-0001-01,CREATE_OFFER,OFFER,OFR-0033,2026-09-21T02:01:00,"{""budget"": 7042.28, ""discount_type"": ""FIXED"", ""discount_value"": 150.0, ""merchant_id"": ""MER-0001"", ""minimum_spend"": 2499.0}"
AUD-0004421,SYS-AI-COPY,GENERATE_AI_CONTENT,CAMPAIGN,CPN-0012,2026-09-21T04:43:00,"{""model"": ""mock-copywriter-v2"", ""output_chars"": 176, ""prompt_version"": ""p1.0""}"
AUD-0004422,USR-MER-0001-01,CREATE_CAMPAIGN,CAMPAIGN,CPN-0012,2026-09-21T05:36:00,"{""merchant_id"": ""MER-0001"", ""objective"": ""INCREASE_REPEAT_PURCHASE"", ""offer_id"": ""OFR-0032""}"
AUD-0004423,USR-MER-0016-01,VIEW_ANALYTICS,MERCHANT_DASHBOARD,MER-0016,2026-09-21T09:40:00,"{""filters_applied"": 4, ""view"": ""redemption_log""}"
AUD-0004424,USR-MER-0008-01,VIEW_ANALYTICS,MERCHANT_DASHBOARD,MER-0008,2026-09-21T11:22:00,"{""filters_applied"": 1, ""view"": ""campaign_performance""}"
AUD-0004425,USR-MER-0004-01,VIEW_ANALYTICS,MERCHANT_DASHBOARD,MER-0004,2026-09-21T11:29:00,"{""filters_applied"": 0, ""view"": ""redemption_log""}"
AUD-0004426,USR-MER-0010-01,LOGIN,MERCHANT_SESSION,MER-0010,2026-09-21T12:15:00,"{""method"": ""password+mfa"", ""outcome"": ""success""}"
AUD-0004427,USR-MER-0012-01,LOGIN,MERCHANT_SESSION,MER-0012,2026-09-21T12:37:00,"{""method"": ""password+mfa"", ""outcome"": ""success""}"
AUD-0004428,USR-MER-0013-01,VIEW_ANALYTICS,MERCHANT_DASHBOARD,MER-0013,2026-09-21T12:46:00,"{""filters_applied"": 3, ""view"": ""campaign_performance""}"
AUD-0004429,USR-MER-0012-01,LOGIN,MERCHANT_SESSION,MER-0012,2026-09-21T16:04:00,"{""method"": ""password+mfa"", ""outcome"": ""success""}"
AUD-0004430,USR-MER-0015-01,LOGIN,MERCHANT_SESSION,MER-0015,2026-09-21T16:27:00,"{""method"": ""password+mfa"", ""outcome"": ""success""}"
AUD-0004431,USR-MER-0007-01,LAUNCH_CAMPAIGN,CAMPAIGN,CPN-0036,2026-09-21T16:35:00,"{""campaign_id"": ""CPN-0036""}"
AUD-0004432,USR-MER-0016-01,VIEW_ANALYTICS,MERCHANT_DASHBOARD,MER-0016,2026-09-21T17:11:00,"{""filters_applied"": 0, ""view"": ""redemption_log""}"
AUD-0004433,USR-MER-0011-01,LOGIN,MERCHANT_SESSION,MER-0011,2026-09-21T19:38:00,"{""method"": ""password+mfa"", ""outcome"": ""success""}"
AUD-0004434,USR-MER-0001-01,CREATE_OFFER,OFFER,OFR-0034,2026-09-22T05:52:00,"{""budget"": 3000.0, ""discount_type"": ""FIXED"", ""discount_value"": 200.0, ""merchant_id"": ""MER-0001"", ""minimum_spend"": 1199.0}"
AUD-0004435,SYS-AI-COPY,GENERATE_AI_CONTENT,CAMPAIGN,CPN-0014,2026-09-22T06:07:00,"{""model"": ""mock-copywriter-v1"", ""output_chars"": 305, ""prompt_version"": ""p1.2""}"
AUD-0004436,USR-MER-0001-01,CREATE_CAMPAIGN,CAMPAIGN,CPN-0014,2026-09-22T07:14:00,"{""merchant_id"": ""MER-0001"", ""objective"": ""REACTIVATE_INACTIVE"", ""offer_id"": ""OFR-0034""}"
AUD-0004437,USR-MER-0018-01,VIEW_ANALYTICS,MERCHANT_DASHBOARD,MER-0018,2026-09-22T08:24:00,"{""filters_applied"": 0, ""view"": ""customer_detail""}"
AUD-0004438,USR-MER-0009-01,VIEW_ANALYTICS,MERCHANT_DASHBOARD,MER-0009,2026-09-22T08:33:00,"{""filters_applied"": 1, ""view"": ""customer_detail""}"
AUD-0004439,SYS-REDEEM,REDEMPTION_CONFIRMED,REDEMPTION,RED-001047,2026-09-22T09:53:10,"{""discount_applied"": 1800.0, ""gross_bill_amount"": 7808.41, ""offer_id"": ""OFR-0056"", ""redemption_id"": ""RED-001047"", ""transaction_id"": ""TXN-0017846""}"
AUD-0004440,USR-MER-0013-01,LAUNCH_CAMPAIGN,CAMPAIGN,CPN-0061,2026-09-22T11:14:00,"{""campaign_id"": ""CPN-0061""}"
AUD-0004441,USR-MER-0001-01,CREATE_CAMPAIGN,CAMPAIGN,CPN-0013,2026-09-22T11:16:00,"{""merchant_id"": ""MER-0001"", ""objective"": ""SEASONAL_PROMOTION"", ""offer_id"": ""OFR-0033""}"
AUD-0004442,SYS-AI-COPY,GENERATE_AI_CONTENT,CAMPAIGN,CPN-0013,2026-09-22T11:31:00,"{""model"": ""template-fallback-v1"", ""output_chars"": 128, ""prompt_version"": ""p1.0""}"
AUD-0004443,USR-MER-0001-01,CREATE_OFFER,OFFER,OFR-0030,2026-09-22T13:33:00,"{""budget"": 3897.05, ""discount_type"": ""FIXED"", ""discount_value"": 300.0, ""merchant_id"": ""MER-0001"", ""minimum_spend"": 799.0}"
AUD-0004444,SYS-REDEEM,REDEMPTION_CONFIRMED,REDEMPTION,RED-001048,2026-09-22T14:23:00,"{""discount_applied"": 323.54, ""gross_bill_amount"": 1294.15, ""offer_id"": ""OFR-0056"", ""redemption_id"": ""RED-001048"", ""transaction_id"": ""TXN-0017871""}"
AUD-0004445,USR-MER-0012-01,VIEW_ANALYTICS,MERCHANT_DASHBOARD,MER-0012,2026-09-22T15:54:00,"{""filters_applied"": 3, ""view"": ""redemption_log""}"
AUD-0004446,USR-MER-0011-01,LOGIN,MERCHANT_SESSION,MER-0011,2026-09-22T15:58:00,"{""method"": ""password+mfa"", ""outcome"": ""success""}"
AUD-0004447,SYS-REDEEM,REDEMPTION_CONFIRMED,REDEMPTION,RED-001049,2026-09-22T16:28:40,"{""discount_applied"": 300.0, ""gross_bill_amount"": 1827.02, ""offer_id"": ""OFR-0081"", ""redemption_id"": ""RED-001049"", ""transaction_id"": ""TXN-0017875""}"
AUD-0004448,USR-MER-0018-01,VIEW_ANALYTICS,MERCHANT_DASHBOARD,MER-0018,2026-09-22T17:29:00,"{""filters_applied"": 1, ""view"": ""campaign_performance""}"
AUD-0004449,SYS-REDEEM,REDEMPTION_REJECTED,REDEMPTION,RED-001050,2026-09-22T17:58:40,"{""discount_applied"": 300.0, ""gross_bill_amount"": 1827.02, ""offer_id"": ""OFR-0081"", ""reason"": ""DUPLICATE_REDEMPTION"", ""redemption_id"": ""RED-001050"", ""transaction_id"": ""TXN-0017875""}"
AUD-0004450,USR-MER-0006-01,CREATE_OFFER,OFFER,OFR-0006,2026-09-22T19:30:00,"{""budget"": 5069.56, ""discount_type"": ""FIXED"", ""discount_value"": 50.0, ""merchant_id"": ""MER-0006"", ""minimum_spend"": 899.0}"
AUD-0004451,SYS-REDEEM,REDEMPTION_REJECTED,REDEMPTION,RED-001051,2026-09-22T19:57:37,"{""discount_applied"": 300.0, ""gross_bill_amount"": 1500.0, ""offer_id"": ""OFR-0081"", ""reason"": ""OFFER_BUDGET_EXHAUSTED"", ""redemption_id"": ""RED-001051"", ""transaction_id"": ""TXN-0017902""}"
AUD-0004452,USR-MER-0015-01,LOGIN,MERCHANT_SESSION,MER-0015,2026-09-22T21:45:00,"{""method"": ""password+mfa"", ""outcome"": ""success""}"
AUD-0004453,SYS-REDEEM,REDEMPTION_CONFIRMED,REDEMPTION,RED-001052,2026-09-23T04:52:59,"{""discount_applied"": 439.16, ""gross_bill_amount"": 1756.63, ""offer_id"": ""OFR-0056"", ""redemption_id"": ""RED-001052"", ""transaction_id"": ""TXN-0017907""}"
AUD-0004454,SYS-REDEEM,REDEMPTION_CONFIRMED,REDEMPTION,RED-001053,2026-09-23T05:14:17,"{""discount_applied"": 300.0, ""gross_bill_amount"": 2215.71, ""offer_id"": ""OFR-0081"", ""redemption_id"": ""RED-001053"", ""transaction_id"": ""TXN-0017908""}"
AUD-0004455,USR-MER-0001-01,APPROVE_CAMPAIGN,CAMPAIGN,CPN-0013,2026-09-23T05:57:00,"{""campaign_id"": ""CPN-0013""}"
AUD-0004456,SYS-REDEEM,REDEMPTION_CONFIRMED,REDEMPTION,RED-001054,2026-09-23T06:06:49,"{""discount_applied"": 300.0, ""gross_bill_amount"": 1577.49, ""offer_id"": ""OFR-0081"", ""redemption_id"": ""RED-001054"", ""transaction_id"": ""TXN-0017909""}"
AUD-0004457,SYS-AI-COPY,GENERATE_AI_CONTENT,CAMPAIGN,CPN-0010,2026-09-23T07:13:00,"{""model"": ""mock-copywriter-v2"", ""output_chars"": 133, ""prompt_version"": ""p2.0""}"
AUD-0004458,USR-MER-0001-01,UPDATE_OFFER,OFFER,OFR-0034,2026-09-23T07:52:00,"{""changed_fields"": [""expiry_time""], ""merchant_id"": ""MER-0001""}"
AUD-0004459,USR-MER-0001-01,CREATE_CAMPAIGN,CAMPAIGN,CPN-0010,2026-09-23T07:58:00,"{""merchant_id"": ""MER-0001"", ""objective"": ""SEASONAL_PROMOTION"", ""offer_id"": ""OFR-0030""}"
AUD-0004460,USR-MER-0003-01,VIEW_ANALYTICS,MERCHANT_DASHBOARD,MER-0003,2026-09-23T08:38:00,"{""filters_applied"": 2, ""view"": ""customer_detail""}"
AUD-0004461,SYS-REDEEM,REDEMPTION_REJECTED,REDEMPTION,RED-001055,2026-09-23T09:54:40,"{""discount_applied"": 300.0, ""gross_bill_amount"": 1500.0, ""offer_id"": ""OFR-0081"", ""reason"": ""OFFER_BUDGET_EXHAUSTED"", ""redemption_id"": ""RED-001055"", ""transaction_id"": ""TXN-0017919""}"
AUD-0004462,USR-MER-0018-01,LOGIN,MERCHANT_SESSION,MER-0018,2026-09-23T10:40:00,"{""method"": ""password+mfa"", ""outcome"": ""success""}"
AUD-0004463,USR-MER-0015-01,LOGIN,MERCHANT_SESSION,MER-0015,2026-09-23T12:38:00,"{""method"": ""password+mfa"", ""outcome"": ""success""}"
AUD-0004464,USR-MER-0002-01,VIEW_ANALYTICS,MERCHANT_DASHBOARD,MER-0002,2026-09-23T12:48:00,"{""filters_applied"": 3, ""view"": ""segmentation""}"
AUD-0004465,SYS-REDEEM,REDEMPTION_CONFIRMED,REDEMPTION,RED-001056,2026-09-23T13:46:36,"{""discount_applied"": 290.81, ""gross_bill_amount"": 1163.24, ""offer_id"": ""OFR-0056"", ""redemption_id"": ""RED-001056"", ""transaction_id"": ""TXN-0017940""}"
AUD-0004466,USR-MER-0016-01,LOGIN,MERCHANT_SESSION,MER-0016,2026-09-23T16:00:00,"{""method"": ""password+mfa"", ""outcome"": ""success""}"
AUD-0004467,USR-MER-0006-01,LOGIN,MERCHANT_SESSION,MER-0006,2026-09-23T17:19:00,"{""method"": ""password+mfa"", ""outcome"": ""success""}"
AUD-0004468,USR-MER-0017-01,VIEW_ANALYTICS,MERCHANT_DASHBOARD,MER-0017,2026-09-23T17:57:00,"{""filters_applied"": 1, ""view"": ""customer_detail""}"
AUD-0004469,USR-MER-0018-01,VIEW_ANALYTICS,MERCHANT_DASHBOARD,MER-0018,2026-09-23T17:58:00,"{""filters_applied"": 3, ""view"": ""customer_detail""}"
AUD-0004470,USR-MER-0005-01,VIEW_ANALYTICS,MERCHANT_DASHBOARD,MER-0005,2026-09-23T18:11:00,"{""filters_applied"": 4, ""view"": ""customer_detail""}"
AUD-0004471,USR-MER-0012-01,LOGIN,MERCHANT_SESSION,MER-0012,2026-09-23T19:06:00,"{""method"": ""password+mfa"", ""outcome"": ""success""}"
AUD-0004472,USR-MER-0011-01,LOGIN,MERCHANT_SESSION,MER-0011,2026-09-23T19:48:00,"{""method"": ""password+mfa"", ""outcome"": ""success""}"
AUD-0004473,USR-MER-0009-01,VIEW_ANALYTICS,MERCHANT_DASHBOARD,MER-0009,2026-09-23T20:28:00,"{""filters_applied"": 4, ""view"": ""customer_detail""}"
AUD-0004474,USR-MER-0001-01,APPROVE_CAMPAIGN,CAMPAIGN,CPN-0010,2026-09-23T21:29:00,"{""campaign_id"": ""CPN-0010""}"
AUD-0004475,SYS-REDEEM,REDEMPTION_REJECTED,REDEMPTION,RED-001057,2026-09-23T23:59:51,"{""discount_applied"": 300.0, ""gross_bill_amount"": 2809.73, ""offer_id"": ""OFR-0081"", ""reason"": ""OFFER_BUDGET_EXHAUSTED"", ""redemption_id"": ""RED-001057"", ""transaction_id"": ""TXN-0017988""}"
AUD-0004476,SYS-REDEEM,REDEMPTION_CONFIRMED,REDEMPTION,RED-001058,2026-09-24T04:43:07,"{""discount_applied"": 300.0, ""gross_bill_amount"": 1744.79, ""offer_id"": ""OFR-0081"", ""redemption_id"": ""RED-001058"", ""transaction_id"": ""TXN-0017989""}"
AUD-0004477,SYS-REDEEM,REDEMPTION_REJECTED,REDEMPTION,RED-001059,2026-09-24T07:35:59,"{""discount_applied"": 300.0, ""gross_bill_amount"": 2325.71, ""offer_id"": ""OFR-0081"", ""reason"": ""OFFER_BUDGET_EXHAUSTED"", ""redemption_id"": ""RED-001059"", ""transaction_id"": ""TXN-0017997""}"
AUD-0004478,USR-MER-0009-01,VIEW_ANALYTICS,MERCHANT_DASHBOARD,MER-0009,2026-09-24T08:00:00,"{""filters_applied"": 4, ""view"": ""redemption_log""}"
AUD-0004479,USR-MER-0017-01,VIEW_ANALYTICS,MERCHANT_DASHBOARD,MER-0017,2026-09-24T08:17:00,"{""filters_applied"": 4, ""view"": ""segmentation""}"
AUD-0004480,SYS-REDEEM,REDEMPTION_CONFIRMED,REDEMPTION,RED-001060,2026-09-24T08:49:52,"{""discount_applied"": 266.22, ""gross_bill_amount"": 1064.88, ""offer_id"": ""OFR-0056"", ""redemption_id"": ""RED-001060"", ""transaction_id"": ""TXN-0018004""}"
AUD-0004481,USR-MER-0010-01,LOGIN,MERCHANT_SESSION,MER-0010,2026-09-24T09:51:00,"{""method"": ""password+mfa"", ""outcome"": ""success""}"
AUD-0004482,USR-MER-0002-01,VIEW_ANALYTICS,MERCHANT_DASHBOARD,MER-0002,2026-09-24T10:23:00,"{""filters_applied"": 3, ""view"": ""redemption_log""}"
AUD-0004483,SYS-REDEEM,REDEMPTION_REJECTED,REDEMPTION,RED-001061,2026-09-24T10:28:08,"{""discount_applied"": 300.0, ""gross_bill_amount"": 1500.0, ""offer_id"": ""OFR-0081"", ""reason"": ""OFFER_BUDGET_EXHAUSTED"", ""redemption_id"": ""RED-001061"", ""transaction_id"": ""TXN-0018015""}"
AUD-0004484,USR-MER-0006-01,LOGIN,MERCHANT_SESSION,MER-0006,2026-09-24T10:58:00,"{""method"": ""password+mfa"", ""outcome"": ""success""}"
AUD-0004485,USR-MER-0015-01,VIEW_ANALYTICS,MERCHANT_DASHBOARD,MER-0015,2026-09-24T11:06:00,"{""filters_applied"": 1, ""view"": ""customer_detail""}"
AUD-0004486,USR-MER-0001-01,LAUNCH_CAMPAIGN,CAMPAIGN,CPN-0009,2026-09-24T11:54:00,"{""campaign_id"": ""CPN-0009""}"
AUD-0004487,USR-MER-0006-01,LOGIN,MERCHANT_SESSION,MER-0006,2026-09-24T12:07:00,"{""method"": ""password+mfa"", ""outcome"": ""success""}"
AUD-0004488,USR-MER-0008-01,VIEW_ANALYTICS,MERCHANT_DASHBOARD,MER-0008,2026-09-24T13:06:00,"{""filters_applied"": 3, ""view"": ""segmentation""}"
AUD-0004489,USR-MER-0009-01,VIEW_ANALYTICS,MERCHANT_DASHBOARD,MER-0009,2026-09-24T14:09:00,"{""filters_applied"": 4, ""view"": ""redemption_log""}"
AUD-0004490,USR-MER-0018-01,LOGIN,MERCHANT_SESSION,MER-0018,2026-09-24T14:17:00,"{""method"": ""password+mfa"", ""outcome"": ""success""}"
AUD-0004491,USR-MER-0006-01,VIEW_ANALYTICS,MERCHANT_DASHBOARD,MER-0006,2026-09-24T16:55:00,"{""filters_applied"": 4, ""view"": ""campaign_performance""}"
AUD-0004492,USR-MER-0011-01,VIEW_ANALYTICS,MERCHANT_DASHBOARD,MER-0011,2026-09-24T17:14:00,"{""filters_applied"": 2, ""view"": ""campaign_performance""}"
AUD-0004493,USR-MER-0012-01,VIEW_ANALYTICS,MERCHANT_DASHBOARD,MER-0012,2026-09-24T17:33:00,"{""filters_applied"": 0, ""view"": ""segmentation""}"
AUD-0004494,USR-MER-0018-01,VIEW_ANALYTICS,MERCHANT_DASHBOARD,MER-0018,2026-09-24T20:11:00,"{""filters_applied"": 1, ""view"": ""customer_detail""}"
AUD-0004495,USR-MER-0013-01,VIEW_ANALYTICS,MERCHANT_DASHBOARD,MER-0013,2026-09-24T21:20:00,"{""filters_applied"": 4, ""view"": ""segmentation""}"
AUD-0004496,USR-MER-0005-01,LOGIN,MERCHANT_SESSION,MER-0005,2026-09-24T21:30:00,"{""method"": ""password+mfa"", ""outcome"": ""success""}"
AUD-0004497,SYS-REDEEM,REDEMPTION_CONFIRMED,REDEMPTION,RED-001062,2026-09-24T23:12:30,"{""discount_applied"": 445.98, ""gross_bill_amount"": 1783.92, ""offer_id"": ""OFR-0056"", ""redemption_id"": ""RED-001062"", ""transaction_id"": ""TXN-0018056""}"
AUD-0004498,SYS-REDEEM,REDEMPTION_CONFIRMED,REDEMPTION,RED-001063,2026-09-25T00:41:21,"{""discount_applied"": 300.0, ""gross_bill_amount"": 2556.34, ""offer_id"": ""OFR-0081"", ""redemption_id"": ""RED-001063"", ""transaction_id"": ""TXN-0018057""}"
AUD-0004499,SYS-REDEEM,REDEMPTION_CONFIRMED,REDEMPTION,RED-001064,2026-09-25T02:06:48,"{""discount_applied"": 100.0, ""gross_bill_amount"": 1370.28, ""offer_id"": ""OFR-0029"", ""redemption_id"": ""RED-001064"", ""transaction_id"": ""TXN-0018058""}"
AUD-0004500,SYS-REDEEM,REDEMPTION_CONFIRMED,REDEMPTION,RED-001065,2026-09-25T05:02:18,"{""discount_applied"": 100.0, ""gross_bill_amount"": 1200.0, ""offer_id"": ""OFR-0029"", ""redemption_id"": ""RED-001065"", ""transaction_id"": ""TXN-0018059""}"
AUD-0004501,SYS-REDEEM,REDEMPTION_REJECTED,REDEMPTION,RED-001066,2026-09-25T08:22:20,"{""discount_applied"": 300.0, ""gross_bill_amount"": 1962.73, ""offer_id"": ""OFR-0081"", ""reason"": ""OFFER_BUDGET_EXHAUSTED"", ""redemption_id"": ""RED-001066"", ""transaction_id"": ""TXN-0018063""}"
AUD-0004502,USR-MER-0010-01,LOGIN,MERCHANT_SESSION,MER-0010,2026-09-25T09:39:00,"{""method"": ""password+mfa"", ""outcome"": ""success""}"
AUD-0004503,USR-MER-0012-01,VIEW_ANALYTICS,MERCHANT_DASHBOARD,MER-0012,2026-09-25T09:54:00,"{""filters_applied"": 4, ""view"": ""segmentation""}"
AUD-0004504,USR-MER-0006-01,VIEW_ANALYTICS,MERCHANT_DASHBOARD,MER-0006,2026-09-25T11:02:00,"{""filters_applied"": 2, ""view"": ""redemption_log""}"
AUD-0004505,USR-MER-0017-01,LOGIN,MERCHANT_SESSION,MER-0017,2026-09-25T11:17:00,"{""method"": ""password+mfa"", ""outcome"": ""success""}"
AUD-0004506,USR-MER-0010-01,VIEW_ANALYTICS,MERCHANT_DASHBOARD,MER-0010,2026-09-25T11:30:00,"{""filters_applied"": 0, ""view"": ""campaign_performance""}"
AUD-0004507,USR-MER-0007-01,VIEW_ANALYTICS,MERCHANT_DASHBOARD,MER-0007,2026-09-25T11:56:00,"{""filters_applied"": 0, ""view"": ""redemption_log""}"
AUD-0004508,USR-MER-0018-01,LOGIN,MERCHANT_SESSION,MER-0018,2026-09-25T11:56:00,"{""method"": ""password+mfa"", ""outcome"": ""success""}"
AUD-0004509,USR-MER-0002-01,VIEW_ANALYTICS,MERCHANT_DASHBOARD,MER-0002,2026-09-25T13:10:00,"{""filters_applied"": 2, ""view"": ""customer_detail""}"
AUD-0004510,USR-MER-0010-01,LOGIN,MERCHANT_SESSION,MER-0010,2026-09-25T15:05:00,"{""method"": ""password+mfa"", ""outcome"": ""success""}"
AUD-0004511,USR-MER-0012-01,VIEW_ANALYTICS,MERCHANT_DASHBOARD,MER-0012,2026-09-25T17:56:00,"{""filters_applied"": 3, ""view"": ""customer_detail""}"
AUD-0004512,USR-MER-0018-01,LOGIN,MERCHANT_SESSION,MER-0018,2026-09-25T21:10:00,"{""method"": ""password+mfa"", ""outcome"": ""success""}"
AUD-0004513,USR-MER-0017-01,LOGIN,MERCHANT_SESSION,MER-0017,2026-09-25T21:44:00,"{""method"": ""password+mfa"", ""outcome"": ""success""}"
AUD-0004514,SYS-REDEEM,REDEMPTION_REJECTED,REDEMPTION,RED-001067,2026-09-25T22:56:32,"{""discount_applied"": 300.0, ""gross_bill_amount"": 2842.09, ""offer_id"": ""OFR-0081"", ""reason"": ""OFFER_BUDGET_EXHAUSTED"", ""redemption_id"": ""RED-001067"", ""transaction_id"": ""TXN-0018106""}"
AUD-0004515,SYS-REDEEM,REDEMPTION_CONFIRMED,REDEMPTION,RED-001068,2026-09-26T01:44:51,"{""discount_applied"": 300.0, ""gross_bill_amount"": 1500.0, ""offer_id"": ""OFR-0081"", ""redemption_id"": ""RED-001068"", ""transaction_id"": ""TXN-0018107""}"
AUD-0004516,USR-MER-0002-01,VIEW_ANALYTICS,MERCHANT_DASHBOARD,MER-0002,2026-09-26T09:35:00,"{""filters_applied"": 3, ""view"": ""customer_detail""}"
AUD-0004517,USR-MER-0012-01,VIEW_ANALYTICS,MERCHANT_DASHBOARD,MER-0012,2026-09-26T09:39:00,"{""filters_applied"": 2, ""view"": ""segmentation""}"
AUD-0004518,USR-MER-0003-01,VIEW_ANALYTICS,MERCHANT_DASHBOARD,MER-0003,2026-09-26T09:45:00,"{""filters_applied"": 3, ""view"": ""redemption_log""}"
AUD-0004519,USR-MER-0013-01,VIEW_ANALYTICS,MERCHANT_DASHBOARD,MER-0013,2026-09-26T09:49:00,"{""filters_applied"": 2, ""view"": ""segmentation""}"
AUD-0004520,USR-MER-0009-01,LOGIN,MERCHANT_SESSION,MER-0009,2026-09-26T10:00:00,"{""method"": ""password+mfa"", ""outcome"": ""success""}"
AUD-0004521,USR-MER-0018-01,LOGIN,MERCHANT_SESSION,MER-0018,2026-09-26T11:01:00,"{""method"": ""password+mfa"", ""outcome"": ""success""}"
AUD-0004522,USR-MER-0012-01,LOGIN,MERCHANT_SESSION,MER-0012,2026-09-26T11:11:00,"{""method"": ""password+mfa"", ""outcome"": ""success""}"
AUD-0004523,USR-MER-0005-01,VIEW_ANALYTICS,MERCHANT_DASHBOARD,MER-0005,2026-09-26T11:19:00,"{""filters_applied"": 3, ""view"": ""customer_detail""}"
AUD-0004524,USR-MER-0010-01,LOGIN,MERCHANT_SESSION,MER-0010,2026-09-26T13:38:00,"{""method"": ""password+mfa"", ""outcome"": ""success""}"
AUD-0004525,USR-MER-0015-01,VIEW_ANALYTICS,MERCHANT_DASHBOARD,MER-0015,2026-09-26T14:27:00,"{""filters_applied"": 3, ""view"": ""campaign_performance""}"
AUD-0004526,USR-MER-0012-01,VIEW_ANALYTICS,MERCHANT_DASHBOARD,MER-0012,2026-09-26T14:47:00,"{""filters_applied"": 4, ""view"": ""segmentation""}"
AUD-0004527,USR-MER-0018-01,LOGIN,MERCHANT_SESSION,MER-0018,2026-09-26T15:06:00,"{""method"": ""password+mfa"", ""outcome"": ""success""}"
AUD-0004528,SYS-REDEEM,REDEMPTION_CONFIRMED,REDEMPTION,RED-001069,2026-09-26T17:02:17,"{""discount_applied"": 300.0, ""gross_bill_amount"": 1500.0, ""offer_id"": ""OFR-0081"", ""redemption_id"": ""RED-001069"", ""transaction_id"": ""TXN-0018147""}"
AUD-0004529,USR-MER-0013-01,LOGIN,MERCHANT_SESSION,MER-0013,2026-09-26T17:23:00,"{""method"": ""password+mfa"", ""outcome"": ""success""}"
AUD-0004530,USR-MER-0008-01,VIEW_ANALYTICS,MERCHANT_DASHBOARD,MER-0008,2026-09-26T18:31:00,"{""filters_applied"": 3, ""view"": ""redemption_log""}"
AUD-0004531,SYS-REDEEM,REDEMPTION_REJECTED,REDEMPTION,RED-001070,2026-09-26T18:45:46,"{""discount_applied"": 300.0, ""gross_bill_amount"": 1500.0, ""offer_id"": ""OFR-0081"", ""reason"": ""OFFER_BUDGET_EXHAUSTED"", ""redemption_id"": ""RED-001070"", ""transaction_id"": ""TXN-0018156""}"
AUD-0004532,USR-MER-0007-01,VIEW_ANALYTICS,MERCHANT_DASHBOARD,MER-0007,2026-09-26T18:55:00,"{""filters_applied"": 0, ""view"": ""segmentation""}"
AUD-0004533,SYS-REDEEM,REDEMPTION_CONFIRMED,REDEMPTION,RED-001071,2026-09-26T20:38:47,"{""discount_applied"": 300.0, ""gross_bill_amount"": 1500.0, ""offer_id"": ""OFR-0081"", ""redemption_id"": ""RED-001071"", ""transaction_id"": ""TXN-0018166""}"
AUD-0004534,USR-MER-0018-01,VIEW_ANALYTICS,MERCHANT_DASHBOARD,MER-0018,2026-09-26T20:53:00,"{""filters_applied"": 3, ""view"": ""campaign_performance""}"
AUD-0004535,USR-MER-0014-01,VIEW_ANALYTICS,MERCHANT_DASHBOARD,MER-0014,2026-09-26T21:27:00,"{""filters_applied"": 2, ""view"": ""redemption_log""}"
AUD-0004536,SYS-REDEEM,REDEMPTION_CONFIRMED,REDEMPTION,RED-001072,2026-09-27T01:03:11,"{""discount_applied"": 100.0, ""gross_bill_amount"": 1301.19, ""offer_id"": ""OFR-0029"", ""redemption_id"": ""RED-001072"", ""transaction_id"": ""TXN-0018168""}"
AUD-0004537,SYS-REDEEM,REDEMPTION_CONFIRMED,REDEMPTION,RED-001073,2026-09-27T06:34:28,"{""discount_applied"": 100.0, ""gross_bill_amount"": 1720.85, ""offer_id"": ""OFR-0029"", ""redemption_id"": ""RED-001073"", ""transaction_id"": ""TXN-0018169""}"
AUD-0004538,SYS-REDEEM,REDEMPTION_CONFIRMED,REDEMPTION,RED-001074,2026-09-27T07:33:16,"{""discount_applied"": 100.0, ""gross_bill_amount"": 1200.0, ""offer_id"": ""OFR-0029"", ""redemption_id"": ""RED-001074"", ""transaction_id"": ""TXN-0018173""}"
AUD-0004539,USR-MER-0012-01,LOGIN,MERCHANT_SESSION,MER-0012,2026-09-27T08:46:00,"{""method"": ""password+mfa"", ""outcome"": ""success""}"
AUD-0004540,SYS-REDEEM,REDEMPTION_REJECTED,REDEMPTION,RED-001075,2026-09-27T09:54:57,"{""discount_applied"": 300.0, ""gross_bill_amount"": 1500.0, ""offer_id"": ""OFR-0081"", ""reason"": ""OFFER_BUDGET_EXHAUSTED"", ""redemption_id"": ""RED-001075"", ""transaction_id"": ""TXN-0018182""}"
AUD-0004541,SYS-REDEEM,REDEMPTION_REJECTED,REDEMPTION,RED-001076,2026-09-27T10:55:31,"{""discount_applied"": 300.0, ""gross_bill_amount"": 1625.88, ""offer_id"": ""OFR-0081"", ""reason"": ""OFFER_BUDGET_EXHAUSTED"", ""redemption_id"": ""RED-001076"", ""transaction_id"": ""TXN-0018189""}"
AUD-0004542,USR-MER-0001-01,VIEW_ANALYTICS,MERCHANT_DASHBOARD,MER-0001,2026-09-27T12:12:00,"{""filters_applied"": 2, ""view"": ""segmentation""}"
AUD-0004543,USR-MER-0009-01,VIEW_ANALYTICS,MERCHANT_DASHBOARD,MER-0009,2026-09-27T13:28:00,"{""filters_applied"": 0, ""view"": ""campaign_performance""}"
AUD-0004544,USR-MER-0001-01,VIEW_ANALYTICS,MERCHANT_DASHBOARD,MER-0001,2026-09-27T14:37:00,"{""filters_applied"": 3, ""view"": ""redemption_log""}"
AUD-0004545,USR-MER-0004-01,VIEW_ANALYTICS,MERCHANT_DASHBOARD,MER-0004,2026-09-27T15:21:00,"{""filters_applied"": 3, ""view"": ""redemption_log""}"
AUD-0004546,USR-MER-0004-01,LOGIN,MERCHANT_SESSION,MER-0004,2026-09-27T16:06:00,"{""method"": ""password+mfa"", ""outcome"": ""success""}"
AUD-0004547,USR-MER-0013-01,LOGIN,MERCHANT_SESSION,MER-0013,2026-09-27T16:50:00,"{""method"": ""password+mfa"", ""outcome"": ""success""}"
AUD-0004548,USR-MER-0013-01,VIEW_ANALYTICS,MERCHANT_DASHBOARD,MER-0013,2026-09-27T17:54:00,"{""filters_applied"": 2, ""view"": ""redemption_log""}"
AUD-0004549,USR-MER-0007-01,LOGIN,MERCHANT_SESSION,MER-0007,2026-09-27T18:07:00,"{""method"": ""password+mfa"", ""outcome"": ""success""}"
AUD-0004550,SYS-REDEEM,REDEMPTION_CONFIRMED,REDEMPTION,RED-001077,2026-09-27T19:07:27,"{""discount_applied"": 322.73, ""gross_bill_amount"": 1290.93, ""offer_id"": ""OFR-0056"", ""redemption_id"": ""RED-001077"", ""transaction_id"": ""TXN-0018226""}"
AUD-0004551,USR-MER-0012-01,VIEW_ANALYTICS,MERCHANT_DASHBOARD,MER-0012,2026-09-27T20:22:00,"{""filters_applied"": 3, ""view"": ""campaign_performance""}"
AUD-0004552,SYS-REDEEM,REDEMPTION_REJECTED,REDEMPTION,RED-001078,2026-09-28T04:03:47,"{""discount_applied"": 300.0, ""gross_bill_amount"": 2141.6, ""offer_id"": ""OFR-0081"", ""reason"": ""OFFER_BUDGET_EXHAUSTED"", ""redemption_id"": ""RED-001078"", ""transaction_id"": ""TXN-0018236""}"
AUD-0004553,SYS-REDEEM,REDEMPTION_REJECTED,REDEMPTION,RED-001079,2026-09-28T05:36:15,"{""discount_applied"": 300.0, ""gross_bill_amount"": 1500.0, ""offer_id"": ""OFR-0081"", ""reason"": ""OFFER_BUDGET_EXHAUSTED"", ""redemption_id"": ""RED-001079"", ""transaction_id"": ""TXN-0018237""}"
AUD-0004554,SYS-REDEEM,REDEMPTION_REJECTED,REDEMPTION,RED-001080,2026-09-28T07:19:07,"{""discount_applied"": 300.0, ""gross_bill_amount"": 1560.82, ""offer_id"": ""OFR-0081"", ""reason"": ""OFFER_BUDGET_EXHAUSTED"", ""redemption_id"": ""RED-001080"", ""transaction_id"": ""TXN-0018238""}"
AUD-0004555,USR-MER-0004-01,LOGIN,MERCHANT_SESSION,MER-0004,2026-09-28T08:35:00,"{""method"": ""password+mfa"", ""outcome"": ""success""}"
AUD-0004556,SYS-REDEEM,REDEMPTION_CONFIRMED,REDEMPTION,RED-001081,2026-09-28T08:56:18,"{""discount_applied"": 100.0, ""gross_bill_amount"": 1200.0, ""offer_id"": ""OFR-0029"", ""redemption_id"": ""RED-001081"", ""transaction_id"": ""TXN-0018244""}"
AUD-0004557,SYS-REDEEM,REDEMPTION_REJECTED,REDEMPTION,RED-001082,2026-09-28T09:32:39,"{""discount_applied"": 300.0, ""gross_bill_amount"": 1500.0, ""offer_id"": ""OFR-0081"", ""reason"": ""OFFER_BUDGET_EXHAUSTED"", ""redemption_id"": ""RED-001082"", ""transaction_id"": ""TXN-0018246""}"
AUD-0004558,USR-MER-0003-01,VIEW_ANALYTICS,MERCHANT_DASHBOARD,MER-0003,2026-09-28T11:07:00,"{""filters_applied"": 0, ""view"": ""segmentation""}"
AUD-0004559,USR-MER-0014-01,LOGIN,MERCHANT_SESSION,MER-0014,2026-09-28T11:47:00,"{""method"": ""password+mfa"", ""outcome"": ""success""}"
AUD-0004560,USR-MER-0018-01,LOGIN,MERCHANT_SESSION,MER-0018,2026-09-28T11:49:00,"{""method"": ""password+mfa"", ""outcome"": ""success""}"
AUD-0004561,USR-MER-0005-01,VIEW_ANALYTICS,MERCHANT_DASHBOARD,MER-0005,2026-09-28T12:01:00,"{""filters_applied"": 1, ""view"": ""campaign_performance""}"
AUD-0004562,USR-MER-0011-01,VIEW_ANALYTICS,MERCHANT_DASHBOARD,MER-0011,2026-09-28T12:50:00,"{""filters_applied"": 0, ""view"": ""segmentation""}"
AUD-0004563,USR-MER-0002-01,VIEW_ANALYTICS,MERCHANT_DASHBOARD,MER-0002,2026-09-28T13:26:00,"{""filters_applied"": 3, ""view"": ""campaign_performance""}"
AUD-0004564,USR-MER-0012-01,VIEW_ANALYTICS,MERCHANT_DASHBOARD,MER-0012,2026-09-28T14:34:00,"{""filters_applied"": 0, ""view"": ""redemption_log""}"
AUD-0004565,USR-MER-0017-01,VIEW_ANALYTICS,MERCHANT_DASHBOARD,MER-0017,2026-09-28T17:25:00,"{""filters_applied"": 2, ""view"": ""redemption_log""}"
AUD-0004566,USR-MER-0010-01,VIEW_ANALYTICS,MERCHANT_DASHBOARD,MER-0010,2026-09-28T17:44:00,"{""filters_applied"": 3, ""view"": ""customer_detail""}"
AUD-0004567,SYS-REDEEM,REDEMPTION_CONFIRMED,REDEMPTION,RED-001083,2026-09-28T18:38:00,"{""discount_applied"": 100.0, ""gross_bill_amount"": 1398.18, ""offer_id"": ""OFR-0029"", ""redemption_id"": ""RED-001083"", ""transaction_id"": ""TXN-0018277""}"
AUD-0004568,USR-MER-0002-01,VIEW_ANALYTICS,MERCHANT_DASHBOARD,MER-0002,2026-09-28T19:05:00,"{""filters_applied"": 1, ""view"": ""redemption_log""}"
AUD-0004569,USR-MER-0009-01,LOGIN,MERCHANT_SESSION,MER-0009,2026-09-28T19:17:00,"{""method"": ""password+mfa"", ""outcome"": ""success""}"
AUD-0004570,USR-MER-0004-01,VIEW_ANALYTICS,MERCHANT_DASHBOARD,MER-0004,2026-09-28T19:45:00,"{""filters_applied"": 0, ""view"": ""redemption_log""}"
AUD-0004571,USR-MER-0003-01,VIEW_ANALYTICS,MERCHANT_DASHBOARD,MER-0003,2026-09-28T20:40:00,"{""filters_applied"": 2, ""view"": ""customer_detail""}"
AUD-0004572,USR-MER-0008-01,LOGIN,MERCHANT_SESSION,MER-0008,2026-09-28T21:20:00,"{""method"": ""password+mfa"", ""outcome"": ""success""}"
AUD-0004573,USR-MER-0007-01,LOGIN,MERCHANT_SESSION,MER-0007,2026-09-28T21:25:00,"{""method"": ""password+mfa"", ""outcome"": ""success""}"
AUD-0004574,SYS-REDEEM,REDEMPTION_CONFIRMED,REDEMPTION,RED-001084,2026-09-28T22:16:16,"{""discount_applied"": 100.0, ""gross_bill_amount"": 1391.97, ""offer_id"": ""OFR-0029"", ""redemption_id"": ""RED-001084"", ""transaction_id"": ""TXN-0018287""}"
AUD-0004575,SYS-REDEEM,REDEMPTION_CONFIRMED,REDEMPTION,RED-001085,2026-09-29T00:43:49,"{""discount_applied"": 300.0, ""gross_bill_amount"": 2378.71, ""offer_id"": ""OFR-0081"", ""redemption_id"": ""RED-001085"", ""transaction_id"": ""TXN-0018288""}"
AUD-0004576,SYS-REDEEM,REDEMPTION_CONFIRMED,REDEMPTION,RED-001086,2026-09-29T03:15:49,"{""discount_applied"": 100.0, ""gross_bill_amount"": 1200.0, ""offer_id"": ""OFR-0029"", ""redemption_id"": ""RED-001086"", ""transaction_id"": ""TXN-0018289""}"
AUD-0004577,SYS-REDEEM,REDEMPTION_CONFIRMED,REDEMPTION,RED-001087,2026-09-29T09:39:57,"{""discount_applied"": 300.0, ""gross_bill_amount"": 1500.0, ""offer_id"": ""OFR-0081"", ""redemption_id"": ""RED-001087"", ""transaction_id"": ""TXN-0018300""}"
AUD-0004578,SYS-REDEEM,REDEMPTION_CONFIRMED,REDEMPTION,RED-001088,2026-09-29T11:52:57,"{""discount_applied"": 300.0, ""gross_bill_amount"": 2158.6, ""offer_id"": ""OFR-0081"", ""redemption_id"": ""RED-001088"", ""transaction_id"": ""TXN-0018309""}"
AUD-0004579,SYS-REDEEM,REDEMPTION_CONFIRMED,REDEMPTION,RED-001089,2026-09-30T04:30:40,"{""discount_applied"": 420.26, ""gross_bill_amount"": 1681.04, ""offer_id"": ""OFR-0056"", ""redemption_id"": ""RED-001089"", ""transaction_id"": ""TXN-0018356""}"
AUD-0004580,SYS-REDEEM,REDEMPTION_CONFIRMED,REDEMPTION,RED-001090,2026-09-30T16:43:28,"{""discount_applied"": 1083.5, ""gross_bill_amount"": 4334.0, ""offer_id"": ""OFR-0056"", ""redemption_id"": ""RED-001090"", ""transaction_id"": ""TXN-0018396""}"
AUD-0004581,SYS-REDEEM,REDEMPTION_CONFIRMED,REDEMPTION,RED-001091,2026-10-02T19:02:03,"{""discount_applied"": 100.0, ""gross_bill_amount"": 1200.0, ""offer_id"": ""OFR-0029"", ""redemption_id"": ""RED-001091"", ""transaction_id"": ""TXN-0018599""}"
AUD-0004582,SYS-REDEEM,REDEMPTION_REJECTED,REDEMPTION,RED-001092,2026-10-02T19:39:03,"{""discount_applied"": 100.0, ""gross_bill_amount"": 1200.0, ""offer_id"": ""OFR-0029"", ""reason"": ""DUPLICATE_REDEMPTION"", ""redemption_id"": ""RED-001092"", ""transaction_id"": ""TXN-0018599""}"
