redemption_id,campaign_id,offer_id,customer_id,transaction_id,gross_bill_amount,discount_applied,redeemed_at,status,rejection_reason
RED-000001,CPN-0040,OFR-0060,CUS-000910,TXN-0000147,28372.00,2837.20,2026-01-02T18:03:00,CONFIRMED,
RED-000002,CPN-0040,OFR-0060,CUS-000720,TXN-0000235,628.49,62.85,2026-01-03T18:38:00,CONFIRMED,
RED-000003,CPN-0040,OFR-0060,CUS-000018,TXN-0000246,32797.97,3279.80,2026-01-03T19:38:00,CONFIRMED,
RED-000004,CPN-0040,OFR-0060,CUS-000033,TXN-0000247,810.92,81.09,2026-01-03T19:38:00,CONFIRMED,
RED-000005,CPN-0040,OFR-0060,CUS-000188,TXN-0000248,539.42,53.94,2026-01-03T19:38:00,CONFIRMED,
RED-000006,CPN-0065,OFR-0085,CUS-000193,TXN-0000330,3593.82,1200.00,2026-01-05T06:59:52,CONFIRMED,
RED-000007,CPN-0065,OFR-0085,CUS-000794,TXN-0000579,4704.77,1200.00,2026-01-07T22:55:52,CONFIRMED,
RED-000008,CPN-0065,OFR-0085,CUS-000794,TXN-0000579,4704.77,1200.00,2026-01-07T22:58:52,DUPLICATE_REJECTED,DUPLICATE_REDEMPTION
RED-000009,CPN-0018,OFR-0038,CUS-000784,TXN-0000736,1670.53,600.00,2026-01-10T11:27:51,CONFIRMED,
RED-000010,CPN-0018,OFR-0038,CUS-000047,TXN-0000798,2609.82,600.00,2026-01-11T10:43:09,CONFIRMED,
RED-000011,CPN-0018,OFR-0038,CUS-000143,TXN-0000863,1716.33,600.00,2026-01-12T02:38:39,CONFIRMED,
RED-000012,CPN-0051,OFR-0071,CUS-000152,TXN-0000949,4169.00,1400.00,2026-01-13T02:07:15,CONFIRMED,
RED-000013,CPN-0018,OFR-0038,CUS-000879,TXN-0000950,1578.86,600.00,2026-01-13T05:26:44,CONFIRMED,
RED-000014,CPN-0051,OFR-0071,CUS-000791,TXN-0001023,276.44,276.44,2026-01-13T20:53:49,REJECTED,BELOW_MINIMUM_SPEND
RED-000015,CPN-0051,OFR-0071,CUS-000791,TXN-0001028,599.00,599.00,2026-01-13T21:34:49,REJECTED,WRONG_MERCHANT
RED-000016,CPN-0051,OFR-0071,CUS-000791,TXN-0001030,870.00,870.00,2026-01-13T21:42:49,REJECTED,WRONG_CUSTOMER
RED-000017,CPN-0051,OFR-0071,CUS-000791,TXN-0001032,1890.99,1400.00,2026-01-13T21:51:49,REJECTED,TRANSACTION_FAILED
RED-000018,CPN-0051,OFR-0071,CUS-000854,TXN-0001044,2398.80,1400.00,2026-01-14T11:20:00,REJECTED,INELIGIBLE_CUSTOMER
RED-000019,CPN-0073,OFR-0093,CUS-000819,TXN-0001065,790.33,100.00,2026-01-14T15:55:09,CONFIRMED,
RED-000020,CPN-0073,OFR-0093,CUS-000802,TXN-0001099,177.61,100.00,2026-01-15T02:25:39,REJECTED,BELOW_MINIMUM_SPEND
RED-000021,CPN-0073,OFR-0093,CUS-000802,TXN-0001100,955.68,100.00,2026-01-15T03:06:39,REJECTED,WRONG_MERCHANT
RED-000022,CPN-0073,OFR-0093,CUS-000802,TXN-0001101,649.00,100.00,2026-01-15T03:14:39,REJECTED,WRONG_CUSTOMER
RED-000023,CPN-0073,OFR-0093,CUS-000802,TXN-0001102,699.00,100.00,2026-01-15T03:23:39,REJECTED,TRANSACTION_FAILED
RED-000024,CPN-0073,OFR-0093,CUS-000802,TXN-0001103,699.00,100.00,2026-01-15T03:34:39,REJECTED,TRANSACTION_REVERSED
RED-000025,CPN-0073,OFR-0093,CUS-000856,TXN-0001149,950.00,100.00,2026-01-15T16:34:00,REJECTED,INELIGIBLE_CUSTOMER
RED-000026,CPN-0051,OFR-0071,CUS-000100,TXN-0001443,742.11,742.11,2026-01-19T05:23:33,CONFIRMED,
RED-000027,CPN-0054,OFR-0074,CUS-000182,TXN-0001638,1723.51,1100.00,2026-01-21T10:16:25,CONFIRMED,
RED-000028,CPN-0054,OFR-0074,CUS-000029,TXN-0001903,1310.69,1100.00,2026-01-24T12:08:28,CONFIRMED,
RED-000029,CPN-0054,OFR-0074,CUS-000148,TXN-0002071,2634.00,1100.00,2026-01-26T12:45:15,CONFIRMED,
RED-000030,CPN-0073,OFR-0093,CUS-000802,TXN-0002894,864.00,100.00,2026-02-05T23:31:00,REJECTED,OFFER_EXPIRED
RED-000031,CPN-0051,OFR-0071,CUS-000791,TXN-0003128,3269.85,1400.00,2026-02-08T20:17:00,REJECTED,OFFER_EXPIRED
RED-000032,CPN-0044,OFR-0064,CUS-000148,TXN-0003201,1611.47,161.15,2026-02-09T18:33:04,CONFIRMED,
RED-000033,CPN-0044,OFR-0064,CUS-000079,TXN-0003216,1159.41,115.94,2026-02-09T20:24:00,CONFIRMED,
RED-000034,CPN-0044,OFR-0064,CUS-000930,TXN-0003217,918.97,91.90,2026-02-09T20:24:00,CONFIRMED,
RED-000035,CPN-0044,OFR-0064,CUS-000114,TXN-0003221,1375.68,137.57,2026-02-09T21:24:00,CONFIRMED,
RED-000036,CPN-0044,OFR-0064,CUS-000075,TXN-0003224,4576.00,457.60,2026-02-09T22:24:00,CONFIRMED,
RED-000037,CPN-0044,OFR-0064,CUS-000166,TXN-0003225,2881.00,288.10,2026-02-09T22:24:00,CONFIRMED,
RED-000038,CPN-0044,OFR-0064,CUS-000184,TXN-0003226,8000.00,640.00,2026-02-09T22:24:00,CONFIRMED,
RED-000039,CPN-0044,OFR-0064,CUS-000738,TXN-0003227,1163.11,116.31,2026-02-09T23:24:00,CONFIRMED,
RED-000040,CPN-0044,OFR-0064,CUS-000828,TXN-0003228,1097.25,109.72,2026-02-09T23:24:00,CONFIRMED,
RED-000041,CPN-0044,OFR-0064,CUS-000035,TXN-0003229,986.03,98.60,2026-02-10T00:24:00,CONFIRMED,
RED-000042,CPN-0044,OFR-0064,CUS-000087,TXN-0003230,1599.74,159.97,2026-02-10T00:24:00,CONFIRMED,
RED-000043,CPN-0044,OFR-0064,CUS-000826,TXN-0003231,1449.88,144.99,2026-02-10T00:24:00,CONFIRMED,
RED-000044,CPN-0044,OFR-0064,CUS-000828,TXN-0003228,1097.25,109.72,2026-02-10T00:54:00,DUPLICATE_REJECTED,DUPLICATE_REDEMPTION
RED-000045,CPN-0044,OFR-0064,CUS-000120,TXN-0003232,1448.51,144.85,2026-02-10T01:24:00,CONFIRMED,
RED-000046,CPN-0044,OFR-0064,CUS-000912,TXN-0003233,1044.58,104.46,2026-02-10T01:24:00,CONFIRMED,
RED-000047,CPN-0019,OFR-0039,CUS-000783,TXN-0003325,4259.00,500.00,2026-02-11T03:40:59,CONFIRMED,
RED-000048,CPN-0068,OFR-0088,CUS-000039,TXN-0003394,6127.86,306.39,2026-02-11T18:17:11,CONFIRMED,
RED-000049,CPN-0004,OFR-0024,CUS-000052,TXN-0003414,700.00,35.00,2026-02-12T05:21:31,CONFIRMED,
RED-000050,CPN-0004,OFR-0024,CUS-000720,TXN-0003418,740.00,37.00,2026-02-12T07:53:01,CONFIRMED,
RED-000051,CPN-0004,OFR-0024,CUS-000106,TXN-0003490,865.48,38.00,2026-02-13T01:05:34,CONFIRMED,
RED-000052,CPN-0068,OFR-0088,CUS-000746,TXN-0003491,4946.00,247.30,2026-02-13T01:41:43,CONFIRMED,
RED-000053,CPN-0068,OFR-0088,CUS-000790,TXN-0003492,12000.00,480.00,2026-02-13T02:44:52,CONFIRMED,
RED-000054,CPN-0004,OFR-0024,CUS-000678,TXN-0003534,963.55,38.00,2026-02-13T15:40:45,CONFIRMED,
RED-000055,CPN-0004,OFR-0024,CUS-000150,TXN-0003542,853.00,38.00,2026-02-13T16:08:27,CONFIRMED,
RED-000056,CPN-0004,OFR-0024,CUS-000047,TXN-0003588,700.00,35.00,2026-02-14T11:20:22,CONFIRMED,
RED-000057,CPN-0068,OFR-0088,CUS-000818,TXN-0003590,3848.31,192.42,2026-02-14T11:39:20,CONFIRMED,
RED-000058,CPN-0068,OFR-0088,CUS-000818,TXN-0003590,3848.31,192.42,2026-02-14T12:28:20,DUPLICATE_REJECTED,DUPLICATE_REDEMPTION
RED-000059,CPN-0068,OFR-0088,CUS-000808,TXN-0003599,832.57,41.63,2026-02-14T13:11:47,CONFIRMED,
RED-000060,CPN-0068,OFR-0088,CUS-000915,TXN-0003600,649.56,32.48,2026-02-14T13:21:36,CONFIRMED,
RED-000061,CPN-0068,OFR-0088,CUS-000799,TXN-0003738,6369.00,318.45,2026-02-16T05:57:00,CONFIRMED,
RED-000062,CPN-0068,OFR-0088,CUS-000799,TXN-0003738,6369.00,318.45,2026-02-16T06:29:00,DUPLICATE_REJECTED,DUPLICATE_REDEMPTION
RED-000063,CPN-0004,OFR-0024,CUS-000820,TXN-0003840,700.00,35.00,2026-02-17T04:03:16,CONFIRMED,
RED-000064,CPN-0004,OFR-0024,CUS-000140,TXN-0003846,700.00,35.00,2026-02-17T07:23:13,CONFIRMED,
RED-000065,CPN-0004,OFR-0024,CUS-000093,TXN-0003851,700.00,35.00,2026-02-17T08:28:26,CONFIRMED,
RED-000066,CPN-0004,OFR-0024,CUS-000182,TXN-0003884,1225.00,38.00,2026-02-17T14:55:07,CONFIRMED,
RED-000067,CPN-0004,OFR-0024,CUS-000824,TXN-0003931,1275.90,38.00,2026-02-18T00:01:13,CONFIRMED,
RED-000068,CPN-0004,OFR-0024,CUS-000174,TXN-0004008,700.00,35.00,2026-02-18T19:13:43,CONFIRMED,
RED-000069,CPN-0055,OFR-0075,CUS-000457,TXN-0004089,2881.00,1000.00,2026-02-19T18:19:32,CONFIRMED,
RED-000070,CPN-0055,OFR-0075,CUS-000457,TXN-0004089,2881.00,1000.00,2026-02-19T19:19:32,DUPLICATE_REJECTED,DUPLICATE_REDEMPTION
RED-000071,CPN-0055,OFR-0075,CUS-000682,TXN-0004111,1485.93,1000.00,2026-02-20T01:37:26,CONFIRMED,
RED-000072,CPN-0004,OFR-0024,CUS-000081,TXN-0004112,718.00,35.90,2026-02-20T01:42:10,CONFIRMED,
RED-000073,CPN-0055,OFR-0075,CUS-000944,TXN-0004113,1548.39,1000.00,2026-02-20T06:00:08,CONFIRMED,
RED-000074,CPN-0055,OFR-0075,CUS-000944,TXN-0004113,1548.39,1000.00,2026-02-20T06:01:08,DUPLICATE_REJECTED,DUPLICATE_REDEMPTION
RED-000075,CPN-0004,OFR-0024,CUS-000680,TXN-0004121,801.06,38.00,2026-02-20T08:39:45,CONFIRMED,
RED-000076,CPN-0004,OFR-0024,CUS-000680,TXN-0004121,801.06,38.00,2026-02-20T08:41:45,DUPLICATE_REJECTED,DUPLICATE_REDEMPTION
RED-000077,CPN-0004,OFR-0024,CUS-000744,TXN-0004140,700.00,35.00,2026-02-20T12:13:48,CONFIRMED,
RED-000078,CPN-0076,OFR-0096,CUS-000680,TXN-0004194,5000.00,280.00,2026-02-20T23:27:46,CONFIRMED,
RED-000079,CPN-0055,OFR-0075,CUS-000122,TXN-0004195,2588.91,1000.00,2026-02-21T01:40:28,CONFIRMED,
RED-000080,CPN-0055,OFR-0075,CUS-000921,TXN-0004203,1277.15,1000.00,2026-02-21T08:52:05,CONFIRMED,
RED-000081,CPN-0055,OFR-0075,CUS-000921,TXN-0004203,1277.15,1000.00,2026-02-21T09:33:05,DUPLICATE_REJECTED,DUPLICATE_REDEMPTION
RED-000082,CPN-0055,OFR-0075,CUS-000814,TXN-0004208,1298.41,1000.00,2026-02-21T09:41:38,CONFIRMED,
RED-000083,CPN-0055,OFR-0075,CUS-000029,TXN-0004377,1469.00,1000.00,2026-02-23T06:17:28,CONFIRMED,
RED-000084,CPN-0076,OFR-0096,CUS-000884,TXN-0004459,7159.03,280.00,2026-02-24T06:20:08,CONFIRMED,
RED-000085,CPN-0033,OFR-0053,CUS-000087,TXN-0004611,8977.62,250.00,2026-02-26T03:15:30,CONFIRMED,
RED-000086,CPN-0033,OFR-0053,CUS-000087,TXN-0004611,8977.62,250.00,2026-02-26T04:40:30,DUPLICATE_REJECTED,DUPLICATE_REDEMPTION
RED-000087,CPN-0055,OFR-0075,CUS-000883,TXN-0004612,1817.91,1000.00,2026-02-26T05:37:25,CONFIRMED,
RED-000088,CPN-0033,OFR-0053,CUS-000816,TXN-0004613,6626.20,250.00,2026-02-26T05:42:58,CONFIRMED,
RED-000089,CPN-0076,OFR-0096,CUS-000944,TXN-0004614,7798.51,280.00,2026-02-26T06:41:38,CONFIRMED,
RED-000090,CPN-0055,OFR-0075,CUS-000883,TXN-0004612,1817.91,1000.00,2026-02-26T06:55:25,DUPLICATE_REJECTED,DUPLICATE_REDEMPTION
RED-000091,CPN-0033,OFR-0053,CUS-000026,TXN-0004662,5898.22,250.00,2026-02-26T15:08:52,CONFIRMED,
RED-000092,CPN-0076,OFR-0096,CUS-000077,TXN-0004672,6893.26,280.00,2026-02-26T16:38:20,CONFIRMED,
RED-000093,CPN-0033,OFR-0053,CUS-000464,TXN-0004685,7236.35,250.00,2026-02-26T18:16:26,CONFIRMED,
RED-000094,CPN-0033,OFR-0053,CUS-000464,TXN-0004685,7236.35,250.00,2026-02-26T18:34:26,DUPLICATE_REJECTED,DUPLICATE_REDEMPTION
RED-000095,CPN-0033,OFR-0053,CUS-000040,TXN-0004692,7758.53,250.00,2026-02-26T19:14:48,CONFIRMED,
RED-000096,CPN-0058,OFR-0078,CUS-000431,TXN-0004706,16763.61,1400.00,2026-02-26T23:27:15,CONFIRMED,
RED-000097,CPN-0058,OFR-0078,CUS-000883,TXN-0004707,10000.00,1400.00,2026-02-27T02:00:40,CONFIRMED,
RED-000098,CPN-0033,OFR-0053,CUS-000181,TXN-0004713,5727.55,250.00,2026-02-27T08:28:20,CONFIRMED,
RED-000099,CPN-0058,OFR-0078,CUS-000038,TXN-0004720,17154.02,1400.00,2026-02-27T09:36:22,CONFIRMED,
RED-000100,CPN-0058,OFR-0078,CUS-000072,TXN-0004740,15894.78,1400.00,2026-02-27T15:19:09,CONFIRMED,
RED-000101,CPN-0058,OFR-0078,CUS-000171,TXN-0004757,10000.00,1400.00,2026-02-27T18:35:43,CONFIRMED,
RED-000102,CPN-0058,OFR-0078,CUS-000682,TXN-0004780,10000.00,1400.00,2026-02-27T21:04:55,CONFIRMED,
RED-000103,CPN-0033,OFR-0053,CUS-000052,TXN-0004782,5000.00,250.00,2026-02-28T04:03:45,CONFIRMED,
RED-000104,CPN-0055,OFR-0075,CUS-000729,TXN-0004784,1804.46,1000.00,2026-02-28T07:08:00,CONFIRMED,
RED-000105,CPN-0058,OFR-0078,CUS-000029,TXN-0004862,10000.00,1400.00,2026-02-28T20:37:05,CONFIRMED,
RED-000106,CPN-0058,OFR-0078,CUS-000015,TXN-0004866,10000.00,1400.00,2026-03-01T00:45:52,CONFIRMED,
RED-000107,CPN-0058,OFR-0078,CUS-000015,TXN-0004866,10000.00,1400.00,2026-03-01T01:22:52,DUPLICATE_REJECTED,DUPLICATE_REDEMPTION
RED-000108,CPN-0058,OFR-0078,CUS-000823,TXN-0004867,14331.04,1400.00,2026-03-01T01:26:32,CONFIRMED,
RED-000109,CPN-0033,OFR-0053,CUS-000084,TXN-0004868,5120.43,250.00,2026-03-01T02:24:18,CONFIRMED,
RED-000110,CPN-0058,OFR-0078,CUS-000828,TXN-0004911,10834.18,1400.00,2026-03-01T17:32:26,CONFIRMED,
RED-000111,CPN-0058,OFR-0078,CUS-000033,TXN-0004923,14542.81,1400.00,2026-03-01T18:36:22,CONFIRMED,
RED-000112,CPN-0058,OFR-0078,CUS-000770,TXN-0004927,13982.46,1400.00,2026-03-01T19:01:31,CONFIRMED,
RED-000113,CPN-0058,OFR-0078,CUS-000105,TXN-0004929,18701.19,1400.00,2026-03-01T19:41:56,CONFIRMED,
RED-000114,CPN-0058,OFR-0078,CUS-000770,TXN-0004927,13982.46,1400.00,2026-03-01T20:02:31,DUPLICATE_REJECTED,DUPLICATE_REDEMPTION
RED-000115,CPN-0033,OFR-0053,CUS-000808,TXN-0004935,8917.29,250.00,2026-03-01T21:05:59,CONFIRMED,
RED-000116,CPN-0033,OFR-0053,CUS-000900,TXN-0005004,7018.07,250.00,2026-03-02T20:39:13,CONFIRMED,
RED-000117,CPN-0033,OFR-0053,CUS-000132,TXN-0005007,5702.08,250.00,2026-03-02T23:11:00,CONFIRMED,
RED-000118,CPN-0033,OFR-0053,CUS-000033,TXN-0005008,5000.00,250.00,2026-03-03T02:24:53,CONFIRMED,
RED-000119,CPN-0033,OFR-0053,CUS-000033,TXN-0005008,5000.00,250.00,2026-03-03T03:15:53,DUPLICATE_REJECTED,DUPLICATE_REDEMPTION
RED-000120,CPN-0033,OFR-0053,CUS-000720,TXN-0005012,5000.00,250.00,2026-03-03T09:11:00,CONFIRMED,
RED-000121,CPN-0058,OFR-0078,CUS-000122,TXN-0005013,18224.56,1400.00,2026-03-03T09:28:30,CONFIRMED,
RED-000122,CPN-0058,OFR-0078,CUS-000720,TXN-0005117,18995.28,1400.00,2026-03-04T18:08:23,CONFIRMED,
RED-000123,CPN-0058,OFR-0078,CUS-000729,TXN-0005148,10000.00,1400.00,2026-03-05T09:24:40,CONFIRMED,
RED-000124,CPN-0058,OFR-0078,CUS-000806,TXN-0005236,16266.30,1400.00,2026-03-06T14:13:44,CONFIRMED,
RED-000125,CPN-0062,OFR-0082,CUS-000730,TXN-0005327,1591.70,100.00,2026-03-07T19:41:05,REJECTED,OFFER_BUDGET_EXHAUSTED
RED-000126,CPN-0062,OFR-0082,CUS-000166,TXN-0005333,1294.12,100.00,2026-03-08T01:54:07,REJECTED,OFFER_BUDGET_EXHAUSTED
RED-000127,CPN-0062,OFR-0082,CUS-000156,TXN-0005405,1302.84,100.00,2026-03-08T21:57:17,REJECTED,OFFER_BUDGET_EXHAUSTED
RED-000128,CPN-0062,OFR-0082,CUS-000145,TXN-0005406,1000.00,100.00,2026-03-09T00:27:58,CONFIRMED,
RED-000129,CPN-0062,OFR-0082,CUS-000702,TXN-0005407,1042.24,100.00,2026-03-09T04:25:24,REJECTED,OFFER_BUDGET_EXHAUSTED
RED-000130,CPN-0062,OFR-0082,CUS-000821,TXN-0005409,1000.00,100.00,2026-03-09T07:16:31,REJECTED,OFFER_BUDGET_EXHAUSTED
RED-000131,CPN-0062,OFR-0082,CUS-000884,TXN-0005428,1852.84,100.00,2026-03-09T12:02:15,REJECTED,OFFER_BUDGET_EXHAUSTED
RED-000132,CPN-0062,OFR-0082,CUS-000679,TXN-0005557,1075.80,100.00,2026-03-11T04:11:41,REJECTED,OFFER_BUDGET_EXHAUSTED
RED-000133,CPN-0062,OFR-0082,CUS-000176,TXN-0005564,1000.00,100.00,2026-03-11T08:19:44,REJECTED,OFFER_BUDGET_EXHAUSTED
RED-000134,CPN-0062,OFR-0082,CUS-000106,TXN-0005587,1413.59,100.00,2026-03-11T15:58:35,CONFIRMED,
RED-000135,CPN-0062,OFR-0082,CUS-000761,TXN-0005625,1000.00,100.00,2026-03-12T08:46:23,REJECTED,OFFER_BUDGET_EXHAUSTED
RED-000136,CPN-0062,OFR-0082,CUS-000787,TXN-0005681,1000.00,100.00,2026-03-12T20:34:40,REJECTED,OFFER_BUDGET_EXHAUSTED
RED-000137,CPN-0062,OFR-0082,CUS-000100,TXN-0005755,1000.00,100.00,2026-03-13T21:42:28,CONFIRMED,
RED-000138,CPN-0062,OFR-0082,CUS-000748,TXN-0005757,1341.97,100.00,2026-03-13T23:03:27,REJECTED,OFFER_BUDGET_EXHAUSTED
RED-000139,CPN-0062,OFR-0082,CUS-000037,TXN-0005758,1244.58,100.00,2026-03-14T01:24:09,CONFIRMED,
RED-000140,CPN-0062,OFR-0082,CUS-000069,TXN-0005759,1000.00,100.00,2026-03-14T05:55:38,CONFIRMED,
RED-000141,CPN-0062,OFR-0082,CUS-000069,TXN-0005759,1000.00,100.00,2026-03-14T06:40:38,DUPLICATE_REJECTED,DUPLICATE_REDEMPTION
RED-000142,CPN-0062,OFR-0082,CUS-000072,TXN-0005766,1416.58,100.00,2026-03-14T08:29:10,CONFIRMED,
RED-000143,CPN-0001,OFR-0021,CUS-000081,TXN-0005971,2701.63,250.00,2026-03-17T06:19:37,CONFIRMED,
RED-000144,CPN-0071,OFR-0091,CUS-000863,TXN-0006011,2788.88,800.00,2026-03-17T17:12:06,CONFIRMED,
RED-000145,CPN-0071,OFR-0091,CUS-000863,TXN-0006011,2788.88,800.00,2026-03-17T17:16:06,DUPLICATE_REJECTED,DUPLICATE_REDEMPTION
RED-000146,CPN-0071,OFR-0091,CUS-000761,TXN-0006043,1500.00,800.00,2026-03-18T06:44:52,CONFIRMED,
RED-000147,CPN-0071,OFR-0091,CUS-000035,TXN-0006117,2112.97,800.00,2026-03-18T21:49:21,CONFIRMED,
RED-000148,CPN-0071,OFR-0091,CUS-000178,TXN-0006118,1641.14,800.00,2026-03-18T22:10:07,CONFIRMED,
RED-000149,CPN-0071,OFR-0091,CUS-000781,TXN-0006125,2960.00,800.00,2026-03-19T08:08:42,CONFIRMED,
RED-000150,CPN-0001,OFR-0021,CUS-000106,TXN-0006191,3317.76,250.00,2026-03-19T20:37:43,CONFIRMED,
RED-000151,CPN-0001,OFR-0021,CUS-000179,TXN-0006194,4572.98,250.00,2026-03-19T20:48:13,CONFIRMED,
RED-000152,CPN-0071,OFR-0091,CUS-000422,TXN-0006229,1500.00,800.00,2026-03-20T14:58:20,CONFIRMED,
RED-000153,CPN-0071,OFR-0091,CUS-000114,TXN-0006242,2709.20,800.00,2026-03-20T17:09:55,CONFIRMED,
RED-000154,CPN-0001,OFR-0021,CUS-000150,TXN-0006275,2669.01,250.00,2026-03-20T23:35:09,CONFIRMED,
RED-000155,CPN-0001,OFR-0021,CUS-000444,TXN-0006283,3436.99,250.00,2026-03-21T09:31:11,CONFIRMED,
RED-000156,CPN-0071,OFR-0091,CUS-000613,TXN-0006321,2169.00,800.00,2026-03-21T17:37:20,CONFIRMED,
RED-000157,CPN-0071,OFR-0091,CUS-000613,TXN-0006321,2169.00,800.00,2026-03-21T18:43:20,DUPLICATE_REJECTED,DUPLICATE_REDEMPTION
RED-000158,CPN-0071,OFR-0091,CUS-000423,TXN-0006333,1500.00,800.00,2026-03-21T19:42:58,CONFIRMED,
RED-000159,CPN-0071,OFR-0091,CUS-000473,TXN-0006376,1752.55,800.00,2026-03-22T12:13:26,CONFIRMED,
RED-000160,CPN-0071,OFR-0091,CUS-000198,TXN-0006643,1894.41,800.00,2026-03-26T02:39:33,CONFIRMED,
RED-000161,CPN-0063,OFR-0083,CUS-000936,TXN-0007551,2372.00,1200.00,2026-04-07T17:09:51,CONFIRMED,
RED-000162,CPN-0063,OFR-0083,CUS-000936,TXN-0007551,2372.00,1200.00,2026-04-07T18:29:51,DUPLICATE_REJECTED,DUPLICATE_REDEMPTION
RED-000163,CPN-0063,OFR-0083,CUS-000488,TXN-0007639,1113.85,1113.85,2026-04-09T05:13:14,CONFIRMED,
RED-000164,CPN-0063,OFR-0083,CUS-000013,TXN-0007651,2553.00,1200.00,2026-04-09T09:49:28,CONFIRMED,
RED-000165,CPN-0063,OFR-0083,CUS-000499,TXN-0007673,1398.17,1200.00,2026-04-09T13:42:24,CONFIRMED,
RED-000166,CPN-0063,OFR-0083,CUS-000499,TXN-0007673,1398.17,1200.00,2026-04-09T14:56:24,DUPLICATE_REJECTED,DUPLICATE_REDEMPTION
RED-000167,CPN-0002,OFR-0022,CUS-000047,TXN-0007713,1500.00,150.00,2026-04-09T20:46:47,CONFIRMED,
RED-000168,CPN-0002,OFR-0022,CUS-000832,TXN-0007719,2660.88,150.00,2026-04-10T07:12:23,CONFIRMED,
RED-000169,CPN-0002,OFR-0022,CUS-000126,TXN-0007720,1500.00,150.00,2026-04-10T07:49:42,CONFIRMED,
RED-000170,CPN-0002,OFR-0022,CUS-000498,TXN-0007753,1500.00,150.00,2026-04-10T13:33:20,CONFIRMED,
RED-000171,CPN-0002,OFR-0022,CUS-000114,TXN-0007764,1500.00,150.00,2026-04-10T14:52:15,CONFIRMED,
RED-000172,CPN-0063,OFR-0083,CUS-000679,TXN-0007765,1686.74,1200.00,2026-04-10T14:54:10,CONFIRMED,
RED-000173,CPN-0063,OFR-0083,CUS-000932,TXN-0007792,1609.03,1200.00,2026-04-11T00:15:33,CONFIRMED,
RED-000174,CPN-0002,OFR-0022,CUS-000166,TXN-0007793,2116.89,150.00,2026-04-11T02:28:08,CONFIRMED,
RED-000175,CPN-0002,OFR-0022,CUS-000193,TXN-0007819,2143.10,150.00,2026-04-11T11:50:34,CONFIRMED,
RED-000176,CPN-0002,OFR-0022,CUS-000123,TXN-0007828,2495.08,150.00,2026-04-11T13:46:53,CONFIRMED,
RED-000177,CPN-0002,OFR-0022,CUS-000463,TXN-0007864,2728.75,150.00,2026-04-12T00:12:19,CONFIRMED,
RED-000178,CPN-0002,OFR-0022,CUS-000171,TXN-0007872,1500.00,150.00,2026-04-12T08:36:59,CONFIRMED,
RED-000179,CPN-0002,OFR-0022,CUS-000171,TXN-0007872,1500.00,150.00,2026-04-12T09:49:59,DUPLICATE_REJECTED,DUPLICATE_REDEMPTION
RED-000180,CPN-0002,OFR-0022,CUS-000007,TXN-0007882,1500.00,150.00,2026-04-12T10:01:36,CONFIRMED,
RED-000181,CPN-0016,OFR-0036,CUS-000461,TXN-0008033,3361.79,560.00,2026-04-13T23:45:15,CONFIRMED,
RED-000182,CPN-0016,OFR-0036,CUS-000756,TXN-0008034,2500.00,500.00,2026-04-14T00:51:05,CONFIRMED,
RED-000183,CPN-0002,OFR-0022,CUS-000560,TXN-0008035,2668.20,150.00,2026-04-14T04:11:09,CONFIRMED,
RED-000184,CPN-0041,OFR-0061,CUS-000166,TXN-0008036,41711.40,2300.00,2026-04-14T04:41:15,CONFIRMED,
RED-000185,CPN-0016,OFR-0036,CUS-000010,TXN-0008037,4538.80,560.00,2026-04-14T06:01:12,CONFIRMED,
RED-000186,CPN-0016,OFR-0036,CUS-000811,TXN-0008038,2500.00,500.00,2026-04-14T07:22:55,CONFIRMED,
RED-000187,CPN-0002,OFR-0022,CUS-000075,TXN-0008040,1500.00,150.00,2026-04-14T07:54:46,CONFIRMED,
RED-000188,CPN-0002,OFR-0022,CUS-000052,TXN-0008058,1500.00,150.00,2026-04-14T11:13:57,CONFIRMED,
RED-000189,CPN-0016,OFR-0036,CUS-000173,TXN-0008060,4446.76,560.00,2026-04-14T11:24:45,CONFIRMED,
RED-000190,CPN-0016,OFR-0036,CUS-000198,TXN-0008062,2500.00,500.00,2026-04-14T11:39:58,CONFIRMED,
RED-000191,CPN-0002,OFR-0022,CUS-000052,TXN-0008058,1500.00,150.00,2026-04-14T11:54:57,DUPLICATE_REJECTED,DUPLICATE_REDEMPTION
RED-000192,CPN-0016,OFR-0036,CUS-000059,TXN-0008076,2917.15,560.00,2026-04-14T14:59:36,CONFIRMED,
RED-000193,CPN-0016,OFR-0036,CUS-000159,TXN-0008077,2500.00,500.00,2026-04-14T15:48:30,CONFIRMED,
RED-000194,CPN-0041,OFR-0061,CUS-000899,TXN-0008116,1194.82,1194.82,2026-04-15T03:26:46,CONFIRMED,
RED-000195,CPN-0002,OFR-0022,CUS-000821,TXN-0008169,1500.00,150.00,2026-04-15T17:17:20,CONFIRMED,
RED-000196,CPN-0041,OFR-0061,CUS-000070,TXN-0008178,34705.78,2300.00,2026-04-15T18:18:52,CONFIRMED,
RED-000197,CPN-0002,OFR-0022,CUS-000821,TXN-0008169,1500.00,150.00,2026-04-15T18:25:20,DUPLICATE_REJECTED,DUPLICATE_REDEMPTION
RED-000198,CPN-0016,OFR-0036,CUS-000444,TXN-0008191,3242.58,560.00,2026-04-15T20:55:12,CONFIRMED,
RED-000199,CPN-0002,OFR-0022,CUS-000118,TXN-0008194,1500.00,150.00,2026-04-15T22:47:56,CONFIRMED,
RED-000200,CPN-0016,OFR-0036,CUS-000007,TXN-0008195,2500.00,500.00,2026-04-16T01:26:57,CONFIRMED,
RED-000201,CPN-0063,OFR-0083,CUS-000061,TXN-0008196,2573.73,1200.00,2026-04-16T04:45:38,CONFIRMED,
RED-000202,CPN-0041,OFR-0061,CUS-000130,TXN-0008214,1202.63,1202.63,2026-04-16T11:31:15,CONFIRMED,
RED-000203,CPN-0041,OFR-0061,CUS-000130,TXN-0008214,1202.63,1202.63,2026-04-16T11:45:15,DUPLICATE_REJECTED,DUPLICATE_REDEMPTION
RED-000204,CPN-0016,OFR-0036,CUS-000720,TXN-0008235,2722.00,544.40,2026-04-16T15:39:54,CONFIRMED,
RED-000205,CPN-0041,OFR-0061,CUS-000053,TXN-0008271,1662.25,1662.25,2026-04-16T23:48:28,CONFIRMED,
RED-000206,CPN-0041,OFR-0061,CUS-000047,TXN-0008272,1747.48,1747.48,2026-04-17T02:56:55,CONFIRMED,
RED-000207,CPN-0016,OFR-0036,CUS-000069,TXN-0008273,2500.00,500.00,2026-04-17T03:06:19,CONFIRMED,
RED-000208,CPN-0041,OFR-0061,CUS-000047,TXN-0008272,1747.48,1747.48,2026-04-17T03:06:55,DUPLICATE_REJECTED,DUPLICATE_REDEMPTION
RED-000209,CPN-0016,OFR-0036,CUS-000069,TXN-0008273,2500.00,500.00,2026-04-17T03:09:19,DUPLICATE_REJECTED,DUPLICATE_REDEMPTION
RED-000210,CPN-0041,OFR-0061,CUS-000723,TXN-0008274,28834.00,2300.00,2026-04-17T03:24:30,CONFIRMED,
RED-000211,CPN-0016,OFR-0036,CUS-000052,TXN-0008279,4216.36,560.00,2026-04-17T07:56:42,CONFIRMED,
RED-000212,CPN-0016,OFR-0036,CUS-000101,TXN-0008308,2500.00,500.00,2026-04-17T15:21:22,CONFIRMED,
RED-000213,CPN-0002,OFR-0022,CUS-000816,TXN-0008344,1500.00,150.00,2026-04-18T04:36:43,CONFIRMED,
RED-000214,CPN-0041,OFR-0061,CUS-000691,TXN-0008345,34886.42,2300.00,2026-04-18T05:35:11,CONFIRMED,
RED-000215,CPN-0016,OFR-0036,CUS-000819,TXN-0008367,3039.86,560.00,2026-04-18T14:41:06,CONFIRMED,
RED-000216,CPN-0016,OFR-0036,CUS-000030,TXN-0008399,2500.00,500.00,2026-04-19T00:22:25,CONFIRMED,
RED-000217,CPN-0041,OFR-0061,CUS-000024,TXN-0008408,1695.95,1695.95,2026-04-19T10:00:27,CONFIRMED,
RED-000218,CPN-0041,OFR-0061,CUS-000024,TXN-0008408,1695.95,1695.95,2026-04-19T11:13:27,DUPLICATE_REJECTED,DUPLICATE_REDEMPTION
RED-000219,CPN-0016,OFR-0036,CUS-000024,TXN-0008527,3275.73,560.00,2026-04-21T01:07:29,CONFIRMED,
RED-000220,CPN-0016,OFR-0036,CUS-000013,TXN-0008528,3983.27,560.00,2026-04-21T03:47:14,CONFIRMED,
RED-000221,CPN-0074,OFR-0094,CUS-000818,TXN-0008529,950.00,100.00,2026-04-21T04:06:00,REJECTED,OFFER_NOT_STARTED
RED-000222,CPN-0016,OFR-0036,CUS-000716,TXN-0008539,4244.95,560.00,2026-04-21T10:37:48,CONFIRMED,
RED-000223,CPN-0041,OFR-0061,CUS-000830,TXN-0008599,1216.35,1216.35,2026-04-22T05:11:44,CONFIRMED,
RED-000224,CPN-0027,OFR-0047,CUS-000779,TXN-0008670,3480.00,200.00,2026-04-22T22:44:51,CONFIRMED,
RED-000225,CPN-0027,OFR-0047,CUS-000068,TXN-0008671,1381.41,200.00,2026-04-23T01:56:00,CONFIRMED,
RED-000226,CPN-0027,OFR-0047,CUS-000818,TXN-0008672,1545.00,200.00,2026-04-23T06:37:58,CONFIRMED,
RED-000227,CPN-0027,OFR-0047,CUS-000198,TXN-0008673,1272.93,200.00,2026-04-23T07:19:57,CONFIRMED,
RED-000228,CPN-0027,OFR-0047,CUS-000080,TXN-0008687,1191.87,200.00,2026-04-23T11:29:17,CONFIRMED,
RED-000229,CPN-0052,OFR-0072,CUS-000779,TXN-0008706,541.99,27.10,2026-04-23T13:55:54,CONFIRMED,
RED-000230,CPN-0052,OFR-0072,CUS-000779,TXN-0008706,541.99,27.10,2026-04-23T14:24:54,DUPLICATE_REJECTED,DUPLICATE_REDEMPTION
RED-000231,CPN-0027,OFR-0047,CUS-000139,TXN-0008711,1523.00,200.00,2026-04-23T16:28:57,CONFIRMED,
RED-000232,CPN-0027,OFR-0047,CUS-000820,TXN-0008721,1308.13,200.00,2026-04-23T17:33:53,CONFIRMED,
RED-000233,CPN-0027,OFR-0047,CUS-000820,TXN-0008721,1308.13,200.00,2026-04-23T17:57:53,DUPLICATE_REJECTED,DUPLICATE_REDEMPTION
RED-000234,CPN-0052,OFR-0072,CUS-000839,TXN-0008733,637.50,31.88,2026-04-23T19:19:46,CONFIRMED,
RED-000235,CPN-0027,OFR-0047,CUS-000815,TXN-0008740,2246.45,200.00,2026-04-23T20:42:05,CONFIRMED,
RED-000236,CPN-0027,OFR-0047,CUS-000815,TXN-0008740,2246.45,200.00,2026-04-23T21:26:05,DUPLICATE_REJECTED,DUPLICATE_REDEMPTION
RED-000237,CPN-0052,OFR-0072,CUS-000193,TXN-0008743,2044.00,102.20,2026-04-23T21:56:41,CONFIRMED,
RED-000238,CPN-0052,OFR-0072,CUS-000029,TXN-0008744,594.27,29.71,2026-04-24T01:55:52,CONFIRMED,
RED-000239,CPN-0052,OFR-0072,CUS-000029,TXN-0008744,594.27,29.71,2026-04-24T03:20:52,DUPLICATE_REJECTED,DUPLICATE_REDEMPTION
RED-000240,CPN-0027,OFR-0047,CUS-000106,TXN-0008745,2191.00,200.00,2026-04-24T04:05:27,CONFIRMED,
RED-000241,CPN-0027,OFR-0047,CUS-000114,TXN-0008746,1485.22,200.00,2026-04-24T05:05:55,CONFIRMED,
RED-000242,CPN-0027,OFR-0047,CUS-000188,TXN-0008751,2323.00,200.00,2026-04-24T08:05:58,CONFIRMED,
RED-000243,CPN-0027,OFR-0047,CUS-000029,TXN-0008758,1348.88,200.00,2026-04-24T09:45:26,CONFIRMED,
RED-000244,CPN-0052,OFR-0072,CUS-000458,TXN-0008778,932.53,46.63,2026-04-24T13:00:54,CONFIRMED,
RED-000245,CPN-0052,OFR-0072,CUS-000458,TXN-0008778,932.53,46.63,2026-04-24T13:17:54,DUPLICATE_REJECTED,DUPLICATE_REDEMPTION
RED-000246,CPN-0052,OFR-0072,CUS-000777,TXN-0008797,1920.00,96.00,2026-04-24T16:56:05,CONFIRMED,
RED-000247,CPN-0074,OFR-0094,CUS-000703,TXN-0008833,792.38,100.00,2026-04-24T20:41:07,CONFIRMED,
RED-000248,CPN-0052,OFR-0072,CUS-000106,TXN-0008835,947.29,47.36,2026-04-25T00:33:01,CONFIRMED,
RED-000249,CPN-0052,OFR-0072,CUS-000906,TXN-0008836,816.94,40.85,2026-04-25T05:39:16,CONFIRMED,
RED-000250,CPN-0052,OFR-0072,CUS-000441,TXN-0008838,1547.09,77.35,2026-04-25T06:20:35,CONFIRMED,
RED-000251,CPN-0027,OFR-0047,CUS-000572,TXN-0008846,4000.00,200.00,2026-04-25T09:11:58,CONFIRMED,
RED-000252,CPN-0052,OFR-0072,CUS-000126,TXN-0008847,2746.00,137.30,2026-04-25T09:31:44,CONFIRMED,
RED-000253,CPN-0052,OFR-0072,CUS-000498,TXN-0008866,791.97,39.60,2026-04-25T13:15:14,CONFIRMED,
RED-000254,CPN-0074,OFR-0094,CUS-000194,TXN-0008874,700.00,100.00,2026-04-25T13:59:29,CONFIRMED,
RED-000255,CPN-0052,OFR-0072,CUS-000132,TXN-0008892,616.65,30.83,2026-04-25T17:51:50,CONFIRMED,
RED-000256,CPN-0052,OFR-0072,CUS-000053,TXN-0008916,619.89,30.99,2026-04-26T07:59:58,CONFIRMED,
RED-000257,CPN-0052,OFR-0072,CUS-000826,TXN-0008918,2304.00,115.20,2026-04-26T08:06:27,CONFIRMED,
RED-000258,CPN-0074,OFR-0094,CUS-000068,TXN-0008928,1101.00,100.00,2026-04-26T10:24:32,CONFIRMED,
RED-000259,CPN-0074,OFR-0094,CUS-000807,TXN-0008945,829.00,100.00,2026-04-26T16:09:00,REJECTED,INELIGIBLE_CUSTOMER
RED-000260,CPN-0074,OFR-0094,CUS-000491,TXN-0008948,722.16,100.00,2026-04-26T16:15:41,CONFIRMED,
RED-000261,CPN-0027,OFR-0047,CUS-000921,TXN-0008951,1440.01,200.00,2026-04-26T17:03:11,CONFIRMED,
RED-000262,CPN-0074,OFR-0094,CUS-000682,TXN-0008954,700.00,100.00,2026-04-26T17:45:57,CONFIRMED,
RED-000263,CPN-0052,OFR-0072,CUS-000944,TXN-0008974,2659.87,132.99,2026-04-26T19:48:58,CONFIRMED,
RED-000264,CPN-0052,OFR-0072,CUS-000439,TXN-0008985,2742.00,137.10,2026-04-26T22:23:38,CONFIRMED,
RED-000265,CPN-0074,OFR-0094,CUS-000818,TXN-0008986,452.58,100.00,2026-04-27T00:40:36,REJECTED,BELOW_MINIMUM_SPEND
RED-000266,CPN-0027,OFR-0047,CUS-000698,TXN-0008987,4000.00,200.00,2026-04-27T00:56:22,CONFIRMED,
RED-000267,CPN-0074,OFR-0094,CUS-000818,TXN-0008988,5001.20,100.00,2026-04-27T01:21:36,REJECTED,WRONG_MERCHANT
RED-000268,CPN-0074,OFR-0094,CUS-000818,TXN-0008989,849.00,100.00,2026-04-27T01:29:36,REJECTED,WRONG_CUSTOMER
RED-000269,CPN-0074,OFR-0094,CUS-000172,TXN-0008990,700.00,100.00,2026-04-27T01:29:49,CONFIRMED,
RED-000270,CPN-0074,OFR-0094,CUS-000818,TXN-0008991,950.00,100.00,2026-04-27T01:38:36,REJECTED,TRANSACTION_FAILED
RED-000271,CPN-0074,OFR-0094,CUS-000818,TXN-0008992,899.00,100.00,2026-04-27T01:49:36,REJECTED,TRANSACTION_REVERSED
RED-000272,CPN-0074,OFR-0094,CUS-000173,TXN-0008993,700.00,100.00,2026-04-27T02:02:02,CONFIRMED,
RED-000273,CPN-0052,OFR-0072,CUS-000133,TXN-0009002,3350.57,167.53,2026-04-27T09:01:37,CONFIRMED,
RED-000274,CPN-0027,OFR-0047,CUS-000143,TXN-0009045,1198.45,200.00,2026-04-27T18:27:42,CONFIRMED,
RED-000275,CPN-0074,OFR-0094,CUS-000133,TXN-0009059,771.25,100.00,2026-04-27T22:02:31,CONFIRMED,
RED-000276,CPN-0052,OFR-0072,CUS-000100,TXN-0009060,553.48,27.67,2026-04-28T01:16:06,CONFIRMED,
RED-000277,CPN-0027,OFR-0047,CUS-000943,TXN-0009061,816.70,200.00,2026-04-28T02:58:00,CONFIRMED,
RED-000278,CPN-0027,OFR-0047,CUS-000174,TXN-0009062,2179.81,200.00,2026-04-28T03:25:12,CONFIRMED,
RED-000279,CPN-0027,OFR-0047,CUS-000826,TXN-0009063,892.75,200.00,2026-04-28T03:26:41,CONFIRMED,
RED-000280,CPN-0052,OFR-0072,CUS-000145,TXN-0009064,2646.00,132.30,2026-04-28T03:39:52,CONFIRMED,
RED-000281,CPN-0027,OFR-0047,CUS-000943,TXN-0009061,816.70,200.00,2026-04-28T03:58:00,DUPLICATE_REJECTED,DUPLICATE_REDEMPTION
RED-000282,CPN-0027,OFR-0047,CUS-000914,TXN-0009070,1367.51,200.00,2026-04-28T08:40:25,CONFIRMED,
RED-000283,CPN-0027,OFR-0047,CUS-000145,TXN-0009076,1153.21,200.00,2026-04-28T09:45:04,CONFIRMED,
RED-000284,CPN-0074,OFR-0094,CUS-000698,TXN-0009093,950.00,100.00,2026-04-28T12:20:50,CONFIRMED,
RED-000285,CPN-0074,OFR-0094,CUS-000169,TXN-0009094,848.49,100.00,2026-04-28T12:25:54,CONFIRMED,
RED-000286,CPN-0027,OFR-0047,CUS-000124,TXN-0009107,1149.82,200.00,2026-04-28T15:17:57,CONFIRMED,
RED-000287,CPN-0027,OFR-0047,CUS-000050,TXN-0009134,1135.43,200.00,2026-04-28T19:33:19,CONFIRMED,
RED-000288,CPN-0027,OFR-0047,CUS-000828,TXN-0009148,2123.00,200.00,2026-04-29T01:59:01,CONFIRMED,
RED-000289,CPN-0052,OFR-0072,CUS-000463,TXN-0009156,895.43,44.77,2026-04-29T08:55:00,CONFIRMED,
RED-000290,CPN-0074,OFR-0094,CUS-000079,TXN-0009164,700.00,100.00,2026-04-29T09:58:36,CONFIRMED,
RED-000291,CPN-0052,OFR-0072,CUS-000165,TXN-0009181,2306.00,115.30,2026-04-29T14:13:40,CONFIRMED,
RED-000292,CPN-0074,OFR-0094,CUS-000438,TXN-0009215,1128.09,100.00,2026-04-29T21:54:36,CONFIRMED,
RED-000293,CPN-0074,OFR-0094,CUS-000889,TXN-0009217,700.00,100.00,2026-04-30T01:59:18,CONFIRMED,
RED-000294,CPN-0074,OFR-0094,CUS-000889,TXN-0009217,700.00,100.00,2026-04-30T02:59:18,DUPLICATE_REJECTED,DUPLICATE_REDEMPTION
RED-000295,CPN-0074,OFR-0094,CUS-000143,TXN-0009221,707.00,100.00,2026-04-30T08:13:50,CONFIRMED,
RED-000296,CPN-0074,OFR-0094,CUS-000476,TXN-0009280,1123.30,100.00,2026-05-01T06:34:06,CONFIRMED,
RED-000297,CPN-0027,OFR-0047,CUS-000142,TXN-0009309,1801.70,200.00,2026-05-01T15:04:29,CONFIRMED,
RED-000298,CPN-0027,OFR-0047,CUS-000464,TXN-0009313,1061.89,200.00,2026-05-01T16:53:48,CONFIRMED,
RED-000299,CPN-0052,OFR-0072,CUS-000198,TXN-0009338,816.86,40.84,2026-05-02T06:15:46,CONFIRMED,
RED-000300,CPN-0074,OFR-0094,CUS-000135,TXN-0009405,1061.14,100.00,2026-05-02T19:43:52,CONFIRMED,
RED-000301,CPN-0074,OFR-0094,CUS-000693,TXN-0009415,700.00,100.00,2026-05-03T04:59:52,CONFIRMED,
RED-000302,CPN-0074,OFR-0094,CUS-000761,TXN-0009448,718.26,100.00,2026-05-03T15:20:05,CONFIRMED,
RED-000303,CPN-0031,OFR-0051,CUS-000442,TXN-0009482,934.45,350.00,2026-05-04T08:59:23,CONFIRMED,
RED-000304,CPN-0031,OFR-0051,CUS-000181,TXN-0009504,1041.55,350.00,2026-05-04T12:56:22,CONFIRMED,
RED-000305,CPN-0056,OFR-0076,CUS-000668,TXN-0009544,2783.59,556.72,2026-05-04T21:55:37,CONFIRMED,
RED-000306,CPN-0056,OFR-0076,CUS-000111,TXN-0009545,1642.36,328.47,2026-05-05T02:15:42,CONFIRMED,
RED-000307,CPN-0056,OFR-0076,CUS-000122,TXN-0009546,2051.96,410.39,2026-05-05T05:09:08,CONFIRMED,
RED-000308,CPN-0056,OFR-0076,CUS-000944,TXN-0009547,1945.01,389.00,2026-05-05T05:31:33,CONFIRMED,
RED-000309,CPN-0056,OFR-0076,CUS-000743,TXN-0009555,2150.23,430.05,2026-05-05T09:06:31,CONFIRMED,
RED-000310,CPN-0031,OFR-0051,CUS-000793,TXN-0009568,705.00,350.00,2026-05-05T12:19:23,CONFIRMED,
RED-000311,CPN-0056,OFR-0076,CUS-000437,TXN-0009586,1558.18,311.64,2026-05-05T14:58:27,CONFIRMED,
RED-000312,CPN-0077,OFR-0097,CUS-000002,TXN-0009591,2564.00,400.00,2026-05-05T16:02:47,CONFIRMED,
RED-000313,CPN-0077,OFR-0097,CUS-000002,TXN-0009591,2564.00,400.00,2026-05-05T17:06:47,DUPLICATE_REJECTED,DUPLICATE_REDEMPTION
RED-000314,CPN-0031,OFR-0051,CUS-000788,TXN-0009613,1110.81,350.00,2026-05-05T20:40:39,CONFIRMED,
RED-000315,CPN-0077,OFR-0097,CUS-000925,TXN-0009618,1436.00,400.00,2026-05-05T21:53:31,CONFIRMED,
RED-000316,CPN-0077,OFR-0097,CUS-000756,TXN-0009620,522.26,400.00,2026-05-05T23:02:00,CONFIRMED,
RED-000317,CPN-0077,OFR-0097,CUS-000925,TXN-0009618,1436.00,400.00,2026-05-05T23:16:31,DUPLICATE_REJECTED,DUPLICATE_REDEMPTION
RED-000318,CPN-0077,OFR-0097,CUS-000474,TXN-0009621,527.05,400.00,2026-05-06T00:19:15,CONFIRMED,
RED-000319,CPN-0077,OFR-0097,CUS-000765,TXN-0009622,1333.00,400.00,2026-05-06T04:33:11,CONFIRMED,
RED-000320,CPN-0031,OFR-0051,CUS-000148,TXN-0009625,700.00,350.00,2026-05-06T06:28:37,CONFIRMED,
RED-000321,CPN-0056,OFR-0076,CUS-000131,TXN-0009626,1884.94,376.99,2026-05-06T07:05:59,CONFIRMED,
RED-000322,CPN-0077,OFR-0097,CUS-000708,TXN-0009629,612.46,400.00,2026-05-06T08:11:56,CONFIRMED,
RED-000323,CPN-0056,OFR-0076,CUS-000127,TXN-0009637,2571.78,514.36,2026-05-06T09:55:46,CONFIRMED,
RED-000324,CPN-0077,OFR-0097,CUS-000809,TXN-0009645,932.12,400.00,2026-05-06T10:58:33,CONFIRMED,
RED-000325,CPN-0077,OFR-0097,CUS-000801,TXN-0009661,846.50,400.00,2026-05-06T14:38:06,CONFIRMED,
RED-000326,CPN-0056,OFR-0076,CUS-000820,TXN-0009668,1581.13,316.23,2026-05-06T16:09:45,CONFIRMED,
RED-000327,CPN-0077,OFR-0097,CUS-000166,TXN-0009703,2050.00,400.00,2026-05-07T03:26:44,CONFIRMED,
RED-000328,CPN-0056,OFR-0076,CUS-000125,TXN-0009704,5000.00,800.00,2026-05-07T06:49:53,CONFIRMED,
RED-000329,CPN-0077,OFR-0097,CUS-000565,TXN-0009712,3227.75,400.00,2026-05-07T08:30:06,CONFIRMED,
RED-000330,CPN-0056,OFR-0076,CUS-000710,TXN-0009726,2743.60,548.72,2026-05-07T11:53:40,CONFIRMED,
RED-000331,CPN-0056,OFR-0076,CUS-000710,TXN-0009726,2743.60,548.72,2026-05-07T12:13:40,DUPLICATE_REJECTED,DUPLICATE_REDEMPTION
RED-000332,CPN-0077,OFR-0097,CUS-000013,TXN-0009745,2371.00,400.00,2026-05-07T14:57:42,CONFIRMED,
RED-000333,CPN-0031,OFR-0051,CUS-000797,TXN-0009778,1321.84,350.00,2026-05-07T19:30:32,CONFIRMED,
RED-000334,CPN-0077,OFR-0097,CUS-000744,TXN-0009788,843.44,400.00,2026-05-08T01:12:38,CONFIRMED,
RED-000335,CPN-0031,OFR-0051,CUS-000199,TXN-0009789,795.86,350.00,2026-05-08T03:09:50,CONFIRMED,
RED-000336,CPN-0031,OFR-0051,CUS-000199,TXN-0009789,795.86,350.00,2026-05-08T03:51:50,DUPLICATE_REJECTED,DUPLICATE_REDEMPTION
RED-000337,CPN-0056,OFR-0076,CUS-000433,TXN-0009790,2344.14,468.83,2026-05-08T06:27:56,CONFIRMED,
RED-000338,CPN-0056,OFR-0076,CUS-000103,TXN-0009800,2459.33,491.87,2026-05-08T10:21:18,CONFIRMED,
RED-000339,CPN-0031,OFR-0051,CUS-000787,TXN-0009823,1200.00,350.00,2026-05-08T15:19:18,CONFIRMED,
RED-000340,CPN-0077,OFR-0097,CUS-000024,TXN-0009840,2477.00,400.00,2026-05-08T18:41:40,CONFIRMED,
RED-000341,CPN-0056,OFR-0076,CUS-000815,TXN-0009857,2203.60,440.72,2026-05-08T22:01:39,CONFIRMED,
RED-000342,CPN-0056,OFR-0076,CUS-000727,TXN-0009858,1919.36,383.87,2026-05-09T05:09:54,CONFIRMED,
RED-000343,CPN-0077,OFR-0097,CUS-000746,TXN-0009859,1841.99,400.00,2026-05-09T05:15:21,CONFIRMED,
RED-000344,CPN-0031,OFR-0051,CUS-000098,TXN-0009860,700.00,350.00,2026-05-09T05:17:15,CONFIRMED,
RED-000345,CPN-0031,OFR-0051,CUS-000098,TXN-0009860,700.00,350.00,2026-05-09T05:54:15,DUPLICATE_REJECTED,DUPLICATE_REDEMPTION
RED-000346,CPN-0031,OFR-0051,CUS-000068,TXN-0009861,1292.90,350.00,2026-05-09T06:28:55,CONFIRMED,
RED-000347,CPN-0077,OFR-0097,CUS-000140,TXN-0009872,2248.00,400.00,2026-05-09T10:18:29,CONFIRMED,
RED-000348,CPN-0031,OFR-0051,CUS-000010,TXN-0009885,700.00,350.00,2026-05-09T13:07:34,CONFIRMED,
RED-000349,CPN-0077,OFR-0097,CUS-000065,TXN-0009890,642.93,400.00,2026-05-09T14:13:46,CONFIRMED,
RED-000350,CPN-0056,OFR-0076,CUS-000087,TXN-0009893,2024.54,404.91,2026-05-09T14:17:41,CONFIRMED,
RED-000351,CPN-0056,OFR-0076,CUS-000702,TXN-0009898,1570.32,314.06,2026-05-09T16:31:03,CONFIRMED,
RED-000352,CPN-0031,OFR-0051,CUS-000864,TXN-0009921,1007.63,350.00,2026-05-09T19:14:36,CONFIRMED,
RED-000353,CPN-0077,OFR-0097,CUS-000840,TXN-0009941,3407.13,400.00,2026-05-09T22:13:31,CONFIRMED,
RED-000354,CPN-0074,OFR-0094,CUS-000818,TXN-0009942,819.00,100.00,2026-05-09T23:06:00,REJECTED,OFFER_EXPIRED
RED-000355,CPN-0031,OFR-0051,CUS-000599,TXN-0009950,841.48,350.00,2026-05-10T08:20:58,CONFIRMED,
RED-000356,CPN-0056,OFR-0076,CUS-000485,TXN-0009993,2542.12,508.42,2026-05-10T20:42:41,CONFIRMED,
RED-000357,CPN-0034,OFR-0054,CUS-000829,TXN-0010022,1690.59,150.00,2026-05-11T12:43:29,CONFIRMED,
RED-000358,CPN-0077,OFR-0097,CUS-000464,TXN-0010048,641.33,400.00,2026-05-11T19:01:46,CONFIRMED,
RED-000359,CPN-0077,OFR-0097,CUS-000890,TXN-0010059,926.50,400.00,2026-05-11T20:41:53,CONFIRMED,
RED-000360,CPN-0034,OFR-0054,CUS-000148,TXN-0010061,2656.44,150.00,2026-05-11T23:46:14,CONFIRMED,
RED-000361,CPN-0034,OFR-0054,CUS-000159,TXN-0010062,2414.34,150.00,2026-05-12T04:10:18,CONFIRMED,
RED-000362,CPN-0077,OFR-0097,CUS-000723,TXN-0010067,542.18,400.00,2026-05-12T08:25:15,CONFIRMED,
RED-000363,CPN-0034,OFR-0054,CUS-000122,TXN-0010069,2588.26,150.00,2026-05-12T08:58:30,CONFIRMED,
RED-000364,CPN-0031,OFR-0051,CUS-000072,TXN-0010071,840.32,350.00,2026-05-12T09:13:21,CONFIRMED,
RED-000365,CPN-0077,OFR-0097,CUS-000125,TXN-0010073,512.60,400.00,2026-05-12T09:31:01,CONFIRMED,
RED-000366,CPN-0031,OFR-0051,CUS-000785,TXN-0010074,928.14,350.00,2026-05-12T09:34:13,CONFIRMED,
RED-000367,CPN-0034,OFR-0054,CUS-000122,TXN-0010069,2588.26,150.00,2026-05-12T09:57:30,DUPLICATE_REJECTED,DUPLICATE_REDEMPTION
RED-000368,CPN-0077,OFR-0097,CUS-000471,TXN-0010076,670.71,400.00,2026-05-12T10:43:32,CONFIRMED,
RED-000369,CPN-0034,OFR-0054,CUS-000106,TXN-0010078,1500.00,150.00,2026-05-12T10:56:58,CONFIRMED,
RED-000370,CPN-0034,OFR-0054,CUS-000106,TXN-0010078,1500.00,150.00,2026-05-12T12:11:58,DUPLICATE_REJECTED,DUPLICATE_REDEMPTION
RED-000371,CPN-0034,OFR-0054,CUS-000149,TXN-0010106,1500.00,150.00,2026-05-12T15:20:32,CONFIRMED,
RED-000372,CPN-0034,OFR-0054,CUS-000149,TXN-0010106,1500.00,150.00,2026-05-12T16:25:32,DUPLICATE_REJECTED,DUPLICATE_REDEMPTION
RED-000373,CPN-0066,OFR-0086,CUS-000758,TXN-0010142,3854.00,3854.00,2026-05-12T21:45:00,REJECTED,OFFER_NOT_STARTED
RED-000374,CPN-0034,OFR-0054,CUS-000605,TXN-0010143,1500.00,150.00,2026-05-12T22:15:38,CONFIRMED,
RED-000375,CPN-0056,OFR-0076,CUS-000697,TXN-0010144,2784.54,556.91,2026-05-13T06:43:05,CONFIRMED,
RED-000376,CPN-0034,OFR-0054,CUS-000152,TXN-0010150,1573.73,150.00,2026-05-13T08:00:46,CONFIRMED,
RED-000377,CPN-0056,OFR-0076,CUS-000921,TXN-0010184,5000.00,800.00,2026-05-13T18:23:48,CONFIRMED,
RED-000378,CPN-0056,OFR-0076,CUS-000921,TXN-0010184,5000.00,800.00,2026-05-13T19:17:48,DUPLICATE_REJECTED,DUPLICATE_REDEMPTION
RED-000379,CPN-0034,OFR-0054,CUS-000946,TXN-0010212,1500.00,150.00,2026-05-13T23:52:26,CONFIRMED,
RED-000380,CPN-0034,OFR-0054,CUS-000946,TXN-0010212,1500.00,150.00,2026-05-14T00:24:26,DUPLICATE_REJECTED,DUPLICATE_REDEMPTION
RED-000381,CPN-0034,OFR-0054,CUS-000819,TXN-0010213,1919.30,150.00,2026-05-14T04:14:56,CONFIRMED,
RED-000382,CPN-0034,OFR-0054,CUS-000033,TXN-0010225,1654.54,150.00,2026-05-14T08:17:26,CONFIRMED,
RED-000383,CPN-0034,OFR-0054,CUS-000864,TXN-0010263,1500.00,150.00,2026-05-14T17:07:00,CONFIRMED,
RED-000384,CPN-0066,OFR-0086,CUS-000803,TXN-0010284,4221.00,4221.00,2026-05-14T22:12:05,CONFIRMED,
RED-000385,CPN-0066,OFR-0086,CUS-000070,TXN-0010285,1269.34,1269.34,2026-05-15T00:53:52,CONFIRMED,
RED-000386,CPN-0034,OFR-0054,CUS-000709,TXN-0010286,1500.00,150.00,2026-05-15T03:01:22,CONFIRMED,
RED-000387,CPN-0066,OFR-0086,CUS-000133,TXN-0010287,7796.00,4700.00,2026-05-15T03:40:10,CONFIRMED,
RED-000388,CPN-0066,OFR-0086,CUS-000758,TXN-0010293,5355.00,4700.00,2026-05-15T08:30:12,CONFIRMED,
RED-000389,CPN-0066,OFR-0086,CUS-000150,TXN-0010346,1377.65,1377.65,2026-05-15T19:39:27,CONFIRMED,
RED-000390,CPN-0066,OFR-0086,CUS-000022,TXN-0010356,961.00,961.00,2026-05-15T20:39:43,CONFIRMED,
RED-000391,CPN-0034,OFR-0054,CUS-000088,TXN-0010361,1500.00,150.00,2026-05-16T05:42:00,CONFIRMED,
RED-000392,CPN-0066,OFR-0086,CUS-000432,TXN-0010383,6093.49,4700.00,2026-05-16T11:48:00,REJECTED,INELIGIBLE_CUSTOMER
RED-000393,CPN-0034,OFR-0054,CUS-000097,TXN-0010395,1500.00,150.00,2026-05-16T13:42:00,CONFIRMED,
RED-000394,CPN-0066,OFR-0086,CUS-000911,TXN-0010419,12000.00,4700.00,2026-05-16T19:23:51,CONFIRMED,
RED-000395,CPN-0034,OFR-0054,CUS-000093,TXN-0010424,1500.00,150.00,2026-05-16T21:42:00,CONFIRMED,
RED-000396,CPN-0034,OFR-0054,CUS-000806,TXN-0010452,1500.00,150.00,2026-05-17T13:09:43,CONFIRMED,
RED-000397,CPN-0034,OFR-0054,CUS-000806,TXN-0010452,1500.00,150.00,2026-05-17T13:18:43,DUPLICATE_REJECTED,DUPLICATE_REDEMPTION
RED-000398,CPN-0007,OFR-0027,CUS-000717,TXN-0010556,899.00,300.00,2026-05-19T00:07:00,REJECTED,OFFER_NOT_STARTED
RED-000399,CPN-0066,OFR-0086,CUS-000758,TXN-0010557,647.74,647.74,2026-05-19T01:06:12,REJECTED,BELOW_MINIMUM_SPEND
RED-000400,CPN-0066,OFR-0086,CUS-000758,TXN-0010558,3724.00,3724.00,2026-05-19T01:47:12,REJECTED,WRONG_MERCHANT
RED-000401,CPN-0066,OFR-0086,CUS-000758,TXN-0010559,4057.00,4057.00,2026-05-19T01:55:12,REJECTED,WRONG_CUSTOMER
RED-000402,CPN-0066,OFR-0086,CUS-000758,TXN-0010560,6723.90,4700.00,2026-05-19T02:04:12,REJECTED,TRANSACTION_FAILED
RED-000403,CPN-0020,OFR-0040,CUS-000070,TXN-0010602,1795.19,359.04,2026-05-19T18:02:57,CONFIRMED,
RED-000404,CPN-0066,OFR-0086,CUS-000783,TXN-0010629,1331.99,1331.99,2026-05-19T22:00:50,CONFIRMED,
RED-000405,CPN-0020,OFR-0040,CUS-000072,TXN-0010630,1975.20,395.04,2026-05-20T01:15:21,CONFIRMED,
RED-000406,CPN-0020,OFR-0040,CUS-000103,TXN-0010631,3481.00,696.20,2026-05-20T03:44:23,CONFIRMED,
RED-000407,CPN-0020,OFR-0040,CUS-000166,TXN-0010632,1984.80,396.96,2026-05-20T04:31:28,CONFIRMED,
RED-000408,CPN-0020,OFR-0040,CUS-000842,TXN-0010653,4903.00,960.00,2026-05-20T13:15:16,CONFIRMED,
RED-000409,CPN-0045,OFR-0065,CUS-000093,TXN-0010676,2957.00,2300.00,2026-05-20T18:24:58,CONFIRMED,
RED-000410,CPN-0045,OFR-0065,CUS-000155,TXN-0010680,697.05,697.05,2026-05-20T18:37:50,CONFIRMED,
RED-000411,CPN-0020,OFR-0040,CUS-000010,TXN-0010683,3232.00,646.40,2026-05-20T19:04:28,CONFIRMED,
RED-000412,CPN-0045,OFR-0065,CUS-000463,TXN-0010684,632.74,632.74,2026-05-20T19:10:07,CONFIRMED,
RED-000413,CPN-0045,OFR-0065,CUS-000943,TXN-0010687,2395.00,2300.00,2026-05-20T19:16:14,REJECTED,OFFER_BUDGET_EXHAUSTED
RED-000414,CPN-0020,OFR-0040,CUS-000152,TXN-0010693,2144.00,428.80,2026-05-20T20:12:37,CONFIRMED,
RED-000415,CPN-0045,OFR-0065,CUS-000840,TXN-0010700,857.43,857.43,2026-05-20T21:14:55,CONFIRMED,
RED-000416,CPN-0020,OFR-0040,CUS-000051,TXN-0010702,2077.66,415.53,2026-05-20T22:29:51,CONFIRMED,
RED-000417,CPN-0020,OFR-0040,CUS-000066,TXN-0010703,1772.00,354.40,2026-05-20T22:52:11,CONFIRMED,
RED-000418,CPN-0045,OFR-0065,CUS-000817,TXN-0010704,897.19,897.19,2026-05-21T06:37:43,CONFIRMED,
RED-000419,CPN-0020,OFR-0040,CUS-000111,TXN-0010705,2102.90,420.58,2026-05-21T06:48:50,CONFIRMED,
RED-000420,CPN-0045,OFR-0065,CUS-000022,TXN-0010712,3177.00,2300.00,2026-05-21T09:29:24,CONFIRMED,
RED-000421,CPN-0020,OFR-0040,CUS-000024,TXN-0010717,2033.17,406.63,2026-05-21T09:49:15,CONFIRMED,
RED-000422,CPN-0020,OFR-0040,CUS-000198,TXN-0010732,2662.57,532.51,2026-05-21T12:13:02,CONFIRMED,
RED-000423,CPN-0045,OFR-0065,CUS-000195,TXN-0010734,2381.00,2300.00,2026-05-21T12:25:59,CONFIRMED,
RED-000424,CPN-0020,OFR-0040,CUS-000007,TXN-0010737,2353.60,470.72,2026-05-21T12:44:57,CONFIRMED,
RED-000425,CPN-0020,OFR-0040,CUS-000181,TXN-0010748,2765.00,553.00,2026-05-21T15:08:50,CONFIRMED,
RED-000426,CPN-0020,OFR-0040,CUS-000761,TXN-0010775,3605.00,721.00,2026-05-21T20:31:19,CONFIRMED,
RED-000427,CPN-0020,OFR-0040,CUS-000133,TXN-0010778,2685.00,537.00,2026-05-22T03:15:02,CONFIRMED,
RED-000428,CPN-0020,OFR-0040,CUS-000881,TXN-0010806,2512.50,502.50,2026-05-22T14:36:59,CONFIRMED,
RED-000429,CPN-0007,OFR-0027,CUS-000150,TXN-0010821,860.44,300.00,2026-05-22T19:06:56,CONFIRMED,
RED-000430,CPN-0066,OFR-0086,CUS-000899,TXN-0010823,1406.13,1406.13,2026-05-22T19:10:17,CONFIRMED,
RED-000431,CPN-0007,OFR-0027,CUS-000449,TXN-0010836,1368.37,300.00,2026-05-23T00:35:15,CONFIRMED,
RED-000432,CPN-0045,OFR-0065,CUS-000713,TXN-0010837,4743.45,2300.00,2026-05-23T02:29:16,CONFIRMED,
RED-000433,CPN-0020,OFR-0040,CUS-000115,TXN-0010838,2782.84,556.57,2026-05-23T04:26:40,CONFIRMED,
RED-000434,CPN-0007,OFR-0027,CUS-000489,TXN-0010839,950.00,300.00,2026-05-23T04:50:50,CONFIRMED,
RED-000435,CPN-0007,OFR-0027,CUS-000684,TXN-0010840,1383.58,300.00,2026-05-23T05:15:38,CONFIRMED,
RED-000436,CPN-0045,OFR-0065,CUS-000456,TXN-0010845,2926.00,2300.00,2026-05-23T07:36:59,CONFIRMED,
RED-000437,CPN-0066,OFR-0086,CUS-000050,TXN-0010846,1408.79,1408.79,2026-05-23T07:38:22,CONFIRMED,
RED-000438,CPN-0020,OFR-0040,CUS-000891,TXN-0010848,2994.16,598.83,2026-05-23T07:58:55,CONFIRMED,
RED-000439,CPN-0007,OFR-0027,CUS-000103,TXN-0010849,800.00,300.00,2026-05-23T08:24:12,CONFIRMED,
RED-000440,CPN-0045,OFR-0065,CUS-000456,TXN-0010845,2926.00,2300.00,2026-05-23T08:59:59,DUPLICATE_REJECTED,DUPLICATE_REDEMPTION
RED-000441,CPN-0007,OFR-0027,CUS-000018,TXN-0010852,1500.77,300.00,2026-05-23T10:05:00,CONFIRMED,
RED-000442,CPN-0007,OFR-0027,CUS-000700,TXN-0010853,1170.82,300.00,2026-05-23T10:05:00,CONFIRMED,
RED-000443,CPN-0007,OFR-0027,CUS-000889,TXN-0010854,800.00,300.00,2026-05-23T10:05:00,REJECTED,OFFER_BUDGET_EXHAUSTED
RED-000444,CPN-0045,OFR-0065,CUS-000125,TXN-0010855,541.22,541.22,2026-05-23T10:34:30,CONFIRMED,
RED-000445,CPN-0045,OFR-0065,CUS-000931,TXN-0010856,756.46,756.46,2026-05-23T10:44:42,REJECTED,OFFER_BUDGET_EXHAUSTED
RED-000446,CPN-0007,OFR-0027,CUS-000093,TXN-0010860,1059.80,300.00,2026-05-23T12:05:00,CONFIRMED,
RED-000447,CPN-0007,OFR-0027,CUS-000560,TXN-0010861,997.68,300.00,2026-05-23T12:05:00,CONFIRMED,
RED-000448,CPN-0007,OFR-0027,CUS-000770,TXN-0010862,800.00,300.00,2026-05-23T12:05:00,CONFIRMED,
RED-000449,CPN-0007,OFR-0027,CUS-000880,TXN-0010867,1046.71,300.00,2026-05-23T13:05:00,CONFIRMED,
RED-000450,CPN-0007,OFR-0027,CUS-000683,TXN-0010872,1246.57,300.00,2026-05-23T14:05:00,CONFIRMED,
RED-000451,CPN-0007,OFR-0027,CUS-000910,TXN-0010873,800.00,300.00,2026-05-23T14:05:00,REJECTED,OFFER_BUDGET_EXHAUSTED
RED-000452,CPN-0007,OFR-0027,CUS-000021,TXN-0010876,1191.12,300.00,2026-05-23T15:05:00,CONFIRMED,
RED-000453,CPN-0007,OFR-0027,CUS-000072,TXN-0010877,879.00,300.00,2026-05-23T15:05:00,CONFIRMED,
RED-000454,CPN-0007,OFR-0027,CUS-000717,TXN-0010878,800.00,300.00,2026-05-23T15:05:00,CONFIRMED,
RED-000455,CPN-0045,OFR-0065,CUS-000179,TXN-0010899,910.99,910.99,2026-05-23T18:19:18,CONFIRMED,
RED-000456,CPN-0020,OFR-0040,CUS-000528,TXN-0010916,2620.96,524.19,2026-05-23T20:29:33,CONFIRMED,
RED-000457,CPN-0007,OFR-0027,CUS-000856,TXN-0010919,999.00,300.00,2026-05-24T04:06:00,REJECTED,CAMPAIGN_NOT_LIVE
RED-000458,CPN-0020,OFR-0040,CUS-000423,TXN-0010920,2253.00,450.60,2026-05-24T05:16:43,CONFIRMED,
RED-000459,CPN-0020,OFR-0040,CUS-000723,TXN-0010921,1894.03,378.81,2026-05-24T07:07:51,CONFIRMED,
RED-000460,CPN-0020,OFR-0040,CUS-000844,TXN-0010925,2820.72,564.14,2026-05-24T09:02:09,CONFIRMED,
RED-000461,CPN-0007,OFR-0027,CUS-000132,TXN-0010926,929.00,300.00,2026-05-24T09:10:00,REJECTED,INELIGIBLE_CUSTOMER
RED-000462,CPN-0045,OFR-0065,CUS-000461,TXN-0010936,808.64,808.64,2026-05-24T11:50:21,CONFIRMED,
RED-000463,CPN-0045,OFR-0065,CUS-000199,TXN-0010958,4130.48,2300.00,2026-05-24T16:56:38,CONFIRMED,
RED-000464,CPN-0020,OFR-0040,CUS-000155,TXN-0010993,2178.71,435.74,2026-05-24T22:46:23,CONFIRMED,
RED-000465,CPN-0020,OFR-0040,CUS-000683,TXN-0010994,1556.35,311.27,2026-05-24T23:14:16,CONFIRMED,
RED-000466,CPN-0045,OFR-0065,CUS-000847,TXN-0010995,5125.00,2300.00,2026-05-24T23:57:55,CONFIRMED,
RED-000467,CPN-0045,OFR-0065,CUS-000866,TXN-0010996,2963.00,2300.00,2026-05-25T01:09:56,CONFIRMED,
RED-000468,CPN-0020,OFR-0040,CUS-000795,TXN-0010997,2122.00,424.40,2026-05-25T05:37:21,CONFIRMED,
RED-000469,CPN-0045,OFR-0065,CUS-000423,TXN-0011039,672.89,672.89,2026-05-25T14:37:06,CONFIRMED,
RED-000470,CPN-0007,OFR-0027,CUS-000717,TXN-0011056,592.70,300.00,2026-05-25T17:36:18,REJECTED,BELOW_MINIMUM_SPEND
RED-000471,CPN-0007,OFR-0027,CUS-000717,TXN-0011063,1532.00,300.00,2026-05-25T18:17:18,REJECTED,WRONG_MERCHANT
RED-000472,CPN-0007,OFR-0027,CUS-000717,TXN-0011066,949.00,300.00,2026-05-25T18:25:18,REJECTED,WRONG_CUSTOMER
RED-000473,CPN-0007,OFR-0027,CUS-000717,TXN-0011068,999.00,300.00,2026-05-25T18:34:18,REJECTED,TRANSACTION_FAILED
RED-000474,CPN-0007,OFR-0027,CUS-000717,TXN-0011070,999.00,300.00,2026-05-25T18:45:18,REJECTED,TRANSACTION_REVERSED
RED-000475,CPN-0045,OFR-0065,CUS-000057,TXN-0011074,4020.00,2300.00,2026-05-25T19:40:07,CONFIRMED,
RED-000476,CPN-0020,OFR-0040,CUS-000486,TXN-0011083,1850.22,370.04,2026-05-25T22:29:03,CONFIRMED,
RED-000477,CPN-0020,OFR-0040,CUS-000698,TXN-0011095,2784.00,556.80,2026-05-26T10:10:04,CONFIRMED,
RED-000478,CPN-0020,OFR-0040,CUS-000879,TXN-0011214,5094.00,960.00,2026-05-27T19:21:21,CONFIRMED,
RED-000479,CPN-0020,OFR-0040,CUS-000727,TXN-0011232,1568.18,313.64,2026-05-28T07:11:12,CONFIRMED,
RED-000480,CPN-0045,OFR-0065,CUS-000173,TXN-0011271,833.46,833.46,2026-05-28T18:09:51,CONFIRMED,
RED-000481,CPN-0045,OFR-0065,CUS-000186,TXN-0011287,795.97,795.97,2026-05-28T20:44:03,CONFIRMED,
RED-000482,CPN-0045,OFR-0065,CUS-000792,TXN-0011293,4808.00,2300.00,2026-05-28T22:41:25,CONFIRMED,
RED-000483,CPN-0045,OFR-0065,CUS-000783,TXN-0011294,652.69,652.69,2026-05-29T01:49:08,CONFIRMED,
RED-000484,CPN-0049,OFR-0069,CUS-000174,TXN-0011547,885.68,500.00,2026-06-01T21:48:29,CONFIRMED,
RED-000485,CPN-0049,OFR-0069,CUS-000070,TXN-0011548,1706.80,500.00,2026-06-01T22:21:05,CONFIRMED,
RED-000486,CPN-0049,OFR-0069,CUS-000050,TXN-0011549,2359.45,500.00,2026-06-01T22:27:39,CONFIRMED,
RED-000487,CPN-0066,OFR-0086,CUS-000758,TXN-0011550,11001.95,4700.00,2026-06-01T22:45:00,REJECTED,OFFER_EXPIRED
RED-000488,CPN-0049,OFR-0069,CUS-000879,TXN-0011554,1880.91,500.00,2026-06-02T08:19:25,CONFIRMED,
RED-000489,CPN-0049,OFR-0069,CUS-000451,TXN-0011555,707.93,500.00,2026-06-02T08:24:50,CONFIRMED,
RED-000490,CPN-0049,OFR-0069,CUS-000064,TXN-0011556,1316.00,500.00,2026-06-02T08:44:54,CONFIRMED,
RED-000491,CPN-0049,OFR-0069,CUS-000627,TXN-0011560,641.84,500.00,2026-06-02T10:26:19,CONFIRMED,
RED-000492,CPN-0049,OFR-0069,CUS-000074,TXN-0011601,1749.97,500.00,2026-06-03T03:08:55,CONFIRMED,
RED-000493,CPN-0049,OFR-0069,CUS-000458,TXN-0011602,815.00,500.00,2026-06-03T08:14:53,CONFIRMED,
RED-000494,CPN-0049,OFR-0069,CUS-000450,TXN-0011615,909.84,500.00,2026-06-03T11:03:25,CONFIRMED,
RED-000495,CPN-0049,OFR-0069,CUS-000018,TXN-0011634,1409.00,500.00,2026-06-03T17:02:44,CONFIRMED,
RED-000496,CPN-0049,OFR-0069,CUS-000691,TXN-0011649,619.04,500.00,2026-06-04T02:18:53,CONFIRMED,
RED-000497,CPN-0049,OFR-0069,CUS-000698,TXN-0011652,1123.00,500.00,2026-06-04T07:05:58,CONFIRMED,
RED-000498,CPN-0049,OFR-0069,CUS-000863,TXN-0011668,740.06,500.00,2026-06-04T11:07:50,CONFIRMED,
RED-000499,CPN-0049,OFR-0069,CUS-000097,TXN-0011693,3000.00,500.00,2026-06-04T17:27:08,CONFIRMED,
RED-000500,CPN-0049,OFR-0069,CUS-000159,TXN-0011721,1112.71,500.00,2026-06-05T00:37:09,CONFIRMED,
RED-000501,CPN-0049,OFR-0069,CUS-000159,TXN-0011721,1112.71,500.00,2026-06-05T00:55:09,DUPLICATE_REJECTED,DUPLICATE_REDEMPTION
RED-000502,CPN-0049,OFR-0069,CUS-000053,TXN-0011723,651.61,500.00,2026-06-05T07:36:54,CONFIRMED,
RED-000503,CPN-0049,OFR-0069,CUS-000914,TXN-0011769,828.00,500.00,2026-06-06T01:38:45,CONFIRMED,
RED-000504,CPN-0049,OFR-0069,CUS-000904,TXN-0011770,788.86,500.00,2026-06-06T06:39:27,CONFIRMED,
RED-000505,CPN-0007,OFR-0027,CUS-000717,TXN-0011778,919.00,300.00,2026-06-06T10:07:00,REJECTED,OFFER_EXPIRED
RED-000506,CPN-0049,OFR-0069,CUS-000857,TXN-0011829,1039.25,500.00,2026-06-06T21:47:30,CONFIRMED,
RED-000507,CPN-0049,OFR-0069,CUS-000775,TXN-0011861,732.90,500.00,2026-06-07T15:20:08,CONFIRMED,
RED-000508,CPN-0049,OFR-0069,CUS-000079,TXN-0011894,1557.00,500.00,2026-06-08T09:06:24,CONFIRMED,
RED-000509,CPN-0049,OFR-0069,CUS-000079,TXN-0011894,1557.00,500.00,2026-06-08T09:31:24,DUPLICATE_REJECTED,DUPLICATE_REDEMPTION
RED-000510,CPN-0049,OFR-0069,CUS-000072,TXN-0011896,774.00,500.00,2026-06-08T09:57:18,CONFIRMED,
RED-000511,CPN-0035,OFR-0055,CUS-000717,TXN-0012045,7806.00,1700.00,2026-06-11T04:35:35,CONFIRMED,
RED-000512,CPN-0035,OFR-0055,CUS-000005,TXN-0012046,1651.50,1651.50,2026-06-11T07:24:34,CONFIRMED,
RED-000513,CPN-0035,OFR-0055,CUS-000723,TXN-0012056,2693.84,1700.00,2026-06-11T11:00:02,CONFIRMED,
RED-000514,CPN-0035,OFR-0055,CUS-000161,TXN-0012072,6424.00,1700.00,2026-06-11T14:59:34,CONFIRMED,
RED-000515,CPN-0035,OFR-0055,CUS-000941,TXN-0012083,5841.00,1700.00,2026-06-11T18:14:25,CONFIRMED,
RED-000516,CPN-0035,OFR-0055,CUS-000941,TXN-0012083,5841.00,1700.00,2026-06-11T18:23:25,DUPLICATE_REJECTED,DUPLICATE_REDEMPTION
RED-000517,CPN-0035,OFR-0055,CUS-000070,TXN-0012092,5062.00,1700.00,2026-06-11T20:04:12,CONFIRMED,
RED-000518,CPN-0060,OFR-0080,CUS-000013,TXN-0012093,4414.76,76.00,2026-06-11T20:12:44,CONFIRMED,
RED-000519,CPN-0035,OFR-0055,CUS-000159,TXN-0012096,9000.00,1700.00,2026-06-12T00:28:32,CONFIRMED,
RED-000520,CPN-0035,OFR-0055,CUS-000722,TXN-0012097,2542.88,1700.00,2026-06-12T05:08:11,CONFIRMED,
RED-000521,CPN-0035,OFR-0055,CUS-000791,TXN-0012098,5339.08,1700.00,2026-06-12T06:24:47,CONFIRMED,
RED-000522,CPN-0035,OFR-0055,CUS-000139,TXN-0012105,2403.68,1700.00,2026-06-12T09:46:13,CONFIRMED,
RED-000523,CPN-0035,OFR-0055,CUS-000129,TXN-0012111,2437.00,1700.00,2026-06-12T10:45:53,CONFIRMED,
RED-000524,CPN-0035,OFR-0055,CUS-000129,TXN-0012111,2437.00,1700.00,2026-06-12T12:05:53,DUPLICATE_REJECTED,DUPLICATE_REDEMPTION
RED-000525,CPN-0060,OFR-0080,CUS-000069,TXN-0012118,2500.00,76.00,2026-06-12T12:37:59,CONFIRMED,
RED-000526,CPN-0035,OFR-0055,CUS-000143,TXN-0012119,1709.03,1700.00,2026-06-12T12:42:05,CONFIRMED,
RED-000527,CPN-0035,OFR-0055,CUS-000107,TXN-0012122,3692.27,1700.00,2026-06-12T12:58:22,CONFIRMED,
RED-000528,CPN-0060,OFR-0080,CUS-000106,TXN-0012131,2500.00,76.00,2026-06-12T14:04:43,CONFIRMED,
RED-000529,CPN-0035,OFR-0055,CUS-000789,TXN-0012136,3649.00,1700.00,2026-06-12T17:00:27,CONFIRMED,
RED-000530,CPN-0060,OFR-0080,CUS-000748,TXN-0012152,2500.00,76.00,2026-06-13T00:15:22,CONFIRMED,
RED-000531,CPN-0035,OFR-0055,CUS-000150,TXN-0012153,2017.20,1700.00,2026-06-13T01:07:06,CONFIRMED,
RED-000532,CPN-0060,OFR-0080,CUS-000439,TXN-0012154,2789.25,76.00,2026-06-13T01:59:41,CONFIRMED,
RED-000533,CPN-0060,OFR-0080,CUS-000439,TXN-0012154,2789.25,76.00,2026-06-13T02:44:41,DUPLICATE_REJECTED,DUPLICATE_REDEMPTION
RED-000534,CPN-0035,OFR-0055,CUS-000802,TXN-0012155,2751.22,1700.00,2026-06-13T05:23:27,CONFIRMED,
RED-000535,CPN-0035,OFR-0055,CUS-000826,TXN-0012176,1944.10,1700.00,2026-06-13T14:47:35,CONFIRMED,
RED-000536,CPN-0035,OFR-0055,CUS-000147,TXN-0012187,2227.62,1700.00,2026-06-13T17:09:32,CONFIRMED,
RED-000537,CPN-0035,OFR-0055,CUS-000580,TXN-0012210,3552.00,1700.00,2026-06-14T01:47:07,CONFIRMED,
RED-000538,CPN-0060,OFR-0080,CUS-000100,TXN-0012211,2877.15,76.00,2026-06-14T04:11:44,CONFIRMED,
RED-000539,CPN-0060,OFR-0080,CUS-000811,TXN-0012213,2500.00,76.00,2026-06-14T06:36:47,CONFIRMED,
RED-000540,CPN-0035,OFR-0055,CUS-000155,TXN-0012217,1609.93,1609.93,2026-06-14T08:33:30,CONFIRMED,
RED-000541,CPN-0060,OFR-0080,CUS-000072,TXN-0012219,4241.90,76.00,2026-06-14T10:00:32,CONFIRMED,
RED-000542,CPN-0035,OFR-0055,CUS-000047,TXN-0012258,1635.79,1635.79,2026-06-15T04:35:22,CONFIRMED,
RED-000543,CPN-0035,OFR-0055,CUS-000049,TXN-0012259,1988.11,1700.00,2026-06-15T05:41:29,CONFIRMED,
RED-000544,CPN-0035,OFR-0055,CUS-000557,TXN-0012262,2462.17,1700.00,2026-06-15T08:35:39,CONFIRMED,
RED-000545,CPN-0035,OFR-0055,CUS-000458,TXN-0012278,2613.17,1700.00,2026-06-15T13:01:42,CONFIRMED,
RED-000546,CPN-0035,OFR-0055,CUS-000730,TXN-0012317,6782.00,1700.00,2026-06-16T00:30:32,CONFIRMED,
RED-000547,CPN-0035,OFR-0055,CUS-000730,TXN-0012317,6782.00,1700.00,2026-06-16T00:57:32,DUPLICATE_REJECTED,DUPLICATE_REDEMPTION
RED-000548,CPN-0060,OFR-0080,CUS-000864,TXN-0012318,2500.00,76.00,2026-06-16T04:06:25,CONFIRMED,
RED-000549,CPN-0035,OFR-0055,CUS-000127,TXN-0012346,2503.63,1700.00,2026-06-16T15:53:42,CONFIRMED,
RED-000550,CPN-0035,OFR-0055,CUS-000884,TXN-0012379,2104.18,1700.00,2026-06-17T01:51:24,CONFIRMED,
RED-000551,CPN-0060,OFR-0080,CUS-000828,TXN-0012380,2500.00,76.00,2026-06-17T04:59:14,CONFIRMED,
RED-000552,CPN-0035,OFR-0055,CUS-000054,TXN-0012383,2220.95,1700.00,2026-06-17T08:31:54,CONFIRMED,
RED-000553,CPN-0035,OFR-0055,CUS-000054,TXN-0012383,2220.95,1700.00,2026-06-17T08:52:54,DUPLICATE_REJECTED,DUPLICATE_REDEMPTION
RED-000554,CPN-0035,OFR-0055,CUS-000467,TXN-0012392,9000.00,1700.00,2026-06-17T11:21:10,CONFIRMED,
RED-000555,CPN-0035,OFR-0055,CUS-000028,TXN-0012404,2574.42,1700.00,2026-06-17T15:39:27,CONFIRMED,
RED-000556,CPN-0038,OFR-0058,CUS-000881,TXN-0012428,9000.00,1700.00,2026-06-18T06:12:29,CONFIRMED,
RED-000557,CPN-0038,OFR-0058,CUS-000692,TXN-0012436,2488.51,1700.00,2026-06-18T10:35:15,CONFIRMED,
RED-000558,CPN-0038,OFR-0058,CUS-000064,TXN-0012439,4216.18,1700.00,2026-06-18T10:47:30,CONFIRMED,
RED-000559,CPN-0060,OFR-0080,CUS-000761,TXN-0012449,2500.00,76.00,2026-06-18T12:36:18,CONFIRMED,
RED-000560,CPN-0038,OFR-0058,CUS-000567,TXN-0012464,3058.61,1700.00,2026-06-18T17:45:25,CONFIRMED,
RED-000561,CPN-0038,OFR-0058,CUS-000897,TXN-0012480,9000.00,1700.00,2026-06-18T19:52:57,CONFIRMED,
RED-000562,CPN-0038,OFR-0058,CUS-000751,TXN-0012487,4717.00,1700.00,2026-06-18T20:47:12,CONFIRMED,
RED-000563,CPN-0038,OFR-0058,CUS-000751,TXN-0012487,4717.00,1700.00,2026-06-18T22:00:12,DUPLICATE_REJECTED,DUPLICATE_REDEMPTION
RED-000564,CPN-0038,OFR-0058,CUS-000128,TXN-0012491,4000.00,1700.00,2026-06-19T03:25:52,CONFIRMED,
RED-000565,CPN-0035,OFR-0055,CUS-000099,TXN-0012492,4136.00,1700.00,2026-06-19T04:56:49,CONFIRMED,
RED-000566,CPN-0035,OFR-0055,CUS-000531,TXN-0012493,2508.55,1700.00,2026-06-19T05:33:38,CONFIRMED,
RED-000567,CPN-0035,OFR-0055,CUS-000157,TXN-0012495,2548.18,1700.00,2026-06-19T08:03:26,CONFIRMED,
RED-000568,CPN-0035,OFR-0055,CUS-000065,TXN-0012496,2694.01,1700.00,2026-06-19T08:18:16,CONFIRMED,
RED-000569,CPN-0038,OFR-0058,CUS-000131,TXN-0012497,2290.87,1700.00,2026-06-19T08:20:46,CONFIRMED,
RED-000570,CPN-0035,OFR-0055,CUS-000018,TXN-0012500,1652.78,1652.78,2026-06-19T08:46:41,CONFIRMED,
RED-000571,CPN-0038,OFR-0058,CUS-000925,TXN-0012507,6160.00,1700.00,2026-06-19T11:00:23,CONFIRMED,
RED-000572,CPN-0038,OFR-0058,CUS-000925,TXN-0012507,6160.00,1700.00,2026-06-19T11:37:23,DUPLICATE_REJECTED,DUPLICATE_REDEMPTION
RED-000573,CPN-0038,OFR-0058,CUS-000173,TXN-0012524,3307.83,1700.00,2026-06-19T19:48:47,CONFIRMED,
RED-000574,CPN-0038,OFR-0058,CUS-000890,TXN-0012529,6725.00,1700.00,2026-06-19T20:20:48,CONFIRMED,
RED-000575,CPN-0038,OFR-0058,CUS-000061,TXN-0012538,3201.14,1700.00,2026-06-20T00:39:56,CONFIRMED,
RED-000576,CPN-0060,OFR-0080,CUS-000700,TXN-0012539,3651.89,76.00,2026-06-20T04:26:55,CONFIRMED,
RED-000577,CPN-0060,OFR-0080,CUS-000700,TXN-0012539,3651.89,76.00,2026-06-20T05:17:55,DUPLICATE_REJECTED,DUPLICATE_REDEMPTION
RED-000578,CPN-0038,OFR-0058,CUS-000775,TXN-0012540,7599.00,1700.00,2026-06-20T07:32:57,CONFIRMED,
RED-000579,CPN-0038,OFR-0058,CUS-000070,TXN-0012546,3320.38,1700.00,2026-06-20T08:34:44,CONFIRMED,
RED-000580,CPN-0038,OFR-0058,CUS-000145,TXN-0012549,9000.00,1700.00,2026-06-20T09:31:46,CONFIRMED,
RED-000581,CPN-0038,OFR-0058,CUS-000145,TXN-0012549,9000.00,1700.00,2026-06-20T10:22:46,DUPLICATE_REJECTED,DUPLICATE_REDEMPTION
RED-000582,CPN-0038,OFR-0058,CUS-000009,TXN-0012557,3638.00,1700.00,2026-06-20T11:04:26,CONFIRMED,
RED-000583,CPN-0038,OFR-0058,CUS-000486,TXN-0012594,3385.19,1700.00,2026-06-20T19:24:40,CONFIRMED,
RED-000584,CPN-0038,OFR-0058,CUS-000486,TXN-0012594,3385.19,1700.00,2026-06-20T20:26:40,DUPLICATE_REJECTED,DUPLICATE_REDEMPTION
RED-000585,CPN-0038,OFR-0058,CUS-000931,TXN-0012653,3397.04,1700.00,2026-06-22T09:20:28,CONFIRMED,
RED-000586,CPN-0038,OFR-0058,CUS-000580,TXN-0012657,5212.00,1700.00,2026-06-22T10:11:59,CONFIRMED,
RED-000587,CPN-0038,OFR-0058,CUS-000794,TXN-0012713,2740.06,1700.00,2026-06-23T03:53:20,CONFIRMED,
RED-000588,CPN-0038,OFR-0058,CUS-000164,TXN-0012734,3383.01,1700.00,2026-06-23T12:59:00,CONFIRMED,
RED-000589,CPN-0038,OFR-0058,CUS-000164,TXN-0012734,3383.01,1700.00,2026-06-23T14:17:00,DUPLICATE_REJECTED,DUPLICATE_REDEMPTION
RED-000590,CPN-0038,OFR-0058,CUS-000151,TXN-0012773,5464.00,1700.00,2026-06-24T10:58:30,CONFIRMED,
RED-000591,CPN-0038,OFR-0058,CUS-000594,TXN-0012785,3182.66,1700.00,2026-06-24T14:15:20,CONFIRMED,
RED-000592,CPN-0024,OFR-0044,CUS-000441,TXN-0012903,11284.00,1920.00,2026-06-26T21:05:33,REJECTED,OFFER_BUDGET_EXHAUSTED
RED-000593,CPN-0024,OFR-0044,CUS-000815,TXN-0012904,5000.00,1000.00,2026-06-26T23:09:11,REJECTED,OFFER_BUDGET_EXHAUSTED
RED-000594,CPN-0024,OFR-0044,CUS-000046,TXN-0012905,6120.00,1224.00,2026-06-27T00:08:57,REJECTED,OFFER_BUDGET_EXHAUSTED
RED-000595,CPN-0024,OFR-0044,CUS-000761,TXN-0012906,8809.58,1761.92,2026-06-27T01:32:18,REJECTED,OFFER_BUDGET_EXHAUSTED
RED-000596,CPN-0024,OFR-0044,CUS-000659,TXN-0012907,7956.15,1591.23,2026-06-27T02:58:50,REJECTED,OFFER_BUDGET_EXHAUSTED
RED-000597,CPN-0024,OFR-0044,CUS-000679,TXN-0012934,10379.00,1920.00,2026-06-27T17:52:52,REJECTED,OFFER_BUDGET_EXHAUSTED
RED-000598,CPN-0024,OFR-0044,CUS-000828,TXN-0012944,7010.00,1402.00,2026-06-27T19:41:34,REJECTED,OFFER_BUDGET_EXHAUSTED
RED-000599,CPN-0024,OFR-0044,CUS-000069,TXN-0012951,6044.41,1208.88,2026-06-27T22:27:16,REJECTED,OFFER_BUDGET_EXHAUSTED
RED-000600,CPN-0024,OFR-0044,CUS-000714,TXN-0012952,5970.55,1194.11,2026-06-28T03:24:48,REJECTED,OFFER_BUDGET_EXHAUSTED
RED-000601,CPN-0024,OFR-0044,CUS-000018,TXN-0012954,7078.00,1415.60,2026-06-28T08:52:52,REJECTED,OFFER_BUDGET_EXHAUSTED
RED-000602,CPN-0024,OFR-0044,CUS-000065,TXN-0012958,5852.00,1170.40,2026-06-28T10:17:28,REJECTED,OFFER_BUDGET_EXHAUSTED
RED-000603,CPN-0024,OFR-0044,CUS-000700,TXN-0012980,6689.28,1337.86,2026-06-28T17:38:11,REJECTED,OFFER_BUDGET_EXHAUSTED
RED-000604,CPN-0024,OFR-0044,CUS-000697,TXN-0012990,7587.00,1517.40,2026-06-28T18:29:34,REJECTED,OFFER_BUDGET_EXHAUSTED
RED-000605,CPN-0024,OFR-0044,CUS-000886,TXN-0012999,6285.00,1257.00,2026-06-29T04:30:29,REJECTED,OFFER_BUDGET_EXHAUSTED
RED-000606,CPN-0024,OFR-0044,CUS-000866,TXN-0013027,7617.55,1523.51,2026-06-29T15:55:50,REJECTED,OFFER_BUDGET_EXHAUSTED
RED-000607,CPN-0024,OFR-0044,CUS-000122,TXN-0013049,7527.00,1505.40,2026-06-29T21:59:33,REJECTED,OFFER_BUDGET_EXHAUSTED
RED-000608,CPN-0024,OFR-0044,CUS-000050,TXN-0013050,5863.00,1172.60,2026-06-29T22:19:04,REJECTED,OFFER_BUDGET_EXHAUSTED
RED-000609,CPN-0024,OFR-0044,CUS-000749,TXN-0013051,5778.32,1155.66,2026-06-29T22:47:11,REJECTED,OFFER_BUDGET_EXHAUSTED
RED-000610,CPN-0024,OFR-0044,CUS-000029,TXN-0013052,8354.88,1670.98,2026-06-30T07:16:06,REJECTED,OFFER_BUDGET_EXHAUSTED
RED-000611,CPN-0024,OFR-0044,CUS-000166,TXN-0013057,8549.00,1709.80,2026-06-30T09:21:15,REJECTED,OFFER_BUDGET_EXHAUSTED
RED-000612,CPN-0024,OFR-0044,CUS-000680,TXN-0013111,12000.00,1920.00,2026-06-30T23:45:21,REJECTED,OFFER_BUDGET_EXHAUSTED
RED-000613,CPN-0024,OFR-0044,CUS-000110,TXN-0013119,6826.47,1365.29,2026-07-01T09:43:34,REJECTED,OFFER_BUDGET_EXHAUSTED
RED-000614,CPN-0024,OFR-0044,CUS-000614,TXN-0013134,6055.87,1211.17,2026-07-01T13:43:12,REJECTED,OFFER_BUDGET_EXHAUSTED
RED-000615,CPN-0024,OFR-0044,CUS-000753,TXN-0013219,5000.00,1000.00,2026-07-02T21:48:19,REJECTED,OFFER_BUDGET_EXHAUSTED
RED-000616,CPN-0072,OFR-0092,CUS-000033,TXN-0013220,948.80,190.00,2026-07-03T04:58:39,CONFIRMED,
RED-000617,CPN-0072,OFR-0092,CUS-000853,TXN-0013241,1229.10,190.00,2026-07-03T15:39:55,CONFIRMED,
RED-000618,CPN-0072,OFR-0092,CUS-000748,TXN-0013256,1273.56,190.00,2026-07-03T18:59:42,CONFIRMED,
RED-000619,CPN-0072,OFR-0092,CUS-000748,TXN-0013256,1273.56,190.00,2026-07-03T20:08:42,DUPLICATE_REJECTED,DUPLICATE_REDEMPTION
RED-000620,CPN-0072,OFR-0092,CUS-000173,TXN-0013269,1255.43,190.00,2026-07-03T20:43:22,CONFIRMED,
RED-000621,CPN-0072,OFR-0092,CUS-000029,TXN-0013315,1321.70,190.00,2026-07-04T23:09:34,CONFIRMED,
RED-000622,CPN-0072,OFR-0092,CUS-000661,TXN-0013316,700.00,175.00,2026-07-04T23:45:58,CONFIRMED,
RED-000623,CPN-0072,OFR-0092,CUS-000661,TXN-0013316,700.00,175.00,2026-07-05T00:54:58,DUPLICATE_REJECTED,DUPLICATE_REDEMPTION
RED-000624,CPN-0024,OFR-0044,CUS-000709,TXN-0013317,10978.47,1920.00,2026-07-05T00:58:28,REJECTED,OFFER_BUDGET_EXHAUSTED
RED-000625,CPN-0024,OFR-0044,CUS-000114,TXN-0013318,8575.77,1715.15,2026-07-05T07:09:24,REJECTED,OFFER_BUDGET_EXHAUSTED
RED-000626,CPN-0072,OFR-0092,CUS-000469,TXN-0013341,921.96,190.00,2026-07-05T15:01:49,CONFIRMED,
RED-000627,CPN-0072,OFR-0092,CUS-000186,TXN-0013345,968.49,190.00,2026-07-05T16:29:03,CONFIRMED,
RED-000628,CPN-0072,OFR-0092,CUS-000147,TXN-0013370,865.56,190.00,2026-07-05T21:33:47,CONFIRMED,
RED-000629,CPN-0072,OFR-0092,CUS-000155,TXN-0013371,700.00,175.00,2026-07-06T03:11:51,CONFIRMED,
RED-000630,CPN-0072,OFR-0092,CUS-000693,TXN-0013396,840.03,190.00,2026-07-06T13:29:13,CONFIRMED,
RED-000631,CPN-0005,OFR-0025,CUS-000776,TXN-0013419,1500.00,200.00,2026-07-06T20:14:13,REJECTED,OFFER_BUDGET_EXHAUSTED
RED-000632,CPN-0072,OFR-0092,CUS-000889,TXN-0013422,844.32,190.00,2026-07-07T03:19:28,CONFIRMED,
RED-000633,CPN-0072,OFR-0092,CUS-000709,TXN-0013423,997.05,190.00,2026-07-07T03:24:18,CONFIRMED,
RED-000634,CPN-0005,OFR-0025,CUS-000841,TXN-0013436,2791.26,200.00,2026-07-07T11:58:31,REJECTED,OFFER_BUDGET_EXHAUSTED
RED-000635,CPN-0005,OFR-0025,CUS-000702,TXN-0013441,1909.93,200.00,2026-07-07T12:27:29,REJECTED,OFFER_BUDGET_EXHAUSTED
RED-000636,CPN-0005,OFR-0025,CUS-000560,TXN-0013444,1500.00,200.00,2026-07-07T13:03:03,REJECTED,OFFER_BUDGET_EXHAUSTED
RED-000637,CPN-0005,OFR-0025,CUS-000796,TXN-0013447,2322.08,200.00,2026-07-07T16:02:37,REJECTED,OFFER_BUDGET_EXHAUSTED
RED-000638,CPN-0005,OFR-0025,CUS-000910,TXN-0013448,2351.87,200.00,2026-07-07T16:17:04,REJECTED,OFFER_BUDGET_EXHAUSTED
RED-000639,CPN-0005,OFR-0025,CUS-000566,TXN-0013460,2055.17,200.00,2026-07-07T18:53:48,REJECTED,OFFER_BUDGET_EXHAUSTED
RED-000640,CPN-0028,OFR-0048,CUS-000948,TXN-0013469,2770.18,554.04,2026-07-07T22:04:46,CONFIRMED,
RED-000641,CPN-0005,OFR-0025,CUS-000047,TXN-0013470,1638.27,200.00,2026-07-07T22:07:13,CONFIRMED,
RED-000642,CPN-0028,OFR-0048,CUS-000106,TXN-0013471,3538.95,640.00,2026-07-07T22:40:43,CONFIRMED,
RED-000643,CPN-0072,OFR-0092,CUS-000004,TXN-0013472,1235.76,190.00,2026-07-08T03:25:42,CONFIRMED,
RED-000644,CPN-0005,OFR-0025,CUS-000845,TXN-0013473,1500.00,200.00,2026-07-08T04:18:37,REJECTED,OFFER_BUDGET_EXHAUSTED
RED-000645,CPN-0005,OFR-0025,CUS-000588,TXN-0013484,1500.00,200.00,2026-07-08T09:29:14,REJECTED,OFFER_BUDGET_EXHAUSTED
RED-000646,CPN-0028,OFR-0048,CUS-000064,TXN-0013495,2048.13,409.63,2026-07-08T13:07:37,CONFIRMED,
RED-000647,CPN-0028,OFR-0048,CUS-000835,TXN-0013505,2632.00,526.40,2026-07-08T14:50:26,CONFIRMED,
RED-000648,CPN-0028,OFR-0048,CUS-000088,TXN-0013508,3920.00,640.00,2026-07-08T16:18:54,CONFIRMED,
RED-000649,CPN-0005,OFR-0025,CUS-000024,TXN-0013521,1750.94,200.00,2026-07-08T18:16:44,CONFIRMED,
RED-000650,CPN-0005,OFR-0025,CUS-000024,TXN-0013521,1750.94,200.00,2026-07-08T19:20:44,DUPLICATE_REJECTED,DUPLICATE_REDEMPTION
RED-000651,CPN-0053,OFR-0073,CUS-000463,TXN-0013530,875.36,875.36,2026-07-08T20:39:57,CONFIRMED,
RED-000652,CPN-0072,OFR-0092,CUS-000446,TXN-0013534,984.29,190.00,2026-07-08T22:17:33,CONFIRMED,
RED-000653,CPN-0028,OFR-0048,CUS-000814,TXN-0013535,3123.51,624.70,2026-07-08T22:24:38,CONFIRMED,
RED-000654,CPN-0028,OFR-0048,CUS-000840,TXN-0013536,3810.00,640.00,2026-07-08T22:33:15,CONFIRMED,
RED-000655,CPN-0072,OFR-0092,CUS-000446,TXN-0013534,984.29,190.00,2026-07-08T23:05:33,DUPLICATE_REJECTED,DUPLICATE_REDEMPTION
RED-000656,CPN-0005,OFR-0025,CUS-000884,TXN-0013537,2216.76,200.00,2026-07-09T01:11:30,REJECTED,OFFER_BUDGET_EXHAUSTED
RED-000657,CPN-0005,OFR-0025,CUS-000148,TXN-0013538,1500.00,200.00,2026-07-09T03:35:19,REJECTED,OFFER_BUDGET_EXHAUSTED
RED-000658,CPN-0005,OFR-0025,CUS-000794,TXN-0013539,1500.00,200.00,2026-07-09T03:38:49,REJECTED,OFFER_BUDGET_EXHAUSTED
RED-000659,CPN-0028,OFR-0048,CUS-000759,TXN-0013540,3253.48,640.00,2026-07-09T04:41:11,CONFIRMED,
RED-000660,CPN-0005,OFR-0025,CUS-000050,TXN-0013552,2542.89,200.00,2026-07-09T10:54:45,REJECTED,OFFER_BUDGET_EXHAUSTED
RED-000661,CPN-0005,OFR-0025,CUS-000195,TXN-0013578,1500.00,200.00,2026-07-09T16:35:12,REJECTED,OFFER_BUDGET_EXHAUSTED
RED-000662,CPN-0053,OFR-0073,CUS-000120,TXN-0013603,802.55,802.55,2026-07-09T22:05:40,CONFIRMED,
RED-000663,CPN-0053,OFR-0073,CUS-000120,TXN-0013603,802.55,802.55,2026-07-09T22:18:40,DUPLICATE_REJECTED,DUPLICATE_REDEMPTION
RED-000664,CPN-0028,OFR-0048,CUS-000081,TXN-0013604,2837.82,567.56,2026-07-09T23:51:27,CONFIRMED,
RED-000665,CPN-0005,OFR-0025,CUS-000133,TXN-0013605,1500.00,200.00,2026-07-10T01:35:19,REJECTED,OFFER_BUDGET_EXHAUSTED
RED-000666,CPN-0028,OFR-0048,CUS-000945,TXN-0013606,2556.00,511.20,2026-07-10T03:33:22,CONFIRMED,
RED-000667,CPN-0028,OFR-0048,CUS-000881,TXN-0013607,2000.00,400.00,2026-07-10T05:05:43,CONFIRMED,
RED-000668,CPN-0005,OFR-0025,CUS-000174,TXN-0013608,1500.00,200.00,2026-07-10T07:40:32,REJECTED,OFFER_BUDGET_EXHAUSTED
RED-000669,CPN-0053,OFR-0073,CUS-000726,TXN-0013614,781.19,781.19,2026-07-10T10:06:06,CONFIRMED,
RED-000670,CPN-0005,OFR-0025,CUS-000444,TXN-0013621,1500.00,200.00,2026-07-10T11:49:33,REJECTED,OFFER_BUDGET_EXHAUSTED
RED-000671,CPN-0072,OFR-0092,CUS-000024,TXN-0013648,700.00,175.00,2026-07-10T19:01:01,CONFIRMED,
RED-000672,CPN-0072,OFR-0092,CUS-000193,TXN-0013652,700.00,175.00,2026-07-10T19:49:16,CONFIRMED,
RED-000673,CPN-0053,OFR-0073,CUS-000721,TXN-0013660,2518.89,1500.00,2026-07-11T00:57:51,CONFIRMED,
RED-000674,CPN-0005,OFR-0025,CUS-000079,TXN-0013661,2687.46,200.00,2026-07-11T01:30:28,REJECTED,OFFER_BUDGET_EXHAUSTED
RED-000675,CPN-0072,OFR-0092,CUS-000143,TXN-0013662,717.00,179.25,2026-07-11T01:54:51,CONFIRMED,
RED-000676,CPN-0005,OFR-0025,CUS-000889,TXN-0013663,2126.12,200.00,2026-07-11T03:10:39,REJECTED,OFFER_BUDGET_EXHAUSTED
RED-000677,CPN-0005,OFR-0025,CUS-000171,TXN-0013664,2586.95,200.00,2026-07-11T05:51:29,REJECTED,OFFER_BUDGET_EXHAUSTED
RED-000678,CPN-0072,OFR-0092,CUS-000139,TXN-0013673,871.92,190.00,2026-07-11T10:35:02,CONFIRMED,
RED-000679,CPN-0072,OFR-0092,CUS-000139,TXN-0013673,871.92,190.00,2026-07-11T11:59:02,DUPLICATE_REJECTED,DUPLICATE_REDEMPTION
RED-000680,CPN-0005,OFR-0025,CUS-000067,TXN-0013689,1500.00,200.00,2026-07-11T14:51:57,REJECTED,OFFER_BUDGET_EXHAUSTED
RED-000681,CPN-0005,OFR-0025,CUS-000832,TXN-0013706,1791.76,200.00,2026-07-11T18:25:28,REJECTED,OFFER_BUDGET_EXHAUSTED
RED-000682,CPN-0005,OFR-0025,CUS-000559,TXN-0013710,1500.00,200.00,2026-07-11T19:01:03,REJECTED,OFFER_BUDGET_EXHAUSTED
RED-000683,CPN-0005,OFR-0025,CUS-000641,TXN-0013723,2562.16,200.00,2026-07-11T22:08:41,REJECTED,OFFER_BUDGET_EXHAUSTED
RED-000684,CPN-0005,OFR-0025,CUS-000679,TXN-0013724,1500.00,200.00,2026-07-12T00:52:30,REJECTED,OFFER_BUDGET_EXHAUSTED
RED-000685,CPN-0005,OFR-0025,CUS-000461,TXN-0013725,1500.00,200.00,2026-07-12T02:15:42,REJECTED,OFFER_BUDGET_EXHAUSTED
RED-000686,CPN-0005,OFR-0025,CUS-000770,TXN-0013726,1550.35,200.00,2026-07-12T04:05:27,REJECTED,OFFER_BUDGET_EXHAUSTED
RED-000687,CPN-0005,OFR-0025,CUS-000162,TXN-0013733,1647.46,200.00,2026-07-12T10:06:17,REJECTED,OFFER_BUDGET_EXHAUSTED
RED-000688,CPN-0005,OFR-0025,CUS-000070,TXN-0013771,1500.00,200.00,2026-07-13T02:33:22,REJECTED,OFFER_BUDGET_EXHAUSTED
RED-000689,CPN-0005,OFR-0025,CUS-000463,TXN-0013772,1500.00,200.00,2026-07-13T02:57:42,REJECTED,OFFER_BUDGET_EXHAUSTED
RED-000690,CPN-0053,OFR-0073,CUS-000826,TXN-0013774,721.88,721.88,2026-07-13T07:06:17,CONFIRMED,
RED-000691,CPN-0005,OFR-0025,CUS-000072,TXN-0013794,2485.04,200.00,2026-07-13T12:02:49,REJECTED,OFFER_BUDGET_EXHAUSTED
RED-000692,CPN-0028,OFR-0048,CUS-000789,TXN-0013806,3921.00,640.00,2026-07-13T16:05:53,CONFIRMED,
RED-000693,CPN-0028,OFR-0048,CUS-000789,TXN-0013806,3921.00,640.00,2026-07-13T16:22:53,DUPLICATE_REJECTED,DUPLICATE_REDEMPTION
RED-000694,CPN-0005,OFR-0025,CUS-000116,TXN-0013818,1500.00,200.00,2026-07-13T18:05:38,REJECTED,OFFER_BUDGET_EXHAUSTED
RED-000695,CPN-0028,OFR-0048,CUS-000128,TXN-0013829,2684.90,536.98,2026-07-14T03:55:17,CONFIRMED,
RED-000696,CPN-0053,OFR-0073,CUS-000046,TXN-0013835,2536.37,1500.00,2026-07-14T10:32:10,CONFIRMED,
RED-000697,CPN-0005,OFR-0025,CUS-000683,TXN-0013869,1548.72,200.00,2026-07-14T21:51:16,REJECTED,OFFER_BUDGET_EXHAUSTED
RED-000698,CPN-0005,OFR-0025,CUS-000138,TXN-0013870,1500.00,200.00,2026-07-15T05:46:05,REJECTED,OFFER_BUDGET_EXHAUSTED
RED-000699,CPN-0053,OFR-0073,CUS-000799,TXN-0013871,572.79,572.79,2026-07-15T08:06:21,CONFIRMED,
RED-000700,CPN-0053,OFR-0073,CUS-000799,TXN-0013871,572.79,572.79,2026-07-15T08:14:21,DUPLICATE_REJECTED,DUPLICATE_REDEMPTION
RED-000701,CPN-0053,OFR-0073,CUS-000807,TXN-0013892,713.99,713.99,2026-07-15T13:12:37,CONFIRMED,
RED-000702,CPN-0005,OFR-0025,CUS-000478,TXN-0013898,1500.00,200.00,2026-07-15T14:26:32,REJECTED,OFFER_BUDGET_EXHAUSTED
RED-000703,CPN-0028,OFR-0048,CUS-000819,TXN-0013932,3300.00,640.00,2026-07-15T20:34:58,CONFIRMED,
RED-000704,CPN-0028,OFR-0048,CUS-000698,TXN-0013935,2000.00,400.00,2026-07-16T01:47:06,CONFIRMED,
RED-000705,CPN-0028,OFR-0048,CUS-000005,TXN-0013938,2664.87,532.97,2026-07-16T07:45:12,CONFIRMED,
RED-000706,CPN-0053,OFR-0073,CUS-000896,TXN-0013986,1084.31,1084.31,2026-07-17T06:37:19,CONFIRMED,
RED-000707,CPN-0064,OFR-0084,CUS-000566,TXN-0014067,2754.00,137.70,2026-07-19T01:38:46,CONFIRMED,
RED-000708,CPN-0064,OFR-0084,CUS-000889,TXN-0014068,844.52,42.23,2026-07-19T02:46:46,CONFIRMED,
RED-000709,CPN-0064,OFR-0084,CUS-000295,TXN-0014069,2202.00,110.10,2026-07-19T02:48:12,CONFIRMED,
RED-000710,CPN-0064,OFR-0084,CUS-000418,TXN-0014073,1054.69,52.73,2026-07-19T09:18:53,CONFIRMED,
RED-000711,CPN-0064,OFR-0084,CUS-000055,TXN-0014116,789.68,39.48,2026-07-20T04:27:16,CONFIRMED,
RED-000712,CPN-0064,OFR-0084,CUS-000890,TXN-0014186,2540.00,127.00,2026-07-21T12:56:06,CONFIRMED,
RED-000713,CPN-0064,OFR-0084,CUS-000685,TXN-0014267,1763.00,88.15,2026-07-23T00:50:02,CONFIRMED,
RED-000714,CPN-0064,OFR-0084,CUS-000588,TXN-0014273,1077.00,53.85,2026-07-23T08:37:01,CONFIRMED,
RED-000715,CPN-0064,OFR-0084,CUS-000588,TXN-0014273,1077.00,53.85,2026-07-23T08:55:01,DUPLICATE_REJECTED,DUPLICATE_REDEMPTION
RED-000716,CPN-0017,OFR-0037,CUS-000707,TXN-0014307,1794.00,400.00,2026-07-23T19:39:01,CONFIRMED,
RED-000717,CPN-0017,OFR-0037,CUS-000139,TXN-0014319,2391.00,400.00,2026-07-23T23:44:03,CONFIRMED,
RED-000718,CPN-0017,OFR-0037,CUS-000820,TXN-0014320,2405.33,400.00,2026-07-24T05:41:39,CONFIRMED,
RED-000719,CPN-0017,OFR-0037,CUS-000018,TXN-0014329,1611.54,400.00,2026-07-24T09:42:18,CONFIRMED,
RED-000720,CPN-0017,OFR-0037,CUS-000103,TXN-0014372,1356.98,400.00,2026-07-24T20:47:58,CONFIRMED,
RED-000721,CPN-0042,OFR-0062,CUS-000129,TXN-0014375,28445.01,2844.50,2026-07-24T21:59:58,CONFIRMED,
RED-000722,CPN-0042,OFR-0062,CUS-000074,TXN-0014376,4005.48,400.55,2026-07-24T23:50:22,CONFIRMED,
RED-000723,CPN-0042,OFR-0062,CUS-000769,TXN-0014377,21796.30,2179.63,2026-07-25T00:19:06,CONFIRMED,
RED-000724,CPN-0017,OFR-0037,CUS-000072,TXN-0014378,1613.15,400.00,2026-07-25T01:10:19,CONFIRMED,
RED-000725,CPN-0017,OFR-0037,CUS-000461,TXN-0014379,3201.00,400.00,2026-07-25T04:41:11,CONFIRMED,
RED-000726,CPN-0017,OFR-0037,CUS-000750,TXN-0014380,2060.50,400.00,2026-07-25T06:54:10,CONFIRMED,
RED-000727,CPN-0042,OFR-0062,CUS-000705,TXN-0014382,3859.79,385.98,2026-07-25T08:01:21,CONFIRMED,
RED-000728,CPN-0042,OFR-0062,CUS-000754,TXN-0014387,2600.21,260.02,2026-07-25T09:46:47,CONFIRMED,
RED-000729,CPN-0017,OFR-0037,CUS-000888,TXN-0014391,3222.44,400.00,2026-07-25T10:10:51,CONFIRMED,
RED-000730,CPN-0017,OFR-0037,CUS-000888,TXN-0014391,3222.44,400.00,2026-07-25T10:34:51,DUPLICATE_REJECTED,DUPLICATE_REDEMPTION
RED-000731,CPN-0017,OFR-0037,CUS-000134,TXN-0014392,1583.39,400.00,2026-07-25T10:37:49,CONFIRMED,
RED-000732,CPN-0017,OFR-0037,CUS-000013,TXN-0014397,1657.00,400.00,2026-07-25T11:29:53,CONFIRMED,
RED-000733,CPN-0042,OFR-0062,CUS-000587,TXN-0014402,38024.00,3802.40,2026-07-25T13:02:22,CONFIRMED,
RED-000734,CPN-0042,OFR-0062,CUS-000749,TXN-0014404,4597.14,459.71,2026-07-25T13:15:34,CONFIRMED,
RED-000735,CPN-0017,OFR-0037,CUS-000794,TXN-0014412,2094.00,400.00,2026-07-25T15:51:35,CONFIRMED,
RED-000736,CPN-0042,OFR-0062,CUS-000881,TXN-0014436,15285.00,1528.50,2026-07-26T01:34:58,CONFIRMED,
RED-000737,CPN-0042,OFR-0062,CUS-000891,TXN-0014437,26741.00,2674.10,2026-07-26T03:01:14,CONFIRMED,
RED-000738,CPN-0042,OFR-0062,CUS-000143,TXN-0014441,3889.08,388.91,2026-07-26T08:56:03,CONFIRMED,
RED-000739,CPN-0042,OFR-0062,CUS-000047,TXN-0014443,29202.00,2920.20,2026-07-26T09:02:39,CONFIRMED,
RED-000740,CPN-0042,OFR-0062,CUS-000910,TXN-0014445,28991.00,2899.10,2026-07-26T10:50:18,CONFIRMED,
RED-000741,CPN-0042,OFR-0062,CUS-000155,TXN-0014449,4294.49,429.45,2026-07-26T11:39:46,CONFIRMED,
RED-000742,CPN-0042,OFR-0062,CUS-000155,TXN-0014449,4294.49,429.45,2026-07-26T12:39:46,DUPLICATE_REJECTED,DUPLICATE_REDEMPTION
RED-000743,CPN-0042,OFR-0062,CUS-000752,TXN-0014462,23970.71,2397.07,2026-07-26T15:17:47,CONFIRMED,
RED-000744,CPN-0064,OFR-0084,CUS-000815,TXN-0014468,704.71,35.24,2026-07-26T16:42:30,CONFIRMED,
RED-000745,CPN-0042,OFR-0062,CUS-000840,TXN-0014485,22238.00,2223.80,2026-07-26T19:54:05,CONFIRMED,
RED-000746,CPN-0064,OFR-0084,CUS-000432,TXN-0014491,1077.49,53.87,2026-07-26T21:46:59,CONFIRMED,
RED-000747,CPN-0042,OFR-0062,CUS-000488,TXN-0014493,2712.51,271.25,2026-07-26T22:15:53,CONFIRMED,
RED-000748,CPN-0017,OFR-0037,CUS-000748,TXN-0014494,1254.85,400.00,2026-07-26T23:49:50,CONFIRMED,
RED-000749,CPN-0017,OFR-0037,CUS-000720,TXN-0014495,1368.20,400.00,2026-07-27T00:34:35,CONFIRMED,
RED-000750,CPN-0042,OFR-0062,CUS-000456,TXN-0014496,33011.00,3301.10,2026-07-27T01:45:02,CONFIRMED,
RED-000751,CPN-0064,OFR-0084,CUS-000026,TXN-0014497,664.74,33.24,2026-07-27T07:31:19,CONFIRMED,
RED-000752,CPN-0042,OFR-0062,CUS-000010,TXN-0014500,26209.00,2620.90,2026-07-27T08:12:49,CONFIRMED,
RED-000753,CPN-0064,OFR-0084,CUS-000198,TXN-0014511,992.77,49.64,2026-07-27T12:46:31,CONFIRMED,
RED-000754,CPN-0042,OFR-0062,CUS-000601,TXN-0014548,27053.00,2705.30,2026-07-28T00:07:41,CONFIRMED,
RED-000755,CPN-0017,OFR-0037,CUS-000761,TXN-0014549,1247.00,400.00,2026-07-28T00:18:58,CONFIRMED,
RED-000756,CPN-0017,OFR-0037,CUS-000887,TXN-0014550,1077.23,400.00,2026-07-28T01:37:08,CONFIRMED,
RED-000757,CPN-0042,OFR-0062,CUS-000173,TXN-0014551,3637.36,363.74,2026-07-28T04:45:26,CONFIRMED,
RED-000758,CPN-0042,OFR-0062,CUS-000029,TXN-0014552,34734.00,3473.40,2026-07-28T05:23:48,CONFIRMED,
RED-000759,CPN-0017,OFR-0037,CUS-000168,TXN-0014553,1195.16,400.00,2026-07-28T07:39:01,CONFIRMED,
RED-000760,CPN-0017,OFR-0037,CUS-000021,TXN-0014556,2023.00,400.00,2026-07-28T08:00:23,CONFIRMED,
RED-000761,CPN-0017,OFR-0037,CUS-000168,TXN-0014553,1195.16,400.00,2026-07-28T08:48:01,DUPLICATE_REJECTED,DUPLICATE_REDEMPTION
RED-000762,CPN-0017,OFR-0037,CUS-000198,TXN-0014561,1381.81,400.00,2026-07-28T09:33:47,CONFIRMED,
RED-000763,CPN-0042,OFR-0062,CUS-000682,TXN-0014586,33565.00,3356.50,2026-07-28T17:26:54,CONFIRMED,
RED-000764,CPN-0017,OFR-0037,CUS-000819,TXN-0014594,2033.28,400.00,2026-07-28T18:53:28,CONFIRMED,
RED-000765,CPN-0017,OFR-0037,CUS-000789,TXN-0014602,1442.53,400.00,2026-07-29T00:07:07,CONFIRMED,
RED-000766,CPN-0017,OFR-0037,CUS-000828,TXN-0014603,1561.20,400.00,2026-07-29T00:55:14,CONFIRMED,
RED-000767,CPN-0042,OFR-0062,CUS-000590,TXN-0014604,27372.00,2737.20,2026-07-29T01:04:02,CONFIRMED,
RED-000768,CPN-0017,OFR-0037,CUS-000702,TXN-0014605,1455.79,400.00,2026-07-29T02:52:17,CONFIRMED,
RED-000769,CPN-0017,OFR-0037,CUS-000702,TXN-0014605,1455.79,400.00,2026-07-29T04:01:17,DUPLICATE_REJECTED,DUPLICATE_REDEMPTION
RED-000770,CPN-0017,OFR-0037,CUS-000102,TXN-0014660,1544.78,400.00,2026-07-30T01:55:27,CONFIRMED,
RED-000771,CPN-0042,OFR-0062,CUS-000166,TXN-0014661,25859.53,2585.95,2026-07-30T04:07:52,CONFIRMED,
RED-000772,CPN-0042,OFR-0062,CUS-000009,TXN-0014662,3997.31,399.73,2026-07-30T04:49:49,CONFIRMED,
RED-000773,CPN-0017,OFR-0037,CUS-000173,TXN-0014664,2080.00,400.00,2026-07-30T06:17:48,CONFIRMED,
RED-000774,CPN-0017,OFR-0037,CUS-000173,TXN-0014664,2080.00,400.00,2026-07-30T06:21:48,DUPLICATE_REJECTED,DUPLICATE_REDEMPTION
RED-000775,CPN-0042,OFR-0062,CUS-000130,TXN-0014672,30415.00,3041.50,2026-07-30T09:31:19,CONFIRMED,
RED-000776,CPN-0042,OFR-0062,CUS-000844,TXN-0014722,4672.66,467.27,2026-07-31T00:49:13,CONFIRMED,
RED-000777,CPN-0042,OFR-0062,CUS-000423,TXN-0014750,50000.00,4000.00,2026-07-31T16:36:48,CONFIRMED,
RED-000778,CPN-0042,OFR-0062,CUS-000423,TXN-0014750,50000.00,4000.00,2026-07-31T16:58:48,DUPLICATE_REJECTED,DUPLICATE_REDEMPTION
RED-000779,CPN-0042,OFR-0062,CUS-000005,TXN-0014756,3336.37,333.64,2026-07-31T17:31:59,CONFIRMED,
RED-000780,CPN-0042,OFR-0062,CUS-000745,TXN-0014820,22569.00,2256.90,2026-08-02T05:05:28,CONFIRMED,
RED-000781,CPN-0042,OFR-0062,CUS-000745,TXN-0014820,22569.00,2256.90,2026-08-02T06:16:28,DUPLICATE_REJECTED,DUPLICATE_REDEMPTION
RED-000782,CPN-0042,OFR-0062,CUS-000171,TXN-0014824,21360.32,2136.03,2026-08-02T08:50:49,CONFIRMED,
RED-000783,CPN-0042,OFR-0062,CUS-000116,TXN-0014839,41473.28,4000.00,2026-08-02T12:43:34,CONFIRMED,
RED-000784,CPN-0021,OFR-0041,CUS-000866,TXN-0014971,1696.00,1696.00,2026-08-05T00:26:20,REJECTED,OFFER_BUDGET_EXHAUSTED
RED-000785,CPN-0021,OFR-0041,CUS-000761,TXN-0014972,943.18,943.18,2026-08-05T02:06:30,REJECTED,OFFER_BUDGET_EXHAUSTED
RED-000786,CPN-0021,OFR-0041,CUS-000900,TXN-0014973,960.61,960.61,2026-08-05T05:23:20,REJECTED,OFFER_BUDGET_EXHAUSTED
RED-000787,CPN-0021,OFR-0041,CUS-000081,TXN-0014976,3888.00,2100.00,2026-08-05T08:45:56,CONFIRMED,
RED-000788,CPN-0021,OFR-0041,CUS-000881,TXN-0014980,2431.00,2100.00,2026-08-05T10:10:57,REJECTED,OFFER_BUDGET_EXHAUSTED
RED-000789,CPN-0021,OFR-0041,CUS-000884,TXN-0014985,1082.33,1082.33,2026-08-05T12:08:29,REJECTED,OFFER_BUDGET_EXHAUSTED
RED-000790,CPN-0021,OFR-0041,CUS-000135,TXN-0014993,1381.42,1381.42,2026-08-05T14:23:02,CONFIRMED,
RED-000791,CPN-0021,OFR-0041,CUS-000011,TXN-0014997,863.11,863.11,2026-08-05T14:56:11,CONFIRMED,
RED-000792,CPN-0021,OFR-0041,CUS-000062,TXN-0014998,1507.00,1507.00,2026-08-05T16:13:12,CONFIRMED,
RED-000793,CPN-0021,OFR-0041,CUS-000181,TXN-0015020,1402.54,1402.54,2026-08-05T22:20:18,CONFIRMED,
RED-000794,CPN-0021,OFR-0041,CUS-000812,TXN-0015021,2987.00,2100.00,2026-08-06T00:30:00,REJECTED,OFFER_BUDGET_EXHAUSTED
RED-000795,CPN-0021,OFR-0041,CUS-000111,TXN-0015022,4976.88,2100.00,2026-08-06T04:25:34,CONFIRMED,
RED-000796,CPN-0021,OFR-0041,CUS-000879,TXN-0015025,1306.21,1306.21,2026-08-06T06:58:26,REJECTED,OFFER_BUDGET_EXHAUSTED
RED-000797,CPN-0021,OFR-0041,CUS-000066,TXN-0015027,1345.07,1345.07,2026-08-06T07:27:07,CONFIRMED,
RED-000798,CPN-0021,OFR-0041,CUS-000723,TXN-0015034,1332.02,1332.02,2026-08-06T09:51:02,REJECTED,OFFER_BUDGET_EXHAUSTED
RED-000799,CPN-0046,OFR-0066,CUS-000114,TXN-0015035,5663.93,3000.00,2026-08-06T10:02:44,CONFIRMED,
RED-000800,CPN-0021,OFR-0041,CUS-000736,TXN-0015038,5187.00,2100.00,2026-08-06T11:03:35,REJECTED,OFFER_BUDGET_EXHAUSTED
RED-000801,CPN-0021,OFR-0041,CUS-000494,TXN-0015042,1459.03,1459.03,2026-08-06T12:15:57,CONFIRMED,
RED-000802,CPN-0021,OFR-0041,CUS-000713,TXN-0015047,3837.00,2100.00,2026-08-06T12:50:14,REJECTED,OFFER_BUDGET_EXHAUSTED
RED-000803,CPN-0021,OFR-0041,CUS-000198,TXN-0015055,1368.16,1368.16,2026-08-06T14:38:51,CONFIRMED,
RED-000804,CPN-0021,OFR-0041,CUS-000789,TXN-0015064,4409.00,2100.00,2026-08-06T16:42:52,REJECTED,OFFER_BUDGET_EXHAUSTED
RED-000805,CPN-0021,OFR-0041,CUS-000749,TXN-0015086,1056.29,1056.29,2026-08-06T20:42:02,REJECTED,OFFER_BUDGET_EXHAUSTED
RED-000806,CPN-0046,OFR-0066,CUS-000819,TXN-0015090,5633.00,3000.00,2026-08-06T21:59:22,CONFIRMED,
RED-000807,CPN-0046,OFR-0066,CUS-000732,TXN-0015091,5350.42,3000.00,2026-08-07T05:17:40,CONFIRMED,
RED-000808,CPN-0046,OFR-0066,CUS-000732,TXN-0015091,5350.42,3000.00,2026-08-07T06:10:40,DUPLICATE_REJECTED,DUPLICATE_REDEMPTION
RED-000809,CPN-0021,OFR-0041,CUS-000128,TXN-0015118,1252.31,1252.31,2026-08-07T18:00:33,CONFIRMED,
RED-000810,CPN-0021,OFR-0041,CUS-000128,TXN-0015118,1252.31,1252.31,2026-08-07T19:05:33,DUPLICATE_REJECTED,DUPLICATE_REDEMPTION
RED-000811,CPN-0021,OFR-0041,CUS-000751,TXN-0015137,3120.54,2100.00,2026-08-07T20:56:02,REJECTED,OFFER_BUDGET_EXHAUSTED
RED-000812,CPN-0021,OFR-0041,CUS-000207,TXN-0015140,6000.00,2100.00,2026-08-08T00:18:53,CONFIRMED,
RED-000813,CPN-0021,OFR-0041,CUS-000010,TXN-0015141,5741.00,2100.00,2026-08-08T03:25:38,CONFIRMED,
RED-000814,CPN-0021,OFR-0041,CUS-000868,TXN-0015147,1029.17,1029.17,2026-08-08T08:34:47,REJECTED,OFFER_BUDGET_EXHAUSTED
RED-000815,CPN-0021,OFR-0041,CUS-000018,TXN-0015174,1169.69,1169.69,2026-08-08T18:04:48,CONFIRMED,
RED-000816,CPN-0021,OFR-0041,CUS-000423,TXN-0015195,844.36,844.36,2026-08-08T22:00:18,CONFIRMED,
RED-000817,CPN-0021,OFR-0041,CUS-000211,TXN-0015196,5455.00,2100.00,2026-08-09T02:56:00,CONFIRMED,
RED-000818,CPN-0021,OFR-0041,CUS-000211,TXN-0015196,5455.00,2100.00,2026-08-09T03:50:00,DUPLICATE_REJECTED,DUPLICATE_REDEMPTION
RED-000819,CPN-0021,OFR-0041,CUS-000150,TXN-0015222,1100.48,1100.48,2026-08-09T13:11:47,CONFIRMED,
RED-000820,CPN-0046,OFR-0066,CUS-000847,TXN-0015228,7583.70,3000.00,2026-08-09T14:29:47,REJECTED,OFFER_BUDGET_EXHAUSTED
RED-000821,CPN-0075,OFR-0095,CUS-000090,TXN-0015248,1032.17,400.00,2026-08-09T20:10:23,CONFIRMED,
RED-000822,CPN-0075,OFR-0095,CUS-000461,TXN-0015253,1487.88,400.00,2026-08-09T21:24:52,CONFIRMED,
RED-000823,CPN-0075,OFR-0095,CUS-000627,TXN-0015255,1341.89,400.00,2026-08-09T21:39:56,CONFIRMED,
RED-000824,CPN-0075,OFR-0095,CUS-000627,TXN-0015255,1341.89,400.00,2026-08-09T22:50:56,DUPLICATE_REJECTED,DUPLICATE_REDEMPTION
RED-000825,CPN-0021,OFR-0041,CUS-000152,TXN-0015257,1312.30,1312.30,2026-08-10T04:54:03,CONFIRMED,
RED-000826,CPN-0075,OFR-0095,CUS-000005,TXN-0015259,1986.00,400.00,2026-08-10T07:52:35,CONFIRMED,
RED-000827,CPN-0075,OFR-0095,CUS-000101,TXN-0015292,1661.95,400.00,2026-08-10T16:30:24,CONFIRMED,
RED-000828,CPN-0075,OFR-0095,CUS-000052,TXN-0015295,1201.04,400.00,2026-08-10T17:05:47,CONFIRMED,
RED-000829,CPN-0021,OFR-0041,CUS-000024,TXN-0015298,1306.01,1306.01,2026-08-10T17:09:24,CONFIRMED,
RED-000830,CPN-0075,OFR-0095,CUS-000679,TXN-0015301,909.52,400.00,2026-08-10T17:34:58,CONFIRMED,
RED-000831,CPN-0046,OFR-0066,CUS-000487,TXN-0015314,8543.88,3000.00,2026-08-10T20:08:26,CONFIRMED,
RED-000832,CPN-0046,OFR-0066,CUS-000487,TXN-0015314,8543.88,3000.00,2026-08-10T20:29:26,DUPLICATE_REJECTED,DUPLICATE_REDEMPTION
RED-000833,CPN-0021,OFR-0041,CUS-000499,TXN-0015319,989.53,989.53,2026-08-10T23:43:31,REJECTED,OFFER_BUDGET_EXHAUSTED
RED-000834,CPN-0021,OFR-0041,CUS-000022,TXN-0015320,1212.76,1212.76,2026-08-11T05:52:11,CONFIRMED,
RED-000835,CPN-0046,OFR-0066,CUS-000832,TXN-0015321,8818.87,3000.00,2026-08-11T05:55:14,REJECTED,OFFER_BUDGET_EXHAUSTED
RED-000836,CPN-0075,OFR-0095,CUS-000128,TXN-0015323,1933.00,400.00,2026-08-11T07:05:45,CONFIRMED,
RED-000837,CPN-0075,OFR-0095,CUS-000892,TXN-0015366,902.69,400.00,2026-08-12T08:28:49,CONFIRMED,
RED-000838,CPN-0075,OFR-0095,CUS-000933,TXN-0015394,1975.63,400.00,2026-08-12T19:23:41,CONFIRMED,
RED-000839,CPN-0021,OFR-0041,CUS-000114,TXN-0015409,1065.89,1065.89,2026-08-12T23:01:01,CONFIRMED,
RED-000840,CPN-0021,OFR-0041,CUS-000166,TXN-0015410,4715.00,2100.00,2026-08-13T00:58:37,CONFIRMED,
RED-000841,CPN-0075,OFR-0095,CUS-000167,TXN-0015411,1338.77,400.00,2026-08-13T01:26:10,CONFIRMED,
RED-000842,CPN-0075,OFR-0095,CUS-000732,TXN-0015412,2407.00,400.00,2026-08-13T01:28:18,CONFIRMED,
RED-000843,CPN-0021,OFR-0041,CUS-000742,TXN-0015413,3065.00,2100.00,2026-08-13T05:24:46,REJECTED,OFFER_BUDGET_EXHAUSTED
RED-000844,CPN-0021,OFR-0041,CUS-000784,TXN-0015414,1192.90,1192.90,2026-08-13T06:22:31,REJECTED,OFFER_BUDGET_EXHAUSTED
RED-000845,CPN-0075,OFR-0095,CUS-000820,TXN-0015415,1076.90,400.00,2026-08-13T07:50:06,CONFIRMED,
RED-000846,CPN-0021,OFR-0041,CUS-000857,TXN-0015429,1501.62,1501.62,2026-08-13T11:28:20,REJECTED,OFFER_BUDGET_EXHAUSTED
RED-000847,CPN-0021,OFR-0041,CUS-000030,TXN-0015435,1030.34,1030.34,2026-08-13T14:11:09,CONFIRMED,
RED-000848,CPN-0021,OFR-0041,CUS-000826,TXN-0015438,3150.00,2100.00,2026-08-13T15:15:19,REJECTED,OFFER_BUDGET_EXHAUSTED
RED-000849,CPN-0021,OFR-0041,CUS-000153,TXN-0015448,2969.00,2100.00,2026-08-13T17:49:35,CONFIRMED,
RED-000850,CPN-0046,OFR-0066,CUS-000826,TXN-0015451,5000.00,3000.00,2026-08-13T18:20:15,CONFIRMED,
RED-000851,CPN-0021,OFR-0041,CUS-000441,TXN-0015452,890.57,890.57,2026-08-13T18:43:18,CONFIRMED,
RED-000852,CPN-0021,OFR-0041,CUS-000491,TXN-0015457,2160.68,2100.00,2026-08-13T19:27:19,CONFIRMED,
RED-000853,CPN-0075,OFR-0095,CUS-000047,TXN-0015466,1138.00,400.00,2026-08-13T23:58:52,CONFIRMED,
RED-000854,CPN-0046,OFR-0066,CUS-000195,TXN-0015467,7508.21,3000.00,2026-08-14T00:00:22,CONFIRMED,
RED-000855,CPN-0046,OFR-0066,CUS-000195,TXN-0015467,7508.21,3000.00,2026-08-14T01:23:22,DUPLICATE_REJECTED,DUPLICATE_REDEMPTION
RED-000856,CPN-0046,OFR-0066,CUS-000030,TXN-0015468,8025.87,3000.00,2026-08-14T03:46:37,CONFIRMED,
RED-000857,CPN-0046,OFR-0066,CUS-000869,TXN-0015469,5872.00,3000.00,2026-08-14T04:46:33,REJECTED,OFFER_BUDGET_EXHAUSTED
RED-000858,CPN-0046,OFR-0066,CUS-000744,TXN-0015470,8000.00,3000.00,2026-08-14T05:45:18,CONFIRMED,
RED-000859,CPN-0046,OFR-0066,CUS-000744,TXN-0015470,8000.00,3000.00,2026-08-14T06:37:18,DUPLICATE_REJECTED,DUPLICATE_REDEMPTION
RED-000860,CPN-0075,OFR-0095,CUS-000553,TXN-0015491,1530.00,400.00,2026-08-14T12:30:01,CONFIRMED,
RED-000861,CPN-0032,OFR-0052,CUS-000802,TXN-0015531,1612.16,144.00,2026-08-14T21:30:07,CONFIRMED,
RED-000862,CPN-0032,OFR-0052,CUS-000802,TXN-0015531,1612.16,144.00,2026-08-14T21:32:07,DUPLICATE_REJECTED,DUPLICATE_REDEMPTION
RED-000863,CPN-0032,OFR-0052,CUS-000723,TXN-0015532,900.00,135.00,2026-08-14T23:15:49,CONFIRMED,
RED-000864,CPN-0032,OFR-0052,CUS-000106,TXN-0015533,1427.08,144.00,2026-08-15T03:17:50,CONFIRMED,
RED-000865,CPN-0032,OFR-0052,CUS-000132,TXN-0015534,1420.25,144.00,2026-08-15T05:34:56,CONFIRMED,
RED-000866,CPN-0032,OFR-0052,CUS-000700,TXN-0015535,1469.60,144.00,2026-08-15T06:30:24,CONFIRMED,
RED-000867,CPN-0032,OFR-0052,CUS-000747,TXN-0015542,1238.55,144.00,2026-08-15T08:43:43,CONFIRMED,
RED-000868,CPN-0032,OFR-0052,CUS-000130,TXN-0015546,900.00,135.00,2026-08-15T09:56:30,CONFIRMED,
RED-000869,CPN-0032,OFR-0052,CUS-000618,TXN-0015552,904.31,135.65,2026-08-15T11:22:27,CONFIRMED,
RED-000870,CPN-0032,OFR-0052,CUS-000618,TXN-0015552,904.31,135.65,2026-08-15T12:12:27,DUPLICATE_REJECTED,DUPLICATE_REDEMPTION
RED-000871,CPN-0032,OFR-0052,CUS-000560,TXN-0015561,1591.15,144.00,2026-08-15T13:18:06,CONFIRMED,
RED-000872,CPN-0032,OFR-0052,CUS-000599,TXN-0015564,1312.06,144.00,2026-08-15T13:36:20,CONFIRMED,
RED-000873,CPN-0032,OFR-0052,CUS-000068,TXN-0015570,900.00,135.00,2026-08-15T15:01:25,CONFIRMED,
RED-000874,CPN-0075,OFR-0095,CUS-000498,TXN-0015582,3500.00,400.00,2026-08-15T16:53:08,CONFIRMED,
RED-000875,CPN-0075,OFR-0095,CUS-000079,TXN-0015586,3500.00,400.00,2026-08-15T17:23:10,CONFIRMED,
RED-000876,CPN-0075,OFR-0095,CUS-000498,TXN-0015582,3500.00,400.00,2026-08-15T18:19:08,DUPLICATE_REJECTED,DUPLICATE_REDEMPTION
RED-000877,CPN-0032,OFR-0052,CUS-000151,TXN-0015608,900.00,135.00,2026-08-15T21:26:29,CONFIRMED,
RED-000878,CPN-0075,OFR-0095,CUS-000829,TXN-0015610,2769.69,400.00,2026-08-16T09:00:53,CONFIRMED,
RED-000879,CPN-0075,OFR-0095,CUS-000829,TXN-0015610,2769.69,400.00,2026-08-16T09:25:53,DUPLICATE_REJECTED,DUPLICATE_REDEMPTION
RED-000880,CPN-0032,OFR-0052,CUS-000815,TXN-0015613,1618.01,144.00,2026-08-16T10:23:43,CONFIRMED,
RED-000881,CPN-0032,OFR-0052,CUS-000152,TXN-0015614,900.00,135.00,2026-08-16T10:28:38,CONFIRMED,
RED-000882,CPN-0032,OFR-0052,CUS-000075,TXN-0015617,900.00,135.00,2026-08-16T10:56:29,CONFIRMED,
RED-000883,CPN-0032,OFR-0052,CUS-000688,TXN-0015651,1099.15,144.00,2026-08-16T23:43:27,CONFIRMED,
RED-000884,CPN-0032,OFR-0052,CUS-000605,TXN-0015652,1382.77,144.00,2026-08-17T02:18:13,CONFIRMED,
RED-000885,CPN-0032,OFR-0052,CUS-000181,TXN-0015687,1084.10,144.00,2026-08-17T15:18:39,CONFIRMED,
RED-000886,CPN-0032,OFR-0052,CUS-000142,TXN-0015760,900.00,135.00,2026-08-19T06:56:23,CONFIRMED,
RED-000887,CPN-0032,OFR-0052,CUS-000866,TXN-0015761,915.37,137.31,2026-08-19T07:33:12,CONFIRMED,
RED-000888,CPN-0032,OFR-0052,CUS-000166,TXN-0015771,1200.00,144.00,2026-08-19T10:31:07,CONFIRMED,
RED-000889,CPN-0032,OFR-0052,CUS-000139,TXN-0015772,1241.17,144.00,2026-08-19T10:31:13,CONFIRMED,
RED-000890,CPN-0032,OFR-0052,CUS-000474,TXN-0015804,996.18,144.00,2026-08-19T18:29:33,CONFIRMED,
RED-000891,CPN-0006,OFR-0026,CUS-000498,TXN-0015821,1031.07,100.00,2026-08-19T22:56:18,CONFIRMED,
RED-000892,CPN-0032,OFR-0052,CUS-000072,TXN-0015822,1520.34,144.00,2026-08-19T22:56:57,CONFIRMED,
RED-000893,CPN-0006,OFR-0026,CUS-000147,TXN-0015823,678.48,100.00,2026-08-20T02:40:38,CONFIRMED,
RED-000894,CPN-0006,OFR-0026,CUS-000444,TXN-0015824,600.00,100.00,2026-08-20T05:41:55,CONFIRMED,
RED-000895,CPN-0032,OFR-0052,CUS-000456,TXN-0015826,1075.19,144.00,2026-08-20T07:26:50,CONFIRMED,
RED-000896,CPN-0006,OFR-0026,CUS-000566,TXN-0015849,685.41,100.00,2026-08-20T14:24:05,CONFIRMED,
RED-000897,CPN-0032,OFR-0052,CUS-000122,TXN-0015874,1597.66,144.00,2026-08-20T23:26:00,CONFIRMED,
RED-000898,CPN-0032,OFR-0052,CUS-000475,TXN-0015875,1173.40,144.00,2026-08-21T00:03:45,CONFIRMED,
RED-000899,CPN-0032,OFR-0052,CUS-000134,TXN-0015876,1200.00,144.00,2026-08-21T01:51:30,CONFIRMED,
RED-000900,CPN-0006,OFR-0026,CUS-000461,TXN-0015877,673.00,100.00,2026-08-21T03:35:42,CONFIRMED,
RED-000901,CPN-0006,OFR-0026,CUS-000021,TXN-0015878,783.63,100.00,2026-08-21T03:54:25,CONFIRMED,
RED-000902,CPN-0032,OFR-0052,CUS-000052,TXN-0015879,1071.00,144.00,2026-08-21T06:09:12,CONFIRMED,
RED-000903,CPN-0006,OFR-0026,CUS-000770,TXN-0015881,637.75,100.00,2026-08-21T07:03:36,CONFIRMED,
RED-000904,CPN-0032,OFR-0052,CUS-000052,TXN-0015879,1071.00,144.00,2026-08-21T07:30:12,DUPLICATE_REJECTED,DUPLICATE_REDEMPTION
RED-000905,CPN-0006,OFR-0026,CUS-000770,TXN-0015881,637.75,100.00,2026-08-21T07:54:36,DUPLICATE_REJECTED,DUPLICATE_REDEMPTION
RED-000906,CPN-0006,OFR-0026,CUS-000726,TXN-0015884,600.00,100.00,2026-08-21T08:53:51,CONFIRMED,
RED-000907,CPN-0032,OFR-0052,CUS-000066,TXN-0015887,1318.77,144.00,2026-08-21T10:03:12,CONFIRMED,
RED-000908,CPN-0032,OFR-0052,CUS-000066,TXN-0015887,1318.77,144.00,2026-08-21T10:04:12,DUPLICATE_REJECTED,DUPLICATE_REDEMPTION
RED-000909,CPN-0032,OFR-0052,CUS-000556,TXN-0015910,1066.88,144.00,2026-08-21T17:57:27,CONFIRMED,
RED-000910,CPN-0006,OFR-0026,CUS-000052,TXN-0015924,736.57,100.00,2026-08-22T01:09:46,CONFIRMED,
RED-000911,CPN-0006,OFR-0026,CUS-000052,TXN-0015924,736.57,100.00,2026-08-22T01:26:46,DUPLICATE_REJECTED,DUPLICATE_REDEMPTION
RED-000912,CPN-0006,OFR-0026,CUS-000723,TXN-0015925,600.00,100.00,2026-08-22T05:06:04,CONFIRMED,
RED-000913,CPN-0006,OFR-0026,CUS-000775,TXN-0015926,1040.98,100.00,2026-08-22T06:10:04,CONFIRMED,
RED-000914,CPN-0006,OFR-0026,CUS-000559,TXN-0015935,962.32,100.00,2026-08-22T09:37:47,CONFIRMED,
RED-000915,CPN-0006,OFR-0026,CUS-000559,TXN-0015935,962.32,100.00,2026-08-22T09:43:47,DUPLICATE_REJECTED,DUPLICATE_REDEMPTION
RED-000916,CPN-0006,OFR-0026,CUS-000092,TXN-0015964,600.00,100.00,2026-08-22T17:55:16,CONFIRMED,
RED-000917,CPN-0006,OFR-0026,CUS-000720,TXN-0015985,765.00,100.00,2026-08-22T22:41:54,CONFIRMED,
RED-000918,CPN-0006,OFR-0026,CUS-000197,TXN-0015989,1128.48,100.00,2026-08-23T08:30:46,CONFIRMED,
RED-000919,CPN-0006,OFR-0026,CUS-000018,TXN-0016035,600.00,100.00,2026-08-24T06:30:20,CONFIRMED,
RED-000920,CPN-0067,OFR-0087,CUS-000188,TXN-0016050,8614.50,4600.00,2026-08-24T11:37:00,REJECTED,OFFER_NOT_STARTED
RED-000921,CPN-0043,OFR-0063,CUS-000890,TXN-0016054,871.82,871.82,2026-08-24T12:59:04,REJECTED,OFFER_BUDGET_EXHAUSTED
RED-000922,CPN-0043,OFR-0063,CUS-000819,TXN-0016061,924.53,924.53,2026-08-24T14:33:13,REJECTED,OFFER_BUDGET_EXHAUSTED
RED-000923,CPN-0006,OFR-0026,CUS-000193,TXN-0016102,694.00,100.00,2026-08-25T07:38:17,CONFIRMED,
RED-000924,CPN-0006,OFR-0026,CUS-000749,TXN-0016125,894.00,100.00,2026-08-25T16:10:59,CONFIRMED,
RED-000925,CPN-0067,OFR-0087,CUS-000715,TXN-0016144,5462.00,4600.00,2026-08-25T19:57:39,CONFIRMED,
RED-000926,CPN-0006,OFR-0026,CUS-000889,TXN-0016149,600.00,100.00,2026-08-26T03:01:12,CONFIRMED,
RED-000927,CPN-0043,OFR-0063,CUS-000456,TXN-0016150,890.03,890.03,2026-08-26T05:05:06,REJECTED,OFFER_BUDGET_EXHAUSTED
RED-000928,CPN-0043,OFR-0063,CUS-000709,TXN-0016151,926.27,926.27,2026-08-26T06:27:33,REJECTED,OFFER_BUDGET_EXHAUSTED
RED-000929,CPN-0043,OFR-0063,CUS-000832,TXN-0016157,922.17,922.17,2026-08-26T08:49:16,REJECTED,OFFER_BUDGET_EXHAUSTED
RED-000930,CPN-0006,OFR-0026,CUS-000560,TXN-0016161,858.67,100.00,2026-08-26T09:57:26,CONFIRMED,
RED-000931,CPN-0067,OFR-0087,CUS-000480,TXN-0016166,1723.87,1723.87,2026-08-26T11:12:10,CONFIRMED,
RED-000932,CPN-0067,OFR-0087,CUS-000841,TXN-0016202,6151.00,4600.00,2026-08-26T21:12:46,CONFIRMED,
RED-000933,CPN-0067,OFR-0087,CUS-000002,TXN-0016203,1121.90,1121.90,2026-08-27T04:51:56,CONFIRMED,
RED-000934,CPN-0067,OFR-0087,CUS-000106,TXN-0016204,1606.94,1606.94,2026-08-27T06:07:21,CONFIRMED,
RED-000935,CPN-0067,OFR-0087,CUS-000631,TXN-0016236,3696.39,3696.39,2026-08-27T15:40:00,REJECTED,INELIGIBLE_CUSTOMER
RED-000936,CPN-0067,OFR-0087,CUS-000052,TXN-0016260,12000.00,4600.00,2026-08-27T19:07:00,CONFIRMED,
RED-000937,CPN-0067,OFR-0087,CUS-000188,TXN-0016267,345.11,345.11,2026-08-27T20:40:27,REJECTED,BELOW_MINIMUM_SPEND
RED-000938,CPN-0067,OFR-0087,CUS-000188,TXN-0016270,2158.00,2158.00,2026-08-27T21:21:27,REJECTED,WRONG_MERCHANT
RED-000939,CPN-0067,OFR-0087,CUS-000188,TXN-0016271,7367.00,4600.00,2026-08-27T21:29:27,REJECTED,WRONG_CUSTOMER
RED-000940,CPN-0067,OFR-0087,CUS-000188,TXN-0016272,11322.00,4600.00,2026-08-27T21:38:27,REJECTED,TRANSACTION_FAILED
RED-000941,CPN-0067,OFR-0087,CUS-000188,TXN-0016273,10189.00,4600.00,2026-08-27T21:49:27,REJECTED,TRANSACTION_REVERSED
RED-000942,CPN-0006,OFR-0026,CUS-000081,TXN-0016276,833.28,100.00,2026-08-27T22:04:01,CONFIRMED,
RED-000943,CPN-0043,OFR-0063,CUS-000847,TXN-0016277,532.49,532.49,2026-08-28T05:52:18,REJECTED,OFFER_BUDGET_EXHAUSTED
RED-000944,CPN-0067,OFR-0087,CUS-000005,TXN-0016285,5076.44,4600.00,2026-08-28T09:46:01,CONFIRMED,
RED-000945,CPN-0067,OFR-0087,CUS-000772,TXN-0016339,4763.00,4600.00,2026-08-28T20:56:51,CONFIRMED,
RED-000946,CPN-0067,OFR-0087,CUS-000820,TXN-0016341,1398.99,1398.99,2026-08-28T22:57:21,CONFIRMED,
RED-000947,CPN-0067,OFR-0087,CUS-000084,TXN-0016342,1042.76,1042.76,2026-08-29T06:09:05,CONFIRMED,
RED-000948,CPN-0067,OFR-0087,CUS-000889,TXN-0016441,4722.00,4600.00,2026-08-30T20:18:30,CONFIRMED,
RED-000949,CPN-0043,OFR-0063,CUS-000826,TXN-0016446,4401.29,1500.00,2026-08-31T00:48:33,REJECTED,OFFER_BUDGET_EXHAUSTED
RED-000950,CPN-0067,OFR-0087,CUS-000174,TXN-0016506,1126.65,1126.65,2026-08-31T22:04:22,CONFIRMED,
RED-000951,CPN-0043,OFR-0063,CUS-000867,TXN-0016527,5774.16,1500.00,2026-09-01T15:33:50,REJECTED,OFFER_BUDGET_EXHAUSTED
RED-000952,CPN-0043,OFR-0063,CUS-000889,TXN-0016561,830.66,830.66,2026-09-02T03:04:46,REJECTED,OFFER_BUDGET_EXHAUSTED
RED-000953,CPN-0067,OFR-0087,CUS-000832,TXN-0016616,1357.85,1357.85,2026-09-02T20:10:16,CONFIRMED,
RED-000954,CPN-0067,OFR-0087,CUS-000863,TXN-0016622,1703.95,1703.95,2026-09-03T07:57:32,CONFIRMED,
RED-000955,CPN-0067,OFR-0087,CUS-000863,TXN-0016622,1703.95,1703.95,2026-09-03T08:07:32,DUPLICATE_REJECTED,DUPLICATE_REDEMPTION
RED-000956,CPN-0047,OFR-0067,CUS-000046,TXN-0016795,886.26,400.00,2026-09-06T06:39:27,CONFIRMED,
RED-000957,CPN-0011,OFR-0031,CUS-000566,TXN-0016831,16578.94,250.00,2026-09-06T16:03:55,CONFIRMED,
RED-000958,CPN-0011,OFR-0031,CUS-000566,TXN-0016831,16578.94,250.00,2026-09-06T16:15:55,DUPLICATE_REJECTED,DUPLICATE_REDEMPTION
RED-000959,CPN-0047,OFR-0067,CUS-000461,TXN-0016836,1780.00,400.00,2026-09-06T16:51:06,CONFIRMED,
RED-000960,CPN-0011,OFR-0031,CUS-000788,TXN-0016859,13855.47,250.00,2026-09-07T02:49:07,REJECTED,OFFER_BUDGET_EXHAUSTED
RED-000961,CPN-0011,OFR-0031,CUS-000193,TXN-0016860,10000.00,250.00,2026-09-07T03:45:08,CONFIRMED,
RED-000962,CPN-0047,OFR-0067,CUS-000872,TXN-0016895,1819.00,400.00,2026-09-07T18:16:23,CONFIRMED,
RED-000963,CPN-0011,OFR-0031,CUS-000174,TXN-0016904,16347.31,250.00,2026-09-07T19:15:18,CONFIRMED,
RED-000964,CPN-0011,OFR-0031,CUS-000100,TXN-0016915,10651.18,250.00,2026-09-07T20:28:35,CONFIRMED,
RED-000965,CPN-0011,OFR-0031,CUS-000704,TXN-0016921,17674.86,250.00,2026-09-08T02:05:05,REJECTED,OFFER_BUDGET_EXHAUSTED
RED-000966,CPN-0011,OFR-0031,CUS-000477,TXN-0016922,10000.00,250.00,2026-09-08T03:45:07,CONFIRMED,
RED-000967,CPN-0011,OFR-0031,CUS-000608,TXN-0016923,16177.36,250.00,2026-09-08T04:05:43,REJECTED,OFFER_BUDGET_EXHAUSTED
RED-000968,CPN-0011,OFR-0031,CUS-000749,TXN-0016924,10000.00,250.00,2026-09-08T05:06:52,REJECTED,OFFER_BUDGET_EXHAUSTED
RED-000969,CPN-0011,OFR-0031,CUS-000171,TXN-0016927,10000.00,250.00,2026-09-08T07:16:30,CONFIRMED,
RED-000970,CPN-0011,OFR-0031,CUS-000070,TXN-0016934,10000.00,250.00,2026-09-08T08:22:20,CONFIRMED,
RED-000971,CPN-0011,OFR-0031,CUS-000106,TXN-0016944,14990.26,250.00,2026-09-08T09:49:08,CONFIRMED,
RED-000972,CPN-0011,OFR-0031,CUS-000105,TXN-0016948,10000.00,250.00,2026-09-08T11:34:10,CONFIRMED,
RED-000973,CPN-0011,OFR-0031,CUS-000071,TXN-0016950,12747.56,250.00,2026-09-08T11:53:42,CONFIRMED,
RED-000974,CPN-0011,OFR-0031,CUS-000900,TXN-0016951,16219.42,250.00,2026-09-08T12:08:25,REJECTED,OFFER_BUDGET_EXHAUSTED
RED-000975,CPN-0011,OFR-0031,CUS-000839,TXN-0016965,12077.38,250.00,2026-09-08T15:29:00,REJECTED,OFFER_BUDGET_EXHAUSTED
RED-000976,CPN-0047,OFR-0067,CUS-000220,TXN-0016996,909.86,400.00,2026-09-09T04:24:06,CONFIRMED,
RED-000977,CPN-0047,OFR-0067,CUS-000220,TXN-0016996,909.86,400.00,2026-09-09T05:37:06,DUPLICATE_REJECTED,DUPLICATE_REDEMPTION
RED-000978,CPN-0011,OFR-0031,CUS-000816,TXN-0017007,10000.00,250.00,2026-09-09T08:34:44,REJECTED,OFFER_BUDGET_EXHAUSTED
RED-000979,CPN-0011,OFR-0031,CUS-000194,TXN-0017019,14195.79,250.00,2026-09-09T10:39:48,CONFIRMED,
RED-000980,CPN-0011,OFR-0031,CUS-000194,TXN-0017019,14195.79,250.00,2026-09-09T11:01:48,DUPLICATE_REJECTED,DUPLICATE_REDEMPTION
RED-000981,CPN-0011,OFR-0031,CUS-000498,TXN-0017059,14537.90,250.00,2026-09-09T21:50:20,CONFIRMED,
RED-000982,CPN-0011,OFR-0031,CUS-000683,TXN-0017060,16651.50,250.00,2026-09-10T03:19:47,REJECTED,OFFER_BUDGET_EXHAUSTED
RED-000983,CPN-0067,OFR-0087,CUS-000188,TXN-0017061,3883.00,3883.00,2026-09-10T03:37:00,REJECTED,OFFER_EXPIRED
RED-000984,CPN-0011,OFR-0031,CUS-000122,TXN-0017068,10000.00,250.00,2026-09-10T08:02:44,CONFIRMED,
RED-000985,CPN-0011,OFR-0031,CUS-000327,TXN-0017109,12903.71,250.00,2026-09-10T17:58:39,CONFIRMED,
RED-000986,CPN-0011,OFR-0031,CUS-000178,TXN-0017128,16060.06,250.00,2026-09-11T00:54:48,CONFIRMED,
RED-000987,CPN-0011,OFR-0031,CUS-000588,TXN-0017135,10000.00,250.00,2026-09-11T08:53:06,CONFIRMED,
RED-000988,CPN-0011,OFR-0031,CUS-000702,TXN-0017138,10000.00,250.00,2026-09-11T09:20:11,REJECTED,OFFER_BUDGET_EXHAUSTED
RED-000989,CPN-0025,OFR-0045,CUS-000477,TXN-0017144,530.82,530.82,2026-09-11T12:17:49,CONFIRMED,
RED-000990,CPN-0025,OFR-0045,CUS-000171,TXN-0017166,769.46,769.46,2026-09-11T18:09:56,CONFIRMED,
RED-000991,CPN-0025,OFR-0045,CUS-000076,TXN-0017179,716.68,716.68,2026-09-11T20:10:09,CONFIRMED,
RED-000992,CPN-0025,OFR-0045,CUS-000744,TXN-0017187,12000.00,3800.00,2026-09-11T22:11:42,REJECTED,OFFER_BUDGET_EXHAUSTED
RED-000993,CPN-0025,OFR-0045,CUS-000023,TXN-0017188,6534.00,3800.00,2026-09-11T23:24:06,CONFIRMED,
RED-000994,CPN-0025,OFR-0045,CUS-000023,TXN-0017188,6534.00,3800.00,2026-09-12T00:01:06,DUPLICATE_REJECTED,DUPLICATE_REDEMPTION
RED-000995,CPN-0025,OFR-0045,CUS-000152,TXN-0017189,9123.00,3800.00,2026-09-12T03:17:46,CONFIRMED,
RED-000996,CPN-0025,OFR-0045,CUS-000149,TXN-0017190,7883.00,3800.00,2026-09-12T06:45:53,CONFIRMED,
RED-000997,CPN-0025,OFR-0045,CUS-000065,TXN-0017191,9433.00,3800.00,2026-09-12T07:22:35,CONFIRMED,
RED-000998,CPN-0025,OFR-0045,CUS-000065,TXN-0017191,9433.00,3800.00,2026-09-12T08:16:35,DUPLICATE_REJECTED,DUPLICATE_REDEMPTION
RED-000999,CPN-0025,OFR-0045,CUS-000174,TXN-0017209,3878.00,3800.00,2026-09-12T14:53:39,CONFIRMED,
RED-001000,CPN-0025,OFR-0045,CUS-000167,TXN-0017228,582.47,582.47,2026-09-12T19:08:19,CONFIRMED,
RED-001001,CPN-0025,OFR-0045,CUS-000809,TXN-0017229,12000.00,3800.00,2026-09-12T19:20:36,REJECTED,OFFER_BUDGET_EXHAUSTED
RED-001002,CPN-0011,OFR-0031,CUS-000675,TXN-0017234,10000.00,250.00,2026-09-12T20:01:17,REJECTED,OFFER_BUDGET_EXHAUSTED
RED-001003,CPN-0025,OFR-0045,CUS-000018,TXN-0017241,8990.00,3800.00,2026-09-12T20:46:05,CONFIRMED,
RED-001004,CPN-0025,OFR-0045,CUS-000011,TXN-0017244,4646.61,3800.00,2026-09-13T02:15:47,CONFIRMED,
RED-001005,CPN-0025,OFR-0045,CUS-000128,TXN-0017245,770.04,770.04,2026-09-13T02:19:57,CONFIRMED,
RED-001006,CPN-0011,OFR-0031,CUS-000889,TXN-0017246,14314.15,250.00,2026-09-13T02:41:49,REJECTED,OFFER_BUDGET_EXHAUSTED
RED-001007,CPN-0050,OFR-0070,CUS-000437,TXN-0017247,1223.26,300.00,2026-09-13T03:42:46,CONFIRMED,
RED-001008,CPN-0025,OFR-0045,CUS-000844,TXN-0017248,556.28,556.28,2026-09-13T04:40:58,CONFIRMED,
RED-001009,CPN-0050,OFR-0070,CUS-000536,TXN-0017249,1172.52,300.00,2026-09-13T06:17:09,CONFIRMED,
RED-001010,CPN-0050,OFR-0070,CUS-000661,TXN-0017250,2312.00,300.00,2026-09-13T07:25:30,CONFIRMED,
RED-001011,CPN-0025,OFR-0045,CUS-000103,TXN-0017324,9087.00,3800.00,2026-09-13T22:43:52,CONFIRMED,
RED-001012,CPN-0025,OFR-0045,CUS-000022,TXN-0017325,941.32,941.32,2026-09-13T23:32:12,CONFIRMED,
RED-001013,CPN-0025,OFR-0045,CUS-000441,TXN-0017326,3504.00,3504.00,2026-09-14T00:25:13,CONFIRMED,
RED-001014,CPN-0025,OFR-0045,CUS-000441,TXN-0017326,3504.00,3504.00,2026-09-14T01:48:13,DUPLICATE_REJECTED,DUPLICATE_REDEMPTION
RED-001015,CPN-0047,OFR-0067,CUS-000700,TXN-0017327,971.00,400.00,2026-09-14T01:58:14,CONFIRMED,
RED-001016,CPN-0050,OFR-0070,CUS-000220,TXN-0017328,1690.00,300.00,2026-09-14T02:53:10,CONFIRMED,
RED-001017,CPN-0050,OFR-0070,CUS-000717,TXN-0017329,1234.37,300.00,2026-09-14T06:43:15,CONFIRMED,
RED-001018,CPN-0025,OFR-0045,CUS-000717,TXN-0017330,550.32,550.32,2026-09-14T07:16:47,CONFIRMED,
RED-001019,CPN-0047,OFR-0067,CUS-000388,TXN-0017336,618.79,400.00,2026-09-14T08:37:31,CONFIRMED,
RED-001020,CPN-0011,OFR-0031,CUS-000114,TXN-0017382,16546.20,250.00,2026-09-14T21:23:22,CONFIRMED,
RED-001021,CPN-0025,OFR-0045,CUS-000682,TXN-0017384,5916.00,3800.00,2026-09-15T00:18:55,REJECTED,OFFER_BUDGET_EXHAUSTED
RED-001022,CPN-0011,OFR-0031,CUS-000700,TXN-0017385,14904.52,250.00,2026-09-15T00:33:41,REJECTED,OFFER_BUDGET_EXHAUSTED
RED-001023,CPN-0011,OFR-0031,CUS-000734,TXN-0017386,10919.13,250.00,2026-09-15T03:09:16,REJECTED,OFFER_BUDGET_EXHAUSTED
RED-001024,CPN-0011,OFR-0031,CUS-000820,TXN-0017387,10385.83,250.00,2026-09-15T03:14:42,REJECTED,OFFER_BUDGET_EXHAUSTED
RED-001025,CPN-0011,OFR-0031,CUS-000463,TXN-0017388,10000.00,250.00,2026-09-15T07:00:13,CONFIRMED,
RED-001026,CPN-0025,OFR-0045,CUS-000828,TXN-0017452,776.48,776.48,2026-09-15T23:33:37,CONFIRMED,
RED-001027,CPN-0050,OFR-0070,CUS-000388,TXN-0017453,2793.00,300.00,2026-09-16T04:56:05,CONFIRMED,
RED-001028,CPN-0050,OFR-0070,CUS-000228,TXN-0017454,1868.91,300.00,2026-09-16T04:58:14,CONFIRMED,
RED-001029,CPN-0050,OFR-0070,CUS-000388,TXN-0017453,2793.00,300.00,2026-09-16T05:36:05,DUPLICATE_REJECTED,DUPLICATE_REDEMPTION
RED-001030,CPN-0050,OFR-0070,CUS-000228,TXN-0017454,1868.91,300.00,2026-09-16T06:12:14,DUPLICATE_REJECTED,DUPLICATE_REDEMPTION
RED-001031,CPN-0025,OFR-0045,CUS-000820,TXN-0017458,8769.77,3800.00,2026-09-16T07:44:22,REJECTED,OFFER_BUDGET_EXHAUSTED
RED-001032,CPN-0025,OFR-0045,CUS-000635,TXN-0017465,6767.35,3800.00,2026-09-16T09:35:50,CONFIRMED,
RED-001033,CPN-0025,OFR-0045,CUS-000150,TXN-0017477,8345.00,3800.00,2026-09-16T12:41:51,CONFIRMED,
RED-001034,CPN-0025,OFR-0045,CUS-000594,TXN-0017496,765.57,765.57,2026-09-16T16:59:18,CONFIRMED,
RED-001035,CPN-0050,OFR-0070,CUS-000817,TXN-0017507,1517.25,300.00,2026-09-16T19:01:38,CONFIRMED,
RED-001036,CPN-0025,OFR-0045,CUS-000387,TXN-0017520,798.69,798.69,2026-09-16T22:54:17,CONFIRMED,
RED-001037,CPN-0025,OFR-0045,CUS-000387,TXN-0017520,798.69,798.69,2026-09-16T23:06:17,DUPLICATE_REJECTED,DUPLICATE_REDEMPTION
RED-001038,CPN-0050,OFR-0070,CUS-000650,TXN-0017521,1981.00,300.00,2026-09-16T23:55:31,CONFIRMED,
RED-001039,CPN-0025,OFR-0045,CUS-000745,TXN-0017522,4270.00,3800.00,2026-09-17T03:09:03,REJECTED,OFFER_BUDGET_EXHAUSTED
RED-001040,CPN-0025,OFR-0045,CUS-000709,TXN-0017529,553.84,553.84,2026-09-17T09:09:00,CONFIRMED,
RED-001041,CPN-0025,OFR-0045,CUS-000142,TXN-0017535,2786.81,2786.81,2026-09-17T11:09:00,CONFIRMED,
RED-001042,CPN-0025,OFR-0045,CUS-000541,TXN-0017578,7749.20,3800.00,2026-09-17T20:09:00,CONFIRMED,
RED-001043,CPN-0025,OFR-0045,CUS-000659,TXN-0017582,6076.47,3800.00,2026-09-18T03:59:33,CONFIRMED,
RED-001044,CPN-0025,OFR-0045,CUS-000659,TXN-0017582,6076.47,3800.00,2026-09-18T05:22:33,DUPLICATE_REJECTED,DUPLICATE_REDEMPTION
RED-001045,CPN-0050,OFR-0070,CUS-000259,TXN-0017591,1601.42,300.00,2026-09-18T09:04:26,CONFIRMED,
RED-001046,CPN-0050,OFR-0070,CUS-000827,TXN-0017655,1329.34,300.00,2026-09-19T07:30:18,CONFIRMED,
RED-001047,CPN-0036,OFR-0056,CUS-000049,TXN-0017846,7808.41,1800.00,2026-09-22T09:53:10,CONFIRMED,
RED-001048,CPN-0036,OFR-0056,CUS-000879,TXN-0017871,1294.15,323.54,2026-09-22T14:23:00,CONFIRMED,
RED-001049,CPN-0061,OFR-0081,CUS-000198,TXN-0017875,1827.02,300.00,2026-09-22T16:28:40,CONFIRMED,
RED-001050,CPN-0061,OFR-0081,CUS-000198,TXN-0017875,1827.02,300.00,2026-09-22T17:58:40,DUPLICATE_REJECTED,DUPLICATE_REDEMPTION
RED-001051,CPN-0061,OFR-0081,CUS-000700,TXN-0017902,1500.00,300.00,2026-09-22T19:57:37,REJECTED,OFFER_BUDGET_EXHAUSTED
RED-001052,CPN-0036,OFR-0056,CUS-000751,TXN-0017907,1756.63,439.16,2026-09-23T04:52:59,CONFIRMED,
RED-001053,CPN-0061,OFR-0081,CUS-000062,TXN-0017908,2215.71,300.00,2026-09-23T05:14:17,CONFIRMED,
RED-001054,CPN-0061,OFR-0081,CUS-000103,TXN-0017909,1577.49,300.00,2026-09-23T06:06:49,CONFIRMED,
RED-001055,CPN-0061,OFR-0081,CUS-000749,TXN-0017919,1500.00,300.00,2026-09-23T09:54:40,REJECTED,OFFER_BUDGET_EXHAUSTED
RED-001056,CPN-0036,OFR-0056,CUS-000473,TXN-0017940,1163.24,290.81,2026-09-23T13:46:36,CONFIRMED,
RED-001057,CPN-0061,OFR-0081,CUS-000833,TXN-0017988,2809.73,300.00,2026-09-23T23:59:51,REJECTED,OFFER_BUDGET_EXHAUSTED
RED-001058,CPN-0061,OFR-0081,CUS-000236,TXN-0017989,1744.79,300.00,2026-09-24T04:43:07,CONFIRMED,
RED-001059,CPN-0061,OFR-0081,CUS-000847,TXN-0017997,2325.71,300.00,2026-09-24T07:35:59,REJECTED,OFFER_BUDGET_EXHAUSTED
RED-001060,CPN-0036,OFR-0056,CUS-000088,TXN-0018004,1064.88,266.22,2026-09-24T08:49:52,CONFIRMED,
RED-001061,CPN-0061,OFR-0081,CUS-000679,TXN-0018015,1500.00,300.00,2026-09-24T10:28:08,REJECTED,OFFER_BUDGET_EXHAUSTED
RED-001062,CPN-0036,OFR-0056,CUS-000463,TXN-0018056,1783.92,445.98,2026-09-24T23:12:30,CONFIRMED,
RED-001063,CPN-0061,OFR-0081,CUS-000100,TXN-0018057,2556.34,300.00,2026-09-25T00:41:21,CONFIRMED,
RED-001064,CPN-0009,OFR-0029,CUS-000675,TXN-0018058,1370.28,100.00,2026-09-25T02:06:48,CONFIRMED,
RED-001065,CPN-0009,OFR-0029,CUS-000385,TXN-0018059,1200.00,100.00,2026-09-25T05:02:18,CONFIRMED,
RED-001066,CPN-0061,OFR-0081,CUS-000837,TXN-0018063,1962.73,300.00,2026-09-25T08:22:20,REJECTED,OFFER_BUDGET_EXHAUSTED
RED-001067,CPN-0061,OFR-0081,CUS-000844,TXN-0018106,2842.09,300.00,2026-09-25T22:56:32,REJECTED,OFFER_BUDGET_EXHAUSTED
RED-001068,CPN-0061,OFR-0081,CUS-000059,TXN-0018107,1500.00,300.00,2026-09-26T01:44:51,CONFIRMED,
RED-001069,CPN-0061,OFR-0081,CUS-000254,TXN-0018147,1500.00,300.00,2026-09-26T17:02:17,CONFIRMED,
RED-001070,CPN-0061,OFR-0081,CUS-000486,TXN-0018156,1500.00,300.00,2026-09-26T18:45:46,REJECTED,OFFER_BUDGET_EXHAUSTED
RED-001071,CPN-0061,OFR-0081,CUS-000449,TXN-0018166,1500.00,300.00,2026-09-26T20:38:47,CONFIRMED,
RED-001072,CPN-0009,OFR-0029,CUS-000029,TXN-0018168,1301.19,100.00,2026-09-27T01:03:11,CONFIRMED,
RED-001073,CPN-0009,OFR-0029,CUS-000749,TXN-0018169,1720.85,100.00,2026-09-27T06:34:28,CONFIRMED,
RED-001074,CPN-0009,OFR-0029,CUS-000556,TXN-0018173,1200.00,100.00,2026-09-27T07:33:16,CONFIRMED,
RED-001075,CPN-0061,OFR-0081,CUS-000558,TXN-0018182,1500.00,300.00,2026-09-27T09:54:57,REJECTED,OFFER_BUDGET_EXHAUSTED
RED-001076,CPN-0061,OFR-0081,CUS-000873,TXN-0018189,1625.88,300.00,2026-09-27T10:55:31,REJECTED,OFFER_BUDGET_EXHAUSTED
RED-001077,CPN-0036,OFR-0056,CUS-000684,TXN-0018226,1290.93,322.73,2026-09-27T19:07:27,CONFIRMED,
RED-001078,CPN-0061,OFR-0081,CUS-000867,TXN-0018236,2141.60,300.00,2026-09-28T04:03:47,REJECTED,OFFER_BUDGET_EXHAUSTED
RED-001079,CPN-0061,OFR-0081,CUS-000454,TXN-0018237,1500.00,300.00,2026-09-28T05:36:15,REJECTED,OFFER_BUDGET_EXHAUSTED
RED-001080,CPN-0061,OFR-0081,CUS-000470,TXN-0018238,1560.82,300.00,2026-09-28T07:19:07,REJECTED,OFFER_BUDGET_EXHAUSTED
RED-001081,CPN-0009,OFR-0029,CUS-000305,TXN-0018244,1200.00,100.00,2026-09-28T08:56:18,CONFIRMED,
RED-001082,CPN-0061,OFR-0081,CUS-000702,TXN-0018246,1500.00,300.00,2026-09-28T09:32:39,REJECTED,OFFER_BUDGET_EXHAUSTED
RED-001083,CPN-0009,OFR-0029,CUS-000884,TXN-0018277,1398.18,100.00,2026-09-28T18:38:00,CONFIRMED,
RED-001084,CPN-0009,OFR-0029,CUS-000900,TXN-0018287,1391.97,100.00,2026-09-28T22:16:16,CONFIRMED,
RED-001085,CPN-0061,OFR-0081,CUS-000241,TXN-0018288,2378.71,300.00,2026-09-29T00:43:49,CONFIRMED,
RED-001086,CPN-0009,OFR-0029,CUS-000842,TXN-0018289,1200.00,100.00,2026-09-29T03:15:49,CONFIRMED,
RED-001087,CPN-0061,OFR-0081,CUS-000029,TXN-0018300,1500.00,300.00,2026-09-29T09:39:57,CONFIRMED,
RED-001088,CPN-0061,OFR-0081,CUS-000061,TXN-0018309,2158.60,300.00,2026-09-29T11:52:57,CONFIRMED,
RED-001089,CPN-0036,OFR-0056,CUS-000700,TXN-0018356,1681.04,420.26,2026-09-30T04:30:40,CONFIRMED,
RED-001090,CPN-0036,OFR-0056,CUS-000009,TXN-0018396,4334.00,1083.50,2026-09-30T16:43:28,CONFIRMED,
RED-001091,CPN-0009,OFR-0029,CUS-000251,TXN-0018599,1200.00,100.00,2026-10-02T19:02:03,CONFIRMED,
RED-001092,CPN-0009,OFR-0029,CUS-000251,TXN-0018599,1200.00,100.00,2026-10-02T19:39:03,DUPLICATE_REJECTED,DUPLICATE_REDEMPTION
