merchant_id,customer_id,expected_tags,reason
M0001,C000680,Dormant,recency 84 >= 45
M0001,C000790,"Dormant,High Value,Loyal",recency 65 >= 45; total_spend 6366.15 >= p75 4073.44; frequency 14 >= 5
M0001,C000775,"High Value,Loyal",total_spend 8452.50 >= p75 4073.44; frequency 21 >= 5
M0001,C000162,"Dormant,High Value,Loyal",recency 83 >= 45; total_spend 10532.43 >= p75 4073.44; frequency 21 >= 5
M0001,C000021,"High Value,Loyal",total_spend 4210.93 >= p75 4073.44; frequency 7 >= 5
M0001,C000820,"High Value,Loyal",total_spend 18293.01 >= p75 4073.44; frequency 19 >= 5
M0001,C000174,"High Value,Loyal",total_spend 26010.34 >= p75 4073.44; frequency 21 >= 5
M0001,C000700,"High Value,Loyal",total_spend 20754.70 >= p75 4073.44; frequency 13 >= 5
M0001,C000148,"Dormant,High Value,Loyal",recency 86 >= 45; total_spend 10081.00 >= p75 4073.44; frequency 20 >= 5
M0001,C000799,Dormant,recency 168 >= 45
M0001,C000837,Dormant,recency 90 >= 45
M0001,C000439,"High Value,Loyal",total_spend 5557.25 >= p75 4073.44; frequency 18 >= 5
M0001,C000873,Dormant,recency 109 >= 45
M0001,C000498,"High Value,Loyal",total_spend 21178.21 >= p75 4073.44; frequency 16 >= 5
M0001,C000194,High Value,total_spend 15748.26 >= p75 4073.44
M0001,C000193,"High Value,Loyal",total_spend 20131.82 >= p75 4073.44; frequency 21 >= 5
M0001,C000047,"Dormant,High Value,Loyal",recency 88 >= 45; total_spend 4245.27 >= p75 4073.44; frequency 5 >= 5
M0001,C000140,"Dormant,High Value,Loyal",recency 104 >= 45; total_spend 8449.68 >= p75 4073.44; frequency 19 >= 5
M0001,C000131,Dormant,recency 151 >= 45
M0001,C000006,"High Value,Loyal",total_spend 8043.03 >= p75 4073.44; frequency 14 >= 5
M0001,C000122,"High Value,Loyal",total_spend 11846.00 >= p75 4073.44; frequency 5 >= 5
M0001,C000470,Loyal,frequency 13 >= 5
M0001,C000926,"Dormant,One-time",recency 269 >= 45; frequency == 1
M0001,C000822,"Dormant,Loyal",recency 146 >= 45; frequency 5 >= 5
M0001,C000167,"Dormant,High Value,Loyal",recency 137 >= 45; total_spend 6290.83 >= p75 4073.44; frequency 13 >= 5
M0001,C000786,Dormant,recency 135 >= 45
M0001,C000196,"Dormant,One-time",recency 268 >= 45; frequency == 1
M0001,C000845,"High Value,Loyal",total_spend 6446.47 >= p75 4073.44; frequency 12 >= 5
M0001,C000816,High Value,total_spend 12416.00 >= p75 4073.44
M0001,C000032,Regular,no rule matched
M0001,C000075,"High Value,Loyal",total_spend 10810.21 >= p75 4073.44; frequency 21 >= 5
M0001,C000910,Dormant,recency 88 >= 45
M0001,C000159,"Dormant,High Value,Loyal",recency 131 >= 45; total_spend 8478.99 >= p75 4073.44; frequency 17 >= 5
M0001,C000049,"High Value,Loyal",total_spend 13495.38 >= p75 4073.44; frequency 28 >= 5
M0001,C000446,"Dormant,One-time",recency 266 >= 45; frequency == 1
M0001,C000187,"Dormant,One-time",recency 266 >= 45; frequency == 1
M0001,C000810,Dormant,recency 188 >= 45
M0001,C000093,"Dormant,Loyal",recency 133 >= 45; frequency 5 >= 5
M0001,C000444,"High Value,Loyal",total_spend 10505.92 >= p75 4073.44; frequency 19 >= 5
M0001,C000824,Dormant,recency 194 >= 45
M0001,C000109,Dormant,recency 221 >= 45
M0001,C000829,"Dormant,One-time",recency 265 >= 45; frequency == 1
M0001,C000691,"High Value,Loyal",total_spend 10908.10 >= p75 4073.44; frequency 20 >= 5
M0001,C000179,"Dormant,High Value",recency 131 >= 45; total_spend 5248.98 >= p75 4073.44
M0001,C000832,"High Value,Loyal",total_spend 11507.48 >= p75 4073.44; frequency 17 >= 5
M0001,C000901,"Dormant,One-time",recency 263 >= 45; frequency == 1
M0001,C000745,Regular,no rule matched
M0001,C000720,"High Value,Loyal",total_spend 12392.95 >= p75 4073.44; frequency 25 >= 5
M0001,C000672,"Dormant,Loyal",recency 77 >= 45; frequency 5 >= 5
M0001,C000805,Dormant,recency 226 >= 45
M0001,C000070,"High Value,Loyal",total_spend 18020.21 >= p75 4073.44; frequency 18 >= 5
M0001,C000477,"High Value,Loyal",total_spend 13336.99 >= p75 4073.44; frequency 12 >= 5
M0001,C000118,Dormant,recency 171 >= 45
M0001,C000738,"Dormant,High Value,Loyal",recency 48 >= 45; total_spend 8367.05 >= p75 4073.44; frequency 18 >= 5
M0001,C000794,Dormant,recency 86 >= 45
M0001,C000054,"High Value,Loyal",total_spend 7892.77 >= p75 4073.44; frequency 18 >= 5
M0001,C000107,Dormant,recency 183 >= 45
M0001,C000792,"Dormant,High Value,Loyal",recency 66 >= 45; total_spend 9659.33 >= p75 4073.44; frequency 20 >= 5
M0001,C000145,"Dormant,One-time",recency 257 >= 45; frequency == 1
M0001,C000774,"Dormant,One-time",recency 257 >= 45; frequency == 1
M0001,C000037,Dormant,recency 161 >= 45
M0001,C000802,Dormant,recency 224 >= 45
M0001,C000166,"Dormant,High Value,Loyal",recency 133 >= 45; total_spend 6699.85 >= p75 4073.44; frequency 10 >= 5
M0001,C000007,"High Value,Loyal",total_spend 10975.88 >= p75 4073.44; frequency 24 >= 5
M0001,C000744,"High Value,Loyal",total_spend 8516.37 >= p75 4073.44; frequency 16 >= 5
M0001,C000857,"High Value,Loyal",total_spend 6891.63 >= p75 4073.44; frequency 14 >= 5
M0001,C000126,Dormant,recency 176 >= 45
M0001,C000712,"Dormant,One-time",recency 254 >= 45; frequency == 1
M0001,C000684,"High Value,Loyal",total_spend 6538.81 >= p75 4073.44; frequency 11 >= 5
M0001,C000061,Dormant,recency 121 >= 45
M0001,C000048,Dormant,recency 122 >= 45
M0001,C000081,"High Value,Loyal",total_spend 5728.31 >= p75 4073.44; frequency 6 >= 5
M0001,C000828,Dormant,recency 210 >= 45
M0001,C000106,High Value,total_spend 19736.50 >= p75 4073.44
M0001,C000184,Dormant,recency 198 >= 45
M0001,C000180,Dormant,recency 155 >= 45
M0001,C000710,"High Value,Loyal",total_spend 5227.23 >= p75 4073.44; frequency 12 >= 5
M0001,C000812,"Dormant,One-time",recency 247 >= 45; frequency == 1
M0001,C000150,"Dormant,High Value",recency 134 >= 45; total_spend 4966.45 >= p75 4073.44
M0001,C000052,"High Value,Loyal",total_spend 4609.39 >= p75 4073.44; frequency 8 >= 5
M0001,C000055,Regular,no rule matched
M0001,C000768,Dormant,recency 65 >= 45
M0001,C000462,Dormant,recency 234 >= 45
M0001,C000678,"Dormant,High Value,Loyal",recency 110 >= 45; total_spend 4798.84 >= p75 4073.44; frequency 7 >= 5
M0001,C000913,"Dormant,One-time",recency 244 >= 45; frequency == 1
M0001,C000092,"High Value,Loyal",total_spend 7866.44 >= p75 4073.44; frequency 15 >= 5
M0001,C000455,Dormant,recency 45 >= 45
M0001,C000182,Dormant,recency 228 >= 45
M0001,C000798,Dormant,recency 173 >= 45
M0001,C000100,"High Value,Loyal",total_spend 16330.31 >= p75 4073.44; frequency 11 >= 5
M0001,C000129,"Dormant,One-time",recency 240 >= 45; frequency == 1
M0001,C000463,"High Value,Loyal",total_spend 15893.58 >= p75 4073.44; frequency 9 >= 5
M0001,C000178,"High Value,Loyal",total_spend 18629.06 >= p75 4073.44; frequency 5 >= 5
M0001,C000489,Dormant,recency 133 >= 45
M0001,C000147,Regular,no rule matched
M0001,C000863,"Dormant,Loyal",recency 69 >= 45; frequency 5 >= 5
M0001,C000679,Dormant,recency 83 >= 45
M0001,C000821,"Dormant,High Value,Loyal",recency 111 >= 45; total_spend 4073.44 >= p75 4073.44; frequency 6 >= 5
M0001,C000795,"Dormant,High Value,Loyal",recency 89 >= 45; total_spend 5145.54 >= p75 4073.44; frequency 11 >= 5
M0001,C000171,"High Value,Loyal",total_spend 19560.95 >= p75 4073.44; frequency 14 >= 5
M0001,C000429,"Dormant,One-time",recency 230 >= 45; frequency == 1
M0001,C000169,"Dormant,One-time",recency 228 >= 45; frequency == 1
M0001,C000116,Dormant,recency 82 >= 45
M0001,C000117,Dormant,recency 194 >= 45
M0001,C000040,Regular,no rule matched
M0001,C000683,"High Value,Loyal",total_spend 20599.78 >= p75 4073.44; frequency 5 >= 5
M0001,C000762,"Dormant,One-time",recency 227 >= 45; frequency == 1
M0001,C000024,"High Value,Loyal",total_spend 5731.94 >= p75 4073.44; frequency 7 >= 5
M0001,C000807,Dormant,recency 152 >= 45
M0001,C000119,"Dormant,One-time",recency 226 >= 45; frequency == 1
M0001,C000813,Dormant,recency 224 >= 45
M0001,C000889,"High Value,Loyal",total_spend 25857.95 >= p75 4073.44; frequency 21 >= 5
M0001,C000060,Regular,no rule matched
M0001,C000699,Dormant,recency 186 >= 45
M0001,C000103,Dormant,recency 133 >= 45
M0001,C000685,"Dormant,One-time",recency 222 >= 45; frequency == 1
M0001,C000764,"Dormant,One-time",recency 222 >= 45; frequency == 1
M0001,C000002,"Dormant,Loyal",recency 115 >= 45; frequency 5 >= 5
M0001,C000823,Dormant,recency 103 >= 45
M0001,C000496,"Dormant,One-time",recency 220 >= 45; frequency == 1
M0001,C000769,"Dormant,One-time",recency 219 >= 45; frequency == 1
M0001,C000133,Dormant,recency 85 >= 45
M0001,C000091,Regular,no rule matched
M0001,C000089,Regular,no rule matched
M0001,C000432,Regular,no rule matched
M0001,C000694,"Dormant,One-time",recency 217 >= 45; frequency == 1
M0001,C000803,Dormant,recency 215 >= 45
M0001,C000673,Dormant,recency 168 >= 45
M0001,C000016,Loyal,frequency 5 >= 5
M0001,C000808,Dormant,recency 64 >= 45
M0001,C000197,Regular,no rule matched
M0001,C000480,Dormant,recency 86 >= 45
M0001,C000105,High Value,total_spend 10561.00 >= p75 4073.44
M0001,C000560,"High Value,Loyal",total_spend 11920.69 >= p75 4073.44; frequency 15 >= 5
M0001,C000791,Dormant,recency 183 >= 45
M0001,C000088,"Dormant,One-time",recency 208 >= 45; frequency == 1
M0001,C000114,High Value,total_spend 18939.20 >= p75 4073.44
M0001,C000833,Loyal,frequency 6 >= 5
M0001,C000160,"Dormant,One-time",recency 205 >= 45; frequency == 1
M0001,C000471,Regular,no rule matched
M0001,C000004,Regular,no rule matched
M0001,C000123,"High Value,Loyal",total_spend 7975.56 >= p75 4073.44; frequency 12 >= 5
M0001,C000050,"High Value,Loyal",total_spend 7001.90 >= p75 4073.44; frequency 10 >= 5
M0001,C000846,Loyal,frequency 5 >= 5
M0001,C000449,Regular,no rule matched
M0001,C000153,Dormant,recency 142 >= 45
M0001,C000079,Dormant,recency 84 >= 45
M0001,C000717,"Dormant,Loyal",recency 119 >= 45; frequency 5 >= 5
M0001,C000065,Loyal,frequency 6 >= 5
M0001,C000722,Dormant,recency 187 >= 45
M0001,C000132,Dormant,recency 132 >= 45
M0001,C000018,Loyal,frequency 5 >= 5
M0001,C000806,Dormant,recency 120 >= 45
M0001,C000425,"Dormant,One-time",recency 195 >= 45; frequency == 1
M0001,C000732,Dormant,recency 63 >= 45
M0001,C000478,Regular,no rule matched
M0001,C000752,"Dormant,One-time",recency 193 >= 45; frequency == 1
M0001,C000856,Loyal,frequency 5 >= 5
M0001,C000742,"Dormant,One-time",recency 188 >= 45; frequency == 1
M0001,C000572,Regular,no rule matched
M0001,C000461,"High Value,Loyal",total_spend 4221.32 >= p75 4073.44; frequency 10 >= 5
M0001,C000483,"Dormant,One-time",recency 183 >= 45; frequency == 1
M0001,C000830,Dormant,recency 153 >= 45
M0001,C000776,Dormant,recency 89 >= 45
M0001,C000072,"Dormant,High Value",recency 82 >= 45; total_spend 4488.04 >= p75 4073.44
M0001,C000741,"Dormant,One-time",recency 178 >= 45; frequency == 1
M0001,C000788,High Value,total_spend 15360.61 >= p75 4073.44
M0001,C000141,"Dormant,One-time",recency 175 >= 45; frequency == 1
M0001,C000135,"Dormant,One-time",recency 174 >= 45; frequency == 1
M0001,C000770,Regular,no rule matched
M0001,C000186,"Dormant,One-time",recency 173 >= 45; frequency == 1
M0001,C000880,Regular,no rule matched
M0001,C000172,Dormant,recency 158 >= 45
M0001,C000715,Dormant,recency 131 >= 45
M0001,C000015,Regular,no rule matched
M0001,C000748,"Dormant,One-time",recency 171 >= 45; frequency == 1
M0001,C000098,Regular,no rule matched
M0001,C000491,Dormant,recency 112 >= 45
M0001,C000031,"Dormant,One-time",recency 167 >= 45; frequency == 1
M0001,C000725,Regular,no rule matched
M0001,C000726,Regular,no rule matched
M0001,C000177,"Dormant,One-time",recency 163 >= 45; frequency == 1
M0001,C000796,Dormant,recency 69 >= 45
M0001,C000704,High Value,total_spend 18247.86 >= p75 4073.44
M0001,C000841,"High Value,Loyal",total_spend 5046.89 >= p75 4073.44; frequency 5 >= 5
M0001,C000195,Dormant,recency 86 >= 45
M0001,C000086,"Dormant,One-time",recency 158 >= 45; frequency == 1
M0001,C000042,Dormant,recency 133 >= 45
M0001,C000785,Dormant,recency 152 >= 45
M0001,C000138,Dormant,recency 80 >= 45
M0001,C000588,High Value,total_spend 12953.00 >= p75 4073.44
M0001,C000466,Loyal,frequency 5 >= 5
M0001,C000613,"Dormant,One-time",recency 154 >= 45; frequency == 1
M0001,C000057,Regular,no rule matched
M0001,C000897,Regular,no rule matched
M0001,C000083,"Dormant,One-time",recency 151 >= 45; frequency == 1
M0001,C000067,Dormant,recency 71 >= 45
M0001,C000546,"Dormant,One-time",recency 141 >= 45; frequency == 1
M0001,C000693,Regular,no rule matched
M0001,C000898,Regular,no rule matched
M0001,C000112,"Dormant,One-time",recency 139 >= 45; frequency == 1
M0001,C000834,Dormant,recency 49 >= 45
M0001,C000476,"Dormant,One-time",recency 138 >= 45; frequency == 1
M0001,C000839,High Value,total_spend 13462.38 >= p75 4073.44
M0001,C000566,"High Value,Loyal",total_spend 20459.57 >= p75 4073.44; frequency 7 >= 5
M0001,C000847,"Dormant,One-time",recency 134 >= 45; frequency == 1
M0001,C000894,Loyal,frequency 7 >= 5
M0001,C000677,"Dormant,One-time",recency 132 >= 45; frequency == 1
M0001,C000681,"Dormant,One-time",recency 131 >= 45; frequency == 1
M0001,C000723,Regular,no rule matched
M0001,C000192,"Dormant,One-time",recency 130 >= 45; frequency == 1
M0001,C000850,"Dormant,One-time",recency 129 >= 45; frequency == 1
M0001,C000125,"Dormant,One-time",recency 129 >= 45; frequency == 1
M0001,C000702,"High Value,Loyal",total_spend 14128.87 >= p75 4073.44; frequency 6 >= 5
M0001,C000559,Regular,no rule matched
M0001,C000779,"Dormant,One-time",recency 122 >= 45; frequency == 1
M0001,C000009,Dormant,recency 49 >= 45
M0001,C000071,High Value,total_spend 13705.75 >= p75 4073.44
M0001,C000734,High Value,total_spend 11644.13 >= p75 4073.44
M0001,C000076,"Dormant,One-time",recency 109 >= 45; frequency == 1
M0001,C000872,Regular,no rule matched
M0001,C000019,"Dormant,One-time",recency 100 >= 45; frequency == 1
M0001,C000765,"Dormant,One-time",recency 99 >= 45; frequency == 1
M0001,C000753,"Dormant,One-time",recency 99 >= 45; frequency == 1
M0001,C000428,"Dormant,One-time",recency 98 >= 45; frequency == 1
M0001,C000641,Regular,no rule matched
M0001,C000884,"High Value,Loyal",total_spend 5092.98 >= p75 4073.44; frequency 5 >= 5
M0001,C000213,Regular,no rule matched
M0001,C000378,"Dormant,One-time",recency 91 >= 45; frequency == 1
M0001,C000842,Regular,no rule matched
M0001,C000871,"Dormant,One-time",recency 88 >= 45; frequency == 1
M0001,C000445,"Dormant,One-time",recency 87 >= 45; frequency == 1
M0001,C000271,"Dormant,One-time",recency 83 >= 45; frequency == 1
M0001,C000644,"Dormant,One-time",recency 83 >= 45; frequency == 1
M0001,C000247,"Dormant,One-time",recency 82 >= 45; frequency == 1
M0001,C000014,"Dormant,One-time",recency 80 >= 45; frequency == 1
M0001,C000749,High Value,total_spend 13200.07 >= p75 4073.44
M0001,C000370,"Dormant,One-time",recency 79 >= 45; frequency == 1
M0001,C000003,"Dormant,One-time",recency 77 >= 45; frequency == 1
M0001,C000436,"Dormant,One-time",recency 76 >= 45; frequency == 1
M0001,C000327,High Value,total_spend 13732.33 >= p75 4073.44
M0001,C000274,"Dormant,One-time",recency 72 >= 45; frequency == 1
M0001,C000305,Regular,no rule matched
M0001,C000069,"Dormant,One-time",recency 68 >= 45; frequency == 1
M0001,C000890,Regular,no rule matched
M0001,C000214,"Dormant,One-time",recency 67 >= 45; frequency == 1
M0001,C000029,Regular,no rule matched
M0001,C000085,"Dormant,One-time",recency 66 >= 45; frequency == 1
M0001,C000766,"Dormant,One-time",recency 64 >= 45; frequency == 1
M0001,C000865,"Dormant,One-time",recency 63 >= 45; frequency == 1
M0001,C000551,"Dormant,One-time",recency 61 >= 45; frequency == 1
M0001,C000675,High Value,total_spend 11925.46 >= p75 4073.44
M0001,C000585,Regular,no rule matched
M0001,C000244,"Dormant,One-time",recency 57 >= 45; frequency == 1
M0001,C000096,Regular,no rule matched
M0001,C000385,Regular,no rule matched
M0001,C000251,Regular,no rule matched
M0001,C000583,Regular,no rule matched
M0001,C000422,Regular,no rule matched
M0001,C000319,"Dormant,One-time",recency 46 >= 45; frequency == 1
M0001,C000282,Regular,no rule matched
M0001,C000862,One-time,frequency == 1
M0001,C000840,One-time,frequency == 1
M0001,C000011,One-time,frequency == 1
M0001,C000569,Loyal,frequency 5 >= 5
M0001,C000288,One-time,frequency == 1
M0001,C000608,High Value,total_spend 16820.36 >= p75 4073.44
M0001,C000900,High Value,total_spend 18402.93 >= p75 4073.44
M0001,C000896,Regular,no rule matched
M0001,C000481,One-time,frequency == 1
M0001,C000864,Regular,no rule matched
M0001,C000665,One-time,frequency == 1
M0001,C000063,One-time,frequency == 1
M0001,C000582,One-time,frequency == 1
M0001,C000961,One-time,frequency == 1
M0001,C000433,One-time,frequency == 1
M0001,C000960,Regular,no rule matched
M0001,C000553,One-time,frequency == 1
M0001,C000434,One-time,frequency == 1
M0001,C000591,One-time,frequency == 1
M0001,C000493,One-time,frequency == 1
M0001,C000883,One-time,frequency == 1
M0001,C000556,Regular,no rule matched
M0001,C000967,One-time,frequency == 1
M0001,C000615,One-time,frequency == 1
M0001,C000602,One-time,frequency == 1
M0001,C000705,One-time,frequency == 1
M0001,C000078,One-time,frequency == 1
M0001,C000045,Regular,no rule matched
M0001,C000022,One-time,frequency == 1
M0001,C000957,One-time,frequency == 1
M0001,C000651,One-time,frequency == 1
M0001,C000279,One-time,frequency == 1
M0001,C000220,One-time,frequency == 1
M0001,C000598,One-time,frequency == 1
M0001,C000218,One-time,frequency == 1
M0001,C000567,One-time,frequency == 1
M0001,C000735,One-time,frequency == 1
M0001,C000530,One-time,frequency == 1
M0001,C000289,One-time,frequency == 1
M0002,C000796,"Dormant,High Value,Loyal",recency 142 >= 45; total_spend 16092.76 >= p75 6559.87; frequency 11 >= 5
M0002,C000940,Dormant,recency 273 >= 45
M0002,C000030,"High Value,Loyal",total_spend 12764.20 >= p75 6559.87; frequency 9 >= 5
M0002,C000006,"Dormant,High Value",recency 126 >= 45; total_spend 7405.00 >= p75 6559.87
M0002,C000879,Regular,no rule matched
M0002,C000798,"Dormant,High Value,Loyal",recency 139 >= 45; total_spend 24635.37 >= p75 6559.87; frequency 13 >= 5
M0002,C000047,Dormant,recency 104 >= 45
M0002,C000806,"Dormant,High Value,Loyal",recency 126 >= 45; total_spend 25509.13 >= p75 6559.87; frequency 13 >= 5
M0002,C000949,Dormant,recency 249 >= 45
M0002,C000784,Dormant,recency 143 >= 45
M0002,C000143,Dormant,recency 99 >= 45
M0002,C000750,"High Value,Loyal",total_spend 7817.85 >= p75 6559.87; frequency 5 >= 5
M0002,C000130,"Dormant,High Value,Loyal",recency 161 >= 45; total_spend 7982.87 >= p75 6559.87; frequency 6 >= 5
M0002,C000829,"Dormant,High Value,Loyal",recency 125 >= 45; total_spend 18132.00 >= p75 6559.87; frequency 10 >= 5
M0002,C000470,Dormant,recency 145 >= 45
M0002,C000797,"Dormant,High Value,Loyal",recency 68 >= 45; total_spend 22898.47 >= p75 6559.87; frequency 11 >= 5
M0002,C000776,"Dormant,High Value,Loyal",recency 156 >= 45; total_spend 20211.66 >= p75 6559.87; frequency 12 >= 5
M0002,C000461,"Dormant,High Value,Loyal",recency 70 >= 45; total_spend 10767.79 >= p75 6559.87; frequency 7 >= 5
M0002,C000827,Dormant,recency 207 >= 45
M0002,C000068,"High Value,Loyal",total_spend 14216.35 >= p75 6559.87; frequency 8 >= 5
M0002,C000112,"Dormant,High Value",recency 144 >= 45; total_spend 7718.92 >= p75 6559.87
M0002,C000099,"High Value,Loyal",total_spend 10002.26 >= p75 6559.87; frequency 8 >= 5
M0002,C000004,"High Value,Loyal",total_spend 10060.99 >= p75 6559.87; frequency 8 >= 5
M0002,C000019,"Dormant,One-time",recency 270 >= 45; frequency == 1
M0002,C000691,Dormant,recency 105 >= 45
M0002,C000090,Regular,no rule matched
M0002,C000054,"Dormant,High Value,Loyal",recency 58 >= 45; total_spend 6775.99 >= p75 6559.87; frequency 5 >= 5
M0002,C000048,"High Value,Loyal",total_spend 25615.28 >= p75 6559.87; frequency 15 >= 5
M0002,C000134,"Dormant,High Value,Loyal",recency 70 >= 45; total_spend 20295.05 >= p75 6559.87; frequency 10 >= 5
M0002,C000472,Dormant,recency 244 >= 45
M0002,C000803,"Dormant,One-time",recency 268 >= 45; frequency == 1
M0002,C000067,"High Value,Loyal",total_spend 25502.33 >= p75 6559.87; frequency 15 >= 5
M0002,C000101,"Dormant,Loyal",recency 140 >= 45; frequency 5 >= 5
M0002,C000146,"Dormant,One-time",recency 267 >= 45; frequency == 1
M0002,C000811,Dormant,recency 172 >= 45
M0002,C000824,"Dormant,High Value,Loyal",recency 98 >= 45; total_spend 13715.85 >= p75 6559.87; frequency 8 >= 5
M0002,C000196,"Dormant,High Value,Loyal",recency 210 >= 45; total_spend 12665.99 >= p75 6559.87; frequency 7 >= 5
M0002,C000018,"High Value,Loyal",total_spend 11354.60 >= p75 6559.87; frequency 7 >= 5
M0002,C000194,Dormant,recency 196 >= 45
M0002,C000764,"Dormant,High Value,Loyal",recency 161 >= 45; total_spend 10769.51 >= p75 6559.87; frequency 6 >= 5
M0002,C000191,Dormant,recency 236 >= 45
M0002,C000787,Dormant,recency 116 >= 45
M0002,C000024,"Dormant,High Value",recency 157 >= 45; total_spend 8203.39 >= p75 6559.87
M0002,C000094,Regular,no rule matched
M0002,C000463,"Dormant,One-time",recency 263 >= 45; frequency == 1
M0002,C000188,"Dormant,High Value",recency 109 >= 45; total_spend 6764.59 >= p75 6559.87
M0002,C000200,"Dormant,High Value,Loyal",recency 142 >= 45; total_spend 10958.52 >= p75 6559.87; frequency 8 >= 5
M0002,C000922,Dormant,recency 221 >= 45
M0002,C000190,Dormant,recency 103 >= 45
M0002,C000102,Dormant,recency 65 >= 45
M0002,C000931,Dormant,recency 187 >= 45
M0002,C000938,Dormant,recency 225 >= 45
M0002,C000909,"Dormant,One-time",recency 259 >= 45; frequency == 1
M0002,C000049,Regular,no rule matched
M0002,C000055,Dormant,recency 59 >= 45
M0002,C000830,"Dormant,High Value,Loyal",recency 78 >= 45; total_spend 10837.69 >= p75 6559.87; frequency 6 >= 5
M0002,C000471,Dormant,recency 230 >= 45
M0002,C000756,Dormant,recency 172 >= 45
M0002,C000765,"Dormant,One-time",recency 257 >= 45; frequency == 1
M0002,C000142,"Dormant,High Value,Loyal",recency 149 >= 45; total_spend 8531.00 >= p75 6559.87; frequency 5 >= 5
M0002,C000111,"Dormant,One-time",recency 257 >= 45; frequency == 1
M0002,C000126,"Dormant,High Value,Loyal",recency 157 >= 45; total_spend 16293.76 >= p75 6559.87; frequency 10 >= 5
M0002,C000011,Dormant,recency 113 >= 45
M0002,C000468,"Dormant,One-time",recency 256 >= 45; frequency == 1
M0002,C000709,Dormant,recency 75 >= 45
M0002,C000069,Dormant,recency 132 >= 45
M0002,C000169,"Dormant,High Value,Loyal",recency 138 >= 45; total_spend 10984.99 >= p75 6559.87; frequency 6 >= 5
M0002,C000107,"Dormant,High Value,Loyal",recency 105 >= 45; total_spend 11023.45 >= p75 6559.87; frequency 5 >= 5
M0002,C000778,Dormant,recency 174 >= 45
M0002,C000172,"Dormant,High Value,Loyal",recency 136 >= 45; total_spend 8765.36 >= p75 6559.87; frequency 5 >= 5
M0002,C000155,"Dormant,One-time",recency 254 >= 45; frequency == 1
M0002,C000173,"Dormant,High Value",recency 65 >= 45; total_spend 9540.75 >= p75 6559.87
M0002,C000809,"Dormant,High Value,Loyal",recency 109 >= 45; total_spend 28628.46 >= p75 6559.87; frequency 15 >= 5
M0002,C000177,Dormant,recency 225 >= 45
M0002,C000119,Dormant,recency 208 >= 45
M0002,C000748,High Value,total_spend 7146.21 >= p75 6559.87
M0002,C000804,Dormant,recency 177 >= 45
M0002,C000041,Dormant,recency 63 >= 45
M0002,C000887,Regular,no rule matched
M0002,C000720,"High Value,Loyal",total_spend 14653.20 >= p75 6559.87; frequency 7 >= 5
M0002,C000052,"Dormant,High Value,Loyal",recency 54 >= 45; total_spend 16768.39 >= p75 6559.87; frequency 7 >= 5
M0002,C000444,Dormant,recency 171 >= 45
M0002,C000767,Dormant,recency 203 >= 45
M0002,C000010,"Dormant,High Value",recency 64 >= 45; total_spend 10286.91 >= p75 6559.87
M0002,C000015,Regular,no rule matched
M0002,C000127,"Dormant,High Value,Loyal",recency 170 >= 45; total_spend 8283.00 >= p75 6559.87; frequency 5 >= 5
M0002,C000817,Dormant,recency 155 >= 45
M0002,C000045,"High Value,Loyal",total_spend 24419.82 >= p75 6559.87; frequency 13 >= 5
M0002,C000059,"Dormant,High Value",recency 84 >= 45; total_spend 7401.15 >= p75 6559.87
M0002,C000821,Dormant,recency 161 >= 45
M0002,C000777,"Dormant,One-time",recency 242 >= 45; frequency == 1
M0002,C000014,"High Value,Loyal",total_spend 18142.18 >= p75 6559.87; frequency 12 >= 5
M0002,C000702,"Dormant,High Value,Loyal",recency 66 >= 45; total_spend 6559.87 >= p75 6559.87; frequency 5 >= 5
M0002,C000917,Dormant,recency 213 >= 45
M0002,C000162,Dormant,recency 130 >= 45
M0002,C000726,"Dormant,One-time",recency 240 >= 45; frequency == 1
M0002,C000888,Dormant,recency 70 >= 45
M0002,C000040,"High Value,Loyal",total_spend 8721.39 >= p75 6559.87; frequency 6 >= 5
M0002,C000707,"Dormant,High Value,Loyal",recency 72 >= 45; total_spend 7555.62 >= p75 6559.87; frequency 5 >= 5
M0002,C000712,Dormant,recency 134 >= 45
M0002,C000077,"High Value,Loyal",total_spend 13280.00 >= p75 6559.87; frequency 9 >= 5
M0002,C000187,"Dormant,High Value,Loyal",recency 154 >= 45; total_spend 16328.77 >= p75 6559.87; frequency 9 >= 5
M0002,C000880,"High Value,Loyal",total_spend 22236.49 >= p75 6559.87; frequency 13 >= 5
M0002,C000135,Dormant,recency 191 >= 45
M0002,C000775,Dormant,recency 221 >= 45
M0002,C000103,"Dormant,High Value,Loyal",recency 71 >= 45; total_spend 16432.72 >= p75 6559.87; frequency 10 >= 5
M0002,C000479,Dormant,recency 212 >= 45
M0002,C000075,"Dormant,One-time",recency 236 >= 45; frequency == 1
M0002,C000013,"Dormant,High Value,Loyal",recency 70 >= 45; total_spend 9636.97 >= p75 6559.87; frequency 5 >= 5
M0002,C000073,"Dormant,High Value,Loyal",recency 92 >= 45; total_spend 7210.37 >= p75 6559.87; frequency 5 >= 5
M0002,C000672,High Value,total_spend 7029.16 >= p75 6559.87
M0002,C000136,"Dormant,One-time",recency 234 >= 45; frequency == 1
M0002,C000451,Dormant,recency 161 >= 45
M0002,C000159,Dormant,recency 172 >= 45
M0002,C000814,Dormant,recency 182 >= 45
M0002,C000754,"High Value,Loyal",total_spend 10542.82 >= p75 6559.87; frequency 5 >= 5
M0002,C000095,"Dormant,One-time",recency 230 >= 45; frequency == 1
M0002,C000091,"High Value,Loyal",total_spend 6769.00 >= p75 6559.87; frequency 5 >= 5
M0002,C000788,"Dormant,High Value",recency 158 >= 45; total_spend 7129.68 >= p75 6559.87
M0002,C000139,"Dormant,High Value,Loyal",recency 72 >= 45; total_spend 10861.22 >= p75 6559.87; frequency 6 >= 5
M0002,C000423,"Dormant,One-time",recency 228 >= 45; frequency == 1
M0002,C000681,"Dormant,One-time",recency 228 >= 45; frequency == 1
M0002,C000121,Dormant,recency 165 >= 45
M0002,C000133,"Dormant,High Value,Loyal",recency 103 >= 45; total_spend 12018.90 >= p75 6559.87; frequency 5 >= 5
M0002,C000435,Dormant,recency 47 >= 45
M0002,C000428,Regular,no rule matched
M0002,C000717,Dormant,recency 131 >= 45
M0002,C000001,Dormant,recency 52 >= 45
M0002,C000198,"Dormant,High Value",recency 67 >= 45; total_spend 7047.57 >= p75 6559.87
M0002,C000007,Dormant,recency 170 >= 45
M0002,C000768,"Dormant,High Value,Loyal",recency 127 >= 45; total_spend 8983.00 >= p75 6559.87; frequency 5 >= 5
M0002,C000761,"Dormant,High Value,Loyal",recency 67 >= 45; total_spend 11208.00 >= p75 6559.87; frequency 6 >= 5
M0002,C000818,"Dormant,High Value,Loyal",recency 89 >= 45; total_spend 6660.00 >= p75 6559.87; frequency 5 >= 5
M0002,C000910,"Dormant,One-time",recency 222 >= 45; frequency == 1
M0002,C000896,"High Value,Loyal",total_spend 18039.59 >= p75 6559.87; frequency 9 >= 5
M0002,C000711,"Dormant,One-time",recency 221 >= 45; frequency == 1
M0002,C000819,"Dormant,High Value",recency 67 >= 45; total_spend 8749.14 >= p75 6559.87
M0002,C000131,Dormant,recency 142 >= 45
M0002,C000724,"High Value,Loyal",total_spend 14551.87 >= p75 6559.87; frequency 8 >= 5
M0002,C000152,Dormant,recency 218 >= 45
M0002,C000789,"Dormant,High Value",recency 66 >= 45; total_spend 6739.60 >= p75 6559.87
M0002,C000820,Dormant,recency 71 >= 45
M0002,C000810,"Dormant,One-time",recency 216 >= 45; frequency == 1
M0002,C000680,"Dormant,One-time",recency 215 >= 45; frequency == 1
M0002,C000871,High Value,total_spend 6822.91 >= p75 6559.87
M0002,C000185,Dormant,recency 174 >= 45
M0002,C000875,Dormant,recency 51 >= 45
M0002,C000497,"Dormant,One-time",recency 213 >= 45; frequency == 1
M0002,C000885,"Dormant,One-time",recency 211 >= 45; frequency == 1
M0002,C000812,"Dormant,One-time",recency 210 >= 45; frequency == 1
M0002,C000753,"High Value,Loyal",total_spend 15336.67 >= p75 6559.87; frequency 7 >= 5
M0002,C000770,"Dormant,One-time",recency 210 >= 45; frequency == 1
M0002,C000145,Dormant,recency 129 >= 45
M0002,C000082,"High Value,Loyal",total_spend 8214.07 >= p75 6559.87; frequency 6 >= 5
M0002,C000713,Dormant,recency 96 >= 45
M0002,C000640,"High Value,Loyal",total_spend 13340.76 >= p75 6559.87; frequency 5 >= 5
M0002,C000490,"Dormant,One-time",recency 205 >= 45; frequency == 1
M0002,C000097,Dormant,recency 58 >= 45
M0002,C000070,Regular,no rule matched
M0002,C000297,"Dormant,One-time",recency 204 >= 45; frequency == 1
M0002,C000174,"Dormant,One-time",recency 202 >= 45; frequency == 1
M0002,C000664,Regular,no rule matched
M0002,C000042,Dormant,recency 128 >= 45
M0002,C000828,"Dormant,High Value",recency 66 >= 45; total_spend 6619.95 >= p75 6559.87
M0002,C000104,Dormant,recency 196 >= 45
M0002,C000741,Dormant,recency 110 >= 45
M0002,C000450,Dormant,recency 87 >= 45
M0002,C000564,"Dormant,One-time",recency 196 >= 45; frequency == 1
M0002,C000878,Dormant,recency 81 >= 45
M0002,C000154,Dormant,recency 151 >= 45
M0002,C000008,"Dormant,One-time",recency 195 >= 45; frequency == 1
M0002,C000716,"High Value,Loyal",total_spend 16455.00 >= p75 6559.87; frequency 8 >= 5
M0002,C000056,"Dormant,One-time",recency 194 >= 45; frequency == 1
M0002,C000792,"Dormant,One-time",recency 193 >= 45; frequency == 1
M0002,C000168,"Dormant,High Value,Loyal",recency 67 >= 45; total_spend 9125.12 >= p75 6559.87; frequency 6 >= 5
M0002,C000745,"Dormant,One-time",recency 192 >= 45; frequency == 1
M0002,C000676,Dormant,recency 94 >= 45
M0002,C000832,"Dormant,One-time",recency 192 >= 45; frequency == 1
M0002,C000035,Dormant,recency 140 >= 45
M0002,C000774,Dormant,recency 174 >= 45
M0002,C000109,Dormant,recency 175 >= 45
M0002,C000894,Regular,no rule matched
M0002,C000084,Regular,no rule matched
M0002,C000118,Dormant,recency 128 >= 45
M0002,C000481,"Dormant,One-time",recency 183 >= 45; frequency == 1
M0002,C000308,"Dormant,One-time",recency 183 >= 45; frequency == 1
M0002,C000725,"High Value,Loyal",total_spend 7608.31 >= p75 6559.87; frequency 6 >= 5
M0002,C000826,"Dormant,One-time",recency 182 >= 45; frequency == 1
M0002,C000122,"Dormant,One-time",recency 182 >= 45; frequency == 1
M0002,C000436,"Dormant,One-time",recency 181 >= 45; frequency == 1
M0002,C000678,"Dormant,High Value",recency 68 >= 45; total_spend 6645.49 >= p75 6559.87
M0002,C000799,"Dormant,One-time",recency 178 >= 45; frequency == 1
M0002,C000023,"Dormant,One-time",recency 177 >= 45; frequency == 1
M0002,C000433,"Dormant,One-time",recency 177 >= 45; frequency == 1
M0002,C000807,Dormant,recency 172 >= 45
M0002,C000115,Dormant,recency 115 >= 45
M0002,C000874,Regular,no rule matched
M0002,C000794,Dormant,recency 70 >= 45
M0002,C000020,"Dormant,One-time",recency 165 >= 45; frequency == 1
M0002,C000078,Dormant,recency 52 >= 45
M0002,C000895,"Dormant,One-time",recency 164 >= 45; frequency == 1
M0002,C000116,"Dormant,High Value",recency 102 >= 45; total_spend 7075.16 >= p75 6559.87
M0002,C000714,Regular,no rule matched
M0002,C000892,"Dormant,One-time",recency 157 >= 45; frequency == 1
M0002,C000869,High Value,total_spend 7403.92 >= p75 6559.87
M0002,C000487,"Dormant,One-time",recency 155 >= 45; frequency == 1
M0002,C000755,"Dormant,One-time",recency 154 >= 45; frequency == 1
M0002,C000843,Dormant,recency 63 >= 45
M0002,C000351,"Dormant,One-time",recency 152 >= 45; frequency == 1
M0002,C000460,Regular,no rule matched
M0002,C000698,"Dormant,One-time",recency 150 >= 45; frequency == 1
M0002,C000147,"Dormant,One-time",recency 148 >= 45; frequency == 1
M0002,C000856,Regular,no rule matched
M0002,C000021,"Dormant,High Value",recency 67 >= 45; total_spend 7415.67 >= p75 6559.87
M0002,C000534,Dormant,recency 132 >= 45
M0002,C000834,"Dormant,One-time",recency 145 >= 45; frequency == 1
M0002,C000454,Dormant,recency 57 >= 45
M0002,C000876,Dormant,recency 121 >= 45
M0002,C000026,"Dormant,One-time",recency 143 >= 45; frequency == 1
M0002,C000478,Dormant,recency 64 >= 45
M0002,C000179,"Dormant,One-time",recency 140 >= 45; frequency == 1
M0002,C000426,"Dormant,One-time",recency 139 >= 45; frequency == 1
M0002,C000884,Regular,no rule matched
M0002,C000061,Regular,no rule matched
M0002,C000801,"Dormant,One-time",recency 133 >= 45; frequency == 1
M0002,C000431,"Dormant,One-time",recency 132 >= 45; frequency == 1
M0002,C000609,"Dormant,One-time",recency 131 >= 45; frequency == 1
M0002,C000584,Regular,no rule matched
M0002,C000694,"Dormant,One-time",recency 129 >= 45; frequency == 1
M0002,C000882,"Dormant,One-time",recency 125 >= 45; frequency == 1
M0002,C000718,"Dormant,One-time",recency 122 >= 45; frequency == 1
M0002,C000364,"Dormant,One-time",recency 121 >= 45; frequency == 1
M0002,C000675,"Dormant,One-time",recency 121 >= 45; frequency == 1
M0002,C000864,Regular,no rule matched
M0002,C000437,"Dormant,One-time",recency 118 >= 45; frequency == 1
M0002,C000862,Regular,no rule matched
M0002,C000088,"Dormant,One-time",recency 111 >= 45; frequency == 1
M0002,C000762,"Dormant,One-time",recency 111 >= 45; frequency == 1
M0002,C000845,Regular,no rule matched
M0002,C000144,"Dormant,One-time",recency 108 >= 45; frequency == 1
M0002,C000151,"Dormant,One-time",recency 108 >= 45; frequency == 1
M0002,C000370,"Dormant,One-time",recency 106 >= 45; frequency == 1
M0002,C000405,"Dormant,One-time",recency 104 >= 45; frequency == 1
M0002,C000440,Dormant,recency 79 >= 45
M0002,C000749,"Dormant,One-time",recency 101 >= 45; frequency == 1
M0002,C000425,Dormant,recency 98 >= 45
M0002,C000439,"High Value,Loyal",total_spend 6878.24 >= p75 6559.87; frequency 7 >= 5
M0002,C000421,"Dormant,One-time",recency 97 >= 45; frequency == 1
M0002,C000682,Regular,no rule matched
M0002,C000214,"Dormant,One-time",recency 89 >= 45; frequency == 1
M0002,C000058,"Dormant,One-time",recency 89 >= 45; frequency == 1
M0002,C000663,High Value,total_spend 7804.00 >= p75 6559.87
M0002,C000305,"Dormant,One-time",recency 86 >= 45; frequency == 1
M0002,C000072,High Value,total_spend 10362.15 >= p75 6559.87
M0002,C000521,"Dormant,One-time",recency 82 >= 45; frequency == 1
M0002,C000841,Regular,no rule matched
M0002,C000851,Regular,no rule matched
M0002,C000742,Dormant,recency 72 >= 45
M0002,C000092,"Dormant,One-time",recency 72 >= 45; frequency == 1
M0002,C000867,"Dormant,One-time",recency 71 >= 45; frequency == 1
M0002,C000706,"Dormant,One-time",recency 70 >= 45; frequency == 1
M0002,C000730,"Dormant,One-time",recency 70 >= 45; frequency == 1
M0002,C000207,"Dormant,One-time",recency 67 >= 45; frequency == 1
M0002,C000499,Regular,no rule matched
M0002,C000393,Regular,no rule matched
M0002,C000617,"Dormant,One-time",recency 61 >= 45; frequency == 1
M0002,C000209,Dormant,recency 47 >= 45
M0002,C000645,"Dormant,One-time",recency 60 >= 45; frequency == 1
M0002,C000537,"Dormant,One-time",recency 59 >= 45; frequency == 1
M0002,C000556,"Dormant,One-time",recency 58 >= 45; frequency == 1
M0002,C000613,Regular,no rule matched
M0002,C000576,"Dormant,One-time",recency 56 >= 45; frequency == 1
M0002,C000085,"Dormant,One-time",recency 55 >= 45; frequency == 1
M0002,C000211,High Value,total_spend 6655.83 >= p75 6559.87
M0002,C000565,"Dormant,One-time",recency 49 >= 45; frequency == 1
M0002,C000692,"Dormant,One-time",recency 48 >= 45; frequency == 1
M0002,C000050,"Dormant,One-time",recency 48 >= 45; frequency == 1
M0002,C000417,"Dormant,One-time",recency 47 >= 45; frequency == 1
M0002,C000579,"Dormant,One-time",recency 45 >= 45; frequency == 1
M0002,C000585,"Dormant,One-time",recency 45 >= 45; frequency == 1
M0002,C000542,"Dormant,One-time",recency 45 >= 45; frequency == 1
M0002,C000256,Regular,no rule matched
M0002,C000559,"Dormant,One-time",recency 45 >= 45; frequency == 1
M0002,C000254,One-time,frequency == 1
M0002,C000538,Regular,no rule matched
M0002,C000322,One-time,frequency == 1
M0002,C000429,Regular,no rule matched
M0002,C000283,One-time,frequency == 1
M0002,C000646,One-time,frequency == 1
M0002,C000208,One-time,frequency == 1
M0002,C000458,One-time,frequency == 1
M0002,C000967,One-time,frequency == 1
M0002,C000972,One-time,frequency == 1
M0002,C000286,One-time,frequency == 1
M0002,C000606,One-time,frequency == 1
M0002,C000494,One-time,frequency == 1
M0002,C000632,One-time,frequency == 1
M0002,C000442,One-time,frequency == 1
M0002,C000202,One-time,frequency == 1
M0002,C000235,Regular,no rule matched
M0002,C000757,One-time,frequency == 1
M0002,C000031,One-time,frequency == 1
M0002,C000836,Regular,no rule matched
M0002,C000961,One-time,frequency == 1
M0002,C000644,Regular,no rule matched
M0002,C000493,One-time,frequency == 1
M0002,C000408,Regular,no rule matched
M0002,C000096,One-time,frequency == 1
M0002,C000621,One-time,frequency == 1
M0002,C000582,Regular,no rule matched
M0002,C000281,One-time,frequency == 1
M0002,C000039,One-time,frequency == 1
M0002,C000568,One-time,frequency == 1
M0002,C000560,One-time,frequency == 1
M0002,C000477,One-time,frequency == 1
M0002,C000835,One-time,frequency == 1
M0002,C000081,One-time,frequency == 1
M0002,C000447,One-time,frequency == 1
M0002,C000290,One-time,frequency == 1
M0002,C000228,One-time,frequency == 1
M0002,C000854,One-time,frequency == 1
M0002,C000486,One-time,frequency == 1
M0002,C000251,One-time,frequency == 1
M0003,C000771,"Dormant,High Value,Loyal",recency 133 >= 45; total_spend 14499.13 >= p75 8678.16; frequency 6 >= 5
M0003,C000927,"Dormant,One-time",recency 275 >= 45; frequency == 1
M0003,C000783,"Dormant,High Value",recency 234 >= 45; total_spend 12868.98 >= p75 8678.16
M0003,C000007,"High Value,Loyal",total_spend 19933.53 >= p75 8678.16; frequency 8 >= 5
M0003,C000800,Dormant,recency 90 >= 45
M0003,C000725,"Dormant,High Value",recency 91 >= 45; total_spend 10173.00 >= p75 8678.16
M0003,C000696,Dormant,recency 250 >= 45
M0003,C000181,"Dormant,High Value,Loyal",recency 59 >= 45; total_spend 16426.54 >= p75 8678.16; frequency 5 >= 5
M0003,C000196,"Dormant,High Value",recency 148 >= 45; total_spend 10791.00 >= p75 8678.16
M0003,C000811,"Dormant,High Value",recency 173 >= 45; total_spend 10009.00 >= p75 8678.16
M0003,C000825,Dormant,recency 162 >= 45
M0003,C000723,"Dormant,High Value,Loyal",recency 58 >= 45; total_spend 14093.05 >= p75 8678.16; frequency 5 >= 5
M0003,C000715,Dormant,recency 153 >= 45
M0003,C000799,"Dormant,High Value",recency 219 >= 45; total_spend 9908.00 >= p75 8678.16
M0003,C000049,"High Value,Loyal",total_spend 21312.15 >= p75 8678.16; frequency 8 >= 5
M0003,C000782,"Dormant,One-time",recency 271 >= 45; frequency == 1
M0003,C000024,"Dormant,High Value,Loyal",recency 50 >= 45; total_spend 29490.18 >= p75 8678.16; frequency 8 >= 5
M0003,C000768,Dormant,recency 162 >= 45
M0003,C000153,"Dormant,High Value,Loyal",recency 51 >= 45; total_spend 15328.96 >= p75 8678.16; frequency 5 >= 5
M0003,C000002,"Dormant,High Value,Loyal",recency 95 >= 45; total_spend 15895.90 >= p75 8678.16; frequency 7 >= 5
M0003,C000100,"High Value,Loyal",total_spend 18687.52 >= p75 8678.16; frequency 5 >= 5
M0003,C000830,"Dormant,High Value,Loyal",recency 149 >= 45; total_spend 26151.00 >= p75 8678.16; frequency 9 >= 5
M0003,C000815,Dormant,recency 195 >= 45
M0003,C000067,"Dormant,High Value,Loyal",recency 90 >= 45; total_spend 12734.82 >= p75 8678.16; frequency 6 >= 5
M0003,C000808,Dormant,recency 100 >= 45
M0003,C000491,Dormant,recency 51 >= 45
M0003,C000066,"Dormant,High Value,Loyal",recency 58 >= 45; total_spend 13478.42 >= p75 8678.16; frequency 5 >= 5
M0003,C000188,"Dormant,High Value",recency 173 >= 45; total_spend 12411.68 >= p75 8678.16
M0003,C000739,"Dormant,One-time",recency 264 >= 45; frequency == 1
M0003,C000704,"Dormant,One-time",recency 264 >= 45; frequency == 1
M0003,C000812,"Dormant,High Value,Loyal",recency 58 >= 45; total_spend 16694.36 >= p75 8678.16; frequency 5 >= 5
M0003,C000464,Regular,no rule matched
M0003,C000820,"Dormant,High Value,Loyal",recency 186 >= 45; total_spend 12558.58 >= p75 8678.16; frequency 6 >= 5
M0003,C000750,Regular,no rule matched
M0003,C000763,"Dormant,High Value,Loyal",recency 170 >= 45; total_spend 17695.86 >= p75 8678.16; frequency 7 >= 5
M0003,C000929,"Dormant,High Value",recency 238 >= 45; total_spend 9244.67 >= p75 8678.16
M0003,C000144,"Dormant,High Value",recency 166 >= 45; total_spend 8888.53 >= p75 8678.16
M0003,C000191,"Dormant,High Value,Loyal",recency 161 >= 45; total_spend 15329.37 >= p75 8678.16; frequency 5 >= 5
M0003,C000821,Dormant,recency 163 >= 45
M0003,C000185,"Dormant,High Value,Loyal",recency 105 >= 45; total_spend 10471.06 >= p75 8678.16; frequency 5 >= 5
M0003,C000741,Dormant,recency 129 >= 45
M0003,C000761,"Dormant,High Value,Loyal",recency 59 >= 45; total_spend 21466.18 >= p75 8678.16; frequency 7 >= 5
M0003,C000014,Regular,no rule matched
M0003,C000133,Dormant,recency 134 >= 45
M0003,C000435,"Dormant,One-time",recency 257 >= 45; frequency == 1
M0003,C000183,Dormant,recency 160 >= 45
M0003,C000175,Dormant,recency 227 >= 45
M0003,C000847,"Dormant,One-time",recency 257 >= 45; frequency == 1
M0003,C000940,"Dormant,One-time",recency 257 >= 45; frequency == 1
M0003,C000040,Dormant,recency 90 >= 45
M0003,C000791,Dormant,recency 119 >= 45
M0003,C000713,High Value,total_spend 9230.33 >= p75 8678.16
M0003,C000062,Dormant,recency 59 >= 45
M0003,C000431,Dormant,recency 80 >= 45
M0003,C000868,"High Value,Loyal",total_spend 19523.65 >= p75 8678.16; frequency 10 >= 5
M0003,C000732,"High Value,Loyal",total_spend 16131.45 >= p75 8678.16; frequency 8 >= 5
M0003,C000937,"Dormant,One-time",recency 254 >= 45; frequency == 1
M0003,C000078,"High Value,Loyal",total_spend 26591.09 >= p75 8678.16; frequency 8 >= 5
M0003,C000744,Dormant,recency 235 >= 45
M0003,C000736,"Dormant,High Value,Loyal",recency 58 >= 45; total_spend 18017.64 >= p75 8678.16; frequency 5 >= 5
M0003,C000083,"Dormant,One-time",recency 252 >= 45; frequency == 1
M0003,C000162,"Dormant,High Value,Loyal",recency 107 >= 45; total_spend 19664.64 >= p75 8678.16; frequency 5 >= 5
M0003,C000149,Dormant,recency 132 >= 45
M0003,C000788,Dormant,recency 104 >= 45
M0003,C000734,Dormant,recency 174 >= 45
M0003,C000767,"Dormant,High Value",recency 127 >= 45; total_spend 10288.00 >= p75 8678.16
M0003,C000891,"Dormant,High Value",recency 101 >= 45; total_spend 8678.16 >= p75 8678.16
M0003,C000784,Dormant,recency 51 >= 45
M0003,C000037,Dormant,recency 167 >= 45
M0003,C000826,Dormant,recency 51 >= 45
M0003,C000650,Regular,no rule matched
M0003,C000111,"Dormant,High Value,Loyal",recency 58 >= 45; total_spend 13198.98 >= p75 8678.16; frequency 5 >= 5
M0003,C000946,"Dormant,One-time",recency 247 >= 45; frequency == 1
M0003,C000807,"Dormant,One-time",recency 246 >= 45; frequency == 1
M0003,C000864,High Value,total_spend 12626.77 >= p75 8678.16
M0003,C000169,Dormant,recency 112 >= 45
M0003,C000901,"Dormant,One-time",recency 244 >= 45; frequency == 1
M0003,C000672,Dormant,recency 112 >= 45
M0003,C000152,"Dormant,High Value,Loyal",recency 54 >= 45; total_spend 27123.31 >= p75 8678.16; frequency 9 >= 5
M0003,C000676,Regular,no rule matched
M0003,C000822,"Dormant,High Value",recency 127 >= 45; total_spend 11758.00 >= p75 8678.16
M0003,C000497,Dormant,recency 229 >= 45
M0003,C000745,"Dormant,One-time",recency 242 >= 45; frequency == 1
M0003,C000121,"Dormant,One-time",recency 240 >= 45; frequency == 1
M0003,C000772,"Dormant,High Value",recency 169 >= 45; total_spend 10400.87 >= p75 8678.16
M0003,C000494,Dormant,recency 58 >= 45
M0003,C000138,Dormant,recency 133 >= 45
M0003,C000499,Dormant,recency 54 >= 45
M0003,C000449,Regular,no rule matched
M0003,C000915,"Dormant,One-time",recency 236 >= 45; frequency == 1
M0003,C000163,"Dormant,One-time",recency 236 >= 45; frequency == 1
M0003,C000778,"Dormant,One-time",recency 236 >= 45; frequency == 1
M0003,C000171,"Dormant,One-time",recency 236 >= 45; frequency == 1
M0003,C000039,Dormant,recency 45 >= 45
M0003,C000011,Dormant,recency 59 >= 45
M0003,C000023,"Dormant,High Value",recency 61 >= 45; total_spend 15283.86 >= p75 8678.16
M0003,C000691,High Value,total_spend 10313.10 >= p75 8678.16
M0003,C000150,Dormant,recency 55 >= 45
M0003,C000709,"Dormant,One-time",recency 229 >= 45; frequency == 1
M0003,C000465,Dormant,recency 167 >= 45
M0003,C000177,Dormant,recency 173 >= 45
M0003,C000200,Dormant,recency 158 >= 45
M0003,C000490,Dormant,recency 129 >= 45
M0003,C000035,Regular,no rule matched
M0003,C000423,"High Value,Loyal",total_spend 11357.36 >= p75 8678.16; frequency 8 >= 5
M0003,C000854,Regular,no rule matched
M0003,C000769,Dormant,recency 190 >= 45
M0003,C000069,High Value,total_spend 10602.00 >= p75 8678.16
M0003,C000176,Dormant,recency 118 >= 45
M0003,C000102,Dormant,recency 134 >= 45
M0003,C000795,Dormant,recency 131 >= 45
M0003,C000925,"Dormant,One-time",recency 222 >= 45; frequency == 1
M0003,C000802,"Dormant,High Value,Loyal",recency 137 >= 45; total_spend 12712.87 >= p75 8678.16; frequency 5 >= 5
M0003,C000871,"Dormant,One-time",recency 222 >= 45; frequency == 1
M0003,C000147,"Dormant,High Value",recency 154 >= 45; total_spend 11867.95 >= p75 8678.16
M0003,C000059,Regular,no rule matched
M0003,C000178,"Dormant,High Value",recency 196 >= 45; total_spend 9598.00 >= p75 8678.16
M0003,C000012,Dormant,recency 46 >= 45
M0003,C000853,Regular,no rule matched
M0003,C000104,"Dormant,One-time",recency 219 >= 45; frequency == 1
M0003,C000877,Regular,no rule matched
M0003,C000072,"Dormant,High Value",recency 115 >= 45; total_spend 13975.20 >= p75 8678.16
M0003,C000797,Dormant,recency 171 >= 45
M0003,C000817,"Dormant,One-time",recency 218 >= 45; frequency == 1
M0003,C000833,Regular,no rule matched
M0003,C000026,Dormant,recency 51 >= 45
M0003,C000476,Regular,no rule matched
M0003,C000032,"Dormant,High Value,Loyal",recency 73 >= 45; total_spend 13864.00 >= p75 8678.16; frequency 5 >= 5
M0003,C000681,Dormant,recency 130 >= 45
M0003,C000683,"High Value,Loyal",total_spend 19269.18 >= p75 8678.16; frequency 6 >= 5
M0003,C000773,"Dormant,One-time",recency 214 >= 45; frequency == 1
M0003,C000607,"Dormant,One-time",recency 213 >= 45; frequency == 1
M0003,C000698,"High Value,Loyal",total_spend 19116.39 >= p75 8678.16; frequency 6 >= 5
M0003,C000792,"Dormant,One-time",recency 211 >= 45; frequency == 1
M0003,C000114,Dormant,recency 52 >= 45
M0003,C000777,"Dormant,High Value,Loyal",recency 99 >= 45; total_spend 20069.00 >= p75 8678.16; frequency 7 >= 5
M0003,C000159,"Dormant,One-time",recency 209 >= 45; frequency == 1
M0003,C000134,"Dormant,One-time",recency 209 >= 45; frequency == 1
M0003,C000158,Dormant,recency 182 >= 45
M0003,C000711,Regular,no rule matched
M0003,C000468,Regular,no rule matched
M0003,C000016,Regular,no rule matched
M0003,C000097,Dormant,recency 109 >= 45
M0003,C000076,High Value,total_spend 9313.87 >= p75 8678.16
M0003,C000786,Dormant,recency 148 >= 45
M0003,C000441,Regular,no rule matched
M0003,C000719,"Dormant,One-time",recency 203 >= 45; frequency == 1
M0003,C000028,"High Value,Loyal",total_spend 17278.99 >= p75 8678.16; frequency 5 >= 5
M0003,C000805,"Dormant,One-time",recency 200 >= 45; frequency == 1
M0003,C000892,High Value,total_spend 12919.76 >= p75 8678.16
M0003,C000888,Dormant,recency 141 >= 45
M0003,C000128,"Dormant,High Value",recency 57 >= 45; total_spend 9720.36 >= p75 8678.16
M0003,C000447,Dormant,recency 177 >= 45
M0003,C000020,Dormant,recency 117 >= 45
M0003,C000749,High Value,total_spend 12367.29 >= p75 8678.16
M0003,C000095,Dormant,recency 55 >= 45
M0003,C000146,"Dormant,One-time",recency 196 >= 45; frequency == 1
M0003,C000166,"Dormant,High Value",recency 51 >= 45; total_spend 13328.80 >= p75 8678.16
M0003,C000124,Dormant,recency 180 >= 45
M0003,C000018,Dormant,recency 56 >= 45
M0003,C000780,Dormant,recency 86 >= 45
M0003,C000879,"Dormant,High Value",recency 58 >= 45; total_spend 11132.21 >= p75 8678.16
M0003,C000856,Regular,no rule matched
M0003,C000920,"Dormant,One-time",recency 190 >= 45; frequency == 1
M0003,C000776,Dormant,recency 165 >= 45
M0003,C000135,"Dormant,High Value,Loyal",recency 59 >= 45; total_spend 10212.74 >= p75 8678.16; frequency 5 >= 5
M0003,C000755,Regular,no rule matched
M0003,C000107,Dormant,recency 132 >= 45
M0003,C000115,Dormant,recency 133 >= 45
M0003,C000070,"Dormant,High Value,Loyal",recency 48 >= 45; total_spend 12908.84 >= p75 8678.16; frequency 5 >= 5
M0003,C000103,"Dormant,High Value",recency 136 >= 45; total_spend 8701.00 >= p75 8678.16
M0003,C000118,"Dormant,One-time",recency 186 >= 45; frequency == 1
M0003,C000484,Regular,no rule matched
M0003,C000753,Dormant,recency 63 >= 45
M0003,C000762,"Dormant,One-time",recency 184 >= 45; frequency == 1
M0003,C000075,High Value,total_spend 10538.04 >= p75 8678.16
M0003,C000092,"Dormant,One-time",recency 183 >= 45; frequency == 1
M0003,C000091,Dormant,recency 114 >= 45
M0003,C000881,"Dormant,High Value",recency 59 >= 45; total_spend 10120.93 >= p75 8678.16
M0003,C000844,"Dormant,High Value",recency 102 >= 45; total_spend 12953.71 >= p75 8678.16
M0003,C000051,"Dormant,High Value,Loyal",recency 75 >= 45; total_spend 12379.68 >= p75 8678.16; frequency 5 >= 5
M0003,C000873,"Dormant,One-time",recency 176 >= 45; frequency == 1
M0003,C000727,Dormant,recency 128 >= 45
M0003,C000586,Regular,no rule matched
M0003,C000742,Dormant,recency 51 >= 45
M0003,C000198,Dormant,recency 58 >= 45
M0003,C000842,"High Value,Loyal",total_spend 21550.66 >= p75 8678.16; frequency 7 >= 5
M0003,C000165,"Dormant,One-time",recency 170 >= 45; frequency == 1
M0003,C000157,"Dormant,One-time",recency 170 >= 45; frequency == 1
M0003,C000563,High Value,total_spend 15269.16 >= p75 8678.16
M0003,C000057,High Value,total_spend 9263.00 >= p75 8678.16
M0003,C000486,Dormant,recency 131 >= 45
M0003,C000804,"Dormant,One-time",recency 166 >= 45; frequency == 1
M0003,C000108,Dormant,recency 118 >= 45
M0003,C000005,Regular,no rule matched
M0003,C000022,Dormant,recency 53 >= 45
M0003,C000003,Dormant,recency 66 >= 45
M0003,C000050,Dormant,recency 89 >= 45
M0003,C000119,"Dormant,One-time",recency 162 >= 45; frequency == 1
M0003,C000421,"Dormant,One-time",recency 161 >= 45; frequency == 1
M0003,C000498,Dormant,recency 69 >= 45
M0003,C000764,"Dormant,One-time",recency 159 >= 45; frequency == 1
M0003,C000010,"Dormant,High Value",recency 56 >= 45; total_spend 18343.36 >= p75 8678.16
M0003,C000443,"Dormant,One-time",recency 153 >= 45; frequency == 1
M0003,C000735,High Value,total_spend 9700.05 >= p75 8678.16
M0003,C000884,Dormant,recency 54 >= 45
M0003,C000055,Dormant,recency 50 >= 45
M0003,C000155,Dormant,recency 132 >= 45
M0003,C000850,"Dormant,One-time",recency 150 >= 45; frequency == 1
M0003,C000894,"High Value,Loyal",total_spend 16838.21 >= p75 8678.16; frequency 5 >= 5
M0003,C000034,Regular,no rule matched
M0003,C000043,Regular,no rule matched
M0003,C000834,"Dormant,One-time",recency 146 >= 45; frequency == 1
M0003,C000695,"Dormant,One-time",recency 146 >= 45; frequency == 1
M0003,C000528,Dormant,recency 133 >= 45
M0003,C000054,"Dormant,One-time",recency 142 >= 45; frequency == 1
M0003,C000869,Dormant,recency 73 >= 45
M0003,C000566,Dormant,recency 55 >= 45
M0003,C000619,High Value,total_spend 11835.00 >= p75 8678.16
M0003,C000699,"Dormant,One-time",recency 136 >= 45; frequency == 1
M0003,C000710,Regular,no rule matched
M0003,C000789,"Dormant,High Value",recency 58 >= 45; total_spend 11175.71 >= p75 8678.16
M0003,C000141,"Dormant,One-time",recency 134 >= 45; frequency == 1
M0003,C000726,"Dormant,High Value",recency 92 >= 45; total_spend 9410.99 >= p75 8678.16
M0003,C000861,"Dormant,One-time",recency 130 >= 45; frequency == 1
M0003,C000137,"Dormant,One-time",recency 129 >= 45; frequency == 1
M0003,C000087,Regular,no rule matched
M0003,C000608,"Dormant,One-time",recency 127 >= 45; frequency == 1
M0003,C000557,Regular,no rule matched
M0003,C000030,Dormant,recency 51 >= 45
M0003,C000643,"Dormant,One-time",recency 123 >= 45; frequency == 1
M0003,C000089,"Dormant,One-time",recency 122 >= 45; frequency == 1
M0003,C000849,High Value,total_spend 9475.00 >= p75 8678.16
M0003,C000570,"Dormant,One-time",recency 121 >= 45; frequency == 1
M0003,C000843,Regular,no rule matched
M0003,C000872,"High Value,Loyal",total_spend 17715.41 >= p75 8678.16; frequency 8 >= 5
M0003,C000720,"Dormant,One-time",recency 117 >= 45; frequency == 1
M0003,C000682,"Dormant,One-time",recency 115 >= 45; frequency == 1
M0003,C000803,"Dormant,One-time",recency 115 >= 45; frequency == 1
M0003,C000857,"Dormant,High Value,Loyal",recency 51 >= 45; total_spend 20463.97 >= p75 8678.16; frequency 7 >= 5
M0003,C000477,Dormant,recency 45 >= 45
M0003,C000752,"Dormant,One-time",recency 113 >= 45; frequency == 1
M0003,C000357,"Dormant,One-time",recency 112 >= 45; frequency == 1
M0003,C000835,Regular,no rule matched
M0003,C000098,"Dormant,High Value",recency 105 >= 45; total_spend 9536.00 >= p75 8678.16
M0003,C000412,High Value,total_spend 11926.00 >= p75 8678.16
M0003,C000017,"Dormant,One-time",recency 103 >= 45; frequency == 1
M0003,C000487,"Dormant,One-time",recency 98 >= 45; frequency == 1
M0003,C000403,Dormant,recency 85 >= 45
M0003,C000418,"Dormant,One-time",recency 96 >= 45; frequency == 1
M0003,C000346,"Dormant,One-time",recency 95 >= 45; frequency == 1
M0003,C000454,"Dormant,One-time",recency 93 >= 45; frequency == 1
M0003,C000081,"Dormant,High Value",recency 59 >= 45; total_spend 9098.73 >= p75 8678.16
M0003,C000006,Regular,no rule matched
M0003,C000204,"Dormant,One-time",recency 92 >= 45; frequency == 1
M0003,C000838,"Dormant,One-time",recency 89 >= 45; frequency == 1
M0003,C000874,Dormant,recency 67 >= 45
M0003,C000829,"Dormant,One-time",recency 87 >= 45; frequency == 1
M0003,C000211,Dormant,recency 55 >= 45
M0003,C000866,Regular,no rule matched
M0003,C000205,"Dormant,One-time",recency 80 >= 45; frequency == 1
M0003,C000042,"Dormant,One-time",recency 79 >= 45; frequency == 1
M0003,C000839,Regular,no rule matched
M0003,C000207,"Dormant,High Value",recency 56 >= 45; total_spend 10406.25 >= p75 8678.16
M0003,C000751,Dormant,recency 57 >= 45
M0003,C000900,Dormant,recency 59 >= 45
M0003,C000305,"Dormant,One-time",recency 72 >= 45; frequency == 1
M0003,C000220,"Dormant,One-time",recency 69 >= 45; frequency == 1
M0003,C000259,"Dormant,One-time",recency 67 >= 45; frequency == 1
M0003,C000084,Regular,no rule matched
M0003,C000898,"Dormant,One-time",recency 65 >= 45; frequency == 1
M0003,C000438,"Dormant,One-time",recency 64 >= 45; frequency == 1
M0003,C000846,"Dormant,One-time",recency 62 >= 45; frequency == 1
M0003,C000620,"Dormant,One-time",recency 62 >= 45; frequency == 1
M0003,C000419,"Dormant,One-time",recency 60 >= 45; frequency == 1
M0003,C000099,"Dormant,One-time",recency 60 >= 45; frequency == 1
M0003,C000088,"Dormant,One-time",recency 58 >= 45; frequency == 1
M0003,C000860,"High Value,Loyal",total_spend 17025.08 >= p75 8678.16; frequency 5 >= 5
M0003,C000731,"Dormant,One-time",recency 57 >= 45; frequency == 1
M0003,C000513,"Dormant,One-time",recency 57 >= 45; frequency == 1
M0003,C000537,"Dormant,One-time",recency 49 >= 45; frequency == 1
M0003,C000569,Regular,no rule matched
M0003,C000274,Regular,no rule matched
M0003,C000865,"Dormant,One-time",recency 46 >= 45; frequency == 1
M0003,C000673,"Dormant,One-time",recency 46 >= 45; frequency == 1
M0003,C000495,"Dormant,One-time",recency 45 >= 45; frequency == 1
M0003,C000880,One-time,frequency == 1
M0003,C000889,One-time,frequency == 1
M0003,C000603,One-time,frequency == 1
M0003,C000251,Regular,no rule matched
M0003,C000244,One-time,frequency == 1
M0003,C000275,One-time,frequency == 1
M0003,C000670,One-time,frequency == 1
M0003,C000400,One-time,frequency == 1
M0003,C000591,One-time,frequency == 1
M0003,C000581,One-time,frequency == 1
M0003,C000390,One-time,frequency == 1
M0003,C000478,One-time,frequency == 1
M0003,C000747,Regular,no rule matched
M0003,C000530,One-time,frequency == 1
M0003,C000656,One-time,frequency == 1
M0003,C000430,One-time,frequency == 1
M0003,C000583,One-time,frequency == 1
M0003,C000404,One-time,frequency == 1
M0003,C000626,One-time,frequency == 1
M0003,C000213,One-time,frequency == 1
M0003,C000604,One-time,frequency == 1
M0003,C000616,One-time,frequency == 1
M0003,C000561,One-time,frequency == 1
M0003,C000689,One-time,frequency == 1
M0003,C000859,Regular,no rule matched
M0003,C000640,One-time,frequency == 1
M0003,C000587,One-time,frequency == 1
M0003,C000628,One-time,frequency == 1
M0003,C000678,One-time,frequency == 1
M0003,C000500,One-time,frequency == 1
M0003,C000651,One-time,frequency == 1
M0003,C000600,One-time,frequency == 1
M0003,C000268,One-time,frequency == 1
M0003,C000845,One-time,frequency == 1
M0003,C000962,One-time,frequency == 1
M0003,C000234,One-time,frequency == 1
M0003,C000598,One-time,frequency == 1
M0003,C000573,One-time,frequency == 1
M0003,C000743,One-time,frequency == 1
M0003,C000047,One-time,frequency == 1
M0004,C000812,"Dormant,High Value,Loyal",recency 92 >= 45; total_spend 35617.49 >= p75 17073.62; frequency 8 >= 5
M0004,C000782,"Dormant,One-time",recency 274 >= 45; frequency == 1
M0004,C000441,"High Value,Loyal",total_spend 23462.00 >= p75 17073.62; frequency 5 >= 5
M0004,C000730,"Dormant,High Value",recency 99 >= 45; total_spend 18436.00 >= p75 17073.62
M0004,C000785,"Dormant,One-time",recency 274 >= 45; frequency == 1
M0004,C000792,"Dormant,High Value,Loyal",recency 223 >= 45; total_spend 22140.49 >= p75 17073.62; frequency 5 >= 5
M0004,C000614,"Dormant,High Value",recency 94 >= 45; total_spend 23829.87 >= p75 17073.62
M0004,C000006,"Dormant,One-time",recency 273 >= 45; frequency == 1
M0004,C000701,High Value,total_spend 18063.05 >= p75 17073.62
M0004,C000903,"Dormant,One-time",recency 271 >= 45; frequency == 1
M0004,C000769,"Dormant,One-time",recency 271 >= 45; frequency == 1
M0004,C000817,"Dormant,High Value,Loyal",recency 210 >= 45; total_spend 29305.05 >= p75 17073.62; frequency 5 >= 5
M0004,C000646,"Dormant,One-time",recency 270 >= 45; frequency == 1
M0004,C000117,Dormant,recency 164 >= 45
M0004,C000802,"Dormant,High Value",recency 117 >= 45; total_spend 36239.00 >= p75 17073.62
M0004,C000104,"Dormant,High Value,Loyal",recency 147 >= 45; total_spend 29103.51 >= p75 17073.62; frequency 5 >= 5
M0004,C000776,Dormant,recency 210 >= 45
M0004,C000079,High Value,total_spend 21448.00 >= p75 17073.62
M0004,C000110,"Dormant,High Value",recency 94 >= 45; total_spend 21076.85 >= p75 17073.62
M0004,C000707,Regular,no rule matched
M0004,C000070,"Dormant,One-time",recency 269 >= 45; frequency == 1
M0004,C000127,Dormant,recency 164 >= 45
M0004,C000774,Dormant,recency 137 >= 45
M0004,C000795,Dormant,recency 261 >= 45
M0004,C000775,"Dormant,High Value",recency 153 >= 45; total_spend 22337.84 >= p75 17073.62
M0004,C000800,"Dormant,High Value,Loyal",recency 184 >= 45; total_spend 29084.73 >= p75 17073.62; frequency 5 >= 5
M0004,C000091,Regular,no rule matched
M0004,C000026,Regular,no rule matched
M0004,C000855,"High Value,Loyal",total_spend 27053.15 >= p75 17073.62; frequency 5 >= 5
M0004,C000819,Dormant,recency 200 >= 45
M0004,C000446,Regular,no rule matched
M0004,C000105,Dormant,recency 137 >= 45
M0004,C000430,Regular,no rule matched
M0004,C000176,Dormant,recency 174 >= 45
M0004,C000700,"Dormant,High Value,Loyal",recency 54 >= 45; total_spend 27382.28 >= p75 17073.62; frequency 6 >= 5
M0004,C000102,"Dormant,High Value,Loyal",recency 163 >= 45; total_spend 30901.48 >= p75 17073.62; frequency 7 >= 5
M0004,C000125,Dormant,recency 165 >= 45
M0004,C000094,"Dormant,One-time",recency 261 >= 45; frequency == 1
M0004,C000698,"High Value,Loyal",total_spend 62036.59 >= p75 17073.62; frequency 10 >= 5
M0004,C000828,"High Value,Loyal",total_spend 25838.77 >= p75 17073.62; frequency 5 >= 5
M0004,C000799,"Dormant,High Value,Loyal",recency 162 >= 45; total_spend 36930.16 >= p75 17073.62; frequency 7 >= 5
M0004,C000065,"High Value,Loyal",total_spend 30237.84 >= p75 17073.62; frequency 6 >= 5
M0004,C000135,Dormant,recency 133 >= 45
M0004,C000787,Dormant,recency 109 >= 45
M0004,C000823,"Dormant,High Value,Loyal",recency 138 >= 45; total_spend 24593.00 >= p75 17073.62; frequency 5 >= 5
M0004,C000772,"Dormant,One-time",recency 257 >= 45; frequency == 1
M0004,C000158,Dormant,recency 165 >= 45
M0004,C000162,Dormant,recency 191 >= 45
M0004,C000804,"Dormant,One-time",recency 256 >= 45; frequency == 1
M0004,C000050,"High Value,Loyal",total_spend 50023.78 >= p75 17073.62; frequency 8 >= 5
M0004,C000723,Dormant,recency 169 >= 45
M0004,C000734,Dormant,recency 63 >= 45
M0004,C000072,Regular,no rule matched
M0004,C000054,Dormant,recency 117 >= 45
M0004,C000113,Dormant,recency 127 >= 45
M0004,C000797,"Dormant,High Value",recency 64 >= 45; total_spend 23692.47 >= p75 17073.62
M0004,C000725,"Dormant,One-time",recency 252 >= 45; frequency == 1
M0004,C000777,"Dormant,High Value",recency 216 >= 45; total_spend 23188.33 >= p75 17073.62
M0004,C000178,"Dormant,High Value,Loyal",recency 158 >= 45; total_spend 29340.00 >= p75 17073.62; frequency 5 >= 5
M0004,C000780,"Dormant,One-time",recency 250 >= 45; frequency == 1
M0004,C000705,"High Value,Loyal",total_spend 39631.38 >= p75 17073.62; frequency 6 >= 5
M0004,C000037,"Dormant,One-time",recency 250 >= 45; frequency == 1
M0004,C000761,"Dormant,High Value",recency 98 >= 45; total_spend 26211.58 >= p75 17073.62
M0004,C000120,"Dormant,High Value",recency 215 >= 45; total_spend 17986.30 >= p75 17073.62
M0004,C000471,Regular,no rule matched
M0004,C000066,Dormant,recency 160 >= 45
M0004,C000726,Dormant,recency 129 >= 45
M0004,C000791,Dormant,recency 157 >= 45
M0004,C000461,"Dormant,One-time",recency 247 >= 45; frequency == 1
M0004,C000122,Dormant,recency 96 >= 45
M0004,C000837,Regular,no rule matched
M0004,C000188,Dormant,recency 212 >= 45
M0004,C000007,High Value,total_spend 22315.00 >= p75 17073.62
M0004,C000771,Dormant,recency 146 >= 45
M0004,C000897,High Value,total_spend 25318.69 >= p75 17073.62
M0004,C000444,Dormant,recency 57 >= 45
M0004,C000169,Dormant,recency 126 >= 45
M0004,C000659,High Value,total_spend 21005.62 >= p75 17073.62
M0004,C000046,"Dormant,High Value",recency 98 >= 45; total_spend 22240.87 >= p75 17073.62
M0004,C000487,"Dormant,One-time",recency 242 >= 45; frequency == 1
M0004,C000480,"Dormant,One-time",recency 242 >= 45; frequency == 1
M0004,C000096,High Value,total_spend 21611.03 >= p75 17073.62
M0004,C000913,"Dormant,One-time",recency 241 >= 45; frequency == 1
M0004,C000686,"High Value,Loyal",total_spend 37346.08 >= p75 17073.62; frequency 7 >= 5
M0004,C000001,Dormant,recency 227 >= 45
M0004,C000434,"Dormant,One-time",recency 237 >= 45; frequency == 1
M0004,C000015,Regular,no rule matched
M0004,C000075,"High Value,Loyal",total_spend 35101.47 >= p75 17073.62; frequency 8 >= 5
M0004,C000920,"Dormant,One-time",recency 237 >= 45; frequency == 1
M0004,C000869,Regular,no rule matched
M0004,C000103,Regular,no rule matched
M0004,C000098,"High Value,Loyal",total_spend 41916.00 >= p75 17073.62; frequency 7 >= 5
M0004,C000767,"Dormant,One-time",recency 233 >= 45; frequency == 1
M0004,C000157,Dormant,recency 185 >= 45
M0004,C000139,"Dormant,High Value,Loyal",recency 154 >= 45; total_spend 28889.00 >= p75 17073.62; frequency 5 >= 5
M0004,C000854,Dormant,recency 142 >= 45
M0004,C000851,"High Value,Loyal",total_spend 34296.05 >= p75 17073.62; frequency 9 >= 5
M0004,C000765,"Dormant,High Value",recency 140 >= 45; total_spend 24146.00 >= p75 17073.62
M0004,C000159,"Dormant,One-time",recency 231 >= 45; frequency == 1
M0004,C000146,"Dormant,One-time",recency 231 >= 45; frequency == 1
M0004,C000099,Regular,no rule matched
M0004,C000721,"Dormant,One-time",recency 230 >= 45; frequency == 1
M0004,C000061,"Dormant,High Value",recency 85 >= 45; total_spend 30203.88 >= p75 17073.62
M0004,C000679,"Dormant,High Value",recency 98 >= 45; total_spend 22471.37 >= p75 17073.62
M0004,C000183,"Dormant,One-time",recency 224 >= 45; frequency == 1
M0004,C000764,"Dormant,One-time",recency 224 >= 45; frequency == 1
M0004,C000923,"Dormant,One-time",recency 223 >= 45; frequency == 1
M0004,C000815,Dormant,recency 99 >= 45
M0004,C000128,Regular,no rule matched
M0004,C000152,High Value,total_spend 18468.87 >= p75 17073.62
M0004,C000807,"Dormant,One-time",recency 222 >= 45; frequency == 1
M0004,C000682,Regular,no rule matched
M0004,C000809,High Value,total_spend 34767.00 >= p75 17073.62
M0004,C000474,Regular,no rule matched
M0004,C000171,Regular,no rule matched
M0004,C000142,Regular,no rule matched
M0004,C000044,Dormant,recency 49 >= 45
M0004,C000744,High Value,total_spend 19281.87 >= p75 17073.62
M0004,C000077,High Value,total_spend 22679.88 >= p75 17073.62
M0004,C000825,"Dormant,One-time",recency 215 >= 45; frequency == 1
M0004,C000149,High Value,total_spend 25133.58 >= p75 17073.62
M0004,C000108,Dormant,recency 129 >= 45
M0004,C000863,"High Value,Loyal",total_spend 25702.59 >= p75 17073.62; frequency 5 >= 5
M0004,C000484,"Dormant,One-time",recency 211 >= 45; frequency == 1
M0004,C000763,Dormant,recency 199 >= 45
M0004,C000708,Dormant,recency 83 >= 45
M0004,C000023,High Value,total_spend 18696.00 >= p75 17073.62
M0004,C000749,High Value,total_spend 20150.32 >= p75 17073.62
M0004,C000029,"Dormant,High Value",recency 95 >= 45; total_spend 20408.01 >= p75 17073.62
M0004,C000755,Regular,no rule matched
M0004,C000003,"Dormant,One-time",recency 202 >= 45; frequency == 1
M0004,C000150,Regular,no rule matched
M0004,C000451,Dormant,recency 55 >= 45
M0004,C000008,"Dormant,One-time",recency 201 >= 45; frequency == 1
M0004,C000136,Dormant,recency 199 >= 45
M0004,C000081,"Dormant,High Value,Loyal",recency 55 >= 45; total_spend 32554.30 >= p75 17073.62; frequency 5 >= 5
M0004,C000861,Dormant,recency 74 >= 45
M0004,C000460,Dormant,recency 94 >= 45
M0004,C000184,"Dormant,One-time",recency 197 >= 45; frequency == 1
M0004,C000898,Regular,no rule matched
M0004,C000423,Regular,no rule matched
M0004,C000442,"Dormant,One-time",recency 195 >= 45; frequency == 1
M0004,C000714,"High Value,Loyal",total_spend 21052.35 >= p75 17073.62; frequency 5 >= 5
M0004,C000748,"Dormant,One-time",recency 194 >= 45; frequency == 1
M0004,C000052,Dormant,recency 185 >= 45
M0004,C000713,"Dormant,High Value",recency 178 >= 45; total_spend 17130.00 >= p75 17073.62
M0004,C000166,"Dormant,High Value",recency 95 >= 45; total_spend 20581.00 >= p75 17073.62
M0004,C000648,High Value,total_spend 18166.00 >= p75 17073.62
M0004,C000794,"Dormant,One-time",recency 191 >= 45; frequency == 1
M0004,C000114,"Dormant,High Value",recency 90 >= 45; total_spend 18687.77 >= p75 17073.62
M0004,C000635,Regular,no rule matched
M0004,C000170,"Dormant,One-time",recency 189 >= 45; frequency == 1
M0004,C000816,Dormant,recency 70 >= 45
M0004,C000753,High Value,total_spend 20469.83 >= p75 17073.62
M0004,C000071,"Dormant,High Value",recency 86 >= 45; total_spend 21777.24 >= p75 17073.62
M0004,C000821,Dormant,recency 148 >= 45
M0004,C000885,"High Value,Loyal",total_spend 33821.56 >= p75 17073.62; frequency 5 >= 5
M0004,C000922,"Dormant,One-time",recency 187 >= 45; frequency == 1
M0004,C000594,Regular,no rule matched
M0004,C000498,Regular,no rule matched
M0004,C000425,Dormant,recency 110 >= 45
M0004,C000886,"High Value,Loyal",total_spend 43389.25 >= p75 17073.62; frequency 9 >= 5
M0004,C000186,Dormant,recency 174 >= 45
M0004,C000069,High Value,total_spend 26100.16 >= p75 17073.62
M0004,C000893,"Dormant,One-time",recency 183 >= 45; frequency == 1
M0004,C000709,High Value,total_spend 19082.31 >= p75 17073.62
M0004,C000759,Dormant,recency 157 >= 45
M0004,C000760,"Dormant,One-time",recency 182 >= 45; frequency == 1
M0004,C000870,"Dormant,One-time",recency 181 >= 45; frequency == 1
M0004,C000728,"Dormant,One-time",recency 178 >= 45; frequency == 1
M0004,C000025,"Dormant,One-time",recency 178 >= 45; frequency == 1
M0004,C000432,Dormant,recency 115 >= 45
M0004,C000888,Regular,no rule matched
M0004,C000199,Dormant,recency 143 >= 45
M0004,C000062,Dormant,recency 138 >= 45
M0004,C000129,"Dormant,One-time",recency 172 >= 45; frequency == 1
M0004,C000022,Regular,no rule matched
M0004,C000190,Dormant,recency 158 >= 45
M0004,C000477,Regular,no rule matched
M0004,C000687,Dormant,recency 100 >= 45
M0004,C000788,Dormant,recency 142 >= 45
M0004,C000835,High Value,total_spend 20425.00 >= p75 17073.62
M0004,C000489,"Dormant,One-time",recency 161 >= 45; frequency == 1
M0004,C000844,Regular,no rule matched
M0004,C000174,Regular,no rule matched
M0004,C000032,"Dormant,One-time",recency 159 >= 45; frequency == 1
M0004,C000671,"Dormant,One-time",recency 158 >= 45; frequency == 1
M0004,C000482,Dormant,recency 110 >= 45
M0004,C000147,"Dormant,One-time",recency 158 >= 45; frequency == 1
M0004,C000609,"Dormant,One-time",recency 157 >= 45; frequency == 1
M0004,C000192,"Dormant,One-time",recency 155 >= 45; frequency == 1
M0004,C000685,"Dormant,High Value",recency 48 >= 45; total_spend 17876.39 >= p75 17073.62
M0004,C000866,High Value,total_spend 17836.76 >= p75 17073.62
M0004,C000875,Dormant,recency 46 >= 45
M0004,C000449,"Dormant,One-time",recency 154 >= 45; frequency == 1
M0004,C000011,Regular,no rule matched
M0004,C000107,"Dormant,One-time",recency 153 >= 45; frequency == 1
M0004,C000326,"Dormant,One-time",recency 152 >= 45; frequency == 1
M0004,C000680,"Dormant,High Value",recency 95 >= 45; total_spend 20835.54 >= p75 17073.62
M0004,C000624,"Dormant,One-time",recency 150 >= 45; frequency == 1
M0004,C000154,"Dormant,One-time",recency 150 >= 45; frequency == 1
M0004,C000697,"Dormant,High Value",recency 97 >= 45; total_spend 24899.81 >= p75 17073.62
M0004,C000167,Regular,no rule matched
M0004,C000462,Dormant,recency 49 >= 45
M0004,C000573,"Dormant,One-time",recency 149 >= 45; frequency == 1
M0004,C000891,"Dormant,One-time",recency 149 >= 45; frequency == 1
M0004,C000717,Regular,no rule matched
M0004,C000031,"Dormant,High Value",recency 97 >= 45; total_spend 22762.28 >= p75 17073.62
M0004,C000039,"Dormant,One-time",recency 147 >= 45; frequency == 1
M0004,C000197,"Dormant,One-time",recency 146 >= 45; frequency == 1
M0004,C000097,Dormant,recency 64 >= 45
M0004,C000447,"Dormant,One-time",recency 139 >= 45; frequency == 1
M0004,C000820,High Value,total_spend 26303.77 >= p75 17073.62
M0004,C000670,"Dormant,One-time",recency 137 >= 45; frequency == 1
M0004,C000883,Regular,no rule matched
M0004,C000040,"Dormant,One-time",recency 132 >= 45; frequency == 1
M0004,C000163,"Dormant,One-time",recency 130 >= 45; frequency == 1
M0004,C000121,"Dormant,One-time",recency 130 >= 45; frequency == 1
M0004,C000559,"Dormant,One-time",recency 129 >= 45; frequency == 1
M0004,C000448,Regular,no rule matched
M0004,C000175,Dormant,recency 117 >= 45
M0004,C000541,Regular,no rule matched
M0004,C000895,"Dormant,One-time",recency 125 >= 45; frequency == 1
M0004,C000733,"Dormant,One-time",recency 124 >= 45; frequency == 1
M0004,C000832,"High Value,Loyal",total_spend 27398.11 >= p75 17073.62; frequency 6 >= 5
M0004,C000018,High Value,total_spend 34072.00 >= p75 17073.62
M0004,C000882,"Dormant,One-time",recency 120 >= 45; frequency == 1
M0004,C000662,Regular,no rule matched
M0004,C000198,"Dormant,One-time",recency 117 >= 45; frequency == 1
M0004,C000076,Regular,no rule matched
M0004,C000172,"Dormant,One-time",recency 114 >= 45; frequency == 1
M0004,C000833,Regular,no rule matched
M0004,C000056,High Value,total_spend 21956.95 >= p75 17073.62
M0004,C000013,Regular,no rule matched
M0004,C000463,Dormant,recency 50 >= 45
M0004,C000900,Regular,no rule matched
M0004,C000397,High Value,total_spend 28958.00 >= p75 17073.62
M0004,C000036,"Dormant,One-time",recency 97 >= 45; frequency == 1
M0004,C000892,"Dormant,High Value",recency 51 >= 45; total_spend 19745.00 >= p75 17073.62
M0004,C000211,"Dormant,One-time",recency 94 >= 45; frequency == 1
M0004,C000465,"Dormant,One-time",recency 94 >= 45; frequency == 1
M0004,C000887,"Dormant,One-time",recency 92 >= 45; frequency == 1
M0004,C000387,Regular,no rule matched
M0004,C000085,"Dormant,One-time",recency 91 >= 45; frequency == 1
M0004,C000254,Regular,no rule matched
M0004,C000222,Regular,no rule matched
M0004,C000878,"Dormant,One-time",recency 87 >= 45; frequency == 1
M0004,C000470,"Dormant,One-time",recency 87 >= 45; frequency == 1
M0004,C000271,Dormant,recency 71 >= 45
M0004,C000395,"Dormant,One-time",recency 85 >= 45; frequency == 1
M0004,C000672,High Value,total_spend 18948.19 >= p75 17073.62
M0004,C000500,"Dormant,One-time",recency 85 >= 45; frequency == 1
M0004,C000813,"Dormant,One-time",recency 84 >= 45; frequency == 1
M0004,C000083,"Dormant,One-time",recency 84 >= 45; frequency == 1
M0004,C000738,High Value,total_spend 17076.00 >= p75 17073.62
M0004,C000736,Dormant,recency 67 >= 45
M0004,C000894,Dormant,recency 52 >= 45
M0004,C000476,"Dormant,One-time",recency 77 >= 45; frequency == 1
M0004,C000856,"Dormant,High Value",recency 45 >= 45; total_spend 18165.98 >= p75 17073.62
M0004,C000490,"Dormant,One-time",recency 74 >= 45; frequency == 1
M0004,C000745,Regular,no rule matched
M0004,C000087,Dormant,recency 66 >= 45
M0004,C000059,"Dormant,One-time",recency 68 >= 45; frequency == 1
M0004,C000429,Dormant,recency 65 >= 45
M0004,C000234,"Dormant,One-time",recency 66 >= 45; frequency == 1
M0004,C000284,Regular,no rule matched
M0004,C000847,"Dormant,One-time",recency 62 >= 45; frequency == 1
M0004,C000652,"Dormant,One-time",recency 60 >= 45; frequency == 1
M0004,C000540,"Dormant,One-time",recency 55 >= 45; frequency == 1
M0004,C000850,"Dormant,One-time",recency 53 >= 45; frequency == 1
M0004,C000591,"Dormant,One-time",recency 46 >= 45; frequency == 1
M0004,C000859,One-time,frequency == 1
M0004,C000865,Regular,no rule matched
M0004,C000270,High Value,total_spend 17073.62 >= p75 17073.62
M0004,C000879,Regular,no rule matched
M0004,C000248,One-time,frequency == 1
M0004,C000055,One-time,frequency == 1
M0004,C000043,One-time,frequency == 1
M0004,C000604,One-time,frequency == 1
M0004,C000365,One-time,frequency == 1
M0004,C000256,One-time,frequency == 1
M0004,C000873,One-time,frequency == 1
M0004,C000217,One-time,frequency == 1
M0004,C000526,One-time,frequency == 1
M0004,C000089,One-time,frequency == 1
M0004,C000371,One-time,frequency == 1
M0004,C000589,Regular,no rule matched
M0004,C000868,One-time,frequency == 1
M0004,C000257,One-time,frequency == 1
M0004,C000277,One-time,frequency == 1
M0004,C000207,One-time,frequency == 1
M0004,C000575,One-time,frequency == 1
M0004,C000468,Regular,no rule matched
M0004,C000494,One-time,frequency == 1
M0004,C000688,One-time,frequency == 1
M0004,C000640,One-time,frequency == 1
M0004,C000631,One-time,frequency == 1
M0004,C000016,One-time,frequency == 1
M0004,C000623,One-time,frequency == 1
M0004,C000569,Regular,no rule matched
M0004,C000564,One-time,frequency == 1
M0004,C000281,One-time,frequency == 1
M0004,C000971,One-time,frequency == 1
M0004,C000576,One-time,frequency == 1
M0004,C000250,One-time,frequency == 1
M0004,C000616,One-time,frequency == 1
M0004,C000287,One-time,frequency == 1
M0004,C000852,One-time,frequency == 1
M0004,C000266,One-time,frequency == 1
M0004,C000290,One-time,frequency == 1
M0004,C000673,One-time,frequency == 1
M0004,C000464,One-time,frequency == 1
M0005,C000166,Dormant,recency 107 >= 45
M0005,C000817,"Dormant,High Value,Loyal",recency 127 >= 45; total_spend 28341.24 >= p75 7738.57; frequency 17 >= 5
M0005,C000439,"Dormant,Loyal",recency 55 >= 45; frequency 6 >= 5
M0005,C000449,Regular,no rule matched
M0005,C000766,Dormant,recency 127 >= 45
M0005,C000805,"Dormant,High Value,Loyal",recency 104 >= 45; total_spend 15761.44 >= p75 7738.57; frequency 5 >= 5
M0005,C000033,"Dormant,High Value",recency 74 >= 45; total_spend 8149.00 >= p75 7738.57
M0005,C000814,"Dormant,High Value,Loyal",recency 75 >= 45; total_spend 10716.02 >= p75 7738.57; frequency 5 >= 5
M0005,C000791,"Dormant,High Value,Loyal",recency 127 >= 45; total_spend 24814.56 >= p75 7738.57; frequency 14 >= 5
M0005,C000825,"Dormant,High Value,Loyal",recency 106 >= 45; total_spend 39283.00 >= p75 7738.57; frequency 22 >= 5
M0005,C000709,"Dormant,High Value,Loyal",recency 48 >= 45; total_spend 15115.53 >= p75 7738.57; frequency 9 >= 5
M0005,C000165,"Dormant,High Value,Loyal",recency 141 >= 45; total_spend 39340.38 >= p75 7738.57; frequency 22 >= 5
M0005,C000072,"High Value,Loyal",total_spend 27785.99 >= p75 7738.57; frequency 16 >= 5
M0005,C000148,"Dormant,High Value",recency 168 >= 45; total_spend 8153.00 >= p75 7738.57
M0005,C000145,"Dormant,High Value,Loyal",recency 133 >= 45; total_spend 23985.77 >= p75 7738.57; frequency 14 >= 5
M0005,C000893,"High Value,Loyal",total_spend 32430.44 >= p75 7738.57; frequency 17 >= 5
M0005,C000172,"Dormant,Loyal",recency 123 >= 45; frequency 5 >= 5
M0005,C000752,"Dormant,One-time",recency 271 >= 45; frequency == 1
M0005,C000494,"Dormant,High Value,Loyal",recency 114 >= 45; total_spend 7761.32 >= p75 7738.57; frequency 7 >= 5
M0005,C000136,Dormant,recency 135 >= 45
M0005,C000127,Dormant,recency 185 >= 45
M0005,C000055,"Dormant,One-time",recency 270 >= 45; frequency == 1
M0005,C000787,"Dormant,High Value,Loyal",recency 100 >= 45; total_spend 24721.74 >= p75 7738.57; frequency 15 >= 5
M0005,C000835,Dormant,recency 87 >= 45
M0005,C000175,Dormant,recency 218 >= 45
M0005,C000195,"Dormant,High Value,Loyal",recency 124 >= 45; total_spend 12937.43 >= p75 7738.57; frequency 8 >= 5
M0005,C000808,"Dormant,High Value,Loyal",recency 121 >= 45; total_spend 39571.43 >= p75 7738.57; frequency 20 >= 5
M0005,C000121,"Dormant,One-time",recency 269 >= 45; frequency == 1
M0005,C000773,"Dormant,High Value,Loyal",recency 76 >= 45; total_spend 33719.69 >= p75 7738.57; frequency 23 >= 5
M0005,C000491,Dormant,recency 88 >= 45
M0005,C000080,"High Value,Loyal",total_spend 21523.87 >= p75 7738.57; frequency 12 >= 5
M0005,C000143,"Dormant,High Value,Loyal",recency 96 >= 45; total_spend 24007.13 >= p75 7738.57; frequency 12 >= 5
M0005,C000447,Regular,no rule matched
M0005,C000016,"High Value,Loyal",total_spend 8624.31 >= p75 7738.57; frequency 6 >= 5
M0005,C000064,"Dormant,Loyal",recency 65 >= 45; frequency 5 >= 5
M0005,C000771,Dormant,recency 188 >= 45
M0005,C000870,"Dormant,High Value",recency 159 >= 45; total_spend 8000.00 >= p75 7738.57
M0005,C000775,Dormant,recency 205 >= 45
M0005,C000671,"High Value,Loyal",total_spend 16239.68 >= p75 7738.57; frequency 9 >= 5
M0005,C000181,"Dormant,High Value,Loyal",recency 140 >= 45; total_spend 8893.60 >= p75 7738.57; frequency 5 >= 5
M0005,C000487,"High Value,Loyal",total_spend 7738.57 >= p75 7738.57; frequency 8 >= 5
M0005,C000800,"Dormant,High Value,Loyal",recency 111 >= 45; total_spend 15612.39 >= p75 7738.57; frequency 9 >= 5
M0005,C000043,"Dormant,One-time",recency 264 >= 45; frequency == 1
M0005,C000050,"Dormant,High Value,Loyal",recency 68 >= 45; total_spend 9428.43 >= p75 7738.57; frequency 6 >= 5
M0005,C000444,Dormant,recency 240 >= 45
M0005,C000106,"Dormant,High Value,Loyal",recency 88 >= 45; total_spend 33920.28 >= p75 7738.57; frequency 19 >= 5
M0005,C000431,"Dormant,One-time",recency 263 >= 45; frequency == 1
M0005,C000151,Dormant,recency 254 >= 45
M0005,C000781,Dormant,recency 122 >= 45
M0005,C000021,"High Value,Loyal",total_spend 17761.71 >= p75 7738.57; frequency 12 >= 5
M0005,C000497,"Dormant,One-time",recency 261 >= 45; frequency == 1
M0005,C000792,Dormant,recency 79 >= 45
M0005,C000914,Dormant,recency 158 >= 45
M0005,C000815,"Dormant,High Value,Loyal",recency 73 >= 45; total_spend 17463.07 >= p75 7738.57; frequency 12 >= 5
M0005,C000820,"Dormant,High Value,Loyal",recency 102 >= 45; total_spend 9077.62 >= p75 7738.57; frequency 7 >= 5
M0005,C000788,"Dormant,High Value,Loyal",recency 122 >= 45; total_spend 35679.63 >= p75 7738.57; frequency 16 >= 5
M0005,C000097,"Dormant,High Value,Loyal",recency 48 >= 45; total_spend 27935.31 >= p75 7738.57; frequency 17 >= 5
M0005,C000443,"High Value,Loyal",total_spend 8742.92 >= p75 7738.57; frequency 10 >= 5
M0005,C000019,"Dormant,High Value,Loyal",recency 66 >= 45; total_spend 11902.06 >= p75 7738.57; frequency 7 >= 5
M0005,C000818,"Dormant,High Value",recency 112 >= 45; total_spend 8002.08 >= p75 7738.57
M0005,C000728,Dormant,recency 46 >= 45
M0005,C000764,"Dormant,One-time",recency 258 >= 45; frequency == 1
M0005,C000881,"High Value,Loyal",total_spend 32733.72 >= p75 7738.57; frequency 18 >= 5
M0005,C000154,Dormant,recency 145 >= 45
M0005,C000087,"High Value,Loyal",total_spend 33038.92 >= p75 7738.57; frequency 17 >= 5
M0005,C000739,Dormant,recency 119 >= 45
M0005,C000182,Dormant,recency 158 >= 45
M0005,C000710,Dormant,recency 79 >= 45
M0005,C000147,Dormant,recency 95 >= 45
M0005,C000819,"Dormant,High Value,Loyal",recency 80 >= 45; total_spend 14442.00 >= p75 7738.57; frequency 7 >= 5
M0005,C000098,"High Value,Loyal",total_spend 13759.35 >= p75 7738.57; frequency 8 >= 5
M0005,C000091,"High Value,Loyal",total_spend 20681.02 >= p75 7738.57; frequency 11 >= 5
M0005,C000188,Dormant,recency 162 >= 45
M0005,C000890,"High Value,Loyal",total_spend 29401.84 >= p75 7738.57; frequency 14 >= 5
M0005,C000040,"High Value,Loyal",total_spend 36114.69 >= p75 7738.57; frequency 20 >= 5
M0005,C000845,Dormant,recency 67 >= 45
M0005,C000158,"Dormant,High Value,Loyal",recency 144 >= 45; total_spend 21356.70 >= p75 7738.57; frequency 12 >= 5
M0005,C000795,"Dormant,One-time",recency 254 >= 45; frequency == 1
M0005,C000012,"High Value,Loyal",total_spend 16895.23 >= p75 7738.57; frequency 9 >= 5
M0005,C000801,"Dormant,High Value,Loyal",recency 164 >= 45; total_spend 20437.07 >= p75 7738.57; frequency 11 >= 5
M0005,C000159,"Dormant,High Value,Loyal",recency 123 >= 45; total_spend 9615.43 >= p75 7738.57; frequency 6 >= 5
M0005,C000137,"Dormant,One-time",recency 253 >= 45; frequency == 1
M0005,C000167,Dormant,recency 235 >= 45
M0005,C000001,"Dormant,High Value",recency 45 >= 45; total_spend 7770.17 >= p75 7738.57
M0005,C000722,"Dormant,One-time",recency 252 >= 45; frequency == 1
M0005,C000884,Dormant,recency 128 >= 45
M0005,C000118,"Dormant,High Value,Loyal",recency 126 >= 45; total_spend 19205.56 >= p75 7738.57; frequency 10 >= 5
M0005,C000100,Regular,no rule matched
M0005,C000185,Dormant,recency 199 >= 45
M0005,C000068,"High Value,Loyal",total_spend 30152.67 >= p75 7738.57; frequency 15 >= 5
M0005,C000681,Dormant,recency 93 >= 45
M0005,C000836,"Dormant,One-time",recency 249 >= 45; frequency == 1
M0005,C000699,Dormant,recency 46 >= 45
M0005,C000732,Regular,no rule matched
M0005,C000821,"Dormant,High Value",recency 82 >= 45; total_spend 8090.00 >= p75 7738.57
M0005,C000887,"High Value,Loyal",total_spend 18591.50 >= p75 7738.57; frequency 7 >= 5
M0005,C000723,"High Value,Loyal",total_spend 18927.76 >= p75 7738.57; frequency 11 >= 5
M0005,C000857,Regular,no rule matched
M0005,C000128,Dormant,recency 81 >= 45
M0005,C000049,"High Value,Loyal",total_spend 14885.33 >= p75 7738.57; frequency 10 >= 5
M0005,C000434,"Dormant,One-time",recency 246 >= 45; frequency == 1
M0005,C000828,Dormant,recency 157 >= 45
M0005,C000446,"High Value,Loyal",total_spend 9656.42 >= p75 7738.57; frequency 11 >= 5
M0005,C000066,"High Value,Loyal",total_spend 21876.82 >= p75 7738.57; frequency 14 >= 5
M0005,C000052,"High Value,Loyal",total_spend 34061.45 >= p75 7738.57; frequency 18 >= 5
M0005,C000009,Regular,no rule matched
M0005,C000672,"High Value,Loyal",total_spend 16817.38 >= p75 7738.57; frequency 9 >= 5
M0005,C000945,Dormant,recency 85 >= 45
M0005,C000110,Dormant,recency 130 >= 45
M0005,C000142,Dormant,recency 155 >= 45
M0005,C000124,Dormant,recency 126 >= 45
M0005,C000079,Dormant,recency 122 >= 45
M0005,C000770,Dormant,recency 113 >= 45
M0005,C000088,"Dormant,High Value,Loyal",recency 50 >= 45; total_spend 10462.00 >= p75 7738.57; frequency 5 >= 5
M0005,C000779,Dormant,recency 108 >= 45
M0005,C000129,"Dormant,One-time",recency 236 >= 45; frequency == 1
M0005,C000877,"High Value,Loyal",total_spend 11305.77 >= p75 7738.57; frequency 5 >= 5
M0005,C000028,"High Value,Loyal",total_spend 25065.65 >= p75 7738.57; frequency 12 >= 5
M0005,C000809,"Dormant,One-time",recency 235 >= 45; frequency == 1
M0005,C000698,Dormant,recency 79 >= 45
M0005,C000139,Dormant,recency 163 >= 45
M0005,C000464,"Dormant,Loyal",recency 57 >= 45; frequency 8 >= 5
M0005,C000735,"Dormant,High Value",recency 80 >= 45; total_spend 8685.10 >= p75 7738.57
M0005,C000108,"Dormant,One-time",recency 232 >= 45; frequency == 1
M0005,C000921,Dormant,recency 160 >= 45
M0005,C000465,"Dormant,One-time",recency 232 >= 45; frequency == 1
M0005,C000717,Dormant,recency 145 >= 45
M0005,C000005,High Value,total_spend 8442.86 >= p75 7738.57
M0005,C000200,Dormant,recency 132 >= 45
M0005,C000920,"Dormant,One-time",recency 230 >= 45; frequency == 1
M0005,C000090,Dormant,recency 95 >= 45
M0005,C000178,"Dormant,One-time",recency 228 >= 45; frequency == 1
M0005,C000023,Regular,no rule matched
M0005,C000168,Dormant,recency 185 >= 45
M0005,C000759,"High Value,Loyal",total_spend 17534.90 >= p75 7738.57; frequency 8 >= 5
M0005,C000429,Loyal,frequency 8 >= 5
M0005,C000120,Dormant,recency 150 >= 45
M0005,C000104,"Dormant,One-time",recency 226 >= 45; frequency == 1
M0005,C000798,Dormant,recency 150 >= 45
M0005,C000745,Regular,no rule matched
M0005,C000162,"Dormant,One-time",recency 225 >= 45; frequency == 1
M0005,C000874,"High Value,Loyal",total_spend 18813.63 >= p75 7738.57; frequency 12 >= 5
M0005,C000686,Dormant,recency 167 >= 45
M0005,C000826,Dormant,recency 158 >= 45
M0005,C000943,Dormant,recency 158 >= 45
M0005,C000784,"Dormant,One-time",recency 224 >= 45; frequency == 1
M0005,C000903,"Dormant,One-time",recency 223 >= 45; frequency == 1
M0005,C000198,Dormant,recency 163 >= 45
M0005,C000797,Dormant,recency 129 >= 45
M0005,C000013,Dormant,recency 125 >= 45
M0005,C000029,Dormant,recency 97 >= 45
M0005,C000191,Dormant,recency 163 >= 45
M0005,C000499,Dormant,recency 161 >= 45
M0005,C000194,Dormant,recency 213 >= 45
M0005,C000886,Dormant,recency 52 >= 45
M0005,C000078,"Dormant,High Value",recency 99 >= 45; total_spend 8514.25 >= p75 7738.57
M0005,C000802,"Dormant,One-time",recency 218 >= 45; frequency == 1
M0005,C000769,Dormant,recency 161 >= 45
M0005,C000484,"Dormant,One-time",recency 216 >= 45; frequency == 1
M0005,C000720,Regular,no rule matched
M0005,C000883,"High Value,Loyal",total_spend 18527.78 >= p75 7738.57; frequency 9 >= 5
M0005,C000830,"Dormant,One-time",recency 213 >= 45; frequency == 1
M0005,C000783,Dormant,recency 101 >= 45
M0005,C000572,High Value,total_spend 9845.39 >= p75 7738.57
M0005,C000811,"Dormant,One-time",recency 211 >= 45; frequency == 1
M0005,C000707,"Dormant,High Value,Loyal",recency 63 >= 45; total_spend 8069.76 >= p75 7738.57; frequency 6 >= 5
M0005,C000015,"High Value,Loyal",total_spend 16262.12 >= p75 7738.57; frequency 9 >= 5
M0005,C000114,Dormant,recency 145 >= 45
M0005,C000782,"Dormant,One-time",recency 209 >= 45; frequency == 1
M0005,C000160,"Dormant,One-time",recency 209 >= 45; frequency == 1
M0005,C000606,"Dormant,One-time",recency 209 >= 45; frequency == 1
M0005,C000174,Dormant,recency 158 >= 45
M0005,C000551,"Dormant,One-time",recency 206 >= 45; frequency == 1
M0005,C000875,Regular,no rule matched
M0005,C000948,Dormant,recency 88 >= 45
M0005,C000135,Dormant,recency 129 >= 45
M0005,C000060,"Dormant,One-time",recency 202 >= 45; frequency == 1
M0005,C000793,"Dormant,One-time",recency 200 >= 45; frequency == 1
M0005,C000469,"Dormant,One-time",recency 200 >= 45; frequency == 1
M0005,C000856,Regular,no rule matched
M0005,C000579,Regular,no rule matched
M0005,C000841,"High Value,Loyal",total_spend 17789.15 >= p75 7738.57; frequency 10 >= 5
M0005,C000424,"Dormant,One-time",recency 195 >= 45; frequency == 1
M0005,C000189,Dormant,recency 175 >= 45
M0005,C000046,"Dormant,One-time",recency 194 >= 45; frequency == 1
M0005,C000470,"Dormant,One-time",recency 194 >= 45; frequency == 1
M0005,C000006,Regular,no rule matched
M0005,C000778,"Dormant,One-time",recency 191 >= 45; frequency == 1
M0005,C000477,Regular,no rule matched
M0005,C000473,Regular,no rule matched
M0005,C000187,"Dormant,One-time",recency 181 >= 45; frequency == 1
M0005,C000112,Dormant,recency 145 >= 45
M0005,C000053,Dormant,recency 88 >= 45
M0005,C000421,"Dormant,One-time",recency 177 >= 45; frequency == 1
M0005,C000690,"Dormant,One-time",recency 171 >= 45; frequency == 1
M0005,C000056,Dormant,recency 66 >= 45
M0005,C000777,Dormant,recency 114 >= 45
M0005,C000840,"Dormant,High Value",recency 87 >= 45; total_spend 8820.21 >= p75 7738.57
M0005,C000092,Regular,no rule matched
M0005,C000495,Regular,no rule matched
M0005,C000478,"Dormant,One-time",recency 165 >= 45; frequency == 1
M0005,C000451,Dormant,recency 111 >= 45
M0005,C000425,Dormant,recency 73 >= 45
M0005,C000834,Regular,no rule matched
M0005,C000170,"Dormant,One-time",recency 162 >= 45; frequency == 1
M0005,C000736,Dormant,recency 146 >= 45
M0005,C000871,Dormant,recency 110 >= 45
M0005,C000083,Dormant,recency 110 >= 45
M0005,C000810,"Dormant,One-time",recency 155 >= 45; frequency == 1
M0005,C000461,"Dormant,One-time",recency 154 >= 45; frequency == 1
M0005,C000132,"Dormant,One-time",recency 152 >= 45; frequency == 1
M0005,C000144,"Dormant,One-time",recency 152 >= 45; frequency == 1
M0005,C000600,"Dormant,One-time",recency 148 >= 45; frequency == 1
M0005,C000578,Dormant,recency 141 >= 45
M0005,C000867,"Dormant,One-time",recency 148 >= 45; frequency == 1
M0005,C000733,"Dormant,One-time",recency 145 >= 45; frequency == 1
M0005,C000715,Dormant,recency 51 >= 45
M0005,C000017,"Dormant,One-time",recency 144 >= 45; frequency == 1
M0005,C000426,Dormant,recency 96 >= 45
M0005,C000338,"Dormant,One-time",recency 142 >= 45; frequency == 1
M0005,C000738,"Dormant,One-time",recency 139 >= 45; frequency == 1
M0005,C000466,Dormant,recency 48 >= 45
M0005,C000109,"Dormant,One-time",recency 134 >= 45; frequency == 1
M0005,C000085,"Dormant,One-time",recency 134 >= 45; frequency == 1
M0005,C000727,"Dormant,One-time",recency 132 >= 45; frequency == 1
M0005,C000860,Dormant,recency 55 >= 45
M0005,C000827,"Dormant,One-time",recency 131 >= 45; frequency == 1
M0005,C000067,Regular,no rule matched
M0005,C000156,"Dormant,One-time",recency 125 >= 45; frequency == 1
M0005,C000789,Dormant,recency 82 >= 45
M0005,C000888,Regular,no rule matched
M0005,C000756,"Dormant,One-time",recency 124 >= 45; frequency == 1
M0005,C000489,Loyal,frequency 5 >= 5
M0005,C000632,"Dormant,One-time",recency 118 >= 45; frequency == 1
M0005,C000838,"Dormant,One-time",recency 115 >= 45; frequency == 1
M0005,C000422,Dormant,recency 109 >= 45
M0005,C000680,"Dormant,One-time",recency 110 >= 45; frequency == 1
M0005,C000076,"Dormant,One-time",recency 110 >= 45; frequency == 1
M0005,C000081,High Value,total_spend 7880.82 >= p75 7738.57
M0005,C000553,Dormant,recency 58 >= 45
M0005,C000357,"Dormant,One-time",recency 103 >= 45; frequency == 1
M0005,C000413,"Dormant,One-time",recency 99 >= 45; frequency == 1
M0005,C000593,"Dormant,One-time",recency 99 >= 45; frequency == 1
M0005,C000846,Dormant,recency 58 >= 45
M0005,C000843,High Value,total_spend 8130.00 >= p75 7738.57
M0005,C000863,Regular,no rule matched
M0005,C000026,Regular,no rule matched
M0005,C000225,Dormant,recency 79 >= 45
M0005,C000858,High Value,total_spend 10080.39 >= p75 7738.57
M0005,C000896,Regular,no rule matched
M0005,C000865,"Dormant,One-time",recency 84 >= 45; frequency == 1
M0005,C000259,"Dormant,One-time",recency 81 >= 45; frequency == 1
M0005,C000236,"Dormant,One-time",recency 78 >= 45; frequency == 1
M0005,C000093,"Dormant,One-time",recency 78 >= 45; frequency == 1
M0005,C000754,"Dormant,One-time",recency 78 >= 45; frequency == 1
M0005,C000277,Regular,no rule matched
M0005,C000894,Dormant,recency 69 >= 45
M0005,C000207,"High Value,Loyal",total_spend 13763.59 >= p75 7738.57; frequency 6 >= 5
M0005,C000832,Regular,no rule matched
M0005,C000229,Regular,no rule matched
M0005,C000744,"Dormant,One-time",recency 71 >= 45; frequency == 1
M0005,C000388,"Dormant,One-time",recency 66 >= 45; frequency == 1
M0005,C000204,Regular,no rule matched
M0005,C000007,Dormant,recency 56 >= 45
M0005,C000260,Regular,no rule matched
M0005,C000852,"Dormant,One-time",recency 55 >= 45; frequency == 1
M0005,C000559,Regular,no rule matched
M0005,C000286,Regular,no rule matched
M0005,C000737,"Dormant,One-time",recency 50 >= 45; frequency == 1
M0005,C000031,"Dormant,One-time",recency 49 >= 45; frequency == 1
M0005,C000282,"Dormant,One-time",recency 48 >= 45; frequency == 1
M0005,C000025,"Dormant,One-time",recency 47 >= 45; frequency == 1
M0005,C000265,"Dormant,One-time",recency 47 >= 45; frequency == 1
M0005,C000063,"Dormant,One-time",recency 46 >= 45; frequency == 1
M0005,C000399,"Dormant,One-time",recency 45 >= 45; frequency == 1
M0005,C000684,One-time,frequency == 1
M0005,C000848,One-time,frequency == 1
M0005,C000381,One-time,frequency == 1
M0005,C000008,One-time,frequency == 1
M0005,C000749,Regular,no rule matched
M0005,C000716,One-time,frequency == 1
M0005,C000693,One-time,frequency == 1
M0005,C000242,One-time,frequency == 1
M0005,C000377,One-time,frequency == 1
M0005,C000963,One-time,frequency == 1
M0005,C000073,One-time,frequency == 1
M0005,C000635,High Value,total_spend 8510.11 >= p75 7738.57
M0005,C000594,One-time,frequency == 1
M0005,C000622,One-time,frequency == 1
M0005,C000482,One-time,frequency == 1
M0005,C000480,One-time,frequency == 1
M0005,C000882,One-time,frequency == 1
M0005,C000214,One-time,frequency == 1
M0005,C000844,One-time,frequency == 1
M0005,C000457,One-time,frequency == 1
M0005,C000970,One-time,frequency == 1
M0005,C000725,One-time,frequency == 1
M0005,C000061,Regular,no rule matched
M0005,C000619,One-time,frequency == 1
M0005,C000705,One-time,frequency == 1
M0005,C000284,One-time,frequency == 1
M0005,C000748,One-time,frequency == 1
M0005,C000221,One-time,frequency == 1
M0006,C000742,"Dormant,One-time",recency 275 >= 45; frequency == 1
M0006,C000464,"Dormant,High Value",recency 96 >= 45; total_spend 7664.35 >= p75 2363.96
M0006,C000056,"High Value,Loyal",total_spend 8007.19 >= p75 2363.96; frequency 12 >= 5
M0006,C000159,"Dormant,High Value",recency 144 >= 45; total_spend 3002.34 >= p75 2363.96
M0006,C000151,Dormant,recency 49 >= 45
M0006,C000764,"Dormant,High Value",recency 200 >= 45; total_spend 2406.00 >= p75 2363.96
M0006,C000785,Dormant,recency 144 >= 45
M0006,C000138,"Dormant,High Value,Loyal",recency 158 >= 45; total_spend 5407.90 >= p75 2363.96; frequency 10 >= 5
M0006,C000175,"Dormant,High Value",recency 144 >= 45; total_spend 2502.67 >= p75 2363.96
M0006,C000181,"Dormant,High Value,Loyal",recency 47 >= 45; total_spend 13385.31 >= p75 2363.96; frequency 11 >= 5
M0006,C000710,"Dormant,One-time",recency 273 >= 45; frequency == 1
M0006,C000177,"Dormant,High Value,Loyal",recency 95 >= 45; total_spend 3812.00 >= p75 2363.96; frequency 7 >= 5
M0006,C000796,"Dormant,High Value,Loyal",recency 133 >= 45; total_spend 2852.14 >= p75 2363.96; frequency 5 >= 5
M0006,C000793,"Dormant,High Value,Loyal",recency 114 >= 45; total_spend 3802.30 >= p75 2363.96; frequency 6 >= 5
M0006,C000787,"Dormant,High Value",recency 148 >= 45; total_spend 3469.00 >= p75 2363.96
M0006,C000075,"High Value,Loyal",total_spend 4442.97 >= p75 2363.96; frequency 6 >= 5
M0006,C000792,Dormant,recency 171 >= 45
M0006,C000477,Dormant,recency 83 >= 45
M0006,C000040,"Dormant,High Value",recency 219 >= 45; total_spend 8441.10 >= p75 2363.96
M0006,C000025,"High Value,Loyal",total_spend 7049.73 >= p75 2363.96; frequency 14 >= 5
M0006,C000797,"Dormant,High Value",recency 149 >= 45; total_spend 3082.84 >= p75 2363.96
M0006,C000474,"High Value,Loyal",total_spend 2460.04 >= p75 2363.96; frequency 5 >= 5
M0006,C000157,"Dormant,High Value,Loyal",recency 208 >= 45; total_spend 3317.30 >= p75 2363.96; frequency 6 >= 5
M0006,C000864,"Dormant,High Value,Loyal",recency 78 >= 45; total_spend 3942.63 >= p75 2363.96; frequency 5 >= 5
M0006,C000084,High Value,total_spend 7038.60 >= p75 2363.96
M0006,C000132,"Dormant,High Value,Loyal",recency 49 >= 45; total_spend 10435.30 >= p75 2363.96; frequency 6 >= 5
M0006,C000062,"High Value,Loyal",total_spend 11892.51 >= p75 2363.96; frequency 17 >= 5
M0006,C000010,"High Value,Loyal",total_spend 3997.27 >= p75 2363.96; frequency 7 >= 5
M0006,C000027,"High Value,Loyal",total_spend 4924.40 >= p75 2363.96; frequency 9 >= 5
M0006,C000900,"High Value,Loyal",total_spend 9421.14 >= p75 2363.96; frequency 5 >= 5
M0006,C000060,"High Value,Loyal",total_spend 7617.32 >= p75 2363.96; frequency 15 >= 5
M0006,C000144,"Dormant,High Value,Loyal",recency 104 >= 45; total_spend 3896.36 >= p75 2363.96; frequency 8 >= 5
M0006,C000136,"Dormant,High Value,Loyal",recency 145 >= 45; total_spend 4088.27 >= p75 2363.96; frequency 7 >= 5
M0006,C000448,Dormant,recency 79 >= 45
M0006,C000004,"Dormant,High Value,Loyal",recency 49 >= 45; total_spend 3621.74 >= p75 2363.96; frequency 6 >= 5
M0006,C000902,"Dormant,One-time",recency 263 >= 45; frequency == 1
M0006,C000122,"High Value,Loyal",total_spend 5272.30 >= p75 2363.96; frequency 5 >= 5
M0006,C000059,"High Value,Loyal",total_spend 4367.29 >= p75 2363.96; frequency 9 >= 5
M0006,C000424,Dormant,recency 154 >= 45
M0006,C000748,Regular,no rule matched
M0006,C000802,"Dormant,High Value",recency 50 >= 45; total_spend 3451.84 >= p75 2363.96
M0006,C000465,Dormant,recency 47 >= 45
M0006,C000453,"Dormant,Loyal",recency 101 >= 45; frequency 6 >= 5
M0006,C000810,Dormant,recency 240 >= 45
M0006,C000052,"High Value,Loyal",total_spend 8393.00 >= p75 2363.96; frequency 5 >= 5
M0006,C000139,Dormant,recency 45 >= 45
M0006,C000946,Dormant,recency 143 >= 45
M0006,C000161,Dormant,recency 188 >= 45
M0006,C000790,Dormant,recency 213 >= 45
M0006,C000433,"Dormant,One-time",recency 258 >= 45; frequency == 1
M0006,C000200,"Dormant,One-time",recency 258 >= 45; frequency == 1
M0006,C000137,"Dormant,One-time",recency 257 >= 45; frequency == 1
M0006,C000093,"Dormant,High Value",recency 140 >= 45; total_spend 2546.00 >= p75 2363.96
M0006,C000479,"High Value,Loyal",total_spend 2600.24 >= p75 2363.96; frequency 8 >= 5
M0006,C000026,"Dormant,High Value,Loyal",recency 79 >= 45; total_spend 8223.31 >= p75 2363.96; frequency 6 >= 5
M0006,C000021,Regular,no rule matched
M0006,C000825,"Dormant,High Value",recency 81 >= 45; total_spend 2890.00 >= p75 2363.96
M0006,C000497,Regular,no rule matched
M0006,C000063,Regular,no rule matched
M0006,C000199,Dormant,recency 148 >= 45
M0006,C000120,Dormant,recency 137 >= 45
M0006,C000815,"Dormant,High Value",recency 48 >= 45; total_spend 3183.01 >= p75 2363.96
M0006,C000765,"Dormant,One-time",recency 252 >= 45; frequency == 1
M0006,C000127,Dormant,recency 186 >= 45
M0006,C000421,Loyal,frequency 6 >= 5
M0006,C000131,Dormant,recency 134 >= 45
M0006,C000816,"Dormant,High Value",recency 132 >= 45; total_spend 8405.20 >= p75 2363.96
M0006,C000808,"Dormant,High Value,Loyal",recency 90 >= 45; total_spend 11003.06 >= p75 2363.96; frequency 6 >= 5
M0006,C000169,"Dormant,High Value,Loyal",recency 149 >= 45; total_spend 3541.10 >= p75 2363.96; frequency 7 >= 5
M0006,C000148,"Dormant,High Value,Loyal",recency 145 >= 45; total_spend 6934.39 >= p75 2363.96; frequency 8 >= 5
M0006,C000432,Regular,no rule matched
M0006,C000819,"Dormant,High Value",recency 70 >= 45; total_spend 4849.51 >= p75 2363.96
M0006,C000923,"Dormant,One-time",recency 247 >= 45; frequency == 1
M0006,C000189,"Dormant,High Value,Loyal",recency 150 >= 45; total_spend 3007.54 >= p75 2363.96; frequency 7 >= 5
M0006,C000780,Dormant,recency 218 >= 45
M0006,C000087,"High Value,Loyal",total_spend 12459.65 >= p75 2363.96; frequency 8 >= 5
M0006,C000012,"Dormant,One-time",recency 244 >= 45; frequency == 1
M0006,C000033,"High Value,Loyal",total_spend 13407.51 >= p75 2363.96; frequency 14 >= 5
M0006,C000031,"Dormant,High Value",recency 60 >= 45; total_spend 2615.41 >= p75 2363.96
M0006,C000129,Dormant,recency 181 >= 45
M0006,C000134,Regular,no rule matched
M0006,C000149,"Dormant,High Value",recency 144 >= 45; total_spend 2469.00 >= p75 2363.96
M0006,C000166,Dormant,recency 45 >= 45
M0006,C000037,Dormant,recency 159 >= 45
M0006,C000109,"Dormant,One-time",recency 235 >= 45; frequency == 1
M0006,C000781,"Dormant,One-time",recency 235 >= 45; frequency == 1
M0006,C000720,"Dormant,High Value",recency 118 >= 45; total_spend 6822.00 >= p75 2363.96
M0006,C000806,Dormant,recency 139 >= 45
M0006,C000091,"High Value,Loyal",total_spend 3120.00 >= p75 2363.96; frequency 5 >= 5
M0006,C000726,Dormant,recency 119 >= 45
M0006,C000830,Dormant,recency 208 >= 45
M0006,C000778,"Dormant,One-time",recency 230 >= 45; frequency == 1
M0006,C000163,"Dormant,High Value,Loyal",recency 124 >= 45; total_spend 4136.00 >= p75 2363.96; frequency 6 >= 5
M0006,C000767,Dormant,recency 224 >= 45
M0006,C000184,"Dormant,One-time",recency 229 >= 45; frequency == 1
M0006,C000086,"High Value,Loyal",total_spend 3662.61 >= p75 2363.96; frequency 8 >= 5
M0006,C000887,Dormant,recency 61 >= 45
M0006,C000718,"Dormant,One-time",recency 226 >= 45; frequency == 1
M0006,C000196,"Dormant,One-time",recency 225 >= 45; frequency == 1
M0006,C000442,"Dormant,High Value,Loyal",recency 80 >= 45; total_spend 3153.18 >= p75 2363.96; frequency 7 >= 5
M0006,C000092,Regular,no rule matched
M0006,C000097,High Value,total_spend 3404.30 >= p75 2363.96
M0006,C000829,"Dormant,High Value",recency 65 >= 45; total_spend 2971.59 >= p75 2363.96
M0006,C000811,Dormant,recency 165 >= 45
M0006,C000036,Regular,no rule matched
M0006,C000068,"Dormant,High Value",recency 49 >= 45; total_spend 4065.90 >= p75 2363.96
M0006,C000672,Dormant,recency 191 >= 45
M0006,C000118,Dormant,recency 141 >= 45
M0006,C000013,"Dormant,One-time",recency 219 >= 45; frequency == 1
M0006,C000751,"Dormant,One-time",recency 219 >= 45; frequency == 1
M0006,C000673,"High Value,Loyal",total_spend 5169.24 >= p75 2363.96; frequency 7 >= 5
M0006,C000434,"Dormant,One-time",recency 217 >= 45; frequency == 1
M0006,C000736,High Value,total_spend 3359.00 >= p75 2363.96
M0006,C000799,Dormant,recency 135 >= 45
M0006,C000088,Dormant,recency 140 >= 45
M0006,C000451,Regular,no rule matched
M0006,C000699,Dormant,recency 140 >= 45
M0006,C000560,"Dormant,High Value",recency 48 >= 45; total_spend 3324.57 >= p75 2363.96
M0006,C000172,"Dormant,One-time",recency 212 >= 45; frequency == 1
M0006,C000556,Regular,no rule matched
M0006,C000098,"High Value,Loyal",total_spend 2881.20 >= p75 2363.96; frequency 5 >= 5
M0006,C000016,Regular,no rule matched
M0006,C000599,"Dormant,High Value",recency 49 >= 45; total_spend 2802.54 >= p75 2363.96
M0006,C000471,Loyal,frequency 5 >= 5
M0006,C000482,Dormant,recency 63 >= 45
M0006,C000185,Dormant,recency 126 >= 45
M0006,C000706,"Dormant,One-time",recency 203 >= 45; frequency == 1
M0006,C000183,"Dormant,One-time",recency 203 >= 45; frequency == 1
M0006,C000462,Regular,no rule matched
M0006,C000186,Dormant,recency 129 >= 45
M0006,C000045,"High Value,Loyal",total_spend 2395.39 >= p75 2363.96; frequency 5 >= 5
M0006,C000106,"Dormant,High Value",recency 49 >= 45; total_spend 3791.08 >= p75 2363.96
M0006,C000854,"Dormant,One-time",recency 197 >= 45; frequency == 1
M0006,C000575,"Dormant,One-time",recency 194 >= 45; frequency == 1
M0006,C000192,"Dormant,One-time",recency 192 >= 45; frequency == 1
M0006,C000130,Dormant,recency 49 >= 45
M0006,C000436,Dormant,recency 62 >= 45
M0006,C000102,Dormant,recency 128 >= 45
M0006,C000167,"Dormant,One-time",recency 191 >= 45; frequency == 1
M0006,C000480,Loyal,frequency 9 >= 5
M0006,C000007,High Value,total_spend 3195.22 >= p75 2363.96
M0006,C000827,"Dormant,One-time",recency 188 >= 45; frequency == 1
M0006,C000892,"Dormant,One-time",recency 188 >= 45; frequency == 1
M0006,C000071,Regular,no rule matched
M0006,C000017,"High Value,Loyal",total_spend 3498.86 >= p75 2363.96; frequency 6 >= 5
M0006,C000725,"Dormant,One-time",recency 187 >= 45; frequency == 1
M0006,C000050,"High Value,Loyal",total_spend 3528.25 >= p75 2363.96; frequency 5 >= 5
M0006,C000730,Regular,no rule matched
M0006,C000723,Dormant,recency 50 >= 45
M0006,C000846,"Dormant,High Value,Loyal",recency 51 >= 45; total_spend 2545.10 >= p75 2363.96; frequency 5 >= 5
M0006,C000438,"Dormant,One-time",recency 183 >= 45; frequency == 1
M0006,C000104,Dormant,recency 130 >= 45
M0006,C000072,"High Value,Loyal",total_spend 5585.79 >= p75 2363.96; frequency 8 >= 5
M0006,C000077,"Dormant,One-time",recency 182 >= 45; frequency == 1
M0006,C000152,"Dormant,High Value",recency 48 >= 45; total_spend 3132.17 >= p75 2363.96
M0006,C000732,Dormant,recency 115 >= 45
M0006,C000737,"Dormant,One-time",recency 179 >= 45; frequency == 1
M0006,C000852,"Dormant,One-time",recency 178 >= 45; frequency == 1
M0006,C000146,"Dormant,One-time",recency 178 >= 45; frequency == 1
M0006,C000709,"Dormant,High Value",recency 103 >= 45; total_spend 2953.81 >= p75 2363.96
M0006,C000605,"Dormant,High Value",recency 47 >= 45; total_spend 3937.77 >= p75 2363.96
M0006,C000470,Regular,no rule matched
M0006,C000466,Regular,no rule matched
M0006,C000142,Dormant,recency 45 >= 45
M0006,C000805,Dormant,recency 107 >= 45
M0006,C000576,"Dormant,One-time",recency 174 >= 45; frequency == 1
M0006,C000687,Dormant,recency 57 >= 45
M0006,C000766,"Dormant,One-time",recency 172 >= 45; frequency == 1
M0006,C000156,Dormant,recency 135 >= 45
M0006,C000700,Dormant,recency 49 >= 45
M0006,C000774,"Dormant,One-time",recency 168 >= 45; frequency == 1
M0006,C000089,"Dormant,One-time",recency 167 >= 45; frequency == 1
M0006,C000461,Regular,no rule matched
M0006,C000692,Dormant,recency 51 >= 45
M0006,C000788,Dormant,recency 71 >= 45
M0006,C000038,Dormant,recency 78 >= 45
M0006,C000492,Dormant,recency 62 >= 45
M0006,C000456,Regular,no rule matched
M0006,C000164,"Dormant,One-time",recency 162 >= 45; frequency == 1
M0006,C000724,"Dormant,High Value,Loyal",recency 60 >= 45; total_spend 2864.88 >= p75 2363.96; frequency 5 >= 5
M0006,C000801,"Dormant,One-time",recency 154 >= 45; frequency == 1
M0006,C000425,"Dormant,One-time",recency 153 >= 45; frequency == 1
M0006,C000113,"Dormant,One-time",recency 152 >= 45; frequency == 1
M0006,C000750,"Dormant,One-time",recency 151 >= 45; frequency == 1
M0006,C000475,"High Value,Loyal",total_spend 2363.96 >= p75 2363.96; frequency 5 >= 5
M0006,C000430,"Dormant,One-time",recency 149 >= 45; frequency == 1
M0006,C000688,Dormant,recency 48 >= 45
M0006,C000428,Dormant,recency 62 >= 45
M0006,C000608,"Dormant,One-time",recency 147 >= 45; frequency == 1
M0006,C000472,"Dormant,One-time",recency 145 >= 45; frequency == 1
M0006,C000455,Dormant,recency 101 >= 45
M0006,C000064,"Dormant,One-time",recency 143 >= 45; frequency == 1
M0006,C000558,"Dormant,One-time",recency 142 >= 45; frequency == 1
M0006,C000824,"Dormant,One-time",recency 141 >= 45; frequency == 1
M0006,C000776,Dormant,recency 129 >= 45
M0006,C000191,"Dormant,One-time",recency 139 >= 45; frequency == 1
M0006,C000759,"Dormant,One-time",recency 138 >= 45; frequency == 1
M0006,C000866,Dormant,recency 45 >= 45
M0006,C000747,Dormant,recency 49 >= 45
M0006,C000807,"Dormant,One-time",recency 136 >= 45; frequency == 1
M0006,C000791,"Dormant,One-time",recency 135 >= 45; frequency == 1
M0006,C000585,"Dormant,One-time",recency 135 >= 45; frequency == 1
M0006,C000711,"Dormant,One-time",recency 134 >= 45; frequency == 1
M0006,C000153,"Dormant,One-time",recency 133 >= 45; frequency == 1
M0006,C000174,"Dormant,One-time",recency 133 >= 45; frequency == 1
M0006,C000856,Regular,no rule matched
M0006,C000500,Dormant,recency 63 >= 45
M0006,C000145,"Dormant,One-time",recency 128 >= 45; frequency == 1
M0006,C000080,Dormant,recency 49 >= 45
M0006,C000890,High Value,total_spend 2583.00 >= p75 2363.96
M0006,C000121,"Dormant,One-time",recency 127 >= 45; frequency == 1
M0006,C000757,"Dormant,One-time",recency 126 >= 45; frequency == 1
M0006,C000624,"Dormant,One-time",recency 125 >= 45; frequency == 1
M0006,C000041,Regular,no rule matched
M0006,C000863,Regular,no rule matched
M0006,C000618,Dormant,recency 49 >= 45
M0006,C000674,"Dormant,One-time",recency 123 >= 45; frequency == 1
M0006,C000681,"Dormant,One-time",recency 122 >= 45; frequency == 1
M0006,C000005,"Dormant,One-time",recency 122 >= 45; frequency == 1
M0006,C000832,Dormant,recency 66 >= 45
M0006,C000019,"Dormant,One-time",recency 120 >= 45; frequency == 1
M0006,C000898,"Dormant,Loyal",recency 55 >= 45; frequency 5 >= 5
M0006,C000046,"Dormant,One-time",recency 118 >= 45; frequency == 1
M0006,C000735,Regular,no rule matched
M0006,C000028,"Dormant,One-time",recency 110 >= 45; frequency == 1
M0006,C000011,Regular,no rule matched
M0006,C000676,Regular,no rule matched
M0006,C000800,"Dormant,One-time",recency 105 >= 45; frequency == 1
M0006,C000096,"Dormant,One-time",recency 103 >= 45; frequency == 1
M0006,C000066,Regular,no rule matched
M0006,C000048,"Dormant,One-time",recency 101 >= 45; frequency == 1
M0006,C000874,"High Value,Loyal",total_spend 3780.00 >= p75 2363.96; frequency 7 >= 5
M0006,C000446,"Dormant,One-time",recency 100 >= 45; frequency == 1
M0006,C000702,Regular,no rule matched
M0006,C000833,Dormant,recency 71 >= 45
M0006,C000069,"Dormant,One-time",recency 96 >= 45; frequency == 1
M0006,C000230,Dormant,recency 49 >= 45
M0006,C000634,"Dormant,One-time",recency 92 >= 45; frequency == 1
M0006,C000837,"Dormant,One-time",recency 92 >= 45; frequency == 1
M0006,C000836,"Dormant,One-time",recency 91 >= 45; frequency == 1
M0006,C000756,"Dormant,One-time",recency 91 >= 45; frequency == 1
M0006,C000897,"High Value,Loyal",total_spend 2542.21 >= p75 2363.96; frequency 5 >= 5
M0006,C000259,Regular,no rule matched
M0006,C000739,"Dormant,One-time",recency 83 >= 45; frequency == 1
M0006,C000277,Regular,no rule matched
M0006,C000851,"Dormant,One-time",recency 80 >= 45; frequency == 1
M0006,C000883,Regular,no rule matched
M0006,C000820,"Dormant,One-time",recency 73 >= 45; frequency == 1
M0006,C000325,"Dormant,One-time",recency 70 >= 45; frequency == 1
M0006,C000067,"Dormant,One-time",recency 68 >= 45; frequency == 1
M0006,C000248,"Dormant,One-time",recency 68 >= 45; frequency == 1
M0006,C000267,"Dormant,One-time",recency 66 >= 45; frequency == 1
M0006,C000876,"Dormant,One-time",recency 65 >= 45; frequency == 1
M0006,C000053,Dormant,recency 60 >= 45
M0006,C000721,"Dormant,One-time",recency 55 >= 45; frequency == 1
M0006,C000614,"Dormant,One-time",recency 55 >= 45; frequency == 1
M0006,C000685,"Dormant,One-time",recency 52 >= 45; frequency == 1
M0006,C000609,"Dormant,One-time",recency 52 >= 45; frequency == 1
M0006,C000875,Regular,no rule matched
M0006,C000896,Regular,no rule matched
M0006,C000861,"Dormant,One-time",recency 50 >= 45; frequency == 1
M0006,C000835,Regular,no rule matched
M0006,C000251,"Dormant,One-time",recency 49 >= 45; frequency == 1
M0006,C000884,"Dormant,One-time",recency 48 >= 45; frequency == 1
M0006,C000587,"Dormant,One-time",recency 45 >= 45; frequency == 1
M0006,C000697,One-time,frequency == 1
M0006,C000263,One-time,frequency == 1
M0006,C000498,One-time,frequency == 1
M0006,C000714,One-time,frequency == 1
M0006,C000871,One-time,frequency == 1
M0006,C000484,One-time,frequency == 1
M0006,C000693,One-time,frequency == 1
M0006,C000679,One-time,frequency == 1
M0006,C000882,Regular,no rule matched
M0006,C000612,One-time,frequency == 1
M0006,C000394,One-time,frequency == 1
M0006,C000668,One-time,frequency == 1
M0006,C000744,One-time,frequency == 1
M0006,C000877,Regular,no rule matched
M0006,C000642,One-time,frequency == 1
M0006,C000020,Regular,no rule matched
M0006,C000886,One-time,frequency == 1
M0006,C000290,One-time,frequency == 1
M0006,C000213,Regular,no rule matched
M0006,C000253,Regular,no rule matched
M0006,C000257,One-time,frequency == 1
M0006,C000627,One-time,frequency == 1
M0006,C000274,One-time,frequency == 1
M0006,C000640,One-time,frequency == 1
M0006,C000476,One-time,frequency == 1
M0006,C000961,One-time,frequency == 1
M0006,C000701,One-time,frequency == 1
M0006,C000844,One-time,frequency == 1
M0006,C000850,One-time,frequency == 1
M0006,C000573,One-time,frequency == 1
M0006,C000879,One-time,frequency == 1
M0006,C000616,One-time,frequency == 1
M0006,C000643,One-time,frequency == 1
M0006,C000422,One-time,frequency == 1
M0006,C000205,One-time,frequency == 1
M0007,C000731,"Dormant,One-time",recency 275 >= 45; frequency == 1
M0007,C000751,"High Value,Loyal",total_spend 19465.95 >= p75 14356.00; frequency 6 >= 5
M0007,C000082,"Dormant,High Value,Loyal",recency 93 >= 45; total_spend 18532.88 >= p75 14356.00; frequency 5 >= 5
M0007,C000058,"High Value,Loyal",total_spend 49601.00 >= p75 14356.00; frequency 10 >= 5
M0007,C000679,Dormant,recency 239 >= 45
M0007,C000818,"Dormant,High Value",recency 159 >= 45; total_spend 16964.20 >= p75 14356.00
M0007,C000147,Dormant,recency 112 >= 45
M0007,C000769,"Dormant,High Value,Loyal",recency 165 >= 45; total_spend 31388.44 >= p75 14356.00; frequency 7 >= 5
M0007,C000701,"High Value,Loyal",total_spend 30394.96 >= p75 14356.00; frequency 7 >= 5
M0007,C000733,"Dormant,One-time",recency 274 >= 45; frequency == 1
M0007,C000702,Dormant,recency 117 >= 45
M0007,C000778,Dormant,recency 224 >= 45
M0007,C000095,"Dormant,High Value,Loyal",recency 108 >= 45; total_spend 35626.63 >= p75 14356.00; frequency 10 >= 5
M0007,C000108,"Dormant,One-time",recency 273 >= 45; frequency == 1
M0007,C000039,Regular,no rule matched
M0007,C000722,Dormant,recency 113 >= 45
M0007,C000847,High Value,total_spend 14940.90 >= p75 14356.00
M0007,C000131,"Dormant,High Value,Loyal",recency 106 >= 45; total_spend 34589.06 >= p75 14356.00; frequency 8 >= 5
M0007,C000026,Dormant,recency 52 >= 45
M0007,C000681,Dormant,recency 86 >= 45
M0007,C000786,Dormant,recency 209 >= 45
M0007,C000692,"Dormant,High Value,Loyal",recency 47 >= 45; total_spend 64663.40 >= p75 14356.00; frequency 16 >= 5
M0007,C000804,"Dormant,High Value,Loyal",recency 91 >= 45; total_spend 55173.04 >= p75 14356.00; frequency 13 >= 5
M0007,C000018,Dormant,recency 106 >= 45
M0007,C000826,"Dormant,High Value,Loyal",recency 112 >= 45; total_spend 26448.71 >= p75 14356.00; frequency 8 >= 5
M0007,C000189,"Dormant,One-time",recency 269 >= 45; frequency == 1
M0007,C000730,"Dormant,High Value",recency 109 >= 45; total_spend 15520.00 >= p75 14356.00
M0007,C000151,Dormant,recency 101 >= 45
M0007,C000683,"High Value,Loyal",total_spend 31211.02 >= p75 14356.00; frequency 9 >= 5
M0007,C000088,"High Value,Loyal",total_spend 33727.36 >= p75 14356.00; frequency 10 >= 5
M0007,C000802,"Dormant,High Value",recency 112 >= 45; total_spend 17113.57 >= p75 14356.00
M0007,C000823,Dormant,recency 86 >= 45
M0007,C000155,"Dormant,High Value,Loyal",recency 111 >= 45; total_spend 38831.99 >= p75 14356.00; frequency 11 >= 5
M0007,C000001,"High Value,Loyal",total_spend 42385.86 >= p75 14356.00; frequency 11 >= 5
M0007,C000134,"Dormant,High Value",recency 124 >= 45; total_spend 14598.81 >= p75 14356.00
M0007,C000006,Dormant,recency 89 >= 45
M0007,C000160,"Dormant,High Value,Loyal",recency 106 >= 45; total_spend 26396.01 >= p75 14356.00; frequency 7 >= 5
M0007,C000467,Dormant,recency 108 >= 45
M0007,C000076,"Dormant,High Value,Loyal",recency 45 >= 45; total_spend 37703.93 >= p75 14356.00; frequency 10 >= 5
M0007,C000435,Dormant,recency 184 >= 45
M0007,C000128,"Dormant,High Value,Loyal",recency 106 >= 45; total_spend 35138.52 >= p75 14356.00; frequency 7 >= 5
M0007,C000836,"High Value,Loyal",total_spend 22213.11 >= p75 14356.00; frequency 5 >= 5
M0007,C000187,"Dormant,High Value,Loyal",recency 216 >= 45; total_spend 26607.00 >= p75 14356.00; frequency 5 >= 5
M0007,C000145,"Dormant,High Value,Loyal",recency 105 >= 45; total_spend 20802.68 >= p75 14356.00; frequency 5 >= 5
M0007,C000040,"High Value,Loyal",total_spend 24066.00 >= p75 14356.00; frequency 5 >= 5
M0007,C000185,"Dormant,High Value",recency 217 >= 45; total_spend 16583.00 >= p75 14356.00
M0007,C000717,"High Value,Loyal",total_spend 59997.49 >= p75 14356.00; frequency 15 >= 5
M0007,C000458,Dormant,recency 110 >= 45
M0007,C000011,"High Value,Loyal",total_spend 74763.34 >= p75 14356.00; frequency 15 >= 5
M0007,C000682,Dormant,recency 176 >= 45
M0007,C000699,"Dormant,High Value",recency 152 >= 45; total_spend 20300.00 >= p75 14356.00
M0007,C000096,Regular,no rule matched
M0007,C000765,Dormant,recency 218 >= 45
M0007,C000790,Dormant,recency 169 >= 45
M0007,C000678,Dormant,recency 190 >= 45
M0007,C000767,Dormant,recency 168 >= 45
M0007,C000932,"Dormant,One-time",recency 257 >= 45; frequency == 1
M0007,C000035,Dormant,recency 67 >= 45
M0007,C000821,"Dormant,High Value,Loyal",recency 132 >= 45; total_spend 16902.79 >= p75 14356.00; frequency 5 >= 5
M0007,C000781,"Dormant,High Value,Loyal",recency 67 >= 45; total_spend 20435.32 >= p75 14356.00; frequency 5 >= 5
M0007,C000796,"Dormant,High Value",recency 77 >= 45; total_spend 14836.72 >= p75 14356.00
M0007,C000425,Dormant,recency 130 >= 45
M0007,C000469,Dormant,recency 56 >= 45
M0007,C000164,"Dormant,High Value,Loyal",recency 102 >= 45; total_spend 32033.45 >= p75 14356.00; frequency 8 >= 5
M0007,C000449,"Dormant,One-time",recency 254 >= 45; frequency == 1
M0007,C000455,Dormant,recency 46 >= 45
M0007,C000198,"Dormant,High Value",recency 153 >= 45; total_spend 17890.00 >= p75 14356.00
M0007,C000788,"Dormant,High Value",recency 98 >= 45; total_spend 14798.28 >= p75 14356.00
M0007,C000764,"Dormant,One-time",recency 252 >= 45; frequency == 1
M0007,C000925,"Dormant,High Value",recency 106 >= 45; total_spend 15160.00 >= p75 14356.00
M0007,C000175,Dormant,recency 157 >= 45
M0007,C000809,Dormant,recency 200 >= 45
M0007,C000713,Dormant,recency 152 >= 45
M0007,C000150,"Dormant,High Value,Loyal",recency 112 >= 45; total_spend 55168.53 >= p75 14356.00; frequency 11 >= 5
M0007,C000810,"Dormant,One-time",recency 249 >= 45; frequency == 1
M0007,C000113,Dormant,recency 160 >= 45
M0007,C000728,"High Value,Loyal",total_spend 30096.24 >= p75 14356.00; frequency 6 >= 5
M0007,C000114,"Dormant,One-time",recency 248 >= 45; frequency == 1
M0007,C000005,Dormant,recency 114 >= 45
M0007,C000794,"Dormant,High Value",recency 102 >= 45; total_spend 17342.47 >= p75 14356.00
M0007,C000170,"Dormant,One-time",recency 246 >= 45; frequency == 1
M0007,C000098,"High Value,Loyal",total_spend 20681.91 >= p75 14356.00; frequency 6 >= 5
M0007,C000833,"High Value,Loyal",total_spend 25639.41 >= p75 14356.00; frequency 6 >= 5
M0007,C000065,"High Value,Loyal",total_spend 42786.76 >= p75 14356.00; frequency 11 >= 5
M0007,C000766,Dormant,recency 228 >= 45
M0007,C000858,"High Value,Loyal",total_spend 31676.32 >= p75 14356.00; frequency 7 >= 5
M0007,C000813,Dormant,recency 207 >= 45
M0007,C000119,Dormant,recency 142 >= 45
M0007,C000752,"High Value,Loyal",total_spend 20767.12 >= p75 14356.00; frequency 6 >= 5
M0007,C000694,"Dormant,One-time",recency 241 >= 45; frequency == 1
M0007,C000054,Regular,no rule matched
M0007,C000195,Dormant,recency 144 >= 45
M0007,C000117,"Dormant,One-time",recency 241 >= 45; frequency == 1
M0007,C000049,"High Value,Loyal",total_spend 29230.92 >= p75 14356.00; frequency 7 >= 5
M0007,C000174,"Dormant,One-time",recency 241 >= 45; frequency == 1
M0007,C000123,Dormant,recency 195 >= 45
M0007,C000674,"Dormant,One-time",recency 240 >= 45; frequency == 1
M0007,C000941,Dormant,recency 114 >= 45
M0007,C000486,Dormant,recency 105 >= 45
M0007,C000773,"Dormant,High Value",recency 159 >= 45; total_spend 15225.48 >= p75 14356.00
M0007,C000784,"Dormant,One-time",recency 238 >= 45; frequency == 1
M0007,C000179,"Dormant,One-time",recency 238 >= 45; frequency == 1
M0007,C000083,"Dormant,One-time",recency 238 >= 45; frequency == 1
M0007,C000472,"Dormant,One-time",recency 237 >= 45; frequency == 1
M0007,C000127,Dormant,recency 109 >= 45
M0007,C000789,Dormant,recency 113 >= 45
M0007,C000070,Dormant,recency 75 >= 45
M0007,C000023,Loyal,frequency 5 >= 5
M0007,C000188,Dormant,recency 138 >= 45
M0007,C000931,Dormant,recency 103 >= 45
M0007,C000798,"Dormant,High Value,Loyal",recency 69 >= 45; total_spend 20598.24 >= p75 14356.00; frequency 6 >= 5
M0007,C000894,Regular,no rule matched
M0007,C000109,"Dormant,One-time",recency 232 >= 45; frequency == 1
M0007,C000135,"Dormant,One-time",recency 231 >= 45; frequency == 1
M0007,C000822,Dormant,recency 229 >= 45
M0007,C000157,Dormant,recency 106 >= 45
M0007,C000676,"High Value,Loyal",total_spend 29772.74 >= p75 14356.00; frequency 8 >= 5
M0007,C000878,"High Value,Loyal",total_spend 44037.61 >= p75 14356.00; frequency 9 >= 5
M0007,C000148,"Dormant,One-time",recency 229 >= 45; frequency == 1
M0007,C000028,Dormant,recency 108 >= 45
M0007,C000172,"Dormant,High Value",recency 175 >= 45; total_spend 18224.53 >= p75 14356.00
M0007,C000122,Dormant,recency 160 >= 45
M0007,C000162,Dormant,recency 164 >= 45
M0007,C000061,"Dormant,High Value",recency 105 >= 45; total_spend 16455.81 >= p75 14356.00
M0007,C000132,"Dormant,One-time",recency 225 >= 45; frequency == 1
M0007,C000684,"High Value,Loyal",total_spend 22488.68 >= p75 14356.00; frequency 7 >= 5
M0007,C000476,"Dormant,One-time",recency 223 >= 45; frequency == 1
M0007,C000143,"Dormant,High Value,Loyal",recency 113 >= 45; total_spend 29181.08 >= p75 14356.00; frequency 6 >= 5
M0007,C000791,Dormant,recency 113 >= 45
M0007,C000817,Dormant,recency 196 >= 45
M0007,C000736,Dormant,recency 182 >= 45
M0007,C000477,Dormant,recency 128 >= 45
M0007,C000835,"High Value,Loyal",total_spend 28411.13 >= p75 14356.00; frequency 7 >= 5
M0007,C000473,Regular,no rule matched
M0007,C000043,"High Value,Loyal",total_spend 31389.13 >= p75 14356.00; frequency 6 >= 5
M0007,C000775,Dormant,recency 105 >= 45
M0007,C000483,Dormant,recency 170 >= 45
M0007,C000126,"Dormant,One-time",recency 217 >= 45; frequency == 1
M0007,C000721,"Dormant,High Value,Loyal",recency 46 >= 45; total_spend 35362.65 >= p75 14356.00; frequency 7 >= 5
M0007,C000801,Dormant,recency 105 >= 45
M0007,C000192,"Dormant,One-time",recency 213 >= 45; frequency == 1
M0007,C000153,"Dormant,One-time",recency 213 >= 45; frequency == 1
M0007,C000167,Dormant,recency 130 >= 45
M0007,C000047,"High Value,Loyal",total_spend 15526.76 >= p75 14356.00; frequency 5 >= 5
M0007,C000880,"Dormant,One-time",recency 207 >= 45; frequency == 1
M0007,C000770,"Dormant,One-time",recency 207 >= 45; frequency == 1
M0007,C000849,"High Value,Loyal",total_spend 24739.00 >= p75 14356.00; frequency 5 >= 5
M0007,C000774,Dormant,recency 197 >= 45
M0007,C000827,Dormant,recency 191 >= 45
M0007,C000700,"High Value,Loyal",total_spend 32743.41 >= p75 14356.00; frequency 9 >= 5
M0007,C000837,Dormant,recency 107 >= 45
M0007,C000194,"Dormant,One-time",recency 202 >= 45; frequency == 1
M0007,C000197,Dormant,recency 129 >= 45
M0007,C000706,"Dormant,One-time",recency 200 >= 45; frequency == 1
M0007,C000594,Dormant,recency 101 >= 45
M0007,C000723,"High Value,Loyal",total_spend 32874.15 >= p75 14356.00; frequency 6 >= 5
M0007,C000591,Regular,no rule matched
M0007,C000107,Dormant,recency 113 >= 45
M0007,C000897,"Dormant,High Value",recency 53 >= 45; total_spend 16914.79 >= p75 14356.00
M0007,C000439,"Dormant,One-time",recency 197 >= 45; frequency == 1
M0007,C000881,High Value,total_spend 20351.00 >= p75 14356.00
M0007,C000182,"Dormant,High Value",recency 147 >= 45; total_spend 14613.00 >= p75 14356.00
M0007,C000782,"Dormant,One-time",recency 194 >= 45; frequency == 1
M0007,C000297,"Dormant,One-time",recency 192 >= 45; frequency == 1
M0007,C000686,"Dormant,One-time",recency 186 >= 45; frequency == 1
M0007,C000447,"Dormant,One-time",recency 185 >= 45; frequency == 1
M0007,C000129,Dormant,recency 113 >= 45
M0007,C000139,Dormant,recency 113 >= 45
M0007,C000002,"Dormant,One-time",recency 183 >= 45; frequency == 1
M0007,C000072,Regular,no rule matched
M0007,C000567,Dormant,recency 107 >= 45
M0007,C000169,Dormant,recency 173 >= 45
M0007,C000884,"High Value,Loyal",total_spend 18029.12 >= p75 14356.00; frequency 5 >= 5
M0007,C000872,High Value,total_spend 14421.55 >= p75 14356.00
M0007,C000337,"Dormant,One-time",recency 173 >= 45; frequency == 1
M0007,C000173,Dormant,recency 106 >= 45
M0007,C000456,"Dormant,One-time",recency 172 >= 45; frequency == 1
M0007,C000491,Regular,no rule matched
M0007,C000064,"Dormant,High Value",recency 80 >= 45; total_spend 14396.40 >= p75 14356.00
M0007,C000161,Dormant,recency 114 >= 45
M0007,C000062,"Dormant,One-time",recency 164 >= 45; frequency == 1
M0007,C000036,"Dormant,One-time",recency 162 >= 45; frequency == 1
M0007,C000017,Regular,no rule matched
M0007,C000738,"Dormant,High Value",recency 57 >= 45; total_spend 14356.00 >= p75 14356.00
M0007,C000071,Dormant,recency 130 >= 45
M0007,C000551,"Dormant,One-time",recency 161 >= 45; frequency == 1
M0007,C000052,"High Value,Loyal",total_spend 32170.26 >= p75 14356.00; frequency 6 >= 5
M0007,C000051,"Dormant,One-time",recency 156 >= 45; frequency == 1
M0007,C000085,Dormant,recency 71 >= 45
M0007,C000159,"Dormant,High Value",recency 113 >= 45; total_spend 16664.00 >= p75 14356.00
M0007,C000580,"Dormant,High Value",recency 103 >= 45; total_spend 15077.79 >= p75 14356.00
M0007,C000057,"Dormant,One-time",recency 150 >= 45; frequency == 1
M0007,C000093,High Value,total_spend 18872.18 >= p75 14356.00
M0007,C000102,Dormant,recency 139 >= 45
M0007,C000879,Regular,no rule matched
M0007,C000557,Dormant,recency 110 >= 45
M0007,C000015,"Dormant,One-time",recency 144 >= 45; frequency == 1
M0007,C000077,Regular,no rule matched
M0007,C000652,"Dormant,One-time",recency 141 >= 45; frequency == 1
M0007,C000014,"Dormant,One-time",recency 141 >= 45; frequency == 1
M0007,C000531,Dormant,recency 106 >= 45
M0007,C000882,Dormant,recency 53 >= 45
M0007,C000178,"Dormant,One-time",recency 140 >= 45; frequency == 1
M0007,C000502,"Dormant,One-time",recency 136 >= 45; frequency == 1
M0007,C000893,"High Value,Loyal",total_spend 19252.73 >= p75 14356.00; frequency 5 >= 5
M0007,C000608,"Dormant,One-time",recency 131 >= 45; frequency == 1
M0007,C000193,"Dormant,One-time",recency 128 >= 45; frequency == 1
M0007,C000452,Regular,no rule matched
M0007,C000099,Regular,no rule matched
M0007,C000783,"Dormant,One-time",recency 125 >= 45; frequency == 1
M0007,C000890,Regular,no rule matched
M0007,C000466,Regular,no rule matched
M0007,C000165,"Dormant,One-time",recency 119 >= 45; frequency == 1
M0007,C000603,"Dormant,One-time",recency 118 >= 45; frequency == 1
M0007,C000030,"Dormant,One-time",recency 117 >= 45; frequency == 1
M0007,C000199,"Dormant,One-time",recency 115 >= 45; frequency == 1
M0007,C000864,"Dormant,One-time",recency 115 >= 45; frequency == 1
M0007,C000008,High Value,total_spend 16142.35 >= p75 14356.00
M0007,C000453,"Dormant,One-time",recency 113 >= 45; frequency == 1
M0007,C000009,"High Value,Loyal",total_spend 14988.00 >= p75 14356.00; frequency 5 >= 5
M0007,C000436,Dormant,recency 64 >= 45
M0007,C000027,Regular,no rule matched
M0007,C000012,Dormant,recency 51 >= 45
M0007,C000860,Regular,no rule matched
M0007,C000421,Regular,no rule matched
M0007,C000871,Regular,no rule matched
M0007,C000856,"Dormant,One-time",recency 104 >= 45; frequency == 1
M0007,C000428,"Dormant,One-time",recency 104 >= 45; frequency == 1
M0007,C000867,"Dormant,One-time",recency 104 >= 45; frequency == 1
M0007,C000820,"Dormant,One-time",recency 96 >= 45; frequency == 1
M0007,C000852,Regular,no rule matched
M0007,C000862,Regular,no rule matched
M0007,C000754,"Dormant,One-time",recency 93 >= 45; frequency == 1
M0007,C000848,"Dormant,One-time",recency 93 >= 45; frequency == 1
M0007,C000369,"Dormant,One-time",recency 92 >= 45; frequency == 1
M0007,C000218,Regular,no rule matched
M0007,C000092,"Dormant,One-time",recency 85 >= 45; frequency == 1
M0007,C000895,"Dormant,One-time",recency 85 >= 45; frequency == 1
M0007,C000543,"Dormant,One-time",recency 79 >= 45; frequency == 1
M0007,C000423,"Dormant,One-time",recency 79 >= 45; frequency == 1
M0007,C000875,High Value,total_spend 20562.00 >= p75 14356.00
M0007,C000427,"Dormant,One-time",recency 77 >= 45; frequency == 1
M0007,C000079,"Dormant,One-time",recency 77 >= 45; frequency == 1
M0007,C000295,"Dormant,One-time",recency 76 >= 45; frequency == 1
M0007,C000514,"Dormant,One-time",recency 75 >= 45; frequency == 1
M0007,C000492,"Dormant,One-time",recency 75 >= 45; frequency == 1
M0007,C000440,"Dormant,One-time",recency 75 >= 45; frequency == 1
M0007,C000470,"Dormant,One-time",recency 74 >= 45; frequency == 1
M0007,C000661,"Dormant,One-time",recency 74 >= 45; frequency == 1
M0007,C000363,"Dormant,One-time",recency 72 >= 45; frequency == 1
M0007,C000759,Regular,no rule matched
M0007,C000533,"Dormant,One-time",recency 71 >= 45; frequency == 1
M0007,C000362,"Dormant,One-time",recency 65 >= 45; frequency == 1
M0007,C000055,Dormant,recency 51 >= 45
M0007,C000863,"Dormant,One-time",recency 62 >= 45; frequency == 1
M0007,C000204,"Dormant,One-time",recency 58 >= 45; frequency == 1
M0007,C000490,Dormant,recency 51 >= 45
M0007,C000832,"Dormant,One-time",recency 55 >= 45; frequency == 1
M0007,C000034,"Dormant,One-time",recency 54 >= 45; frequency == 1
M0007,C000845,High Value,total_spend 14485.14 >= p75 14356.00
M0007,C000368,"Dormant,One-time",recency 50 >= 45; frequency == 1
M0007,C000566,"Dormant,One-time",recency 49 >= 45; frequency == 1
M0007,C000886,"Dormant,One-time",recency 49 >= 45; frequency == 1
M0007,C000889,"Dormant,One-time",recency 48 >= 45; frequency == 1
M0007,C000840,"Dormant,One-time",recency 48 >= 45; frequency == 1
M0007,C000741,Regular,no rule matched
M0007,C000598,"Dormant,One-time",recency 46 >= 45; frequency == 1
M0007,C000876,Regular,no rule matched
M0007,C000068,One-time,frequency == 1
M0007,C000605,One-time,frequency == 1
M0007,C000463,Regular,no rule matched
M0007,C000213,One-time,frequency == 1
M0007,C000561,One-time,frequency == 1
M0007,C000424,One-time,frequency == 1
M0007,C000257,One-time,frequency == 1
M0007,C000687,One-time,frequency == 1
M0007,C000031,One-time,frequency == 1
M0007,C000461,One-time,frequency == 1
M0007,C000575,One-time,frequency == 1
M0007,C000651,One-time,frequency == 1
M0007,C000841,One-time,frequency == 1
M0007,C000521,One-time,frequency == 1
M0007,C000668,One-time,frequency == 1
M0007,C000464,One-time,frequency == 1
M0007,C000271,One-time,frequency == 1
M0007,C000042,One-time,frequency == 1
M0007,C000215,One-time,frequency == 1
M0007,C000495,One-time,frequency == 1
M0007,C000020,One-time,frequency == 1
M0007,C000404,One-time,frequency == 1
M0007,C000961,One-time,frequency == 1
M0007,C000564,One-time,frequency == 1
M0007,C000021,One-time,frequency == 1
M0007,C000648,One-time,frequency == 1
M0007,C000429,Regular,no rule matched
M0007,C000631,One-time,frequency == 1
M0007,C000689,One-time,frequency == 1
M0007,C000403,One-time,frequency == 1
M0007,C000690,One-time,frequency == 1
M0007,C000707,One-time,frequency == 1
M0007,C000004,One-time,frequency == 1
M0007,C000274,One-time,frequency == 1
M0007,C000277,One-time,frequency == 1
M0007,C000224,One-time,frequency == 1
M0007,C000044,One-time,frequency == 1
M0007,C000693,One-time,frequency == 1
M0008,C000732,"Dormant,One-time",recency 275 >= 45; frequency == 1
M0008,C000131,Dormant,recency 207 >= 45
M0008,C000792,"Dormant,One-time",recency 275 >= 45; frequency == 1
M0008,C000823,"Dormant,High Value",recency 183 >= 45; total_spend 82868.39 >= p75 59057.00
M0008,C000910,"Dormant,High Value",recency 69 >= 45; total_spend 71261.43 >= p75 59057.00
M0008,C000786,"Dormant,High Value",recency 134 >= 45; total_spend 96952.26 >= p75 59057.00
M0008,C000779,"Dormant,One-time",recency 273 >= 45; frequency == 1
M0008,C000188,"Dormant,High Value,Loyal",recency 158 >= 45; total_spend 98131.42 >= p75 59057.00; frequency 5 >= 5
M0008,C000004,"High Value,Loyal",total_spend 98629.94 >= p75 59057.00; frequency 7 >= 5
M0008,C000720,"Dormant,High Value,Loyal",recency 85 >= 45; total_spend 99708.78 >= p75 59057.00; frequency 6 >= 5
M0008,C000018,High Value,total_spend 93808.97 >= p75 59057.00
M0008,C000033,"High Value,Loyal",total_spend 82839.80 >= p75 59057.00; frequency 6 >= 5
M0008,C000007,"High Value,Loyal",total_spend 133635.36 >= p75 59057.00; frequency 6 >= 5
M0008,C000456,Dormant,recency 68 >= 45
M0008,C000082,"High Value,Loyal",total_spend 148637.49 >= p75 59057.00; frequency 7 >= 5
M0008,C000800,Dormant,recency 233 >= 45
M0008,C000771,"Dormant,High Value,Loyal",recency 111 >= 45; total_spend 108484.42 >= p75 59057.00; frequency 5 >= 5
M0008,C000805,Dormant,recency 239 >= 45
M0008,C000153,Dormant,recency 178 >= 45
M0008,C000438,Dormant,recency 103 >= 45
M0008,C000763,"Dormant,High Value",recency 236 >= 45; total_spend 61727.00 >= p75 59057.00
M0008,C000466,Dormant,recency 118 >= 45
M0008,C000814,"Dormant,High Value",recency 71 >= 45; total_spend 121971.00 >= p75 59057.00
M0008,C000795,"Dormant,High Value,Loyal",recency 151 >= 45; total_spend 161576.60 >= p75 59057.00; frequency 6 >= 5
M0008,C000681,"Dormant,High Value,Loyal",recency 45 >= 45; total_spend 82271.41 >= p75 59057.00; frequency 5 >= 5
M0008,C000881,"High Value,Loyal",total_spend 149533.63 >= p75 59057.00; frequency 6 >= 5
M0008,C000435,Dormant,recency 117 >= 45
M0008,C000127,"Dormant,High Value",recency 159 >= 45; total_spend 65792.00 >= p75 59057.00
M0008,C000155,"Dormant,High Value",recency 69 >= 45; total_spend 60419.71 >= p75 59057.00
M0008,C000811,"Dormant,High Value,Loyal",recency 97 >= 45; total_spend 146120.00 >= p75 59057.00; frequency 6 >= 5
M0008,C000700,"Dormant,One-time",recency 268 >= 45; frequency == 1
M0008,C000744,"High Value,Loyal",total_spend 237835.92 >= p75 59057.00; frequency 9 >= 5
M0008,C000780,"Dormant,High Value,Loyal",recency 97 >= 45; total_spend 103768.55 >= p75 59057.00; frequency 5 >= 5
M0008,C000095,"Dormant,One-time",recency 267 >= 45; frequency == 1
M0008,C000136,"Dormant,High Value,Loyal",recency 147 >= 45; total_spend 127457.88 >= p75 59057.00; frequency 8 >= 5
M0008,C000761,"Dormant,One-time",recency 265 >= 45; frequency == 1
M0008,C000012,"Dormant,High Value",recency 47 >= 45; total_spend 64318.00 >= p75 59057.00
M0008,C000152,"Dormant,One-time",recency 265 >= 45; frequency == 1
M0008,C000812,"Dormant,High Value,Loyal",recency 124 >= 45; total_spend 185666.71 >= p75 59057.00; frequency 8 >= 5
M0008,C000759,Dormant,recency 61 >= 45
M0008,C000774,"Dormant,High Value",recency 156 >= 45; total_spend 66315.44 >= p75 59057.00
M0008,C000489,"Dormant,One-time",recency 264 >= 45; frequency == 1
M0008,C000021,Dormant,recency 69 >= 45
M0008,C000094,"Dormant,One-time",recency 264 >= 45; frequency == 1
M0008,C000836,Regular,no rule matched
M0008,C000070,"Dormant,High Value",recency 142 >= 45; total_spend 98740.00 >= p75 59057.00
M0008,C000037,"Dormant,High Value",recency 192 >= 45; total_spend 111718.46 >= p75 59057.00
M0008,C000769,"Dormant,High Value",recency 70 >= 45; total_spend 80176.93 >= p75 59057.00
M0008,C000151,Dormant,recency 174 >= 45
M0008,C000752,Dormant,recency 69 >= 45
M0008,C000444,"Dormant,One-time",recency 261 >= 45; frequency == 1
M0008,C000745,"Dormant,High Value",recency 62 >= 45; total_spend 60985.00 >= p75 59057.00
M0008,C000464,Regular,no rule matched
M0008,C000431,Regular,no rule matched
M0008,C000819,"Dormant,High Value",recency 85 >= 45; total_spend 77181.00 >= p75 59057.00
M0008,C000044,Regular,no rule matched
M0008,C000118,Dormant,recency 214 >= 45
M0008,C000120,Dormant,recency 197 >= 45
M0008,C000165,"Dormant,High Value,Loyal",recency 133 >= 45; total_spend 114252.62 >= p75 59057.00; frequency 5 >= 5
M0008,C000746,"Dormant,One-time",recency 256 >= 45; frequency == 1
M0008,C000766,"Dormant,One-time",recency 255 >= 45; frequency == 1
M0008,C000110,Dormant,recency 203 >= 45
M0008,C000793,"Dormant,One-time",recency 253 >= 45; frequency == 1
M0008,C000705,Dormant,recency 70 >= 45
M0008,C000788,"Dormant,High Value",recency 160 >= 45; total_spend 70068.22 >= p75 59057.00
M0008,C000098,"Dormant,High Value,Loyal",recency 117 >= 45; total_spend 105867.33 >= p75 59057.00; frequency 5 >= 5
M0008,C000807,"Dormant,One-time",recency 251 >= 45; frequency == 1
M0008,C000030,Dormant,recency 83 >= 45
M0008,C000138,"Dormant,One-time",recency 250 >= 45; frequency == 1
M0008,C000163,"Dormant,One-time",recency 250 >= 45; frequency == 1
M0008,C000822,"Dormant,High Value",recency 84 >= 45; total_spend 87789.00 >= p75 59057.00
M0008,C000487,Regular,no rule matched
M0008,C000167,Dormant,recency 210 >= 45
M0008,C000166,"Dormant,High Value",recency 65 >= 45; total_spend 88396.93 >= p75 59057.00
M0008,C000134,"Dormant,One-time",recency 248 >= 45; frequency == 1
M0008,C000820,Dormant,recency 232 >= 45
M0008,C000715,Dormant,recency 141 >= 45
M0008,C000467,"Dormant,One-time",recency 247 >= 45; frequency == 1
M0008,C000790,"Dormant,High Value",recency 72 >= 45; total_spend 93367.95 >= p75 59057.00
M0008,C000741,"Dormant,One-time",recency 246 >= 45; frequency == 1
M0008,C000198,"Dormant,High Value",recency 239 >= 45; total_spend 62566.78 >= p75 59057.00
M0008,C000143,"Dormant,High Value,Loyal",recency 69 >= 45; total_spend 101435.89 >= p75 59057.00; frequency 6 >= 5
M0008,C000772,Dormant,recency 207 >= 45
M0008,C000099,Dormant,recency 235 >= 45
M0008,C000034,Dormant,recency 164 >= 45
M0008,C000904,"Dormant,One-time",recency 242 >= 45; frequency == 1
M0008,C000049,Dormant,recency 159 >= 45
M0008,C000775,Dormant,recency 225 >= 45
M0008,C000673,Regular,no rule matched
M0008,C000815,"Dormant,High Value,Loyal",recency 192 >= 45; total_spend 110494.15 >= p75 59057.00; frequency 5 >= 5
M0008,C000899,Dormant,recency 171 >= 45
M0008,C000491,Regular,no rule matched
M0008,C000905,"Dormant,One-time",recency 238 >= 45; frequency == 1
M0008,C000495,Dormant,recency 54 >= 45
M0008,C000722,Dormant,recency 177 >= 45
M0008,C000842,"Dormant,High Value",recency 88 >= 45; total_spend 85345.86 >= p75 59057.00
M0008,C000129,"Dormant,High Value",recency 71 >= 45; total_spend 71141.01 >= p75 59057.00
M0008,C000142,"Dormant,High Value",recency 114 >= 45; total_spend 73230.00 >= p75 59057.00
M0008,C000158,Dormant,recency 176 >= 45
M0008,C000029,"High Value,Loyal",total_spend 129037.00 >= p75 59057.00; frequency 5 >= 5
M0008,C000199,"Dormant,High Value",recency 138 >= 45; total_spend 76214.07 >= p75 59057.00
M0008,C000059,"Dormant,One-time",recency 235 >= 45; frequency == 1
M0008,C000783,Dormant,recency 191 >= 45
M0008,C000797,"Dormant,One-time",recency 234 >= 45; frequency == 1
M0008,C000857,Regular,no rule matched
M0008,C000105,"Dormant,One-time",recency 234 >= 45; frequency == 1
M0008,C000430,"Dormant,One-time",recency 233 >= 45; frequency == 1
M0008,C000026,Dormant,recency 94 >= 45
M0008,C000791,"Dormant,One-time",recency 232 >= 45; frequency == 1
M0008,C000114,Dormant,recency 132 >= 45
M0008,C000047,"Dormant,High Value",recency 69 >= 45; total_spend 61198.96 >= p75 59057.00
M0008,C000830,"Dormant,High Value",recency 113 >= 45; total_spend 86909.35 >= p75 59057.00
M0008,C000171,Dormant,recency 62 >= 45
M0008,C000175,"Dormant,One-time",recency 229 >= 45; frequency == 1
M0008,C000146,Dormant,recency 137 >= 45
M0008,C000687,"Dormant,One-time",recency 227 >= 45; frequency == 1
M0008,C000873,High Value,total_spend 66752.00 >= p75 59057.00
M0008,C000802,"Dormant,One-time",recency 225 >= 45; frequency == 1
M0008,C000781,"Dormant,One-time",recency 225 >= 45; frequency == 1
M0008,C000173,Dormant,recency 67 >= 45
M0008,C000698,"High Value,Loyal",total_spend 108630.73 >= p75 59057.00; frequency 5 >= 5
M0008,C000754,Dormant,recency 70 >= 45
M0008,C000723,"Dormant,High Value",recency 169 >= 45; total_spend 59057.00 >= p75 59057.00
M0008,C000116,"Dormant,High Value",recency 62 >= 45; total_spend 73221.28 >= p75 59057.00
M0008,C000691,"Dormant,High Value",recency 158 >= 45; total_spend 69273.32 >= p75 59057.00
M0008,C000488,Dormant,recency 68 >= 45
M0008,C000690,"Dormant,One-time",recency 216 >= 45; frequency == 1
M0008,C000874,Dormant,recency 112 >= 45
M0008,C000736,Dormant,recency 60 >= 45
M0008,C000824,Dormant,recency 179 >= 45
M0008,C000089,High Value,total_spend 72503.13 >= p75 59057.00
M0008,C000590,Dormant,recency 66 >= 45
M0008,C000074,"High Value,Loyal",total_spend 114432.24 >= p75 59057.00; frequency 7 >= 5
M0008,C000756,"Dormant,High Value",recency 191 >= 45; total_spend 77594.93 >= p75 59057.00
M0008,C000887,High Value,total_spend 80009.99 >= p75 59057.00
M0008,C000749,Regular,no rule matched
M0008,C000844,"Dormant,High Value",recency 45 >= 45; total_spend 84284.66 >= p75 59057.00
M0008,C000571,Regular,no rule matched
M0008,C000053,"Dormant,High Value",recency 70 >= 45; total_spend 81810.25 >= p75 59057.00
M0008,C000706,Dormant,recency 49 >= 45
M0008,C000473,Regular,no rule matched
M0008,C000682,High Value,total_spend 82172.00 >= p75 59057.00
M0008,C000725,"Dormant,High Value",recency 135 >= 45; total_spend 105733.56 >= p75 59057.00
M0008,C000071,High Value,total_spend 83946.00 >= p75 59057.00
M0008,C000191,"Dormant,One-time",recency 205 >= 45; frequency == 1
M0008,C000735,Dormant,recency 83 >= 45
M0008,C000035,Dormant,recency 158 >= 45
M0008,C000926,"Dormant,One-time",recency 204 >= 45; frequency == 1
M0008,C000112,Dormant,recency 183 >= 45
M0008,C000140,Dormant,recency 125 >= 45
M0008,C000447,"Dormant,One-time",recency 199 >= 45; frequency == 1
M0008,C000757,"Dormant,One-time",recency 199 >= 45; frequency == 1
M0008,C000005,Dormant,recency 64 >= 45
M0008,C000103,"Dormant,One-time",recency 196 >= 45; frequency == 1
M0008,C000767,"Dormant,One-time",recency 195 >= 45; frequency == 1
M0008,C000009,Dormant,recency 65 >= 45
M0008,C000693,Dormant,recency 76 >= 45
M0008,C000024,Dormant,recency 167 >= 45
M0008,C000479,Regular,no rule matched
M0008,C000130,"Dormant,High Value",recency 65 >= 45; total_spend 64366.78 >= p75 59057.00
M0008,C000083,"Dormant,One-time",recency 187 >= 45; frequency == 1
M0008,C000147,Dormant,recency 135 >= 45
M0008,C000176,"Dormant,One-time",recency 186 >= 45; frequency == 1
M0008,C000601,Dormant,recency 60 >= 45
M0008,C000174,Dormant,recency 163 >= 45
M0008,C000890,"Dormant,One-time",recency 185 >= 45; frequency == 1
M0008,C000891,Dormant,recency 69 >= 45
M0008,C000187,"Dormant,One-time",recency 180 >= 45; frequency == 1
M0008,C000587,Dormant,recency 70 >= 45
M0008,C000561,Dormant,recency 151 >= 45
M0008,C000182,"Dormant,One-time",recency 179 >= 45; frequency == 1
M0008,C000054,High Value,total_spend 81134.00 >= p75 59057.00
M0008,C000500,"Dormant,One-time",recency 177 >= 45; frequency == 1
M0008,C000015,Regular,no rule matched
M0008,C000688,Dormant,recency 45 >= 45
M0008,C000096,Dormant,recency 78 >= 45
M0008,C000179,"Dormant,One-time",recency 171 >= 45; frequency == 1
M0008,C000337,"Dormant,One-time",recency 170 >= 45; frequency == 1
M0008,C000306,"Dormant,One-time",recency 167 >= 45; frequency == 1
M0008,C000123,High Value,total_spend 63348.99 >= p75 59057.00
M0008,C000170,"Dormant,One-time",recency 166 >= 45; frequency == 1
M0008,C000703,Dormant,recency 68 >= 45
M0008,C000713,Dormant,recency 109 >= 45
M0008,C000104,"Dormant,One-time",recency 162 >= 45; frequency == 1
M0008,C000476,Regular,no rule matched
M0008,C000886,Dormant,recency 99 >= 45
M0008,C000148,"Dormant,One-time",recency 160 >= 45; frequency == 1
M0008,C000845,"Dormant,High Value",recency 126 >= 45; total_spend 94671.95 >= p75 59057.00
M0008,C000827,"Dormant,One-time",recency 152 >= 45; frequency == 1
M0008,C000765,Dormant,recency 121 >= 45
M0008,C000734,"Dormant,High Value",recency 132 >= 45; total_spend 70710.57 >= p75 59057.00
M0008,C000149,"Dormant,One-time",recency 151 >= 45; frequency == 1
M0008,C000608,"Dormant,One-time",recency 150 >= 45; frequency == 1
M0008,C000156,Dormant,recency 95 >= 45
M0008,C000829,"Dormant,One-time",recency 149 >= 45; frequency == 1
M0008,C000066,"Dormant,One-time",recency 148 >= 45; frequency == 1
M0008,C000055,Regular,no rule matched
M0008,C000429,Regular,no rule matched
M0008,C000445,Regular,no rule matched
M0008,C000678,"Dormant,One-time",recency 142 >= 45; frequency == 1
M0008,C000701,"Dormant,One-time",recency 140 >= 45; frequency == 1
M0008,C000837,High Value,total_spend 65923.24 >= p75 59057.00
M0008,C000294,"Dormant,One-time",recency 139 >= 45; frequency == 1
M0008,C000032,"Dormant,High Value",recency 46 >= 45; total_spend 91011.01 >= p75 59057.00
M0008,C000101,"Dormant,One-time",recency 136 >= 45; frequency == 1
M0008,C000478,"Dormant,One-time",recency 135 >= 45; frequency == 1
M0008,C000080,Dormant,recency 73 >= 45
M0008,C000008,"Dormant,One-time",recency 128 >= 45; frequency == 1
M0008,C000132,"Dormant,One-time",recency 125 >= 45; frequency == 1
M0008,C000676,"Dormant,One-time",recency 124 >= 45; frequency == 1
M0008,C000831,Regular,no rule matched
M0008,C000838,Dormant,recency 84 >= 45
M0008,C000453,"Dormant,One-time",recency 121 >= 45; frequency == 1
M0008,C000711,"Dormant,One-time",recency 120 >= 45; frequency == 1
M0008,C000840,"Dormant,High Value",recency 69 >= 45; total_spend 67056.00 >= p75 59057.00
M0008,C000816,"Dormant,One-time",recency 118 >= 45; frequency == 1
M0008,C000726,Dormant,recency 58 >= 45
M0008,C000499,"Dormant,One-time",recency 113 >= 45; frequency == 1
M0008,C000010,Dormant,recency 68 >= 45
M0008,C000423,High Value,total_spend 81212.79 >= p75 59057.00
M0008,C000492,"Dormant,One-time",recency 109 >= 45; frequency == 1
M0008,C000425,"Dormant,One-time",recency 108 >= 45; frequency == 1
M0008,C000068,High Value,total_spend 103166.00 >= p75 59057.00
M0008,C000063,"Dormant,One-time",recency 102 >= 45; frequency == 1
M0008,C000760,High Value,total_spend 86791.32 >= p75 59057.00
M0008,C000888,"Dormant,One-time",recency 102 >= 45; frequency == 1
M0008,C000016,"Dormant,One-time",recency 100 >= 45; frequency == 1
M0008,C000868,"Dormant,One-time",recency 100 >= 45; frequency == 1
M0008,C000091,"Dormant,One-time",recency 97 >= 45; frequency == 1
M0008,C000222,"Dormant,One-time",recency 93 >= 45; frequency == 1
M0008,C000894,"Dormant,One-time",recency 90 >= 45; frequency == 1
M0008,C000835,"Dormant,One-time",recency 89 >= 45; frequency == 1
M0008,C000685,"Dormant,One-time",recency 88 >= 45; frequency == 1
M0008,C000399,"Dormant,One-time",recency 86 >= 45; frequency == 1
M0008,C000497,"Dormant,One-time",recency 85 >= 45; frequency == 1
M0008,C000498,Regular,no rule matched
M0008,C000855,Dormant,recency 53 >= 45
M0008,C000038,"Dormant,One-time",recency 80 >= 45; frequency == 1
M0008,C000100,High Value,total_spend 91874.42 >= p75 59057.00
M0008,C000392,"Dormant,One-time",recency 76 >= 45; frequency == 1
M0008,C000045,"Dormant,One-time",recency 74 >= 45; frequency == 1
M0008,C000883,High Value,total_spend 134545.85 >= p75 59057.00
M0008,C000776,"Dormant,High Value",recency 64 >= 45; total_spend 67480.00 >= p75 59057.00
M0008,C000327,"Dormant,One-time",recency 71 >= 45; frequency == 1
M0008,C000216,"Dormant,One-time",recency 71 >= 45; frequency == 1
M0008,C000684,"Dormant,One-time",recency 66 >= 45; frequency == 1
M0008,C000274,Regular,no rule matched
M0008,C000850,"Dormant,One-time",recency 63 >= 45; frequency == 1
M0008,C000076,"Dormant,One-time",recency 62 >= 45; frequency == 1
M0008,C000876,Regular,no rule matched
M0008,C000056,"Dormant,One-time",recency 55 >= 45; frequency == 1
M0008,C000419,"Dormant,One-time",recency 55 >= 45; frequency == 1
M0008,C000707,"Dormant,One-time",recency 49 >= 45; frequency == 1
M0008,C000843,"Dormant,One-time",recency 49 >= 45; frequency == 1
M0008,C000493,"Dormant,One-time",recency 45 >= 45; frequency == 1
M0008,C000562,"Dormant,One-time",recency 45 >= 45; frequency == 1
M0008,C000265,Regular,no rule matched
M0008,C000454,One-time,frequency == 1
M0008,C000892,One-time,frequency == 1
M0008,C000385,One-time,frequency == 1
M0008,C000225,One-time,frequency == 1
M0008,C000869,One-time,frequency == 1
M0008,C000870,One-time,frequency == 1
M0008,C000281,One-time,frequency == 1
M0008,C000963,One-time,frequency == 1
M0008,C000028,Regular,no rule matched
M0008,C000530,One-time,frequency == 1
M0008,C000971,One-time,frequency == 1
M0008,C000575,One-time,frequency == 1
M0008,C000061,One-time,frequency == 1
M0008,C000583,Regular,no rule matched
M0008,C000611,One-time,frequency == 1
M0008,C000885,One-time,frequency == 1
M0008,C000618,One-time,frequency == 1
M0008,C000878,One-time,frequency == 1
M0008,C000014,One-time,frequency == 1
M0008,C000750,One-time,frequency == 1
M0008,C000662,One-time,frequency == 1
M0008,C000242,One-time,frequency == 1
M0008,C000560,One-time,frequency == 1
M0008,C000270,One-time,frequency == 1
M0008,C000062,One-time,frequency == 1
M0008,C000647,One-time,frequency == 1
M0008,C000442,One-time,frequency == 1
M0008,C000418,One-time,frequency == 1
M0008,C000638,One-time,frequency == 1
M0008,C000624,One-time,frequency == 1
M0008,C000630,One-time,frequency == 1
M0008,C000672,One-time,frequency == 1
M0008,C000865,One-time,frequency == 1
M0008,C000853,One-time,frequency == 1
M0008,C000202,One-time,frequency == 1
M0008,C000251,One-time,frequency == 1
M0008,C000210,One-time,frequency == 1
M0008,C000443,One-time,frequency == 1
M0009,C000807,"Dormant,One-time",recency 274 >= 45; frequency == 1
M0009,C000135,Dormant,recency 125 >= 45
M0009,C000699,High Value,total_spend 19184.00 >= p75 11199.00
M0009,C000114,"Dormant,High Value,Loyal",recency 58 >= 45; total_spend 28396.61 >= p75 11199.00; frequency 7 >= 5
M0009,C000797,"Dormant,High Value,Loyal",recency 168 >= 45; total_spend 18874.00 >= p75 11199.00; frequency 5 >= 5
M0009,C000049,"High Value,Loyal",total_spend 27717.40 >= p75 11199.00; frequency 9 >= 5
M0009,C000079,Dormant,recency 156 >= 45
M0009,C000786,"Dormant,High Value,Loyal",recency 143 >= 45; total_spend 21856.00 >= p75 11199.00; frequency 6 >= 5
M0009,C000038,"High Value,Loyal",total_spend 18632.49 >= p75 11199.00; frequency 5 >= 5
M0009,C000747,"Dormant,One-time",recency 272 >= 45; frequency == 1
M0009,C000831,"High Value,Loyal",total_spend 31468.16 >= p75 11199.00; frequency 9 >= 5
M0009,C000738,"High Value,Loyal",total_spend 20686.09 >= p75 11199.00; frequency 6 >= 5
M0009,C000932,"Dormant,One-time",recency 271 >= 45; frequency == 1
M0009,C000056,Regular,no rule matched
M0009,C000792,"Dormant,High Value,Loyal",recency 128 >= 45; total_spend 22145.00 >= p75 11199.00; frequency 5 >= 5
M0009,C000907,Dormant,recency 195 >= 45
M0009,C000107,"Dormant,High Value",recency 177 >= 45; total_spend 11199.00 >= p75 11199.00
M0009,C000930,Dormant,recency 236 >= 45
M0009,C000153,Dormant,recency 140 >= 45
M0009,C000826,"High Value,Loyal",total_spend 17220.74 >= p75 11199.00; frequency 5 >= 5
M0009,C000789,Dormant,recency 178 >= 45
M0009,C000940,"Dormant,One-time",recency 267 >= 45; frequency == 1
M0009,C000478,Dormant,recency 173 >= 45
M0009,C000195,"Dormant,High Value,Loyal",recency 50 >= 45; total_spend 27400.72 >= p75 11199.00; frequency 8 >= 5
M0009,C000089,Dormant,recency 113 >= 45
M0009,C000777,Dormant,recency 247 >= 45
M0009,C000167,Dormant,recency 131 >= 45
M0009,C000087,Dormant,recency 233 >= 45
M0009,C000468,Regular,no rule matched
M0009,C000723,"Dormant,One-time",recency 265 >= 45; frequency == 1
M0009,C000119,"Dormant,High Value,Loyal",recency 210 >= 45; total_spend 17068.00 >= p75 11199.00; frequency 5 >= 5
M0009,C000111,Dormant,recency 158 >= 45
M0009,C000771,"Dormant,High Value,Loyal",recency 117 >= 45; total_spend 21100.93 >= p75 11199.00; frequency 8 >= 5
M0009,C000815,"Dormant,High Value",recency 186 >= 45; total_spend 16183.54 >= p75 11199.00
M0009,C000698,Dormant,recency 54 >= 45
M0009,C000833,"Dormant,High Value",recency 62 >= 45; total_spend 15273.66 >= p75 11199.00
M0009,C000053,Regular,no rule matched
M0009,C000693,"Dormant,High Value",recency 52 >= 45; total_spend 15145.92 >= p75 11199.00
M0009,C000928,Dormant,recency 256 >= 45
M0009,C000473,"Dormant,One-time",recency 263 >= 45; frequency == 1
M0009,C000497,Regular,no rule matched
M0009,C000784,"Dormant,High Value",recency 171 >= 45; total_spend 13808.10 >= p75 11199.00
M0009,C000148,"Dormant,High Value",recency 206 >= 45; total_spend 14694.47 >= p75 11199.00
M0009,C000175,Dormant,recency 221 >= 45
M0009,C000800,Dormant,recency 189 >= 45
M0009,C000120,Dormant,recency 209 >= 45
M0009,C000783,"Dormant,High Value,Loyal",recency 127 >= 45; total_spend 18412.69 >= p75 11199.00; frequency 6 >= 5
M0009,C000054,"Dormant,High Value,Loyal",recency 147 >= 45; total_spend 16725.00 >= p75 11199.00; frequency 5 >= 5
M0009,C000772,"Dormant,High Value,Loyal",recency 183 >= 45; total_spend 22550.65 >= p75 11199.00; frequency 6 >= 5
M0009,C000717,"Dormant,One-time",recency 260 >= 45; frequency == 1
M0009,C000166,"Dormant,High Value,Loyal",recency 197 >= 45; total_spend 15120.00 >= p75 11199.00; frequency 5 >= 5
M0009,C000761,"Dormant,High Value",recency 192 >= 45; total_spend 12400.76 >= p75 11199.00
M0009,C000876,Dormant,recency 47 >= 45
M0009,C000678,Regular,no rule matched
M0009,C000758,Dormant,recency 137 >= 45
M0009,C000846,"High Value,Loyal",total_spend 27911.06 >= p75 11199.00; frequency 5 >= 5
M0009,C000122,"Dormant,High Value,Loyal",recency 169 >= 45; total_spend 36783.92 >= p75 11199.00; frequency 9 >= 5
M0009,C000100,"Dormant,High Value",recency 47 >= 45; total_spend 11771.00 >= p75 11199.00
M0009,C000184,"Dormant,High Value",recency 162 >= 45; total_spend 21272.00 >= p75 11199.00
M0009,C000137,"Dormant,One-time",recency 258 >= 45; frequency == 1
M0009,C000094,"High Value,Loyal",total_spend 18682.18 >= p75 11199.00; frequency 5 >= 5
M0009,C000794,"Dormant,High Value,Loyal",recency 114 >= 45; total_spend 20912.62 >= p75 11199.00; frequency 5 >= 5
M0009,C000760,"High Value,Loyal",total_spend 16221.22 >= p75 11199.00; frequency 5 >= 5
M0009,C000188,"Dormant,High Value,Loyal",recency 154 >= 45; total_spend 32913.02 >= p75 11199.00; frequency 6 >= 5
M0009,C000151,"Dormant,High Value",recency 162 >= 45; total_spend 14205.00 >= p75 11199.00
M0009,C000176,"Dormant,High Value,Loyal",recency 154 >= 45; total_spend 16293.00 >= p75 11199.00; frequency 5 >= 5
M0009,C000435,Dormant,recency 59 >= 45
M0009,C000778,"Dormant,One-time",recency 255 >= 45; frequency == 1
M0009,C000931,Dormant,recency 133 >= 45
M0009,C000869,"Dormant,High Value",recency 50 >= 45; total_spend 15150.00 >= p75 11199.00
M0009,C000075,"Dormant,High Value,Loyal",recency 65 >= 45; total_spend 17578.81 >= p75 11199.00; frequency 5 >= 5
M0009,C000671,Dormant,recency 50 >= 45
M0009,C000823,"Dormant,One-time",recency 251 >= 45; frequency == 1
M0009,C000017,"Dormant,High Value,Loyal",recency 110 >= 45; total_spend 18698.27 >= p75 11199.00; frequency 5 >= 5
M0009,C000074,"Dormant,One-time",recency 251 >= 45; frequency == 1
M0009,C000912,Dormant,recency 235 >= 45
M0009,C000703,"Dormant,One-time",recency 250 >= 45; frequency == 1
M0009,C000155,"Dormant,High Value",recency 136 >= 45; total_spend 11980.06 >= p75 11199.00
M0009,C000449,Dormant,recency 114 >= 45
M0009,C000854,Regular,no rule matched
M0009,C000461,Dormant,recency 132 >= 45
M0009,C000782,Dormant,recency 163 >= 45
M0009,C000026,"Dormant,High Value",recency 67 >= 45; total_spend 15999.82 >= p75 11199.00
M0009,C000828,Dormant,recency 236 >= 45
M0009,C000813,Dormant,recency 135 >= 45
M0009,C000753,Dormant,recency 212 >= 45
M0009,C000787,Dormant,recency 129 >= 45
M0009,C000442,"Dormant,One-time",recency 244 >= 45; frequency == 1
M0009,C000030,"Dormant,High Value",recency 50 >= 45; total_spend 13373.26 >= p75 11199.00
M0009,C000713,Dormant,recency 133 >= 45
M0009,C000013,"Dormant,One-time",recency 243 >= 45; frequency == 1
M0009,C000868,"Dormant,One-time",recency 243 >= 45; frequency == 1
M0009,C000105,"Dormant,High Value,Loyal",recency 146 >= 45; total_spend 21873.30 >= p75 11199.00; frequency 5 >= 5
M0009,C000160,"Dormant,One-time",recency 241 >= 45; frequency == 1
M0009,C000012,High Value,total_spend 13005.73 >= p75 11199.00
M0009,C000035,"Dormant,High Value,Loyal",recency 48 >= 45; total_spend 17068.18 >= p75 11199.00; frequency 6 >= 5
M0009,C000061,"Dormant,High Value",recency 96 >= 45; total_spend 12407.00 >= p75 11199.00
M0009,C000078,Dormant,recency 140 >= 45
M0009,C000819,"High Value,Loyal",total_spend 26134.36 >= p75 11199.00; frequency 7 >= 5
M0009,C000179,"Dormant,Loyal",recency 126 >= 45; frequency 5 >= 5
M0009,C000802,"Dormant,One-time",recency 238 >= 45; frequency == 1
M0009,C000687,"High Value,Loyal",total_spend 19532.00 >= p75 11199.00; frequency 6 >= 5
M0009,C000767,Dormant,recency 175 >= 45
M0009,C000197,"Dormant,One-time",recency 236 >= 45; frequency == 1
M0009,C000043,High Value,total_spend 15224.29 >= p75 11199.00
M0009,C000943,Dormant,recency 136 >= 45
M0009,C000736,Dormant,recency 129 >= 45
M0009,C000022,"High Value,Loyal",total_spend 14997.75 >= p75 11199.00; frequency 5 >= 5
M0009,C000423,Dormant,recency 131 >= 45
M0009,C000820,Dormant,recency 158 >= 45
M0009,C000023,"Dormant,One-time",recency 234 >= 45; frequency == 1
M0009,C000057,"Dormant,High Value",recency 79 >= 45; total_spend 11810.00 >= p75 11199.00
M0009,C000081,Dormant,recency 75 >= 45
M0009,C000180,Dormant,recency 201 >= 45
M0009,C000009,Regular,no rule matched
M0009,C000425,Regular,no rule matched
M0009,C000945,"Dormant,One-time",recency 231 >= 45; frequency == 1
M0009,C000129,"Dormant,One-time",recency 230 >= 45; frequency == 1
M0009,C000066,"High Value,Loyal",total_spend 22831.09 >= p75 11199.00; frequency 6 >= 5
M0009,C000822,"Dormant,High Value,Loyal",recency 112 >= 45; total_spend 19296.93 >= p75 11199.00; frequency 7 >= 5
M0009,C000064,Dormant,recency 164 >= 45
M0009,C000070,"Dormant,High Value",recency 102 >= 45; total_spend 15829.61 >= p75 11199.00
M0009,C000765,"Dormant,High Value",recency 191 >= 45; total_spend 12110.00 >= p75 11199.00
M0009,C000463,Dormant,recency 136 >= 45
M0009,C000670,High Value,total_spend 11388.69 >= p75 11199.00
M0009,C000106,"Dormant,One-time",recency 226 >= 45; frequency == 1
M0009,C000067,"High Value,Loyal",total_spend 23215.77 >= p75 11199.00; frequency 8 >= 5
M0009,C000193,Dormant,recency 202 >= 45
M0009,C000708,High Value,total_spend 16382.53 >= p75 11199.00
M0009,C000740,High Value,total_spend 14898.00 >= p75 11199.00
M0009,C000801,"Dormant,One-time",recency 224 >= 45; frequency == 1
M0009,C000015,"Dormant,One-time",recency 224 >= 45; frequency == 1
M0009,C000003,"Dormant,High Value",recency 185 >= 45; total_spend 14303.11 >= p75 11199.00
M0009,C000132,Dormant,recency 96 >= 45
M0009,C000925,"Dormant,One-time",recency 223 >= 45; frequency == 1
M0009,C000825,Dormant,recency 115 >= 45
M0009,C000741,Dormant,recency 192 >= 45
M0009,C000058,Regular,no rule matched
M0009,C000700,"Dormant,One-time",recency 220 >= 45; frequency == 1
M0009,C000139,"Dormant,One-time",recency 220 >= 45; frequency == 1
M0009,C000762,Dormant,recency 164 >= 45
M0009,C000948,"Dormant,One-time",recency 217 >= 45; frequency == 1
M0009,C000805,"Dormant,High Value",recency 115 >= 45; total_spend 19531.68 >= p75 11199.00
M0009,C000016,"Dormant,One-time",recency 216 >= 45; frequency == 1
M0009,C000103,"Dormant,One-time",recency 214 >= 45; frequency == 1
M0009,C000186,Dormant,recency 128 >= 45
M0009,C000706,Regular,no rule matched
M0009,C000041,Dormant,recency 162 >= 45
M0009,C000746,"Dormant,One-time",recency 208 >= 45; frequency == 1
M0009,C000185,"Dormant,High Value",recency 169 >= 45; total_spend 13483.89 >= p75 11199.00
M0009,C000875,Regular,no rule matched
M0009,C000445,Regular,no rule matched
M0009,C000898,High Value,total_spend 11858.00 >= p75 11199.00
M0009,C000101,"Dormant,One-time",recency 204 >= 45; frequency == 1
M0009,C000173,Dormant,recency 128 >= 45
M0009,C000436,Dormant,recency 47 >= 45
M0009,C000006,Dormant,recency 99 >= 45
M0009,C000198,"Dormant,One-time",recency 203 >= 45; frequency == 1
M0009,C000028,Regular,no rule matched
M0009,C000691,"Dormant,One-time",recency 202 >= 45; frequency == 1
M0009,C000744,"High Value,Loyal",total_spend 18637.00 >= p75 11199.00; frequency 5 >= 5
M0009,C000163,Dormant,recency 199 >= 45
M0009,C000817,Dormant,recency 76 >= 45
M0009,C000116,"Dormant,High Value",recency 156 >= 45; total_spend 15759.62 >= p75 11199.00
M0009,C000864,Regular,no rule matched
M0009,C000806,Dormant,recency 135 >= 45
M0009,C000916,"Dormant,One-time",recency 199 >= 45; frequency == 1
M0009,C000130,Dormant,recency 191 >= 45
M0009,C000093,Dormant,recency 136 >= 45
M0009,C000628,Dormant,recency 191 >= 45
M0009,C000192,"Dormant,One-time",recency 194 >= 45; frequency == 1
M0009,C000456,"High Value,Loyal",total_spend 18211.03 >= p75 11199.00; frequency 5 >= 5
M0009,C000010,"Dormant,One-time",recency 191 >= 45; frequency == 1
M0009,C000487,"Dormant,High Value",recency 54 >= 45; total_spend 12719.88 >= p75 11199.00
M0009,C000032,Dormant,recency 155 >= 45
M0009,C000681,High Value,total_spend 20412.02 >= p75 11199.00
M0009,C000722,Dormant,recency 54 >= 45
M0009,C000036,High Value,total_spend 12267.00 >= p75 11199.00
M0009,C000450,Regular,no rule matched
M0009,C000002,Dormant,recency 125 >= 45
M0009,C000085,"Dormant,One-time",recency 187 >= 45; frequency == 1
M0009,C000495,Regular,no rule matched
M0009,C000098,"Dormant,One-time",recency 186 >= 45; frequency == 1
M0009,C000887,High Value,total_spend 12481.85 >= p75 11199.00
M0009,C000471,"Dormant,One-time",recency 185 >= 45; frequency == 1
M0009,C000150,"Dormant,One-time",recency 185 >= 45; frequency == 1
M0009,C000071,"Dormant,High Value,Loyal",recency 124 >= 45; total_spend 23413.25 >= p75 11199.00; frequency 6 >= 5
M0009,C000572,"Dormant,One-time",recency 182 >= 45; frequency == 1
M0009,C000068,High Value,total_spend 16266.00 >= p75 11199.00
M0009,C000773,"Dormant,One-time",recency 181 >= 45; frequency == 1
M0009,C000866,Regular,no rule matched
M0009,C000156,"Dormant,One-time",recency 179 >= 45; frequency == 1
M0009,C000350,"Dormant,One-time",recency 178 >= 45; frequency == 1
M0009,C000021,"Dormant,One-time",recency 178 >= 45; frequency == 1
M0009,C000084,Dormant,recency 49 >= 45
M0009,C000125,Dormant,recency 133 >= 45
M0009,C000044,"Dormant,High Value",recency 101 >= 45; total_spend 11853.38 >= p75 11199.00
M0009,C000090,"Dormant,One-time",recency 176 >= 45; frequency == 1
M0009,C000799,"Dormant,One-time",recency 176 >= 45; frequency == 1
M0009,C000117,"Dormant,One-time",recency 176 >= 45; frequency == 1
M0009,C000194,"Dormant,One-time",recency 175 >= 45; frequency == 1
M0009,C000126,"Dormant,One-time",recency 173 >= 45; frequency == 1
M0009,C000732,"Dormant,High Value",recency 57 >= 45; total_spend 13416.27 >= p75 11199.00
M0009,C000138,"Dormant,One-time",recency 172 >= 45; frequency == 1
M0009,C000168,Dormant,recency 160 >= 45
M0009,C000182,Dormant,recency 153 >= 45
M0009,C000095,"Dormant,One-time",recency 169 >= 45; frequency == 1
M0009,C000199,Dormant,recency 132 >= 45
M0009,C000492,"Dormant,One-time",recency 166 >= 45; frequency == 1
M0009,C000494,Dormant,recency 130 >= 45
M0009,C000842,"Dormant,One-time",recency 164 >= 45; frequency == 1
M0009,C000850,Dormant,recency 62 >= 45
M0009,C000848,Loyal,frequency 5 >= 5
M0009,C000483,Dormant,recency 115 >= 45
M0009,C000709,Regular,no rule matched
M0009,C000429,"Dormant,One-time",recency 161 >= 45; frequency == 1
M0009,C000840,"High Value,Loyal",total_spend 14833.06 >= p75 11199.00; frequency 5 >= 5
M0009,C000020,Dormant,recency 68 >= 45
M0009,C000145,"Dormant,One-time",recency 158 >= 45; frequency == 1
M0009,C000774,"Dormant,One-time",recency 158 >= 45; frequency == 1
M0009,C000154,"Dormant,One-time",recency 156 >= 45; frequency == 1
M0009,C000781,Dormant,recency 96 >= 45
M0009,C000861,"Dormant,One-time",recency 153 >= 45; frequency == 1
M0009,C000593,"Dormant,One-time",recency 152 >= 45; frequency == 1
M0009,C000841,Regular,no rule matched
M0009,C000004,"Dormant,One-time",recency 150 >= 45; frequency == 1
M0009,C000890,"High Value,Loyal",total_spend 23147.65 >= p75 11199.00; frequency 5 >= 5
M0009,C000847,"High Value,Loyal",total_spend 25690.19 >= p75 11199.00; frequency 7 >= 5
M0009,C000893,"Dormant,One-time",recency 145 >= 45; frequency == 1
M0009,C000172,"Dormant,One-time",recency 144 >= 45; frequency == 1
M0009,C000827,Dormant,recency 86 >= 45
M0009,C000316,"Dormant,One-time",recency 141 >= 45; frequency == 1
M0009,C000112,"Dormant,One-time",recency 141 >= 45; frequency == 1
M0009,C000851,Dormant,recency 84 >= 45
M0009,C000475,"Dormant,One-time",recency 138 >= 45; frequency == 1
M0009,C000500,"Dormant,One-time",recency 135 >= 45; frequency == 1
M0009,C000499,"Dormant,One-time",recency 133 >= 45; frequency == 1
M0009,C000051,"Dormant,One-time",recency 132 >= 45; frequency == 1
M0009,C000073,"Dormant,One-time",recency 132 >= 45; frequency == 1
M0009,C000881,Regular,no rule matched
M0009,C000718,"Dormant,One-time",recency 124 >= 45; frequency == 1
M0009,C000883,High Value,total_spend 18011.00 >= p75 11199.00
M0009,C000684,Dormant,recency 71 >= 45
M0009,C000438,"Dormant,One-time",recency 121 >= 45; frequency == 1
M0009,C000683,"Dormant,One-time",recency 119 >= 45; frequency == 1
M0009,C000867,"High Value,Loyal",total_spend 32881.59 >= p75 11199.00; frequency 8 >= 5
M0009,C000348,"Dormant,One-time",recency 117 >= 45; frequency == 1
M0009,C000315,"Dormant,One-time",recency 117 >= 45; frequency == 1
M0009,C000682,"Dormant,One-time",recency 114 >= 45; frequency == 1
M0009,C000018,"Dormant,One-time",recency 112 >= 45; frequency == 1
M0009,C000462,Regular,no rule matched
M0009,C000715,Regular,no rule matched
M0009,C000136,"Dormant,One-time",recency 107 >= 45; frequency == 1
M0009,C000042,"Dormant,One-time",recency 107 >= 45; frequency == 1
M0009,C000834,Dormant,recency 77 >= 45
M0009,C000377,"Dormant,One-time",recency 106 >= 45; frequency == 1
M0009,C000424,"Dormant,One-time",recency 105 >= 45; frequency == 1
M0009,C000811,"Dormant,One-time",recency 105 >= 45; frequency == 1
M0009,C000832,"High Value,Loyal",total_spend 20883.80 >= p75 11199.00; frequency 5 >= 5
M0009,C000733,High Value,total_spend 12162.31 >= p75 11199.00
M0009,C000668,"Dormant,One-time",recency 104 >= 45; frequency == 1
M0009,C000039,Dormant,recency 93 >= 45
M0009,C000411,"Dormant,One-time",recency 98 >= 45; frequency == 1
M0009,C000748,Dormant,recency 60 >= 45
M0009,C000689,"Dormant,One-time",recency 95 >= 45; frequency == 1
M0009,C000889,High Value,total_spend 17618.16 >= p75 11199.00
M0009,C000339,Dormant,recency 65 >= 45
M0009,C000884,Regular,no rule matched
M0009,C000731,"Dormant,One-time",recency 89 >= 45; frequency == 1
M0009,C000443,Regular,no rule matched
M0009,C000201,Dormant,recency 69 >= 45
M0009,C000873,Dormant,recency 62 >= 45
M0009,C000853,"Dormant,One-time",recency 84 >= 45; frequency == 1
M0009,C000855,Regular,no rule matched
M0009,C000358,"Dormant,One-time",recency 80 >= 45; frequency == 1
M0009,C000327,"Dormant,One-time",recency 80 >= 45; frequency == 1
M0009,C000895,Regular,no rule matched
M0009,C000859,Regular,no rule matched
M0009,C000274,"Dormant,One-time",recency 73 >= 45; frequency == 1
M0009,C000860,"Dormant,One-time",recency 73 >= 45; frequency == 1
M0009,C000408,"Dormant,One-time",recency 72 >= 45; frequency == 1
M0009,C000269,"Dormant,One-time",recency 71 >= 45; frequency == 1
M0009,C000672,"Dormant,One-time",recency 65 >= 45; frequency == 1
M0009,C000646,Dormant,recency 60 >= 45
M0009,C000390,"Dormant,One-time",recency 60 >= 45; frequency == 1
M0009,C000221,High Value,total_spend 14180.00 >= p75 11199.00
M0009,C000465,"Dormant,One-time",recency 59 >= 45; frequency == 1
M0009,C000432,"Dormant,One-time",recency 59 >= 45; frequency == 1
M0009,C000379,"Dormant,One-time",recency 58 >= 45; frequency == 1
M0009,C000264,Regular,no rule matched
M0009,C000880,"Dormant,One-time",recency 57 >= 45; frequency == 1
M0009,C000281,Regular,no rule matched
M0009,C000580,Regular,no rule matched
M0009,C000062,"Dormant,One-time",recency 52 >= 45; frequency == 1
M0009,C000226,"Dormant,One-time",recency 51 >= 45; frequency == 1
M0009,C000256,"Dormant,One-time",recency 49 >= 45; frequency == 1
M0009,C000897,"Dormant,One-time",recency 47 >= 45; frequency == 1
M0009,C000213,High Value,total_spend 12279.43 >= p75 11199.00
M0009,C000206,"Dormant,One-time",recency 47 >= 45; frequency == 1
M0009,C000209,One-time,frequency == 1
M0009,C000857,One-time,frequency == 1
M0009,C000837,One-time,frequency == 1
M0009,C000752,One-time,frequency == 1
M0009,C000501,One-time,frequency == 1
M0009,C000963,Regular,no rule matched
M0009,C000244,One-time,frequency == 1
M0009,C000578,One-time,frequency == 1
M0009,C000610,One-time,frequency == 1
M0009,C000871,Regular,no rule matched
M0009,C000725,One-time,frequency == 1
M0009,C000664,One-time,frequency == 1
M0009,C000634,One-time,frequency == 1
M0009,C000957,One-time,frequency == 1
M0009,C000835,One-time,frequency == 1
M0009,C000972,One-time,frequency == 1
M0009,C000621,One-time,frequency == 1
M0009,C000362,One-time,frequency == 1
M0009,C000222,One-time,frequency == 1
M0009,C000447,One-time,frequency == 1
M0009,C000558,One-time,frequency == 1
M0009,C000969,One-time,frequency == 1
M0009,C000569,One-time,frequency == 1
M0009,C000005,One-time,frequency == 1
M0009,C000259,One-time,frequency == 1
M0009,C000231,One-time,frequency == 1
M0009,C000283,One-time,frequency == 1
M0009,C000470,One-time,frequency == 1
M0009,C000204,One-time,frequency == 1
M0010,C000094,"High Value,Loyal",total_spend 12259.87 >= p75 4106.26; frequency 9 >= 5
M0010,C000016,Dormant,recency 125 >= 45
M0010,C000039,"High Value,Loyal",total_spend 12037.46 >= p75 4106.26; frequency 11 >= 5
M0010,C000787,"Dormant,One-time",recency 275 >= 45; frequency == 1
M0010,C000063,"Dormant,High Value,Loyal",recency 86 >= 45; total_spend 8455.61 >= p75 4106.26; frequency 6 >= 5
M0010,C000171,"Dormant,High Value,Loyal",recency 165 >= 45; total_spend 4900.76 >= p75 4106.26; frequency 6 >= 5
M0010,C000429,Dormant,recency 263 >= 45
M0010,C000446,"High Value,Loyal",total_spend 4411.39 >= p75 4106.26; frequency 6 >= 5
M0010,C000771,"Dormant,High Value",recency 195 >= 45; total_spend 5422.00 >= p75 4106.26
M0010,C000778,"Dormant,High Value,Loyal",recency 177 >= 45; total_spend 6280.54 >= p75 4106.26; frequency 5 >= 5
M0010,C000161,"Dormant,One-time",recency 273 >= 45; frequency == 1
M0010,C000176,Dormant,recency 127 >= 45
M0010,C000805,Dormant,recency 240 >= 45
M0010,C000765,"Dormant,High Value,Loyal",recency 128 >= 45; total_spend 8738.98 >= p75 4106.26; frequency 6 >= 5
M0010,C000813,"Dormant,High Value,Loyal",recency 64 >= 45; total_spend 15460.26 >= p75 4106.26; frequency 13 >= 5
M0010,C000110,"Dormant,High Value,Loyal",recency 160 >= 45; total_spend 11128.33 >= p75 4106.26; frequency 8 >= 5
M0010,C000198,Dormant,recency 230 >= 45
M0010,C000785,"Dormant,High Value,Loyal",recency 84 >= 45; total_spend 21700.86 >= p75 4106.26; frequency 15 >= 5
M0010,C000042,"High Value,Loyal",total_spend 8570.96 >= p75 4106.26; frequency 7 >= 5
M0010,C000013,"High Value,Loyal",total_spend 10319.25 >= p75 4106.26; frequency 8 >= 5
M0010,C000770,"Dormant,One-time",recency 271 >= 45; frequency == 1
M0010,C000075,Regular,no rule matched
M0010,C000010,Dormant,recency 213 >= 45
M0010,C000188,"High Value,Loyal",total_spend 7705.86 >= p75 4106.26; frequency 6 >= 5
M0010,C000002,"Dormant,One-time",recency 269 >= 45; frequency == 1
M0010,C000798,Dormant,recency 244 >= 45
M0010,C000133,Dormant,recency 198 >= 45
M0010,C000129,"Dormant,High Value,Loyal",recency 134 >= 45; total_spend 7111.04 >= p75 4106.26; frequency 6 >= 5
M0010,C000492,Regular,no rule matched
M0010,C000819,Dormant,recency 177 >= 45
M0010,C000091,High Value,total_spend 5933.00 >= p75 4106.26
M0010,C000174,"Dormant,High Value,Loyal",recency 124 >= 45; total_spend 5567.83 >= p75 4106.26; frequency 5 >= 5
M0010,C000779,"Dormant,High Value,Loyal",recency 89 >= 45; total_spend 6777.40 >= p75 4106.26; frequency 7 >= 5
M0010,C000159,Dormant,recency 120 >= 45
M0010,C000041,Dormant,recency 98 >= 45
M0010,C000085,Regular,no rule matched
M0010,C000135,Dormant,recency 217 >= 45
M0010,C000423,Dormant,recency 68 >= 45
M0010,C000782,"Dormant,High Value,Loyal",recency 184 >= 45; total_spend 6272.00 >= p75 4106.26; frequency 5 >= 5
M0010,C000894,Regular,no rule matched
M0010,C000458,"High Value,Loyal",total_spend 8391.91 >= p75 4106.26; frequency 12 >= 5
M0010,C000768,Dormant,recency 142 >= 45
M0010,C000053,"High Value,Loyal",total_spend 14177.33 >= p75 4106.26; frequency 11 >= 5
M0010,C000781,"Dormant,One-time",recency 261 >= 45; frequency == 1
M0010,C000725,Dormant,recency 61 >= 45
M0010,C000792,"Dormant,High Value",recency 127 >= 45; total_spend 5922.75 >= p75 4106.26
M0010,C000807,"Dormant,High Value,Loyal",recency 185 >= 45; total_spend 8427.02 >= p75 4106.26; frequency 8 >= 5
M0010,C000795,Dormant,recency 209 >= 45
M0010,C000167,Dormant,recency 206 >= 45
M0010,C000440,Dormant,recency 220 >= 45
M0010,C000168,Dormant,recency 235 >= 45
M0010,C000808,"Dormant,High Value",recency 106 >= 45; total_spend 4544.85 >= p75 4106.26
M0010,C000111,Dormant,recency 128 >= 45
M0010,C000767,"Dormant,High Value,Loyal",recency 124 >= 45; total_spend 12102.30 >= p75 4106.26; frequency 8 >= 5
M0010,C000173,"Dormant,High Value,Loyal",recency 147 >= 45; total_spend 6088.58 >= p75 4106.26; frequency 5 >= 5
M0010,C000769,Dormant,recency 177 >= 45
M0010,C000450,Dormant,recency 122 >= 45
M0010,C000018,"High Value,Loyal",total_spend 5008.00 >= p75 4106.26; frequency 5 >= 5
M0010,C000079,Dormant,recency 117 >= 45
M0010,C000132,Dormant,recency 172 >= 45
M0010,C000072,"High Value,Loyal",total_spend 15515.91 >= p75 4106.26; frequency 10 >= 5
M0010,C000149,"Dormant,High Value,Loyal",recency 136 >= 45; total_spend 9168.95 >= p75 4106.26; frequency 8 >= 5
M0010,C000883,Regular,no rule matched
M0010,C000451,"Dormant,High Value,Loyal",recency 109 >= 45; total_spend 4146.65 >= p75 4106.26; frequency 5 >= 5
M0010,C000035,"Dormant,High Value",recency 102 >= 45; total_spend 4366.00 >= p75 4106.26
M0010,C000914,Dormant,recency 119 >= 45
M0010,C000932,Dormant,recency 219 >= 45
M0010,C000750,"High Value,Loyal",total_spend 6825.17 >= p75 4106.26; frequency 6 >= 5
M0010,C000730,"High Value,Loyal",total_spend 5585.37 >= p75 4106.26; frequency 5 >= 5
M0010,C000098,"Dormant,One-time",recency 250 >= 45; frequency == 1
M0010,C000024,"Dormant,One-time",recency 250 >= 45; frequency == 1
M0010,C000774,Dormant,recency 217 >= 45
M0010,C000184,"Dormant,High Value,Loyal",recency 171 >= 45; total_spend 7732.03 >= p75 4106.26; frequency 6 >= 5
M0010,C000889,Dormant,recency 54 >= 45
M0010,C000146,"Dormant,High Value,Loyal",recency 141 >= 45; total_spend 8656.64 >= p75 4106.26; frequency 5 >= 5
M0010,C000034,"High Value,Loyal",total_spend 15223.49 >= p75 4106.26; frequency 14 >= 5
M0010,C000160,Dormant,recency 242 >= 45
M0010,C000482,"Dormant,Loyal",recency 56 >= 45; frequency 5 >= 5
M0010,C000815,Dormant,recency 92 >= 45
M0010,C000137,"Dormant,High Value,Loyal",recency 131 >= 45; total_spend 5388.41 >= p75 4106.26; frequency 5 >= 5
M0010,C000138,Dormant,recency 175 >= 45
M0010,C000716,Dormant,recency 186 >= 45
M0010,C000786,"Dormant,One-time",recency 245 >= 45; frequency == 1
M0010,C000811,"Dormant,High Value,Loyal",recency 138 >= 45; total_spend 10055.61 >= p75 4106.26; frequency 9 >= 5
M0010,C000943,"Dormant,One-time",recency 244 >= 45; frequency == 1
M0010,C000109,Dormant,recency 129 >= 45
M0010,C000017,"Dormant,High Value",recency 195 >= 45; total_spend 4726.00 >= p75 4106.26
M0010,C000853,"Dormant,One-time",recency 241 >= 45; frequency == 1
M0010,C000183,"Dormant,High Value,Loyal",recency 130 >= 45; total_spend 6111.09 >= p75 4106.26; frequency 5 >= 5
M0010,C000164,Dormant,recency 165 >= 45
M0010,C000735,"Dormant,One-time",recency 238 >= 45; frequency == 1
M0010,C000438,Dormant,recency 181 >= 45
M0010,C000028,High Value,total_spend 4294.48 >= p75 4106.26
M0010,C000459,Dormant,recency 83 >= 45
M0010,C000104,Dormant,recency 141 >= 45
M0010,C000907,Dormant,recency 217 >= 45
M0010,C000775,Dormant,recency 118 >= 45
M0010,C000023,"Dormant,High Value,Loyal",recency 134 >= 45; total_spend 6039.00 >= p75 4106.26; frequency 5 >= 5
M0010,C000773,Dormant,recency 221 >= 45
M0010,C000038,"High Value,Loyal",total_spend 7840.01 >= p75 4106.26; frequency 7 >= 5
M0010,C000185,"Dormant,High Value",recency 134 >= 45; total_spend 4361.75 >= p75 4106.26
M0010,C000863,"High Value,Loyal",total_spend 5400.37 >= p75 4106.26; frequency 5 >= 5
M0010,C000488,"High Value,Loyal",total_spend 6171.61 >= p75 4106.26; frequency 9 >= 5
M0010,C000799,Dormant,recency 167 >= 45
M0010,C000425,Dormant,recency 120 >= 45
M0010,C000803,Dormant,recency 79 >= 45
M0010,C000484,"Dormant,One-time",recency 223 >= 45; frequency == 1
M0010,C000045,Dormant,recency 115 >= 45
M0010,C000177,"Dormant,One-time",recency 223 >= 45; frequency == 1
M0010,C000151,Dormant,recency 178 >= 45
M0010,C000070,Dormant,recency 124 >= 45
M0010,C000797,"Dormant,One-time",recency 221 >= 45; frequency == 1
M0010,C000050,"Dormant,High Value",recency 124 >= 45; total_spend 4325.45 >= p75 4106.26
M0010,C000093,Regular,no rule matched
M0010,C000066,"Dormant,One-time",recency 220 >= 45; frequency == 1
M0010,C000802,"Dormant,High Value",recency 167 >= 45; total_spend 4966.79 >= p75 4106.26
M0010,C000178,"Dormant,High Value,Loyal",recency 105 >= 45; total_spend 5442.00 >= p75 4106.26; frequency 5 >= 5
M0010,C000032,Dormant,recency 133 >= 45
M0010,C000942,"Dormant,One-time",recency 217 >= 45; frequency == 1
M0010,C000465,"Dormant,One-time",recency 216 >= 45; frequency == 1
M0010,C000893,Regular,no rule matched
M0010,C000120,"Dormant,One-time",recency 216 >= 45; frequency == 1
M0010,C000843,"Dormant,One-time",recency 215 >= 45; frequency == 1
M0010,C000499,Dormant,recency 69 >= 45
M0010,C000463,"Dormant,One-time",recency 212 >= 45; frequency == 1
M0010,C000740,"Dormant,High Value,Loyal",recency 93 >= 45; total_spend 5403.92 >= p75 4106.26; frequency 5 >= 5
M0010,C000823,Dormant,recency 208 >= 45
M0010,C000011,Regular,no rule matched
M0010,C000904,Dormant,recency 119 >= 45
M0010,C000627,Regular,no rule matched
M0010,C000762,"Dormant,One-time",recency 208 >= 45; frequency == 1
M0010,C000763,Dormant,recency 112 >= 45
M0010,C000197,"Dormant,One-time",recency 203 >= 45; frequency == 1
M0010,C000744,High Value,total_spend 4509.82 >= p75 4106.26
M0010,C000434,Loyal,frequency 5 >= 5
M0010,C000690,"Dormant,One-time",recency 199 >= 45; frequency == 1
M0010,C000470,Regular,no rule matched
M0010,C000080,"Dormant,High Value",recency 60 >= 45; total_spend 6371.36 >= p75 4106.26
M0010,C000698,Dormant,recency 121 >= 45
M0010,C000064,"High Value,Loyal",total_spend 6932.20 >= p75 4106.26; frequency 6 >= 5
M0010,C000048,"Dormant,High Value",recency 109 >= 45; total_spend 4272.08 >= p75 4106.26
M0010,C000095,"Dormant,One-time",recency 196 >= 45; frequency == 1
M0010,C000014,"Dormant,One-time",recency 196 >= 45; frequency == 1
M0010,C000100,Regular,no rule matched
M0010,C000436,Dormant,recency 137 >= 45
M0010,C000721,Regular,no rule matched
M0010,C000121,Dormant,recency 166 >= 45
M0010,C000154,"Dormant,High Value,Loyal",recency 105 >= 45; total_spend 20260.09 >= p75 4106.26; frequency 11 >= 5
M0010,C000074,"High Value,Loyal",total_spend 10266.52 >= p75 4106.26; frequency 6 >= 5
M0010,C000859,"Dormant,One-time",recency 189 >= 45; frequency == 1
M0010,C000856,Dormant,recency 92 >= 45
M0010,C000691,High Value,total_spend 4236.92 >= p75 4106.26
M0010,C000949,"Dormant,One-time",recency 187 >= 45; frequency == 1
M0010,C000562,"Dormant,One-time",recency 187 >= 45; frequency == 1
M0010,C000036,Dormant,recency 99 >= 45
M0010,C000004,"Dormant,One-time",recency 185 >= 45; frequency == 1
M0010,C000426,Regular,no rule matched
M0010,C000191,"Dormant,One-time",recency 185 >= 45; frequency == 1
M0010,C000445,"Dormant,Loyal",recency 49 >= 45; frequency 5 >= 5
M0010,C000043,Regular,no rule matched
M0010,C000586,"Dormant,One-time",recency 178 >= 45; frequency == 1
M0010,C000005,"Dormant,High Value",recency 118 >= 45; total_spend 6735.00 >= p75 4106.26
M0010,C000055,"Dormant,One-time",recency 176 >= 45; frequency == 1
M0010,C000857,"High Value,Loyal",total_spend 9267.26 >= p75 4106.26; frequency 6 >= 5
M0010,C000812,"Dormant,One-time",recency 175 >= 45; frequency == 1
M0010,C000882,"Dormant,One-time",recency 174 >= 45; frequency == 1
M0010,C000475,Dormant,recency 117 >= 45
M0010,C000702,High Value,total_spend 5965.29 >= p75 4106.26
M0010,C000060,"Dormant,High Value",recency 110 >= 45; total_spend 4174.00 >= p75 4106.26
M0010,C000874,High Value,total_spend 5418.48 >= p75 4106.26
M0010,C000831,"Dormant,One-time",recency 168 >= 45; frequency == 1
M0010,C000097,"Dormant,High Value",recency 121 >= 45; total_spend 4106.26 >= p75 4106.26
M0010,C000879,High Value,total_spend 7054.51 >= p75 4106.26
M0010,C000712,Dormant,recency 141 >= 45
M0010,C000746,Dormant,recency 121 >= 45
M0010,C000019,"Dormant,One-time",recency 159 >= 45; frequency == 1
M0010,C000134,"Dormant,One-time",recency 158 >= 45; frequency == 1
M0010,C000832,Regular,no rule matched
M0010,C000049,High Value,total_spend 5479.00 >= p75 4106.26
M0010,C000880,"Dormant,High Value",recency 68 >= 45; total_spend 5225.00 >= p75 4106.26
M0010,C000858,Dormant,recency 54 >= 45
M0010,C000743,"Dormant,One-time",recency 151 >= 45; frequency == 1
M0010,C000840,Dormant,recency 59 >= 45
M0010,C000613,Dormant,recency 49 >= 45
M0010,C000020,Regular,no rule matched
M0010,C000186,"Dormant,One-time",recency 145 >= 45; frequency == 1
M0010,C000697,"Dormant,One-time",recency 144 >= 45; frequency == 1
M0010,C000888,"High Value,Loyal",total_spend 6859.23 >= p75 4106.26; frequency 6 >= 5
M0010,C000096,"Dormant,One-time",recency 141 >= 45; frequency == 1
M0010,C000054,Dormant,recency 119 >= 45
M0010,C000849,Dormant,recency 135 >= 45
M0010,C000479,Dormant,recency 119 >= 45
M0010,C000680,"Dormant,One-time",recency 137 >= 45; frequency == 1
M0010,C000194,"Dormant,One-time",recency 135 >= 45; frequency == 1
M0010,C000822,"Dormant,One-time",recency 132 >= 45; frequency == 1
M0010,C000581,"Dormant,One-time",recency 130 >= 45; frequency == 1
M0010,C000156,"Dormant,High Value",recency 101 >= 45; total_spend 5002.00 >= p75 4106.26
M0010,C000696,"Dormant,One-time",recency 127 >= 45; frequency == 1
M0010,C000443,Regular,no rule matched
M0010,C000083,"Dormant,One-time",recency 123 >= 45; frequency == 1
M0010,C000806,"Dormant,One-time",recency 122 >= 45; frequency == 1
M0010,C000710,"High Value,Loyal",total_spend 8804.84 >= p75 4106.26; frequency 5 >= 5
M0010,C000057,Dormant,recency 114 >= 45
M0010,C000867,"Dormant,One-time",recency 121 >= 45; frequency == 1
M0010,C000834,Dormant,recency 89 >= 45
M0010,C000089,"Dormant,One-time",recency 120 >= 45; frequency == 1
M0010,C000876,Dormant,recency 61 >= 45
M0010,C000683,Dormant,recency 45 >= 45
M0010,C000498,"Dormant,One-time",recency 114 >= 45; frequency == 1
M0010,C000723,Regular,no rule matched
M0010,C000437,Regular,no rule matched
M0010,C000865,"Dormant,One-time",recency 108 >= 45; frequency == 1
M0010,C000490,"Dormant,One-time",recency 104 >= 45; frequency == 1
M0010,C000754,"Dormant,One-time",recency 103 >= 45; frequency == 1
M0010,C000827,Regular,no rule matched
M0010,C000736,Dormant,recency 55 >= 45
M0010,C000461,Regular,no rule matched
M0010,C000717,Regular,no rule matched
M0010,C000791,Dormant,recency 75 >= 45
M0010,C000896,"Dormant,One-time",recency 94 >= 45; frequency == 1
M0010,C000305,"Dormant,One-time",recency 94 >= 45; frequency == 1
M0010,C000006,Regular,no rule matched
M0010,C000234,Regular,no rule matched
M0010,C000841,Dormant,recency 76 >= 45
M0010,C000025,"Dormant,One-time",recency 88 >= 45; frequency == 1
M0010,C000897,High Value,total_spend 7048.50 >= p75 4106.26
M0010,C000661,Regular,no rule matched
M0010,C000845,Dormant,recency 71 >= 45
M0010,C000220,Regular,no rule matched
M0010,C000898,Regular,no rule matched
M0010,C000848,"Dormant,One-time",recency 82 >= 45; frequency == 1
M0010,C000339,"Dormant,One-time",recency 82 >= 45; frequency == 1
M0010,C000480,"Dormant,One-time",recency 82 >= 45; frequency == 1
M0010,C000325,"Dormant,One-time",recency 82 >= 45; frequency == 1
M0010,C000046,High Value,total_spend 5238.11 >= p75 4106.26
M0010,C000700,Regular,no rule matched
M0010,C000261,Regular,no rule matched
M0010,C000386,"Dormant,One-time",recency 73 >= 45; frequency == 1
M0010,C000317,"Dormant,One-time",recency 73 >= 45; frequency == 1
M0010,C000428,Regular,no rule matched
M0010,C000493,Regular,no rule matched
M0010,C000388,High Value,total_spend 7047.79 >= p75 4106.26
M0010,C000427,"Dormant,One-time",recency 70 >= 45; frequency == 1
M0010,C000817,Regular,no rule matched
M0010,C000259,Regular,no rule matched
M0010,C000275,"Dormant,One-time",recency 63 >= 45; frequency == 1
M0010,C000672,"Dormant,One-time",recency 62 >= 45; frequency == 1
M0010,C000008,"Dormant,One-time",recency 61 >= 45; frequency == 1
M0010,C000650,Regular,no rule matched
M0010,C000431,"Dormant,One-time",recency 58 >= 45; frequency == 1
M0010,C000572,"Dormant,One-time",recency 58 >= 45; frequency == 1
M0010,C000086,"Dormant,One-time",recency 57 >= 45; frequency == 1
M0010,C000254,Regular,no rule matched
M0010,C000251,"Dormant,One-time",recency 50 >= 45; frequency == 1
M0010,C000731,"Dormant,One-time",recency 50 >= 45; frequency == 1
M0010,C000705,"Dormant,One-time",recency 47 >= 45; frequency == 1
M0010,C000073,"Dormant,One-time",recency 46 >= 45; frequency == 1
M0010,C000447,Regular,no rule matched
M0010,C000872,High Value,total_spend 5508.38 >= p75 4106.26
M0010,C000228,Regular,no rule matched
M0010,C000536,Regular,no rule matched
M0010,C000620,One-time,frequency == 1
M0010,C000231,One-time,frequency == 1
M0010,C000364,One-time,frequency == 1
M0010,C000223,One-time,frequency == 1
M0010,C000065,One-time,frequency == 1
M0010,C000720,One-time,frequency == 1
M0010,C000885,One-time,frequency == 1
M0010,C000580,One-time,frequency == 1
M0010,C000597,One-time,frequency == 1
M0010,C000595,One-time,frequency == 1
M0010,C000692,One-time,frequency == 1
M0010,C000640,One-time,frequency == 1
M0010,C000590,One-time,frequency == 1
M0010,C000087,Regular,no rule matched
M0010,C000284,One-time,frequency == 1
M0010,C000682,One-time,frequency == 1
M0010,C000557,One-time,frequency == 1
M0010,C000608,Regular,no rule matched
M0010,C000738,One-time,frequency == 1
M0010,C000202,High Value,total_spend 7428.77 >= p75 4106.26
M0010,C000604,One-time,frequency == 1
M0010,C000556,One-time,frequency == 1
M0010,C000552,One-time,frequency == 1
M0010,C000600,One-time,frequency == 1
M0010,C000478,One-time,frequency == 1
M0010,C000751,One-time,frequency == 1
M0010,C000494,Regular,no rule matched
M0010,C000873,One-time,frequency == 1
M0010,C000237,One-time,frequency == 1
M0010,C000527,One-time,frequency == 1
M0010,C000663,One-time,frequency == 1
M0010,C000979,One-time,frequency == 1
M0010,C000659,One-time,frequency == 1
M0010,C000724,One-time,frequency == 1
M0010,C000241,One-time,frequency == 1
M0011,C000140,Dormant,recency 209 >= 45
M0011,C000080,Dormant,recency 108 >= 45
M0011,C000829,Dormant,recency 159 >= 45
M0011,C000152,"Dormant,High Value",recency 226 >= 45; total_spend 7091.00 >= p75 5936.42
M0011,C000015,"High Value,Loyal",total_spend 13866.14 >= p75 5936.42; frequency 8 >= 5
M0011,C000824,"Dormant,High Value",recency 143 >= 45; total_spend 9259.00 >= p75 5936.42
M0011,C000182,"Dormant,High Value",recency 187 >= 45; total_spend 6197.23 >= p75 5936.42
M0011,C000153,"Dormant,High Value",recency 145 >= 45; total_spend 6262.68 >= p75 5936.42
M0011,C000763,"Dormant,High Value",recency 136 >= 45; total_spend 7242.20 >= p75 5936.42
M0011,C000791,"Dormant,High Value",recency 203 >= 45; total_spend 7585.00 >= p75 5936.42
M0011,C000030,"Dormant,One-time",recency 272 >= 45; frequency == 1
M0011,C000016,"High Value,Loyal",total_spend 18086.47 >= p75 5936.42; frequency 10 >= 5
M0011,C000054,"High Value,Loyal",total_spend 7548.33 >= p75 5936.42; frequency 5 >= 5
M0011,C000068,"Dormant,High Value,Loyal",recency 56 >= 45; total_spend 13713.49 >= p75 5936.42; frequency 6 >= 5
M0011,C000001,"Dormant,High Value,Loyal",recency 49 >= 45; total_spend 10076.56 >= p75 5936.42; frequency 5 >= 5
M0011,C000825,Dormant,recency 88 >= 45
M0011,C000100,"Dormant,High Value",recency 158 >= 45; total_spend 6225.84 >= p75 5936.42
M0011,C000806,"Dormant,High Value,Loyal",recency 73 >= 45; total_spend 18293.00 >= p75 5936.42; frequency 6 >= 5
M0011,C000050,"Dormant,High Value,Loyal",recency 196 >= 45; total_spend 15942.00 >= p75 5936.42; frequency 5 >= 5
M0011,C000156,Dormant,recency 251 >= 45
M0011,C000157,"Dormant,One-time",recency 268 >= 45; frequency == 1
M0011,C000719,"Dormant,One-time",recency 268 >= 45; frequency == 1
M0011,C000029,Regular,no rule matched
M0011,C000148,"Dormant,High Value,Loyal",recency 158 >= 45; total_spend 12315.31 >= p75 5936.42; frequency 6 >= 5
M0011,C000133,"Dormant,High Value",recency 159 >= 45; total_spend 6713.81 >= p75 5936.42
M0011,C000106,"Dormant,High Value",recency 161 >= 45; total_spend 7457.29 >= p75 5936.42
M0011,C000485,"Dormant,One-time",recency 265 >= 45; frequency == 1
M0011,C000944,Dormant,recency 160 >= 45
M0011,C000802,"Dormant,High Value",recency 232 >= 45; total_spend 7119.00 >= p75 5936.42
M0011,C000854,Dormant,recency 82 >= 45
M0011,C000071,High Value,total_spend 12574.00 >= p75 5936.42
M0011,C000019,"Dormant,One-time",recency 261 >= 45; frequency == 1
M0011,C000127,"Dormant,High Value,Loyal",recency 129 >= 45; total_spend 9789.09 >= p75 5936.42; frequency 5 >= 5
M0011,C000781,"Dormant,High Value",recency 215 >= 45; total_spend 6490.20 >= p75 5936.42
M0011,C000145,"Dormant,High Value,Loyal",recency 158 >= 45; total_spend 8981.40 >= p75 5936.42; frequency 5 >= 5
M0011,C000166,"Dormant,High Value,Loyal",recency 126 >= 45; total_spend 10722.32 >= p75 5936.42; frequency 5 >= 5
M0011,C000179,"Dormant,High Value",recency 137 >= 45; total_spend 11374.30 >= p75 5936.42
M0011,C000146,Dormant,recency 191 >= 45
M0011,C000037,"Dormant,High Value",recency 187 >= 45; total_spend 10115.11 >= p75 5936.42
M0011,C000749,"High Value,Loyal",total_spend 8902.35 >= p75 5936.42; frequency 5 >= 5
M0011,C000812,Dormant,recency 70 >= 45
M0011,C000805,"Dormant,High Value,Loyal",recency 147 >= 45; total_spend 9995.44 >= p75 5936.42; frequency 6 >= 5
M0011,C000120,"Dormant,High Value,Loyal",recency 86 >= 45; total_spend 11646.55 >= p75 5936.42; frequency 5 >= 5
M0011,C000770,"Dormant,High Value",recency 146 >= 45; total_spend 6755.41 >= p75 5936.42
M0011,C000119,"Dormant,High Value,Loyal",recency 184 >= 45; total_spend 10443.51 >= p75 5936.42; frequency 5 >= 5
M0011,C000756,Dormant,recency 224 >= 45
M0011,C000477,Dormant,recency 126 >= 45
M0011,C000172,"Dormant,High Value,Loyal",recency 109 >= 45; total_spend 10195.74 >= p75 5936.42; frequency 6 >= 5
M0011,C000774,Dormant,recency 144 >= 45
M0011,C000811,"Dormant,One-time",recency 257 >= 45; frequency == 1
M0011,C000189,"Dormant,One-time",recency 257 >= 45; frequency == 1
M0011,C000058,Dormant,recency 180 >= 45
M0011,C000810,Dormant,recency 229 >= 45
M0011,C000053,Dormant,recency 160 >= 45
M0011,C000882,"Dormant,One-time",recency 256 >= 45; frequency == 1
M0011,C000428,Dormant,recency 193 >= 45
M0011,C000927,"Dormant,One-time",recency 255 >= 45; frequency == 1
M0011,C000721,"High Value,Loyal",total_spend 9223.79 >= p75 5936.42; frequency 6 >= 5
M0011,C000848,"Dormant,One-time",recency 254 >= 45; frequency == 1
M0011,C000441,"High Value,Loyal",total_spend 7105.65 >= p75 5936.42; frequency 6 >= 5
M0011,C000192,Dormant,recency 182 >= 45
M0011,C000095,Regular,no rule matched
M0011,C000193,"Dormant,High Value",recency 163 >= 45; total_spend 11424.00 >= p75 5936.42
M0011,C000860,"Dormant,One-time",recency 253 >= 45; frequency == 1
M0011,C000671,High Value,total_spend 8827.05 >= p75 5936.42
M0011,C000073,"Dormant,High Value",recency 45 >= 45; total_spend 10464.00 >= p75 5936.42
M0011,C000078,"High Value,Loyal",total_spend 11068.00 >= p75 5936.42; frequency 6 >= 5
M0011,C000161,Dormant,recency 197 >= 45
M0011,C000474,"Dormant,One-time",recency 251 >= 45; frequency == 1
M0011,C000021,"Dormant,High Value,Loyal",recency 66 >= 45; total_spend 10756.00 >= p75 5936.42; frequency 7 >= 5
M0011,C000799,Dormant,recency 80 >= 45
M0011,C000798,"Dormant,High Value",recency 82 >= 45; total_spend 7876.94 >= p75 5936.42
M0011,C000422,"Dormant,One-time",recency 249 >= 45; frequency == 1
M0011,C000165,"Dormant,High Value",recency 156 >= 45; total_spend 8057.00 >= p75 5936.42
M0011,C000479,"High Value,Loyal",total_spend 5936.42 >= p75 5936.42; frequency 5 >= 5
M0011,C000884,"High Value,Loyal",total_spend 8786.00 >= p75 5936.42; frequency 5 >= 5
M0011,C000447,Dormant,recency 76 >= 45
M0011,C000780,Dormant,recency 198 >= 45
M0011,C000690,"Dormant,One-time",recency 246 >= 45; frequency == 1
M0011,C000819,"Dormant,One-time",recency 245 >= 45; frequency == 1
M0011,C000126,"Dormant,High Value",recency 161 >= 45; total_spend 6908.64 >= p75 5936.42
M0011,C000814,Dormant,recency 154 >= 45
M0011,C000906,Dormant,recency 161 >= 45
M0011,C000678,"Dormant,One-time",recency 243 >= 45; frequency == 1
M0011,C000094,"Dormant,High Value",recency 103 >= 45; total_spend 8007.74 >= p75 5936.42
M0011,C000779,"Dormant,High Value,Loyal",recency 136 >= 45; total_spend 9266.89 >= p75 5936.42; frequency 5 >= 5
M0011,C000773,Dormant,recency 240 >= 45
M0011,C000921,"Dormant,One-time",recency 240 >= 45; frequency == 1
M0011,C000707,High Value,total_spend 7600.55 >= p75 5936.42
M0011,C000777,"Dormant,High Value",recency 162 >= 45; total_spend 7803.52 >= p75 5936.42
M0011,C000046,"Dormant,High Value,Loyal",recency 48 >= 45; total_spend 14572.80 >= p75 5936.42; frequency 6 >= 5
M0011,C000066,"Dormant,One-time",recency 238 >= 45; frequency == 1
M0011,C000180,"Dormant,One-time",recency 238 >= 45; frequency == 1
M0011,C000863,"High Value,Loyal",total_spend 10104.02 >= p75 5936.42; frequency 6 >= 5
M0011,C000163,Dormant,recency 202 >= 45
M0011,C000807,"Dormant,High Value,Loyal",recency 80 >= 45; total_spend 8242.58 >= p75 5936.42; frequency 5 >= 5
M0011,C000800,Dormant,recency 179 >= 45
M0011,C000144,"Dormant,High Value",recency 145 >= 45; total_spend 6211.00 >= p75 5936.42
M0011,C000186,"Dormant,High Value,Loyal",recency 198 >= 45; total_spend 11047.94 >= p75 5936.42; frequency 6 >= 5
M0011,C000691,Regular,no rule matched
M0011,C000137,"Dormant,One-time",recency 235 >= 45; frequency == 1
M0011,C000002,Dormant,recency 212 >= 45
M0011,C000686,Regular,no rule matched
M0011,C000195,"Dormant,High Value",recency 193 >= 45; total_spend 9431.03 >= p75 5936.42
M0011,C000065,"Dormant,One-time",recency 234 >= 45; frequency == 1
M0011,C000766,"Dormant,One-time",recency 233 >= 45; frequency == 1
M0011,C000772,"Dormant,One-time",recency 233 >= 45; frequency == 1
M0011,C000728,"Dormant,One-time",recency 232 >= 45; frequency == 1
M0011,C000198,Dormant,recency 154 >= 45
M0011,C000793,"Dormant,High Value",recency 131 >= 45; total_spend 6896.56 >= p75 5936.42
M0011,C000887,High Value,total_spend 9237.03 >= p75 5936.42
M0011,C000177,Dormant,recency 157 >= 45
M0011,C000469,Dormant,recency 163 >= 45
M0011,C000423,Dormant,recency 109 >= 45
M0011,C000483,Dormant,recency 121 >= 45
M0011,C000929,"Dormant,One-time",recency 229 >= 45; frequency == 1
M0011,C000689,Dormant,recency 124 >= 45
M0011,C000696,"Dormant,One-time",recency 228 >= 45; frequency == 1
M0011,C000456,"Dormant,One-time",recency 227 >= 45; frequency == 1
M0011,C000688,Regular,no rule matched
M0011,C000764,Dormant,recency 186 >= 45
M0011,C000765,Dormant,recency 210 >= 45
M0011,C000489,"Dormant,One-time",recency 226 >= 45; frequency == 1
M0011,C000112,"Dormant,One-time",recency 225 >= 45; frequency == 1
M0011,C000011,Regular,no rule matched
M0011,C000822,Dormant,recency 150 >= 45
M0011,C000790,Dormant,recency 129 >= 45
M0011,C000708,"Dormant,One-time",recency 223 >= 45; frequency == 1
M0011,C000075,"Dormant,High Value",recency 139 >= 45; total_spend 6279.70 >= p75 5936.42
M0011,C000473,Dormant,recency 85 >= 45
M0011,C000673,"Dormant,High Value,Loyal",recency 111 >= 45; total_spend 9376.01 >= p75 5936.42; frequency 5 >= 5
M0011,C000132,Dormant,recency 161 >= 45
M0011,C000498,Dormant,recency 161 >= 45
M0011,C000291,"Dormant,One-time",recency 214 >= 45; frequency == 1
M0011,C000831,Regular,no rule matched
M0011,C000031,Regular,no rule matched
M0011,C000743,"Dormant,One-time",recency 213 >= 45; frequency == 1
M0011,C000039,Dormant,recency 68 >= 45
M0011,C000896,"Dormant,Loyal",recency 47 >= 45; frequency 5 >= 5
M0011,C000838,Regular,no rule matched
M0011,C000463,"Dormant,High Value,Loyal",recency 71 >= 45; total_spend 7389.25 >= p75 5936.42; frequency 8 >= 5
M0011,C000769,Dormant,recency 174 >= 45
M0011,C000702,High Value,total_spend 6190.25 >= p75 5936.42
M0011,C000458,Dormant,recency 162 >= 45
M0011,C000110,"Dormant,One-time",recency 204 >= 45; frequency == 1
M0011,C000006,High Value,total_spend 11932.00 >= p75 5936.42
M0011,C000499,Dormant,recency 65 >= 45
M0011,C000826,Dormant,recency 82 >= 45
M0011,C000121,"Dormant,One-time",recency 200 >= 45; frequency == 1
M0011,C000839,"High Value,Loyal",total_spend 7047.74 >= p75 5936.42; frequency 5 >= 5
M0011,C000873,High Value,total_spend 6721.48 >= p75 5936.42
M0011,C000444,"Dormant,One-time",recency 197 >= 45; frequency == 1
M0011,C000817,Dormant,recency 159 >= 45
M0011,C000151,"Dormant,One-time",recency 194 >= 45; frequency == 1
M0011,C000494,Dormant,recency 175 >= 45
M0011,C000682,Dormant,recency 70 >= 45
M0011,C000044,Regular,no rule matched
M0011,C000759,"Dormant,One-time",recency 186 >= 45; frequency == 1
M0011,C000757,"Dormant,One-time",recency 185 >= 45; frequency == 1
M0011,C000439,"Dormant,High Value",recency 65 >= 45; total_spend 5985.00 >= p75 5936.42
M0011,C000087,Dormant,recency 49 >= 45
M0011,C000176,"Dormant,One-time",recency 184 >= 45; frequency == 1
M0011,C000158,Dormant,recency 179 >= 45
M0011,C000115,"Dormant,One-time",recency 182 >= 45; frequency == 1
M0011,C000089,Dormant,recency 174 >= 45
M0011,C000744,"Dormant,One-time",recency 178 >= 45; frequency == 1
M0011,C000496,Regular,no rule matched
M0011,C000711,"Dormant,One-time",recency 176 >= 45; frequency == 1
M0011,C000845,"Dormant,High Value",recency 75 >= 45; total_spend 7164.26 >= p75 5936.42
M0011,C000430,Regular,no rule matched
M0011,C000168,Dormant,recency 125 >= 45
M0011,C000009,High Value,total_spend 6795.21 >= p75 5936.42
M0011,C000827,"Dormant,One-time",recency 163 >= 45; frequency == 1
M0011,C000169,Dormant,recency 125 >= 45
M0011,C000675,"Dormant,One-time",recency 162 >= 45; frequency == 1
M0011,C000138,Dormant,recency 135 >= 45
M0011,C000181,"Dormant,One-time",recency 161 >= 45; frequency == 1
M0011,C000712,Regular,no rule matched
M0011,C000821,"Dormant,One-time",recency 160 >= 45; frequency == 1
M0011,C000699,"Dormant,One-time",recency 160 >= 45; frequency == 1
M0011,C000795,"Dormant,One-time",recency 159 >= 45; frequency == 1
M0011,C000560,"Dormant,One-time",recency 158 >= 45; frequency == 1
M0011,C000787,"Dormant,One-time",recency 157 >= 45; frequency == 1
M0011,C000874,"Dormant,One-time",recency 153 >= 45; frequency == 1
M0011,C000894,"High Value,Loyal",total_spend 14249.00 >= p75 5936.42; frequency 5 >= 5
M0011,C000041,Dormant,recency 119 >= 45
M0011,C000726,"Dormant,High Value,Loyal",recency 73 >= 45; total_spend 10742.19 >= p75 5936.42; frequency 5 >= 5
M0011,C000487,"Dormant,One-time",recency 151 >= 45; frequency == 1
M0011,C000600,"Dormant,One-time",recency 150 >= 45; frequency == 1
M0011,C000301,"Dormant,One-time",recency 150 >= 45; frequency == 1
M0011,C000060,Regular,no rule matched
M0011,C000194,Dormant,recency 126 >= 45
M0011,C000745,Dormant,recency 99 >= 45
M0011,C000077,"Dormant,One-time",recency 142 >= 45; frequency == 1
M0011,C000713,"Dormant,High Value",recency 61 >= 45; total_spend 6245.70 >= p75 5936.42
M0011,C000570,"Dormant,One-time",recency 138 >= 45; frequency == 1
M0011,C000727,"Dormant,One-time",recency 138 >= 45; frequency == 1
M0011,C000842,High Value,total_spend 7825.32 >= p75 5936.42
M0011,C000097,"Dormant,One-time",recency 138 >= 45; frequency == 1
M0011,C000852,"Dormant,One-time",recency 137 >= 45; frequency == 1
M0011,C000143,"Dormant,One-time",recency 137 >= 45; frequency == 1
M0011,C000883,"Dormant,High Value",recency 49 >= 45; total_spend 8104.85 >= p75 5936.42
M0011,C000481,"Dormant,One-time",recency 129 >= 45; frequency == 1
M0011,C000676,Regular,no rule matched
M0011,C000497,"Dormant,One-time",recency 129 >= 45; frequency == 1
M0011,C000895,Dormant,recency 59 >= 45
M0011,C000170,"Dormant,One-time",recency 124 >= 45; frequency == 1
M0011,C000440,Dormant,recency 48 >= 45
M0011,C000025,"Dormant,One-time",recency 118 >= 45; frequency == 1
M0011,C000753,"Dormant,One-time",recency 117 >= 45; frequency == 1
M0011,C000459,"Dormant,One-time",recency 114 >= 45; frequency == 1
M0011,C000866,"Dormant,One-time",recency 110 >= 45; frequency == 1
M0011,C000004,Dormant,recency 62 >= 45
M0011,C000748,High Value,total_spend 6163.53 >= p75 5936.42
M0011,C000875,Regular,no rule matched
M0011,C000085,Dormant,recency 46 >= 45
M0011,C000434,"Dormant,One-time",recency 100 >= 45; frequency == 1
M0011,C000426,"Dormant,One-time",recency 100 >= 45; frequency == 1
M0011,C000084,"Dormant,One-time",recency 99 >= 45; frequency == 1
M0011,C000641,"Dormant,One-time",recency 99 >= 45; frequency == 1
M0011,C000005,"Dormant,One-time",recency 96 >= 45; frequency == 1
M0011,C000027,"Dormant,One-time",recency 93 >= 45; frequency == 1
M0011,C000846,"Dormant,One-time",recency 91 >= 45; frequency == 1
M0011,C000878,High Value,total_spend 7272.10 >= p75 5936.42
M0011,C000833,"Dormant,One-time",recency 88 >= 45; frequency == 1
M0011,C000886,"Dormant,One-time",recency 87 >= 45; frequency == 1
M0011,C000716,"Dormant,One-time",recency 87 >= 45; frequency == 1
M0011,C000864,High Value,total_spend 6690.00 >= p75 5936.42
M0011,C000258,"Dormant,One-time",recency 84 >= 45; frequency == 1
M0011,C000261,"Dormant,One-time",recency 84 >= 45; frequency == 1
M0011,C000278,Regular,no rule matched
M0011,C000098,Regular,no rule matched
M0011,C000264,"Dormant,One-time",recency 80 >= 45; frequency == 1
M0011,C000230,Regular,no rule matched
M0011,C000452,"Dormant,One-time",recency 77 >= 45; frequency == 1
M0011,C000059,"Dormant,One-time",recency 76 >= 45; frequency == 1
M0011,C000537,"Dormant,One-time",recency 75 >= 45; frequency == 1
M0011,C000732,"Dormant,One-time",recency 74 >= 45; frequency == 1
M0011,C000252,Regular,no rule matched
M0011,C000888,Regular,no rule matched
M0011,C000443,Regular,no rule matched
M0011,C000010,"Dormant,One-time",recency 67 >= 45; frequency == 1
M0011,C000449,"Dormant,One-time",recency 67 >= 45; frequency == 1
M0011,C000402,"Dormant,One-time",recency 65 >= 45; frequency == 1
M0011,C000609,"Dormant,One-time",recency 62 >= 45; frequency == 1
M0011,C000023,Regular,no rule matched
M0011,C000454,"Dormant,One-time",recency 54 >= 45; frequency == 1
M0011,C000036,"Dormant,One-time",recency 54 >= 45; frequency == 1
M0011,C000714,"Dormant,One-time",recency 53 >= 45; frequency == 1
M0011,C000208,"Dormant,One-time",recency 53 >= 45; frequency == 1
M0011,C000086,"Dormant,One-time",recency 51 >= 45; frequency == 1
M0011,C000844,"Dormant,One-time",recency 49 >= 45; frequency == 1
M0011,C000446,"Dormant,One-time",recency 47 >= 45; frequency == 1
M0011,C000253,"Dormant,One-time",recency 46 >= 45; frequency == 1
M0011,C000090,"Dormant,One-time",recency 45 >= 45; frequency == 1
M0011,C000042,One-time,frequency == 1
M0011,C000881,Regular,no rule matched
M0011,C000850,One-time,frequency == 1
M0011,C000243,One-time,frequency == 1
M0011,C000832,One-time,frequency == 1
M0011,C000224,One-time,frequency == 1
M0011,C000636,One-time,frequency == 1
M0011,C000437,One-time,frequency == 1
M0011,C000626,One-time,frequency == 1
M0011,C000879,One-time,frequency == 1
M0011,C000855,One-time,frequency == 1
M0011,C000555,One-time,frequency == 1
M0011,C000017,One-time,frequency == 1
M0011,C000961,One-time,frequency == 1
M0011,C000598,One-time,frequency == 1
M0011,C000900,One-time,frequency == 1
M0011,C000722,One-time,frequency == 1
M0011,C000408,One-time,frequency == 1
M0011,C000558,One-time,frequency == 1
M0011,C000418,One-time,frequency == 1
M0011,C000543,One-time,frequency == 1
M0011,C000616,One-time,frequency == 1
M0011,C000239,One-time,frequency == 1
M0011,C000211,One-time,frequency == 1
M0011,C000968,One-time,frequency == 1
M0011,C000698,One-time,frequency == 1
M0011,C000674,One-time,frequency == 1
M0011,C000227,One-time,frequency == 1
M0011,C000273,One-time,frequency == 1
M0011,C000840,One-time,frequency == 1
M0011,C000035,One-time,frequency == 1
M0011,C000575,One-time,frequency == 1
M0011,C000966,One-time,frequency == 1
M0011,C000491,Regular,no rule matched
M0011,C000032,One-time,frequency == 1
M0011,C000024,One-time,frequency == 1
M0011,C000250,One-time,frequency == 1
M0012,C000048,"Dormant,High Value",recency 139 >= 45; total_spend 6535.00 >= p75 6286.88
M0012,C000922,"Dormant,One-time",recency 275 >= 45; frequency == 1
M0012,C000830,"Dormant,One-time",recency 275 >= 45; frequency == 1
M0012,C000797,"Dormant,One-time",recency 275 >= 45; frequency == 1
M0012,C000804,"Dormant,High Value",recency 156 >= 45; total_spend 6383.62 >= p75 6286.88
M0012,C000770,"Dormant,High Value,Loyal",recency 208 >= 45; total_spend 23077.46 >= p75 6286.88; frequency 5 >= 5
M0012,C000158,Dormant,recency 173 >= 45
M0012,C000437,Dormant,recency 124 >= 45
M0012,C000792,Dormant,recency 114 >= 45
M0012,C000136,"Dormant,One-time",recency 273 >= 45; frequency == 1
M0012,C000463,Dormant,recency 165 >= 45
M0012,C000441,"High Value,Loyal",total_spend 7000.95 >= p75 6286.88; frequency 6 >= 5
M0012,C000453,Regular,no rule matched
M0012,C000036,"Dormant,High Value,Loyal",recency 79 >= 45; total_spend 12567.22 >= p75 6286.88; frequency 5 >= 5
M0012,C000729,"Dormant,High Value,Loyal",recency 182 >= 45; total_spend 17157.46 >= p75 6286.88; frequency 5 >= 5
M0012,C000498,Regular,no rule matched
M0012,C000806,"Dormant,High Value",recency 211 >= 45; total_spend 24533.30 >= p75 6286.88
M0012,C000140,Dormant,recency 154 >= 45
M0012,C000128,Dormant,recency 172 >= 45
M0012,C000726,"High Value,Loyal",total_spend 11834.09 >= p75 6286.88; frequency 5 >= 5
M0012,C000720,"High Value,Loyal",total_spend 30619.18 >= p75 6286.88; frequency 7 >= 5
M0012,C000082,"Dormant,High Value",recency 76 >= 45; total_spend 7095.62 >= p75 6286.88
M0012,C000823,"Dormant,High Value,Loyal",recency 79 >= 45; total_spend 27667.02 >= p75 6286.88; frequency 7 >= 5
M0012,C000431,"High Value,Loyal",total_spend 20842.76 >= p75 6286.88; frequency 5 >= 5
M0012,C000110,"Dormant,One-time",recency 268 >= 45; frequency == 1
M0012,C000765,"Dormant,High Value,Loyal",recency 125 >= 45; total_spend 14604.54 >= p75 6286.88; frequency 5 >= 5
M0012,C000710,"Dormant,High Value,Loyal",recency 149 >= 45; total_spend 9054.12 >= p75 6286.88; frequency 5 >= 5
M0012,C000104,Dormant,recency 126 >= 45
M0012,C000133,Dormant,recency 161 >= 45
M0012,C000727,Dormant,recency 147 >= 45
M0012,C000457,"High Value,Loyal",total_spend 8711.97 >= p75 6286.88; frequency 6 >= 5
M0012,C000816,"Dormant,One-time",recency 265 >= 45; frequency == 1
M0012,C000910,"Dormant,One-time",recency 264 >= 45; frequency == 1
M0012,C000168,Dormant,recency 181 >= 45
M0012,C000438,Dormant,recency 104 >= 45
M0012,C000004,"Dormant,One-time",recency 264 >= 45; frequency == 1
M0012,C000775,"Dormant,High Value",recency 115 >= 45; total_spend 6736.83 >= p75 6286.88
M0012,C000883,High Value,total_spend 15686.25 >= p75 6286.88
M0012,C000942,"Dormant,One-time",recency 263 >= 45; frequency == 1
M0012,C000033,"Dormant,High Value,Loyal",recency 151 >= 45; total_spend 25389.81 >= p75 6286.88; frequency 5 >= 5
M0012,C000821,"Dormant,One-time",recency 262 >= 45; frequency == 1
M0012,C000814,"Dormant,High Value,Loyal",recency 206 >= 45; total_spend 13210.86 >= p75 6286.88; frequency 5 >= 5
M0012,C000100,"Dormant,High Value,Loyal",recency 56 >= 45; total_spend 10073.00 >= p75 6286.88; frequency 6 >= 5
M0012,C000934,"Dormant,One-time",recency 261 >= 45; frequency == 1
M0012,C000894,High Value,total_spend 9722.58 >= p75 6286.88
M0012,C000193,Dormant,recency 129 >= 45
M0012,C000944,"Dormant,High Value",recency 151 >= 45; total_spend 6469.40 >= p75 6286.88
M0012,C000698,"High Value,Loyal",total_spend 9983.23 >= p75 6286.88; frequency 5 >= 5
M0012,C000114,"Dormant,One-time",recency 257 >= 45; frequency == 1
M0012,C000837,Regular,no rule matched
M0012,C000828,"Dormant,High Value",recency 216 >= 45; total_spend 18712.15 >= p75 6286.88
M0012,C000015,"High Value,Loyal",total_spend 23871.75 >= p75 6286.88; frequency 6 >= 5
M0012,C000171,"Dormant,High Value,Loyal",recency 151 >= 45; total_spend 19085.94 >= p75 6286.88; frequency 6 >= 5
M0012,C000682,"Dormant,High Value,Loyal",recency 80 >= 45; total_spend 26022.93 >= p75 6286.88; frequency 8 >= 5
M0012,C000921,"Dormant,High Value",recency 143 >= 45; total_spend 9204.15 >= p75 6286.88
M0012,C000435,Regular,no rule matched
M0012,C000496,Regular,no rule matched
M0012,C000039,"Dormant,High Value",recency 116 >= 45; total_spend 9846.33 >= p75 6286.88
M0012,C000153,"Dormant,High Value",recency 141 >= 45; total_spend 6538.78 >= p75 6286.88
M0012,C000791,Dormant,recency 164 >= 45
M0012,C000177,"Dormant,One-time",recency 254 >= 45; frequency == 1
M0012,C000746,High Value,total_spend 12837.75 >= p75 6286.88
M0012,C000142,Dormant,recency 228 >= 45
M0012,C000917,"Dormant,One-time",recency 253 >= 45; frequency == 1
M0012,C000750,"High Value,Loyal",total_spend 16458.07 >= p75 6286.88; frequency 8 >= 5
M0012,C000829,Dormant,recency 101 >= 45
M0012,C000087,High Value,total_spend 11555.54 >= p75 6286.88
M0012,C000069,Dormant,recency 53 >= 45
M0012,C000685,"Dormant,One-time",recency 251 >= 45; frequency == 1
M0012,C000796,Dormant,recency 117 >= 45
M0012,C000038,"Dormant,High Value,Loyal",recency 96 >= 45; total_spend 27006.36 >= p75 6286.88; frequency 6 >= 5
M0012,C000072,"Dormant,High Value,Loyal",recency 143 >= 45; total_spend 22470.82 >= p75 6286.88; frequency 5 >= 5
M0012,C000029,"High Value,Loyal",total_spend 21012.00 >= p75 6286.88; frequency 6 >= 5
M0012,C000763,Dormant,recency 187 >= 45
M0012,C000691,"Dormant,High Value",recency 98 >= 45; total_spend 6626.42 >= p75 6286.88
M0012,C000919,"Dormant,One-time",recency 247 >= 45; frequency == 1
M0012,C000716,"Dormant,One-time",recency 246 >= 45; frequency == 1
M0012,C000485,"High Value,Loyal",total_spend 7611.38 >= p75 6286.88; frequency 5 >= 5
M0012,C000119,"Dormant,High Value,Loyal",recency 171 >= 45; total_spend 14547.00 >= p75 6286.88; frequency 5 >= 5
M0012,C000471,Regular,no rule matched
M0012,C000786,"Dormant,High Value",recency 150 >= 45; total_spend 11707.44 >= p75 6286.88
M0012,C000776,"Dormant,One-time",recency 241 >= 45; frequency == 1
M0012,C000152,"Dormant,High Value,Loyal",recency 145 >= 45; total_spend 8562.85 >= p75 6286.88; frequency 5 >= 5
M0012,C000787,Dormant,recency 219 >= 45
M0012,C000127,Dormant,recency 150 >= 45
M0012,C000497,"Dormant,One-time",recency 240 >= 45; frequency == 1
M0012,C000147,"Dormant,High Value",recency 127 >= 45; total_spend 10056.05 >= p75 6286.88
M0012,C000163,"Dormant,One-time",recency 239 >= 45; frequency == 1
M0012,C000026,"Dormant,High Value",recency 57 >= 45; total_spend 7694.00 >= p75 6286.88
M0012,C000811,Dormant,recency 158 >= 45
M0012,C000122,"Dormant,High Value,Loyal",recency 151 >= 45; total_spend 30953.68 >= p75 6286.88; frequency 6 >= 5
M0012,C000472,Dormant,recency 132 >= 45
M0012,C000695,"Dormant,High Value",recency 107 >= 45; total_spend 9621.85 >= p75 6286.88
M0012,C000424,"Dormant,One-time",recency 236 >= 45; frequency == 1
M0012,C000696,"Dormant,One-time",recency 235 >= 45; frequency == 1
M0012,C000759,Dormant,recency 212 >= 45
M0012,C000773,Dormant,recency 94 >= 45
M0012,C000180,"Dormant,One-time",recency 235 >= 45; frequency == 1
M0012,C000855,High Value,total_spend 9686.98 >= p75 6286.88
M0012,C000051,"Dormant,One-time",recency 234 >= 45; frequency == 1
M0012,C000125,"Dormant,High Value",recency 149 >= 45; total_spend 7449.49 >= p75 6286.88
M0012,C000083,Dormant,recency 212 >= 45
M0012,C000022,"High Value,Loyal",total_spend 13584.00 >= p75 6286.88; frequency 5 >= 5
M0012,C000148,Dormant,recency 145 >= 45
M0012,C000690,"Dormant,One-time",recency 232 >= 45; frequency == 1
M0012,C000433,Regular,no rule matched
M0012,C000671,High Value,total_spend 12558.95 >= p75 6286.88
M0012,C000105,"Dormant,High Value",recency 216 >= 45; total_spend 21645.19 >= p75 6286.88
M0012,C000098,"Dormant,High Value",recency 48 >= 45; total_spend 10390.00 >= p75 6286.88
M0012,C000447,"Dormant,One-time",recency 228 >= 45; frequency == 1
M0012,C000030,High Value,total_spend 7219.41 >= p75 6286.88
M0012,C000019,Regular,no rule matched
M0012,C000745,"Dormant,One-time",recency 227 >= 45; frequency == 1
M0012,C000423,Dormant,recency 214 >= 45
M0012,C000835,"High Value,Loyal",total_spend 10108.57 >= p75 6286.88; frequency 5 >= 5
M0012,C000771,Dormant,recency 104 >= 45
M0012,C000474,"Dormant,One-time",recency 222 >= 45; frequency == 1
M0012,C000778,Dormant,recency 164 >= 45
M0012,C000052,Regular,no rule matched
M0012,C000044,"Dormant,One-time",recency 221 >= 45; frequency == 1
M0012,C000820,Dormant,recency 150 >= 45
M0012,C000679,"Dormant,One-time",recency 220 >= 45; frequency == 1
M0012,C000068,Regular,no rule matched
M0012,C000766,Dormant,recency 70 >= 45
M0012,C000896,"Dormant,One-time",recency 219 >= 45; frequency == 1
M0012,C000708,"Dormant,One-time",recency 219 >= 45; frequency == 1
M0012,C000890,High Value,total_spend 10242.58 >= p75 6286.88
M0012,C000801,Dormant,recency 211 >= 45
M0012,C000426,Regular,no rule matched
M0012,C000199,"Dormant,One-time",recency 218 >= 45; frequency == 1
M0012,C000844,High Value,total_spend 9393.09 >= p75 6286.88
M0012,C000012,Dormant,recency 137 >= 45
M0012,C000772,"Dormant,One-time",recency 215 >= 45; frequency == 1
M0012,C000737,Dormant,recency 86 >= 45
M0012,C000175,"Dormant,High Value",recency 183 >= 45; total_spend 9049.45 >= p75 6286.88
M0012,C000793,Dormant,recency 100 >= 45
M0012,C000160,"Dormant,One-time",recency 211 >= 45; frequency == 1
M0012,C000782,Dormant,recency 165 >= 45
M0012,C000470,Dormant,recency 135 >= 45
M0012,C000078,Dormant,recency 59 >= 45
M0012,C000752,High Value,total_spend 9695.00 >= p75 6286.88
M0012,C000131,Dormant,recency 150 >= 45
M0012,C000165,Dormant,recency 190 >= 45
M0012,C000478,Dormant,recency 58 >= 45
M0012,C000815,Dormant,recency 148 >= 45
M0012,C000803,"Dormant,High Value",recency 184 >= 45; total_spend 8658.00 >= p75 6286.88
M0012,C000196,"Dormant,One-time",recency 207 >= 45; frequency == 1
M0012,C000155,Dormant,recency 200 >= 45
M0012,C000188,Dormant,recency 122 >= 45
M0012,C000197,"Dormant,One-time",recency 202 >= 45; frequency == 1
M0012,C000938,"Dormant,One-time",recency 202 >= 45; frequency == 1
M0012,C000764,Dormant,recency 158 >= 45
M0012,C000144,"Dormant,High Value,Loyal",recency 140 >= 45; total_spend 12268.13 >= p75 6286.88; frequency 5 >= 5
M0012,C000101,Dormant,recency 99 >= 45
M0012,C000668,High Value,total_spend 8781.36 >= p75 6286.88
M0012,C000743,High Value,total_spend 9303.23 >= p75 6286.88
M0012,C000103,"Dormant,High Value",recency 126 >= 45; total_spend 6787.33 >= p75 6286.88
M0012,C000111,"Dormant,High Value",recency 132 >= 45; total_spend 6286.88 >= p75 6286.88
M0012,C000731,"High Value,Loyal",total_spend 9397.20 >= p75 6286.88; frequency 5 >= 5
M0012,C000800,Dormant,recency 69 >= 45
M0012,C000889,Dormant,recency 132 >= 45
M0012,C000824,"Dormant,One-time",recency 196 >= 45; frequency == 1
M0012,C000439,Regular,no rule matched
M0012,C000088,High Value,total_spend 6723.00 >= p75 6286.88
M0012,C000477,Dormant,recency 71 >= 45
M0012,C000023,High Value,total_spend 6828.67 >= p75 6286.88
M0012,C000594,"Dormant,One-time",recency 191 >= 45; frequency == 1
M0012,C000702,"High Value,Loyal",total_spend 14481.65 >= p75 6286.88; frequency 6 >= 5
M0012,C000751,"Dormant,One-time",recency 190 >= 45; frequency == 1
M0012,C000628,"Dormant,One-time",recency 190 >= 45; frequency == 1
M0012,C000826,"Dormant,One-time",recency 190 >= 45; frequency == 1
M0012,C000429,Regular,no rule matched
M0012,C000697,Dormant,recency 143 >= 45
M0012,C000195,"Dormant,High Value",recency 102 >= 45; total_spend 9699.03 >= p75 6286.88
M0012,C000176,"Dormant,One-time",recency 187 >= 45; frequency == 1
M0012,C000080,"Dormant,High Value",recency 98 >= 45; total_spend 7668.00 >= p75 6286.88
M0012,C000186,"Dormant,High Value",recency 151 >= 45; total_spend 8047.00 >= p75 6286.88
M0012,C000141,"Dormant,One-time",recency 186 >= 45; frequency == 1
M0012,C000014,"Dormant,One-time",recency 182 >= 45; frequency == 1
M0012,C000106,"Dormant,One-time",recency 181 >= 45; frequency == 1
M0012,C000459,"Dormant,One-time",recency 180 >= 45; frequency == 1
M0012,C000676,Regular,no rule matched
M0012,C000719,"Dormant,One-time",recency 180 >= 45; frequency == 1
M0012,C000561,High Value,total_spend 6579.00 >= p75 6286.88
M0012,C000874,"High Value,Loyal",total_spend 18570.07 >= p75 6286.88; frequency 9 >= 5
M0012,C000832,Regular,no rule matched
M0012,C000173,"Dormant,One-time",recency 176 >= 45; frequency == 1
M0012,C000799,"Dormant,One-time",recency 175 >= 45; frequency == 1
M0012,C000001,"Dormant,One-time",recency 174 >= 45; frequency == 1
M0012,C000877,"Dormant,One-time",recency 172 >= 45; frequency == 1
M0012,C000445,"Dormant,One-time",recency 168 >= 45; frequency == 1
M0012,C000027,"Dormant,One-time",recency 166 >= 45; frequency == 1
M0012,C000162,"Dormant,High Value",recency 141 >= 45; total_spend 8150.00 >= p75 6286.88
M0012,C000790,Dormant,recency 133 >= 45
M0012,C000067,"Dormant,One-time",recency 161 >= 45; frequency == 1
M0012,C000055,"Dormant,One-time",recency 160 >= 45; frequency == 1
M0012,C000734,Regular,no rule matched
M0012,C000864,"Dormant,One-time",recency 157 >= 45; frequency == 1
M0012,C000089,"Dormant,One-time",recency 157 >= 45; frequency == 1
M0012,C000189,"Dormant,One-time",recency 152 >= 45; frequency == 1
M0012,C000722,"Dormant,One-time",recency 150 >= 45; frequency == 1
M0012,C000783,"Dormant,One-time",recency 149 >= 45; frequency == 1
M0012,C000617,"Dormant,One-time",recency 148 >= 45; frequency == 1
M0012,C000516,"Dormant,One-time",recency 147 >= 45; frequency == 1
M0012,C000808,Dormant,recency 103 >= 45
M0012,C000020,"Dormant,One-time",recency 144 >= 45; frequency == 1
M0012,C000156,"Dormant,One-time",recency 141 >= 45; frequency == 1
M0012,C000483,"Dormant,One-time",recency 136 >= 45; frequency == 1
M0012,C000900,"Dormant,One-time",recency 135 >= 45; frequency == 1
M0012,C000159,"Dormant,One-time",recency 129 >= 45; frequency == 1
M0012,C000108,Dormant,recency 125 >= 45
M0012,C000062,"Dormant,One-time",recency 127 >= 45; frequency == 1
M0012,C000680,High Value,total_spend 6492.86 >= p75 6286.88
M0012,C000042,High Value,total_spend 8349.30 >= p75 6286.88
M0012,C000569,"Dormant,One-time",recency 125 >= 45; frequency == 1
M0012,C000868,"Dormant,One-time",recency 122 >= 45; frequency == 1
M0012,C000738,Regular,no rule matched
M0012,C000879,Dormant,recency 58 >= 45
M0012,C000061,"Dormant,One-time",recency 118 >= 45; frequency == 1
M0012,C000490,Regular,no rule matched
M0012,C000422,"Dormant,One-time",recency 116 >= 45; frequency == 1
M0012,C000593,Regular,no rule matched
M0012,C000018,Dormant,recency 113 >= 45
M0012,C000385,Dormant,recency 63 >= 45
M0012,C000712,"Dormant,One-time",recency 114 >= 45; frequency == 1
M0012,C000047,"Dormant,One-time",recency 113 >= 45; frequency == 1
M0012,C000711,"Dormant,One-time",recency 112 >= 45; frequency == 1
M0012,C000074,"Dormant,One-time",recency 111 >= 45; frequency == 1
M0012,C000427,"Dormant,One-time",recency 110 >= 45; frequency == 1
M0012,C000893,Regular,no rule matched
M0012,C000500,"Dormant,One-time",recency 108 >= 45; frequency == 1
M0012,C000881,"Dormant,One-time",recency 102 >= 45; frequency == 1
M0012,C000005,"Dormant,One-time",recency 101 >= 45; frequency == 1
M0012,C000884,"Dormant,One-time",recency 100 >= 45; frequency == 1
M0012,C000895,"Dormant,One-time",recency 97 >= 45; frequency == 1
M0012,C000493,"Dormant,One-time",recency 96 >= 45; frequency == 1
M0012,C000035,"High Value,Loyal",total_spend 11382.53 >= p75 6286.88; frequency 6 >= 5
M0012,C000693,"Dormant,One-time",recency 94 >= 45; frequency == 1
M0012,C000225,Regular,no rule matched
M0012,C000725,"Dormant,One-time",recency 92 >= 45; frequency == 1
M0012,C000898,"Dormant,One-time",recency 92 >= 45; frequency == 1
M0012,C000467,"Dormant,One-time",recency 91 >= 45; frequency == 1
M0012,C000236,"Dormant,One-time",recency 90 >= 45; frequency == 1
M0012,C000836,"Dormant,One-time",recency 90 >= 45; frequency == 1
M0012,C000327,"Dormant,One-time",recency 89 >= 45; frequency == 1
M0012,C000202,Dormant,recency 51 >= 45
M0012,C000839,"Dormant,One-time",recency 82 >= 45; frequency == 1
M0012,C000858,High Value,total_spend 8992.29 >= p75 6286.88
M0012,C000875,"Dormant,One-time",recency 81 >= 45; frequency == 1
M0012,C000450,Regular,no rule matched
M0012,C000076,"Dormant,One-time",recency 77 >= 45; frequency == 1
M0012,C000043,"Dormant,One-time",recency 77 >= 45; frequency == 1
M0012,C000259,Regular,no rule matched
M0012,C000403,"Dormant,One-time",recency 75 >= 45; frequency == 1
M0012,C000234,"Dormant,One-time",recency 75 >= 45; frequency == 1
M0012,C000056,"Dormant,One-time",recency 75 >= 45; frequency == 1
M0012,C000003,"Dormant,One-time",recency 74 >= 45; frequency == 1
M0012,C000233,High Value,total_spend 6635.36 >= p75 6286.88
M0012,C000421,"Dormant,One-time",recency 73 >= 45; frequency == 1
M0012,C000204,"Dormant,One-time",recency 73 >= 45; frequency == 1
M0012,C000099,Dormant,recency 66 >= 45
M0012,C000243,Dormant,recency 57 >= 45
M0012,C000287,"Dormant,One-time",recency 69 >= 45; frequency == 1
M0012,C000847,"Dormant,One-time",recency 68 >= 45; frequency == 1
M0012,C000094,"Dormant,One-time",recency 66 >= 45; frequency == 1
M0012,C000238,Regular,no rule matched
M0012,C000339,"Dormant,One-time",recency 64 >= 45; frequency == 1
M0012,C000040,Regular,no rule matched
M0012,C000065,Regular,no rule matched
M0012,C000267,"Dormant,One-time",recency 61 >= 45; frequency == 1
M0012,C000870,"Dormant,One-time",recency 60 >= 45; frequency == 1
M0012,C000871,"Dormant,One-time",recency 59 >= 45; frequency == 1
M0012,C000846,High Value,total_spend 7546.38 >= p75 6286.88
M0012,C000024,Dormant,recency 45 >= 45
M0012,C000677,"Dormant,One-time",recency 54 >= 45; frequency == 1
M0012,C000010,"Dormant,One-time",recency 50 >= 45; frequency == 1
M0012,C000833,Regular,no rule matched
M0012,C000246,"Dormant,One-time",recency 46 >= 45; frequency == 1
M0012,C000558,Regular,no rule matched
M0012,C000852,One-time,frequency == 1
M0012,C000319,One-time,frequency == 1
M0012,C000241,One-time,frequency == 1
M0012,C000748,One-time,frequency == 1
M0012,C000646,One-time,frequency == 1
M0012,C000857,Regular,no rule matched
M0012,C000755,One-time,frequency == 1
M0012,C000053,One-time,frequency == 1
M0012,C000434,One-time,frequency == 1
M0012,C000892,One-time,frequency == 1
M0012,C000455,One-time,frequency == 1
M0012,C000444,One-time,frequency == 1
M0012,C000365,One-time,frequency == 1
M0012,C000448,One-time,frequency == 1
M0012,C000586,One-time,frequency == 1
M0012,C000084,One-time,frequency == 1
M0012,C000610,One-time,frequency == 1
M0012,C000843,Regular,no rule matched
M0012,C000091,One-time,frequency == 1
M0012,C000622,One-time,frequency == 1
M0012,C000596,One-time,frequency == 1
M0012,C000971,One-time,frequency == 1
M0012,C000603,One-time,frequency == 1
M0012,C000642,One-time,frequency == 1
M0012,C000545,One-time,frequency == 1
M0012,C000954,One-time,frequency == 1
M0012,C000216,One-time,frequency == 1
M0012,C000404,One-time,frequency == 1
M0012,C000559,One-time,frequency == 1
M0012,C000651,One-time,frequency == 1
M0012,C000885,One-time,frequency == 1
M0012,C000222,One-time,frequency == 1
M0012,C000077,One-time,frequency == 1
M0012,C000263,One-time,frequency == 1
M0012,C000289,One-time,frequency == 1
M0013,C000814,Dormant,recency 235 >= 45
M0013,C000671,Dormant,recency 73 >= 45
M0013,C000120,"Dormant,High Value,Loyal",recency 145 >= 45; total_spend 4910.20 >= p75 3106.22; frequency 8 >= 5
M0013,C000765,"Dormant,High Value,Loyal",recency 102 >= 45; total_spend 8529.63 >= p75 3106.22; frequency 21 >= 5
M0013,C000175,"Dormant,High Value,Loyal",recency 136 >= 45; total_spend 4078.75 >= p75 3106.22; frequency 9 >= 5
M0013,C000457,Dormant,recency 79 >= 45
M0013,C000800,"Dormant,High Value,Loyal",recency 82 >= 45; total_spend 11604.65 >= p75 3106.22; frequency 21 >= 5
M0013,C000777,"Dormant,High Value,Loyal",recency 102 >= 45; total_spend 12939.52 >= p75 3106.22; frequency 24 >= 5
M0013,C000185,"Dormant,High Value,Loyal",recency 120 >= 45; total_spend 8565.26 >= p75 3106.22; frequency 17 >= 5
M0013,C000449,"High Value,Loyal",total_spend 4495.04 >= p75 3106.22; frequency 11 >= 5
M0013,C000730,"High Value,Loyal",total_spend 6413.69 >= p75 3106.22; frequency 15 >= 5
M0013,C000037,"Dormant,High Value,Loyal",recency 117 >= 45; total_spend 9862.41 >= p75 3106.22; frequency 19 >= 5
M0013,C000830,"Dormant,High Value,Loyal",recency 95 >= 45; total_spend 11007.63 >= p75 3106.22; frequency 21 >= 5
M0013,C000833,"High Value,Loyal",total_spend 13887.94 >= p75 3106.22; frequency 22 >= 5
M0013,C000453,Dormant,recency 96 >= 45
M0013,C000803,Dormant,recency 173 >= 45
M0013,C000763,"Dormant,High Value,Loyal",recency 124 >= 45; total_spend 6717.09 >= p75 3106.22; frequency 13 >= 5
M0013,C000807,"Dormant,High Value,Loyal",recency 87 >= 45; total_spend 5862.93 >= p75 3106.22; frequency 16 >= 5
M0013,C000015,"High Value,Loyal",total_spend 8662.33 >= p75 3106.22; frequency 19 >= 5
M0013,C000183,"Dormant,High Value,Loyal",recency 163 >= 45; total_spend 5038.54 >= p75 3106.22; frequency 11 >= 5
M0013,C000026,"High Value,Loyal",total_spend 10532.60 >= p75 3106.22; frequency 22 >= 5
M0013,C000678,"High Value,Loyal",total_spend 6990.19 >= p75 3106.22; frequency 16 >= 5
M0013,C000113,"Dormant,One-time",recency 273 >= 45; frequency == 1
M0013,C000140,"Dormant,Loyal",recency 132 >= 45; frequency 6 >= 5
M0013,C000795,Dormant,recency 131 >= 45
M0013,C000022,Loyal,frequency 5 >= 5
M0013,C000100,"High Value,Loyal",total_spend 8351.41 >= p75 3106.22; frequency 8 >= 5
M0013,C000772,"Dormant,High Value,Loyal",recency 116 >= 45; total_spend 13567.02 >= p75 3106.22; frequency 26 >= 5
M0013,C000495,"High Value,Loyal",total_spend 3400.89 >= p75 3106.22; frequency 11 >= 5
M0013,C000746,Dormant,recency 49 >= 45
M0013,C000811,"Dormant,High Value,Loyal",recency 111 >= 45; total_spend 9214.65 >= p75 3106.22; frequency 16 >= 5
M0013,C000812,"Dormant,Loyal",recency 129 >= 45; frequency 6 >= 5
M0013,C000490,"High Value,Loyal",total_spend 5570.75 >= p75 3106.22; frequency 19 >= 5
M0013,C000682,"Dormant,One-time",recency 271 >= 45; frequency == 1
M0013,C000773,"Dormant,High Value,Loyal",recency 185 >= 45; total_spend 3110.18 >= p75 3106.22; frequency 6 >= 5
M0013,C000170,Dormant,recency 248 >= 45
M0013,C000790,Dormant,recency 132 >= 45
M0013,C000166,Dormant,recency 209 >= 45
M0013,C000741,Regular,no rule matched
M0013,C000799,"Dormant,High Value,Loyal",recency 119 >= 45; total_spend 7020.55 >= p75 3106.22; frequency 17 >= 5
M0013,C000069,"High Value,Loyal",total_spend 5980.04 >= p75 3106.22; frequency 7 >= 5
M0013,C000160,Dormant,recency 221 >= 45
M0013,C000761,"Dormant,High Value,Loyal",recency 107 >= 45; total_spend 4713.02 >= p75 3106.22; frequency 5 >= 5
M0013,C000770,"Dormant,High Value,Loyal",recency 94 >= 45; total_spend 7944.07 >= p75 3106.22; frequency 17 >= 5
M0013,C000191,"Dormant,High Value,Loyal",recency 132 >= 45; total_spend 4885.56 >= p75 3106.22; frequency 11 >= 5
M0013,C000767,Dormant,recency 183 >= 45
M0013,C000072,"High Value,Loyal",total_spend 12376.83 >= p75 3106.22; frequency 15 >= 5
M0013,C000425,"High Value,Loyal",total_spend 6389.04 >= p75 3106.22; frequency 19 >= 5
M0013,C000198,"High Value,Loyal",total_spend 9903.59 >= p75 3106.22; frequency 17 >= 5
M0013,C000828,"Dormant,High Value,Loyal",recency 103 >= 45; total_spend 5057.71 >= p75 3106.22; frequency 7 >= 5
M0013,C000142,"Dormant,Loyal",recency 180 >= 45; frequency 5 >= 5
M0013,C000846,"High Value,Loyal",total_spend 10130.82 >= p75 3106.22; frequency 22 >= 5
M0013,C000423,"High Value,Loyal",total_spend 4833.16 >= p75 3106.22; frequency 16 >= 5
M0013,C000804,Dormant,recency 129 >= 45
M0013,C000013,"High Value,Loyal",total_spend 12289.03 >= p75 3106.22; frequency 19 >= 5
M0013,C000172,"Dormant,High Value,Loyal",recency 149 >= 45; total_spend 5410.87 >= p75 3106.22; frequency 12 >= 5
M0013,C000690,Dormant,recency 72 >= 45
M0013,C000801,Dormant,recency 197 >= 45
M0013,C000098,"High Value,Loyal",total_spend 5993.95 >= p75 3106.22; frequency 16 >= 5
M0013,C000837,"High Value,Loyal",total_spend 13992.36 >= p75 3106.22; frequency 24 >= 5
M0013,C000819,"Dormant,High Value,Loyal",recency 64 >= 45; total_spend 4553.49 >= p75 3106.22; frequency 9 >= 5
M0013,C000441,Loyal,frequency 7 >= 5
M0013,C000710,Regular,no rule matched
M0013,C000188,"Dormant,High Value,Loyal",recency 139 >= 45; total_spend 5553.37 >= p75 3106.22; frequency 17 >= 5
M0013,C000122,"Dormant,High Value,Loyal",recency 124 >= 45; total_spend 6930.93 >= p75 3106.22; frequency 16 >= 5
M0013,C000002,Dormant,recency 154 >= 45
M0013,C000176,"Dormant,High Value,Loyal",recency 134 >= 45; total_spend 7957.16 >= p75 3106.22; frequency 13 >= 5
M0013,C000858,"High Value,Loyal",total_spend 5636.33 >= p75 3106.22; frequency 13 >= 5
M0013,C000430,Dormant,recency 150 >= 45
M0013,C000178,Dormant,recency 173 >= 45
M0013,C000715,Dormant,recency 110 >= 45
M0013,C000748,"High Value,Loyal",total_spend 5835.97 >= p75 3106.22; frequency 7 >= 5
M0013,C000823,"Dormant,High Value,Loyal",recency 110 >= 45; total_spend 12743.12 >= p75 3106.22; frequency 29 >= 5
M0013,C000153,"Dormant,High Value,Loyal",recency 127 >= 45; total_spend 4884.58 >= p75 3106.22; frequency 13 >= 5
M0013,C000791,Dormant,recency 213 >= 45
M0013,C000771,"Dormant,High Value,Loyal",recency 74 >= 45; total_spend 6707.12 >= p75 3106.22; frequency 13 >= 5
M0013,C000062,"High Value,Loyal",total_spend 3930.86 >= p75 3106.22; frequency 5 >= 5
M0013,C000438,Regular,no rule matched
M0013,C000844,High Value,total_spend 3547.49 >= p75 3106.22
M0013,C000749,"High Value,Loyal",total_spend 5929.00 >= p75 3106.22; frequency 11 >= 5
M0013,C000131,Dormant,recency 256 >= 45
M0013,C000050,"High Value,Loyal",total_spend 7267.96 >= p75 3106.22; frequency 19 >= 5
M0013,C000692,"Dormant,One-time",recency 256 >= 45; frequency == 1
M0013,C000007,Loyal,frequency 5 >= 5
M0013,C000673,"High Value,Loyal",total_spend 6678.41 >= p75 3106.22; frequency 14 >= 5
M0013,C000106,"Dormant,High Value,Loyal",recency 113 >= 45; total_spend 5357.59 >= p75 3106.22; frequency 5 >= 5
M0013,C000047,Dormant,recency 100 >= 45
M0013,C000167,Dormant,recency 181 >= 45
M0013,C000780,Dormant,recency 149 >= 45
M0013,C000787,Dormant,recency 205 >= 45
M0013,C000102,"Dormant,High Value,Loyal",recency 131 >= 45; total_spend 3153.75 >= p75 3106.22; frequency 8 >= 5
M0013,C000468,"Dormant,High Value,Loyal",recency 49 >= 45; total_spend 4714.84 >= p75 3106.22; frequency 15 >= 5
M0013,C000454,"High Value,Loyal",total_spend 5396.54 >= p75 3106.22; frequency 12 >= 5
M0013,C000784,Dormant,recency 132 >= 45
M0013,C000145,"Dormant,Loyal",recency 138 >= 45; frequency 6 >= 5
M0013,C000778,Dormant,recency 225 >= 45
M0013,C000821,"Dormant,High Value,Loyal",recency 106 >= 45; total_spend 10724.95 >= p75 3106.22; frequency 21 >= 5
M0013,C000154,Dormant,recency 200 >= 45
M0013,C000745,"High Value,Loyal",total_spend 6233.09 >= p75 3106.22; frequency 12 >= 5
M0013,C000948,"Dormant,One-time",recency 246 >= 45; frequency == 1
M0013,C000827,"Dormant,High Value,Loyal",recency 136 >= 45; total_spend 3106.22 >= p75 3106.22; frequency 6 >= 5
M0013,C000157,"Dormant,One-time",recency 246 >= 45; frequency == 1
M0013,C000646,"Dormant,One-time",recency 245 >= 45; frequency == 1
M0013,C000111,Dormant,recency 131 >= 45
M0013,C000707,"High Value,Loyal",total_spend 6956.76 >= p75 3106.22; frequency 14 >= 5
M0013,C000726,"High Value,Loyal",total_spend 4327.55 >= p75 3106.22; frequency 9 >= 5
M0013,C000766,"Dormant,Loyal",recency 165 >= 45; frequency 6 >= 5
M0013,C000194,"Dormant,One-time",recency 242 >= 45; frequency == 1
M0013,C000808,Dormant,recency 225 >= 45
M0013,C000884,"High Value,Loyal",total_spend 5414.82 >= p75 3106.22; frequency 10 >= 5
M0013,C000045,"Dormant,One-time",recency 240 >= 45; frequency == 1
M0013,C000813,Dormant,recency 215 >= 45
M0013,C000016,"High Value,Loyal",total_spend 10963.92 >= p75 3106.22; frequency 22 >= 5
M0013,C000904,"Dormant,One-time",recency 240 >= 45; frequency == 1
M0013,C000679,High Value,total_spend 3505.85 >= p75 3106.22
M0013,C000702,"High Value,Loyal",total_spend 10731.60 >= p75 3106.22; frequency 19 >= 5
M0013,C000088,"Dormant,One-time",recency 238 >= 45; frequency == 1
M0013,C000130,Dormant,recency 145 >= 45
M0013,C000816,"Dormant,Loyal",recency 107 >= 45; frequency 6 >= 5
M0013,C000044,Regular,no rule matched
M0013,C000435,"High Value,Loyal",total_spend 3972.94 >= p75 3106.22; frequency 14 >= 5
M0013,C000687,"Dormant,One-time",recency 231 >= 45; frequency == 1
M0013,C000118,"Dormant,One-time",recency 229 >= 45; frequency == 1
M0013,C000156,Dormant,recency 209 >= 45
M0013,C000927,"Dormant,One-time",recency 228 >= 45; frequency == 1
M0013,C000825,Dormant,recency 192 >= 45
M0013,C000052,Dormant,recency 142 >= 45
M0013,C000775,Dormant,recency 179 >= 45
M0013,C000075,Dormant,recency 102 >= 45
M0013,C000070,Dormant,recency 52 >= 45
M0013,C000458,Dormant,recency 49 >= 45
M0013,C000135,"Dormant,One-time",recency 221 >= 45; frequency == 1
M0013,C000676,Dormant,recency 54 >= 45
M0013,C000168,"Dormant,One-time",recency 221 >= 45; frequency == 1
M0013,C000691,Dormant,recency 170 >= 45
M0013,C000107,Dormant,recency 176 >= 45
M0013,C000788,"Dormant,One-time",recency 219 >= 45; frequency == 1
M0013,C000893,Regular,no rule matched
M0013,C000127,"Dormant,One-time",recency 216 >= 45; frequency == 1
M0013,C000151,"Dormant,One-time",recency 216 >= 45; frequency == 1
M0013,C000841,Regular,no rule matched
M0013,C000163,Dormant,recency 170 >= 45
M0013,C000055,"Dormant,One-time",recency 212 >= 45; frequency == 1
M0013,C000147,"Dormant,One-time",recency 212 >= 45; frequency == 1
M0013,C000875,"High Value,Loyal",total_spend 6844.30 >= p75 3106.22; frequency 15 >= 5
M0013,C000125,"Dormant,One-time",recency 211 >= 45; frequency == 1
M0013,C000143,Dormant,recency 126 >= 45
M0013,C000291,"Dormant,One-time",recency 209 >= 45; frequency == 1
M0013,C000187,"Dormant,One-time",recency 208 >= 45; frequency == 1
M0013,C000764,"Dormant,One-time",recency 206 >= 45; frequency == 1
M0013,C000822,Dormant,recency 161 >= 45
M0013,C000038,"Dormant,One-time",recency 204 >= 45; frequency == 1
M0013,C000192,"Dormant,One-time",recency 203 >= 45; frequency == 1
M0013,C000092,Dormant,recency 63 >= 45
M0013,C000817,Dormant,recency 201 >= 45
M0013,C000029,Loyal,frequency 5 >= 5
M0013,C000032,"Dormant,Loyal",recency 147 >= 45; frequency 5 >= 5
M0013,C000851,Regular,no rule matched
M0013,C000053,Dormant,recency 90 >= 45
M0013,C000456,"Dormant,One-time",recency 197 >= 45; frequency == 1
M0013,C000483,Dormant,recency 104 >= 45
M0013,C000133,Dormant,recency 189 >= 45
M0013,C000085,Dormant,recency 80 >= 45
M0013,C000033,Dormant,recency 86 >= 45
M0013,C000864,"High Value,Loyal",total_spend 10112.70 >= p75 3106.22; frequency 15 >= 5
M0013,C000873,"High Value,Loyal",total_spend 5205.55 >= p75 3106.22; frequency 10 >= 5
M0013,C000199,Dormant,recency 116 >= 45
M0013,C000680,"High Value,Loyal",total_spend 3519.99 >= p75 3106.22; frequency 5 >= 5
M0013,C000793,"Dormant,One-time",recency 189 >= 45; frequency == 1
M0013,C000754,"Dormant,One-time",recency 188 >= 45; frequency == 1
M0013,C000027,Dormant,recency 134 >= 45
M0013,C000177,"Dormant,One-time",recency 185 >= 45; frequency == 1
M0013,C000470,Regular,no rule matched
M0013,C000023,"Dormant,Loyal",recency 50 >= 45; frequency 5 >= 5
M0013,C000136,Dormant,recency 130 >= 45
M0013,C000439,"Dormant,High Value,Loyal",recency 74 >= 45; total_spend 3767.65 >= p75 3106.22; frequency 5 >= 5
M0013,C000494,Regular,no rule matched
M0013,C000703,Loyal,frequency 5 >= 5
M0013,C000478,Dormant,recency 106 >= 45
M0013,C000700,"High Value,Loyal",total_spend 10047.43 >= p75 3106.22; frequency 10 >= 5
M0013,C000881,"Dormant,One-time",recency 173 >= 45; frequency == 1
M0013,C000091,"Dormant,One-time",recency 173 >= 45; frequency == 1
M0013,C000079,Regular,no rule matched
M0013,C000709,"Dormant,One-time",recency 170 >= 45; frequency == 1
M0013,C000482,"Dormant,One-time",recency 168 >= 45; frequency == 1
M0013,C000853,Regular,no rule matched
M0013,C000487,"Dormant,One-time",recency 167 >= 45; frequency == 1
M0013,C000558,Loyal,frequency 5 >= 5
M0013,C000149,Dormant,recency 147 >= 45
M0013,C000607,"Dormant,One-time",recency 165 >= 45; frequency == 1
M0013,C000129,"Dormant,One-time",recency 162 >= 45; frequency == 1
M0013,C000046,"Dormant,One-time",recency 162 >= 45; frequency == 1
M0013,C000847,"High Value,Loyal",total_spend 4229.71 >= p75 3106.22; frequency 5 >= 5
M0013,C000714,Dormant,recency 74 >= 45
M0013,C000880,Regular,no rule matched
M0013,C000134,"Dormant,One-time",recency 160 >= 45; frequency == 1
M0013,C000689,"Dormant,One-time",recency 160 >= 45; frequency == 1
M0013,C000479,"Dormant,One-time",recency 157 >= 45; frequency == 1
M0013,C000742,"Dormant,One-time",recency 157 >= 45; frequency == 1
M0013,C000889,"Dormant,One-time",recency 157 >= 45; frequency == 1
M0013,C000835,Dormant,recency 83 >= 45
M0013,C000124,"Dormant,One-time",recency 154 >= 45; frequency == 1
M0013,C000637,"Dormant,One-time",recency 154 >= 45; frequency == 1
M0013,C000036,"Dormant,One-time",recency 153 >= 45; frequency == 1
M0013,C000883,Regular,no rule matched
M0013,C000146,"Dormant,One-time",recency 151 >= 45; frequency == 1
M0013,C000469,"Dormant,One-time",recency 146 >= 45; frequency == 1
M0013,C000867,High Value,total_spend 3211.60 >= p75 3106.22
M0013,C000087,Dormant,recency 47 >= 45
M0013,C000751,Regular,no rule matched
M0013,C000491,Regular,no rule matched
M0013,C000444,"Dormant,One-time",recency 142 >= 45; frequency == 1
M0013,C000080,"Dormant,One-time",recency 142 >= 45; frequency == 1
M0013,C000011,"Dormant,One-time",recency 141 >= 45; frequency == 1
M0013,C000003,Dormant,recency 140 >= 45
M0013,C000056,Regular,no rule matched
M0013,C000042,"Dormant,One-time",recency 140 >= 45; frequency == 1
M0013,C000779,"Dormant,One-time",recency 139 >= 45; frequency == 1
M0013,C000189,Dormant,recency 133 >= 45
M0013,C000303,Dormant,recency 131 >= 45
M0013,C000066,"Dormant,One-time",recency 136 >= 45; frequency == 1
M0013,C000588,Regular,no rule matched
M0013,C000144,"Dormant,One-time",recency 133 >= 45; frequency == 1
M0013,C000708,"Dormant,One-time",recency 131 >= 45; frequency == 1
M0013,C000734,"Dormant,One-time",recency 129 >= 45; frequency == 1
M0013,C000451,"Dormant,One-time",recency 126 >= 45; frequency == 1
M0013,C000108,"Dormant,One-time",recency 126 >= 45; frequency == 1
M0013,C000446,Dormant,recency 55 >= 45
M0013,C000891,"Dormant,One-time",recency 125 >= 45; frequency == 1
M0013,C000471,"Dormant,One-time",recency 124 >= 45; frequency == 1
M0013,C000103,Regular,no rule matched
M0013,C000859,Loyal,frequency 5 >= 5
M0013,C000832,Regular,no rule matched
M0013,C000357,"Dormant,One-time",recency 114 >= 45; frequency == 1
M0013,C000195,"Dormant,One-time",recency 113 >= 45; frequency == 1
M0013,C000059,Regular,no rule matched
M0013,C000896,"Dormant,One-time",recency 109 >= 45; frequency == 1
M0013,C000436,"Dormant,One-time",recency 107 >= 45; frequency == 1
M0013,C000117,"Dormant,One-time",recency 104 >= 45; frequency == 1
M0013,C000450,"Dormant,One-time",recency 101 >= 45; frequency == 1
M0013,C000888,"Dormant,One-time",recency 97 >= 45; frequency == 1
M0013,C000020,"Dormant,One-time",recency 89 >= 45; frequency == 1
M0013,C000852,"Dormant,One-time",recency 88 >= 45; frequency == 1
M0013,C000713,Dormant,recency 62 >= 45
M0013,C000274,Regular,no rule matched
M0013,C000386,Regular,no rule matched
M0013,C000214,Regular,no rule matched
M0013,C000001,Regular,no rule matched
M0013,C000420,"Dormant,One-time",recency 75 >= 45; frequency == 1
M0013,C000387,"Dormant,One-time",recency 71 >= 45; frequency == 1
M0013,C000865,Regular,no rule matched
M0013,C000216,"Dormant,One-time",recency 64 >= 45; frequency == 1
M0013,C000684,"Dormant,One-time",recency 62 >= 45; frequency == 1
M0013,C000254,Regular,no rule matched
M0013,C000579,Regular,no rule matched
M0013,C000613,Dormant,recency 54 >= 45
M0013,C000426,Regular,no rule matched
M0013,C000318,"Dormant,One-time",recency 53 >= 45; frequency == 1
M0013,C000241,"High Value,Loyal",total_spend 3664.71 >= p75 3106.22; frequency 5 >= 5
M0013,C000431,Regular,no rule matched
M0013,C000236,Regular,no rule matched
M0013,C000497,"Dormant,One-time",recency 47 >= 45; frequency == 1
M0013,C000556,Loyal,frequency 5 >= 5
M0013,C000462,Regular,no rule matched
M0013,C000275,Regular,no rule matched
M0013,C000017,Regular,no rule matched
M0013,C000395,One-time,frequency == 1
M0013,C000246,Regular,no rule matched
M0013,C000849,Regular,no rule matched
M0013,C000897,One-time,frequency == 1
M0013,C000465,One-time,frequency == 1
M0013,C000724,One-time,frequency == 1
M0013,C000262,Regular,no rule matched
M0013,C000051,Regular,no rule matched
M0013,C000599,Regular,no rule matched
M0013,C000617,One-time,frequency == 1
M0013,C000263,Regular,no rule matched
M0013,C000486,Regular,no rule matched
M0013,C000366,One-time,frequency == 1
M0013,C000061,Regular,no rule matched
M0013,C000962,One-time,frequency == 1
M0013,C000256,One-time,frequency == 1
M0013,C000257,One-time,frequency == 1
M0013,C000093,One-time,frequency == 1
M0013,C000899,One-time,frequency == 1
M0013,C000631,One-time,frequency == 1
M0013,C000203,One-time,frequency == 1
M0013,C000206,One-time,frequency == 1
M0013,C000228,One-time,frequency == 1
M0013,C000601,One-time,frequency == 1
M0013,C000496,One-time,frequency == 1
M0013,C000398,One-time,frequency == 1
M0013,C000635,One-time,frequency == 1
M0013,C000064,One-time,frequency == 1
M0013,C000892,One-time,frequency == 1
M0013,C000595,One-time,frequency == 1
M0013,C000065,One-time,frequency == 1
M0013,C000963,One-time,frequency == 1
M0013,C000242,One-time,frequency == 1
M0014,C000798,Dormant,recency 144 >= 45
M0014,C000075,"High Value,Loyal",total_spend 10538.12 >= p75 6109.79; frequency 7 >= 5
M0014,C000761,"Dormant,High Value,Loyal",recency 140 >= 45; total_spend 8560.00 >= p75 6109.79; frequency 6 >= 5
M0014,C000076,Dormant,recency 56 >= 45
M0014,C000936,"Dormant,High Value,Loyal",recency 179 >= 45; total_spend 9284.27 >= p75 6109.79; frequency 5 >= 5
M0014,C000049,"High Value,Loyal",total_spend 18465.13 >= p75 6109.79; frequency 9 >= 5
M0014,C000116,"Dormant,High Value,Loyal",recency 140 >= 45; total_spend 10701.00 >= p75 6109.79; frequency 7 >= 5
M0014,C000012,"Dormant,High Value",recency 149 >= 45; total_spend 6878.00 >= p75 6109.79
M0014,C000438,"Dormant,One-time",recency 274 >= 45; frequency == 1
M0014,C000028,Dormant,recency 225 >= 45
M0014,C000738,Dormant,recency 121 >= 45
M0014,C000193,"Dormant,High Value,Loyal",recency 141 >= 45; total_spend 13684.06 >= p75 6109.79; frequency 7 >= 5
M0014,C000794,"Dormant,High Value,Loyal",recency 113 >= 45; total_spend 28590.43 >= p75 6109.79; frequency 16 >= 5
M0014,C000190,"Dormant,High Value,Loyal",recency 136 >= 45; total_spend 10821.90 >= p75 6109.79; frequency 6 >= 5
M0014,C000898,"High Value,Loyal",total_spend 33718.35 >= p75 6109.79; frequency 19 >= 5
M0014,C000183,Dormant,recency 147 >= 45
M0014,C000008,Dormant,recency 50 >= 45
M0014,C000894,Dormant,recency 127 >= 45
M0014,C000186,Dormant,recency 134 >= 45
M0014,C000814,"Dormant,High Value,Loyal",recency 78 >= 45; total_spend 26691.15 >= p75 6109.79; frequency 16 >= 5
M0014,C000197,"Dormant,High Value,Loyal",recency 125 >= 45; total_spend 16032.30 >= p75 6109.79; frequency 9 >= 5
M0014,C000117,"Dormant,High Value,Loyal",recency 95 >= 45; total_spend 15066.80 >= p75 6109.79; frequency 7 >= 5
M0014,C000784,"Dormant,High Value,Loyal",recency 201 >= 45; total_spend 9446.00 >= p75 6109.79; frequency 6 >= 5
M0014,C000764,"Dormant,High Value",recency 211 >= 45; total_spend 6446.90 >= p75 6109.79
M0014,C000425,"Dormant,High Value,Loyal",recency 89 >= 45; total_spend 6178.70 >= p75 6109.79; frequency 5 >= 5
M0014,C000775,Dormant,recency 252 >= 45
M0014,C000944,Dormant,recency 263 >= 45
M0014,C000045,Regular,no rule matched
M0014,C000115,"Dormant,High Value,Loyal",recency 164 >= 45; total_spend 11554.28 >= p75 6109.79; frequency 8 >= 5
M0014,C000751,"Dormant,High Value,Loyal",recency 60 >= 45; total_spend 18683.68 >= p75 6109.79; frequency 10 >= 5
M0014,C000691,Dormant,recency 96 >= 45
M0014,C000179,"Dormant,High Value,Loyal",recency 125 >= 45; total_spend 26503.25 >= p75 6109.79; frequency 14 >= 5
M0014,C000170,"Dormant,High Value,Loyal",recency 156 >= 45; total_spend 7596.19 >= p75 6109.79; frequency 6 >= 5
M0014,C000132,Dormant,recency 124 >= 45
M0014,C000052,"Dormant,High Value,Loyal",recency 84 >= 45; total_spend 8499.58 >= p75 6109.79; frequency 6 >= 5
M0014,C000772,Dormant,recency 115 >= 45
M0014,C000684,Dormant,recency 190 >= 45
M0014,C000089,"Dormant,High Value,Loyal",recency 132 >= 45; total_spend 12125.98 >= p75 6109.79; frequency 6 >= 5
M0014,C000007,Dormant,recency 103 >= 45
M0014,C000058,"Dormant,One-time",recency 264 >= 45; frequency == 1
M0014,C000200,Dormant,recency 206 >= 45
M0014,C000436,Regular,no rule matched
M0014,C000082,"Dormant,Loyal",recency 243 >= 45; frequency 5 >= 5
M0014,C000721,Regular,no rule matched
M0014,C000804,Dormant,recency 107 >= 45
M0014,C000022,"High Value,Loyal",total_spend 25497.03 >= p75 6109.79; frequency 14 >= 5
M0014,C000613,High Value,total_spend 8246.00 >= p75 6109.79
M0014,C000061,"Dormant,High Value",recency 115 >= 45; total_spend 6710.58 >= p75 6109.79
M0014,C000426,Dormant,recency 172 >= 45
M0014,C000765,"Dormant,High Value",recency 131 >= 45; total_spend 7627.59 >= p75 6109.79
M0014,C000926,"Dormant,One-time",recency 260 >= 45; frequency == 1
M0014,C000940,Dormant,recency 198 >= 45
M0014,C000495,Dormant,recency 113 >= 45
M0014,C000083,"High Value,Loyal",total_spend 19089.84 >= p75 6109.79; frequency 10 >= 5
M0014,C000119,"Dormant,One-time",recency 259 >= 45; frequency == 1
M0014,C000150,Dormant,recency 176 >= 45
M0014,C000904,Dormant,recency 251 >= 45
M0014,C000171,"Dormant,High Value,Loyal",recency 178 >= 45; total_spend 8307.54 >= p75 6109.79; frequency 6 >= 5
M0014,C000913,"Dormant,One-time",recency 258 >= 45; frequency == 1
M0014,C000789,"Dormant,High Value,Loyal",recency 112 >= 45; total_spend 15242.36 >= p75 6109.79; frequency 10 >= 5
M0014,C000141,"Dormant,High Value,Loyal",recency 138 >= 45; total_spend 8320.08 >= p75 6109.79; frequency 7 >= 5
M0014,C000681,"Dormant,High Value,Loyal",recency 120 >= 45; total_spend 6887.14 >= p75 6109.79; frequency 5 >= 5
M0014,C000160,Dormant,recency 213 >= 45
M0014,C000019,"High Value,Loyal",total_spend 10414.54 >= p75 6109.79; frequency 7 >= 5
M0014,C000762,Dormant,recency 127 >= 45
M0014,C000910,Dormant,recency 249 >= 45
M0014,C000010,"High Value,Loyal",total_spend 25581.39 >= p75 6109.79; frequency 13 >= 5
M0014,C000079,"High Value,Loyal",total_spend 22657.50 >= p75 6109.79; frequency 13 >= 5
M0014,C000730,"Dormant,High Value,Loyal",recency 67 >= 45; total_spend 11694.84 >= p75 6109.79; frequency 6 >= 5
M0014,C000471,Loyal,frequency 6 >= 5
M0014,C000494,Dormant,recency 56 >= 45
M0014,C000093,"High Value,Loyal",total_spend 20162.00 >= p75 6109.79; frequency 11 >= 5
M0014,C000020,"High Value,Loyal",total_spend 8928.90 >= p75 6109.79; frequency 6 >= 5
M0014,C000166,"Dormant,High Value",recency 150 >= 45; total_spend 7402.00 >= p75 6109.79
M0014,C000703,"Dormant,One-time",recency 249 >= 45; frequency == 1
M0014,C000735,"Dormant,One-time",recency 249 >= 45; frequency == 1
M0014,C000492,Dormant,recency 92 >= 45
M0014,C000133,Dormant,recency 171 >= 45
M0014,C000806,"Dormant,One-time",recency 249 >= 45; frequency == 1
M0014,C000745,Regular,no rule matched
M0014,C000679,Dormant,recency 176 >= 45
M0014,C000113,"Dormant,High Value,Loyal",recency 115 >= 45; total_spend 16119.00 >= p75 6109.79; frequency 8 >= 5
M0014,C000090,"High Value,Loyal",total_spend 12183.61 >= p75 6109.79; frequency 8 >= 5
M0014,C000107,"Dormant,High Value",recency 187 >= 45; total_spend 6146.60 >= p75 6109.79
M0014,C000770,Dormant,recency 216 >= 45
M0014,C000016,"Dormant,High Value,Loyal",recency 82 >= 45; total_spend 10429.10 >= p75 6109.79; frequency 5 >= 5
M0014,C000144,Dormant,recency 189 >= 45
M0014,C000827,"Dormant,One-time",recency 244 >= 45; frequency == 1
M0014,C000124,"Dormant,High Value,Loyal",recency 101 >= 45; total_spend 14146.56 >= p75 6109.79; frequency 9 >= 5
M0014,C000105,Dormant,recency 153 >= 45
M0014,C000057,High Value,total_spend 6619.43 >= p75 6109.79
M0014,C000435,Dormant,recency 53 >= 45
M0014,C000834,"High Value,Loyal",total_spend 14365.96 >= p75 6109.79; frequency 7 >= 5
M0014,C000047,"Dormant,One-time",recency 240 >= 45; frequency == 1
M0014,C000734,"Dormant,High Value,Loyal",recency 101 >= 45; total_spend 8790.49 >= p75 6109.79; frequency 6 >= 5
M0014,C000823,"Dormant,High Value,Loyal",recency 197 >= 45; total_spend 8608.00 >= p75 6109.79; frequency 5 >= 5
M0014,C000456,"Dormant,High Value,Loyal",recency 149 >= 45; total_spend 14678.71 >= p75 6109.79; frequency 7 >= 5
M0014,C000143,"Dormant,High Value",recency 218 >= 45; total_spend 8585.00 >= p75 6109.79
M0014,C000488,Dormant,recency 98 >= 45
M0014,C000189,Dormant,recency 161 >= 45
M0014,C000700,"High Value,Loyal",total_spend 11171.00 >= p75 6109.79; frequency 6 >= 5
M0014,C000024,"Dormant,One-time",recency 234 >= 45; frequency == 1
M0014,C000715,Dormant,recency 204 >= 45
M0014,C000733,"Dormant,One-time",recency 234 >= 45; frequency == 1
M0014,C000152,"Dormant,High Value,Loyal",recency 128 >= 45; total_spend 17842.78 >= p75 6109.79; frequency 10 >= 5
M0014,C000785,"Dormant,One-time",recency 233 >= 45; frequency == 1
M0014,C000932,Dormant,recency 175 >= 45
M0014,C000154,"Dormant,One-time",recency 232 >= 45; frequency == 1
M0014,C000816,Dormant,recency 128 >= 45
M0014,C000835,"High Value,Loyal",total_spend 10162.18 >= p75 6109.79; frequency 5 >= 5
M0014,C000824,"Dormant,High Value",recency 95 >= 45; total_spend 6235.00 >= p75 6109.79
M0014,C000112,"Dormant,High Value,Loyal",recency 110 >= 45; total_spend 18371.34 >= p75 6109.79; frequency 11 >= 5
M0014,C000135,"Dormant,High Value",recency 145 >= 45; total_spend 7537.00 >= p75 6109.79
M0014,C000015,"High Value,Loyal",total_spend 9597.42 >= p75 6109.79; frequency 5 >= 5
M0014,C000845,Dormant,recency 90 >= 45
M0014,C000682,"Dormant,High Value",recency 72 >= 45; total_spend 6165.88 >= p75 6109.79
M0014,C000469,Regular,no rule matched
M0014,C000017,Dormant,recency 96 >= 45
M0014,C000013,"Dormant,High Value",recency 75 >= 45; total_spend 7624.13 >= p75 6109.79
M0014,C000909,Dormant,recency 223 >= 45
M0014,C000697,"Dormant,One-time",recency 225 >= 45; frequency == 1
M0014,C000085,"High Value,Loyal",total_spend 32211.83 >= p75 6109.79; frequency 17 >= 5
M0014,C000185,Dormant,recency 144 >= 45
M0014,C000033,"Dormant,High Value",recency 205 >= 45; total_spend 6540.00 >= p75 6109.79
M0014,C000726,"Dormant,One-time",recency 221 >= 45; frequency == 1
M0014,C000499,Dormant,recency 177 >= 45
M0014,C000430,Dormant,recency 119 >= 45
M0014,C000828,Dormant,recency 152 >= 45
M0014,C000819,Dormant,recency 182 >= 45
M0014,C000126,"Dormant,One-time",recency 215 >= 45; frequency == 1
M0014,C000849,"High Value,Loyal",total_spend 20775.25 >= p75 6109.79; frequency 12 >= 5
M0014,C000744,"Dormant,One-time",recency 214 >= 45; frequency == 1
M0014,C000191,Dormant,recency 204 >= 45
M0014,C000463,"Dormant,One-time",recency 214 >= 45; frequency == 1
M0014,C000757,"Dormant,One-time",recency 214 >= 45; frequency == 1
M0014,C000883,Dormant,recency 131 >= 45
M0014,C000574,"High Value,Loyal",total_spend 6109.79 >= p75 6109.79; frequency 6 >= 5
M0014,C000118,Dormant,recency 192 >= 45
M0014,C000797,"Dormant,One-time",recency 208 >= 45; frequency == 1
M0014,C000809,Dormant,recency 175 >= 45
M0014,C000466,Dormant,recency 177 >= 45
M0014,C000041,Dormant,recency 166 >= 45
M0014,C000100,"Dormant,One-time",recency 204 >= 45; frequency == 1
M0014,C000885,Regular,no rule matched
M0014,C000841,"Dormant,High Value,Loyal",recency 112 >= 45; total_spend 8946.54 >= p75 6109.79; frequency 5 >= 5
M0014,C000454,Dormant,recency 155 >= 45
M0014,C000103,"Dormant,One-time",recency 201 >= 45; frequency == 1
M0014,C000795,"Dormant,One-time",recency 199 >= 45; frequency == 1
M0014,C000140,"Dormant,One-time",recency 199 >= 45; frequency == 1
M0014,C000808,Dormant,recency 97 >= 45
M0014,C000479,"Dormant,One-time",recency 196 >= 45; frequency == 1
M0014,C000864,"High Value,Loyal",total_spend 11815.44 >= p75 6109.79; frequency 6 >= 5
M0014,C000131,"Dormant,One-time",recency 194 >= 45; frequency == 1
M0014,C000063,"Dormant,One-time",recency 193 >= 45; frequency == 1
M0014,C000096,Regular,no rule matched
M0014,C000597,High Value,total_spend 6401.00 >= p75 6109.79
M0014,C000460,Regular,no rule matched
M0014,C000551,"Dormant,One-time",recency 190 >= 45; frequency == 1
M0014,C000777,Dormant,recency 105 >= 45
M0014,C000698,Regular,no rule matched
M0014,C000496,Dormant,recency 79 >= 45
M0014,C000810,Dormant,recency 164 >= 45
M0014,C000857,"High Value,Loyal",total_spend 11861.34 >= p75 6109.79; frequency 6 >= 5
M0014,C000291,"Dormant,One-time",recency 186 >= 45; frequency == 1
M0014,C000801,Dormant,recency 104 >= 45
M0014,C000769,"Dormant,One-time",recency 185 >= 45; frequency == 1
M0014,C000754,"Dormant,One-time",recency 185 >= 45; frequency == 1
M0014,C000850,"Dormant,One-time",recency 185 >= 45; frequency == 1
M0014,C000673,Dormant,recency 79 >= 45
M0014,C000598,High Value,total_spend 6787.43 >= p75 6109.79
M0014,C000711,"Dormant,One-time",recency 180 >= 45; frequency == 1
M0014,C000161,"Dormant,One-time",recency 180 >= 45; frequency == 1
M0014,C000881,High Value,total_spend 9912.00 >= p75 6109.79
M0014,C000027,Regular,no rule matched
M0014,C000896,"Dormant,High Value",recency 96 >= 45; total_spend 7590.07 >= p75 6109.79
M0014,C000428,Dormant,recency 80 >= 45
M0014,C000580,"Dormant,One-time",recency 175 >= 45; frequency == 1
M0014,C000453,"Dormant,One-time",recency 174 >= 45; frequency == 1
M0014,C000893,Dormant,recency 134 >= 45
M0014,C000158,"Dormant,One-time",recency 174 >= 45; frequency == 1
M0014,C000713,"High Value,Loyal",total_spend 7229.99 >= p75 6109.79; frequency 5 >= 5
M0014,C000838,"High Value,Loyal",total_spend 25473.16 >= p75 6109.79; frequency 17 >= 5
M0014,C000182,Dormant,recency 111 >= 45
M0014,C000709,Dormant,recency 166 >= 45
M0014,C000101,"Dormant,One-time",recency 166 >= 45; frequency == 1
M0014,C000109,"Dormant,One-time",recency 165 >= 45; frequency == 1
M0014,C000831,"Dormant,One-time",recency 164 >= 45; frequency == 1
M0014,C000552,"High Value,Loyal",total_spend 7888.88 >= p75 6109.79; frequency 6 >= 5
M0014,C000175,"Dormant,One-time",recency 163 >= 45; frequency == 1
M0014,C000701,"Dormant,One-time",recency 160 >= 45; frequency == 1
M0014,C000196,"Dormant,One-time",recency 160 >= 45; frequency == 1
M0014,C000044,"High Value,Loyal",total_spend 12760.35 >= p75 6109.79; frequency 5 >= 5
M0014,C000839,Dormant,recency 107 >= 45
M0014,C000815,Dormant,recency 69 >= 45
M0014,C000155,"Dormant,One-time",recency 156 >= 45; frequency == 1
M0014,C000832,Regular,no rule matched
M0014,C000872,"High Value,Loyal",total_spend 15346.53 >= p75 6109.79; frequency 10 >= 5
M0014,C000788,"Dormant,One-time",recency 152 >= 45; frequency == 1
M0014,C000104,"Dormant,One-time",recency 152 >= 45; frequency == 1
M0014,C000316,"Dormant,One-time",recency 152 >= 45; frequency == 1
M0014,C000675,"Dormant,One-time",recency 150 >= 45; frequency == 1
M0014,C000507,"Dormant,One-time",recency 149 >= 45; frequency == 1
M0014,C000296,"Dormant,One-time",recency 147 >= 45; frequency == 1
M0014,C000609,"Dormant,One-time",recency 145 >= 45; frequency == 1
M0014,C000137,"Dormant,One-time",recency 145 >= 45; frequency == 1
M0014,C000766,"Dormant,One-time",recency 144 >= 45; frequency == 1
M0014,C000566,High Value,total_spend 7080.06 >= p75 6109.79
M0014,C000860,"Dormant,One-time",recency 144 >= 45; frequency == 1
M0014,C000447,Regular,no rule matched
M0014,C000094,Regular,no rule matched
M0014,C000791,"Dormant,One-time",recency 142 >= 45; frequency == 1
M0014,C000026,Dormant,recency 68 >= 45
M0014,C000006,Dormant,recency 82 >= 45
M0014,C000753,"Dormant,One-time",recency 138 >= 45; frequency == 1
M0014,C000360,"Dormant,One-time",recency 137 >= 45; frequency == 1
M0014,C000844,"Dormant,One-time",recency 136 >= 45; frequency == 1
M0014,C000811,"Dormant,One-time",recency 136 >= 45; frequency == 1
M0014,C000887,"High Value,Loyal",total_spend 10573.57 >= p75 6109.79; frequency 6 >= 5
M0014,C000178,Dormant,recency 125 >= 45
M0014,C000778,"Dormant,One-time",recency 134 >= 45; frequency == 1
M0014,C000588,Dormant,recency 72 >= 45
M0014,C000475,"Dormant,One-time",recency 130 >= 45; frequency == 1
M0014,C000624,Regular,no rule matched
M0014,C000890,"Dormant,High Value",recency 74 >= 45; total_spend 6457.00 >= p75 6109.79
M0014,C000587,"Dormant,One-time",recency 127 >= 45; frequency == 1
M0014,C000139,"Dormant,One-time",recency 126 >= 45; frequency == 1
M0014,C000716,"Dormant,One-time",recency 126 >= 45; frequency == 1
M0014,C000421,Regular,no rule matched
M0014,C000836,"High Value,Loyal",total_spend 17753.66 >= p75 6109.79; frequency 11 >= 5
M0014,C000480,"Dormant,One-time",recency 124 >= 45; frequency == 1
M0014,C000365,Regular,no rule matched
M0014,C000723,Dormant,recency 121 >= 45
M0014,C000877,"Dormant,One-time",recency 122 >= 45; frequency == 1
M0014,C000004,"Dormant,One-time",recency 119 >= 45; frequency == 1
M0014,C000685,Dormant,recency 72 >= 45
M0014,C000411,Dormant,recency 58 >= 45
M0014,C000091,"Dormant,One-time",recency 117 >= 45; frequency == 1
M0014,C000332,"Dormant,One-time",recency 117 >= 45; frequency == 1
M0014,C000423,"Dormant,One-time",recency 116 >= 45; frequency == 1
M0014,C000875,Regular,no rule matched
M0014,C000821,"Dormant,One-time",recency 113 >= 45; frequency == 1
M0014,C000882,"Dormant,One-time",recency 113 >= 45; frequency == 1
M0014,C000055,Dormant,recency 75 >= 45
M0014,C000097,"Dormant,One-time",recency 111 >= 45; frequency == 1
M0014,C000863,High Value,total_spend 7881.19 >= p75 6109.79
M0014,C000198,Dormant,recency 68 >= 45
M0014,C000869,"High Value,Loyal",total_spend 27016.65 >= p75 6109.79; frequency 13 >= 5
M0014,C000157,"Dormant,One-time",recency 106 >= 45; frequency == 1
M0014,C000669,"Dormant,One-time",recency 102 >= 45; frequency == 1
M0014,C000030,"Dormant,One-time",recency 100 >= 45; frequency == 1
M0014,C000585,Regular,no rule matched
M0014,C000876,"Dormant,One-time",recency 99 >= 45; frequency == 1
M0014,C000432,Dormant,recency 69 >= 45
M0014,C000293,"Dormant,One-time",recency 99 >= 45; frequency == 1
M0014,C000889,Dormant,recency 76 >= 45
M0014,C000046,"Dormant,One-time",recency 98 >= 45; frequency == 1
M0014,C000418,Dormant,recency 76 >= 45
M0014,C000774,"Dormant,One-time",recency 92 >= 45; frequency == 1
M0014,C000378,Dormant,recency 79 >= 45
M0014,C000295,Dormant,recency 76 >= 45
M0014,C000634,"Dormant,One-time",recency 85 >= 45; frequency == 1
M0014,C000900,Regular,no rule matched
M0014,C000252,"Dormant,One-time",recency 80 >= 45; frequency == 1
M0014,C000459,"Dormant,One-time",recency 80 >= 45; frequency == 1
M0014,C000799,"Dormant,One-time",recency 77 >= 45; frequency == 1
M0014,C000235,"Dormant,One-time",recency 75 >= 45; frequency == 1
M0014,C000727,"Dormant,One-time",recency 73 >= 45; frequency == 1
M0014,C000068,"Dormant,One-time",recency 73 >= 45; frequency == 1
M0014,C000518,"Dormant,One-time",recency 73 >= 45; frequency == 1
M0014,C000051,Dormant,recency 58 >= 45
M0014,C000238,"Dormant,One-time",recency 71 >= 45; frequency == 1
M0014,C000266,"Dormant,One-time",recency 71 >= 45; frequency == 1
M0014,C000750,"Dormant,One-time",recency 70 >= 45; frequency == 1
M0014,C000409,"Dormant,One-time",recency 70 >= 45; frequency == 1
M0014,C000542,"Dormant,One-time",recency 69 >= 45; frequency == 1
M0014,C000213,"Dormant,One-time",recency 68 >= 45; frequency == 1
M0014,C000569,"Dormant,One-time",recency 62 >= 45; frequency == 1
M0014,C000407,"Dormant,One-time",recency 61 >= 45; frequency == 1
M0014,C000224,"Dormant,One-time",recency 61 >= 45; frequency == 1
M0014,C000855,Dormant,recency 47 >= 45
M0014,C000226,Regular,no rule matched
M0014,C000755,"Dormant,One-time",recency 58 >= 45; frequency == 1
M0014,C000216,"Dormant,One-time",recency 56 >= 45; frequency == 1
M0014,C000457,"Dormant,One-time",recency 55 >= 45; frequency == 1
M0014,C000259,"Dormant,One-time",recency 50 >= 45; frequency == 1
M0014,C000236,Regular,no rule matched
M0014,C000571,One-time,frequency == 1
M0014,C000074,One-time,frequency == 1
M0014,C000204,Regular,no rule matched
M0014,C000245,One-time,frequency == 1
M0014,C000230,High Value,total_spend 9156.00 >= p75 6109.79
M0014,C000461,One-time,frequency == 1
M0014,C000031,One-time,frequency == 1
M0014,C000274,One-time,frequency == 1
M0014,C000433,One-time,frequency == 1
M0014,C000396,One-time,frequency == 1
M0014,C000740,One-time,frequency == 1
M0014,C000610,Regular,no rule matched
M0014,C000874,One-time,frequency == 1
M0014,C000756,One-time,frequency == 1
M0014,C000694,One-time,frequency == 1
M0014,C000383,One-time,frequency == 1
M0014,C000080,One-time,frequency == 1
M0014,C000263,One-time,frequency == 1
M0014,C000288,One-time,frequency == 1
M0014,C000603,One-time,frequency == 1
M0014,C000066,One-time,frequency == 1
M0014,C000527,One-time,frequency == 1
M0014,C000627,High Value,total_spend 7836.05 >= p75 6109.79
M0014,C000654,One-time,frequency == 1
M0014,C000231,One-time,frequency == 1
M0014,C000452,One-time,frequency == 1
M0014,C000368,One-time,frequency == 1
M0014,C000440,One-time,frequency == 1
M0014,C000952,One-time,frequency == 1
M0014,C000655,Regular,no rule matched
M0014,C000273,One-time,frequency == 1
M0014,C000491,One-time,frequency == 1
M0014,C000591,One-time,frequency == 1
M0014,C000227,One-time,frequency == 1
M0014,C000040,One-time,frequency == 1
M0014,C000473,Regular,no rule matched
M0014,C000429,One-time,frequency == 1
M0014,C000277,One-time,frequency == 1
M0014,C000854,One-time,frequency == 1
M0014,C000867,One-time,frequency == 1
M0015,C000155,"Dormant,One-time",recency 275 >= 45; frequency == 1
M0015,C000820,"High Value,Loyal",total_spend 24447.99 >= p75 17488.00; frequency 6 >= 5
M0015,C000138,"Dormant,One-time",recency 275 >= 45; frequency == 1
M0015,C000050,"High Value,Loyal",total_spend 60975.14 >= p75 17488.00; frequency 13 >= 5
M0015,C000902,"Dormant,One-time",recency 274 >= 45; frequency == 1
M0015,C000065,"Dormant,High Value",recency 220 >= 45; total_spend 21983.72 >= p75 17488.00
M0015,C000808,"Dormant,High Value,Loyal",recency 112 >= 45; total_spend 23429.26 >= p75 17488.00; frequency 5 >= 5
M0015,C000943,"Dormant,High Value",recency 208 >= 45; total_spend 19676.75 >= p75 17488.00
M0015,C000080,Regular,no rule matched
M0015,C000476,Regular,no rule matched
M0015,C000707,"High Value,Loyal",total_spend 29777.00 >= p75 17488.00; frequency 5 >= 5
M0015,C000818,Dormant,recency 231 >= 45
M0015,C000188,"High Value,Loyal",total_spend 36434.09 >= p75 17488.00; frequency 6 >= 5
M0015,C000783,"Dormant,High Value,Loyal",recency 137 >= 45; total_spend 29462.99 >= p75 17488.00; frequency 7 >= 5
M0015,C000915,Dormant,recency 231 >= 45
M0015,C000795,"Dormant,High Value,Loyal",recency 112 >= 45; total_spend 27575.30 >= p75 17488.00; frequency 7 >= 5
M0015,C000681,"High Value,Loyal",total_spend 33258.28 >= p75 17488.00; frequency 6 >= 5
M0015,C000815,Dormant,recency 232 >= 45
M0015,C000748,"Dormant,One-time",recency 269 >= 45; frequency == 1
M0015,C000787,Dormant,recency 170 >= 45
M0015,C000763,"Dormant,High Value,Loyal",recency 97 >= 45; total_spend 60103.29 >= p75 17488.00; frequency 9 >= 5
M0015,C000804,Dormant,recency 154 >= 45
M0015,C000807,"Dormant,High Value",recency 174 >= 45; total_spend 22633.00 >= p75 17488.00
M0015,C000746,Dormant,recency 232 >= 45
M0015,C000737,High Value,total_spend 18068.00 >= p75 17488.00
M0015,C000464,"Dormant,One-time",recency 265 >= 45; frequency == 1
M0015,C000143,"Dormant,One-time",recency 265 >= 45; frequency == 1
M0015,C000799,"Dormant,High Value,Loyal",recency 117 >= 45; total_spend 30686.99 >= p75 17488.00; frequency 6 >= 5
M0015,C000131,"Dormant,One-time",recency 263 >= 45; frequency == 1
M0015,C000135,Dormant,recency 243 >= 45
M0015,C000039,"Dormant,High Value,Loyal",recency 50 >= 45; total_spend 39091.15 >= p75 17488.00; frequency 6 >= 5
M0015,C000790,"Dormant,High Value,Loyal",recency 149 >= 45; total_spend 35154.22 >= p75 17488.00; frequency 5 >= 5
M0015,C000133,"Dormant,High Value",recency 141 >= 45; total_spend 20956.12 >= p75 17488.00
M0015,C000443,"Dormant,One-time",recency 262 >= 45; frequency == 1
M0015,C000174,"High Value,Loyal",total_spend 17513.65 >= p75 17488.00; frequency 5 >= 5
M0015,C000187,Dormant,recency 144 >= 45
M0015,C000160,"Dormant,High Value",recency 194 >= 45; total_spend 18364.00 >= p75 17488.00
M0015,C000802,Dormant,recency 226 >= 45
M0015,C000114,"Dormant,High Value",recency 169 >= 45; total_spend 21910.47 >= p75 17488.00
M0015,C000487,"Dormant,One-time",recency 253 >= 45; frequency == 1
M0015,C000040,"Dormant,One-time",recency 253 >= 45; frequency == 1
M0015,C000165,Dormant,recency 187 >= 45
M0015,C000075,Dormant,recency 192 >= 45
M0015,C000679,"Dormant,High Value",recency 119 >= 45; total_spend 18157.00 >= p75 17488.00
M0015,C000073,"High Value,Loyal",total_spend 21368.39 >= p75 17488.00; frequency 5 >= 5
M0015,C000473,Dormant,recency 74 >= 45
M0015,C000460,Regular,no rule matched
M0015,C000739,"High Value,Loyal",total_spend 41916.05 >= p75 17488.00; frequency 7 >= 5
M0015,C000774,Dormant,recency 122 >= 45
M0015,C000766,Dormant,recency 166 >= 45
M0015,C000139,Dormant,recency 201 >= 45
M0015,C000772,"High Value,Loyal",total_spend 28110.78 >= p75 17488.00; frequency 7 >= 5
M0015,C000781,"Dormant,One-time",recency 244 >= 45; frequency == 1
M0015,C000092,"High Value,Loyal",total_spend 41542.23 >= p75 17488.00; frequency 7 >= 5
M0015,C000110,Dormant,recency 239 >= 45
M0015,C000917,"Dormant,One-time",recency 244 >= 45; frequency == 1
M0015,C000713,"High Value,Loyal",total_spend 23425.72 >= p75 17488.00; frequency 5 >= 5
M0015,C000146,"Dormant,One-time",recency 242 >= 45; frequency == 1
M0015,C000032,High Value,total_spend 19514.91 >= p75 17488.00
M0015,C000098,"Dormant,High Value",recency 202 >= 45; total_spend 21993.54 >= p75 17488.00
M0015,C000169,"Dormant,One-time",recency 241 >= 45; frequency == 1
M0015,C000192,"Dormant,One-time",recency 240 >= 45; frequency == 1
M0015,C000120,"Dormant,High Value",recency 146 >= 45; total_spend 24515.95 >= p75 17488.00
M0015,C000112,"Dormant,One-time",recency 239 >= 45; frequency == 1
M0015,C000172,Dormant,recency 165 >= 45
M0015,C000022,Dormant,recency 141 >= 45
M0015,C000127,Dormant,recency 115 >= 45
M0015,C000162,Dormant,recency 204 >= 45
M0015,C000423,Dormant,recency 86 >= 45
M0015,C000828,Dormant,recency 223 >= 45
M0015,C000195,"Dormant,One-time",recency 236 >= 45; frequency == 1
M0015,C000730,Dormant,recency 130 >= 45
M0015,C000175,"Dormant,High Value",recency 126 >= 45; total_spend 28635.00 >= p75 17488.00
M0015,C000710,"Dormant,High Value",recency 112 >= 45; total_spend 18009.63 >= p75 17488.00
M0015,C000122,"Dormant,High Value",recency 170 >= 45; total_spend 21957.22 >= p75 17488.00
M0015,C000922,"Dormant,One-time",recency 234 >= 45; frequency == 1
M0015,C000199,"Dormant,High Value,Loyal",recency 139 >= 45; total_spend 30888.00 >= p75 17488.00; frequency 5 >= 5
M0015,C000070,"Dormant,High Value",recency 104 >= 45; total_spend 18246.34 >= p75 17488.00
M0015,C000078,"High Value,Loyal",total_spend 32742.97 >= p75 17488.00; frequency 5 >= 5
M0015,C000034,High Value,total_spend 22851.96 >= p75 17488.00
M0015,C000741,"Dormant,One-time",recency 232 >= 45; frequency == 1
M0015,C000764,"Dormant,High Value",recency 95 >= 45; total_spend 27160.88 >= p75 17488.00
M0015,C000785,Dormant,recency 114 >= 45
M0015,C000007,"Dormant,High Value",recency 97 >= 45; total_spend 23218.69 >= p75 17488.00
M0015,C000769,"Dormant,High Value",recency 184 >= 45; total_spend 26269.46 >= p75 17488.00
M0015,C000923,"Dormant,One-time",recency 229 >= 45; frequency == 1
M0015,C000850,"Dormant,One-time",recency 229 >= 45; frequency == 1
M0015,C000099,"Dormant,High Value",recency 150 >= 45; total_spend 19825.00 >= p75 17488.00
M0015,C000150,"Dormant,High Value",recency 141 >= 45; total_spend 20478.91 >= p75 17488.00
M0015,C000806,"Dormant,High Value",recency 138 >= 45; total_spend 21319.17 >= p75 17488.00
M0015,C000180,"Dormant,One-time",recency 226 >= 45; frequency == 1
M0015,C000693,Regular,no rule matched
M0015,C000148,"Dormant,High Value,Loyal",recency 138 >= 45; total_spend 41187.71 >= p75 17488.00; frequency 8 >= 5
M0015,C000706,"High Value,Loyal",total_spend 33894.30 >= p75 17488.00; frequency 8 >= 5
M0015,C000083,High Value,total_spend 26752.00 >= p75 17488.00
M0015,C000081,Dormant,recency 142 >= 45
M0015,C000814,Dormant,recency 133 >= 45
M0015,C000780,Dormant,recency 146 >= 45
M0015,C000038,"Dormant,High Value,Loyal",recency 69 >= 45; total_spend 38116.29 >= p75 17488.00; frequency 6 >= 5
M0015,C000002,"High Value,Loyal",total_spend 42710.41 >= p75 17488.00; frequency 8 >= 5
M0015,C000053,Dormant,recency 201 >= 45
M0015,C000140,Dormant,recency 195 >= 45
M0015,C000775,"Dormant,High Value,Loyal",recency 139 >= 45; total_spend 28869.74 >= p75 17488.00; frequency 5 >= 5
M0015,C000166,"Dormant,One-time",recency 219 >= 45; frequency == 1
M0015,C000935,"Dormant,One-time",recency 219 >= 45; frequency == 1
M0015,C000159,"Dormant,One-time",recency 219 >= 45; frequency == 1
M0015,C000492,"Dormant,One-time",recency 217 >= 45; frequency == 1
M0015,C000025,Dormant,recency 112 >= 45
M0015,C000147,Dormant,recency 113 >= 45
M0015,C000824,Dormant,recency 140 >= 45
M0015,C000004,"High Value,Loyal",total_spend 28909.98 >= p75 17488.00; frequency 5 >= 5
M0015,C000826,Dormant,recency 181 >= 45
M0015,C000661,"Dormant,One-time",recency 215 >= 45; frequency == 1
M0015,C000691,Regular,no rule matched
M0015,C000672,"High Value,Loyal",total_spend 26979.02 >= p75 17488.00; frequency 5 >= 5
M0015,C000747,"High Value,Loyal",total_spend 28803.69 >= p75 17488.00; frequency 5 >= 5
M0015,C000776,Dormant,recency 121 >= 45
M0015,C000052,High Value,total_spend 26876.68 >= p75 17488.00
M0015,C000750,Regular,no rule matched
M0015,C000855,"Dormant,One-time",recency 210 >= 45; frequency == 1
M0015,C000089,Regular,no rule matched
M0015,C000106,"High Value,Loyal",total_spend 28781.80 >= p75 17488.00; frequency 6 >= 5
M0015,C000911,"Dormant,High Value",recency 140 >= 45; total_spend 27123.00 >= p75 17488.00
M0015,C000684,Regular,no rule matched
M0015,C000723,Regular,no rule matched
M0015,C000732,Dormant,recency 76 >= 45
M0015,C000770,"Dormant,One-time",recency 202 >= 45; frequency == 1
M0015,C000478,Regular,no rule matched
M0015,C000812,Dormant,recency 152 >= 45
M0015,C000009,Dormant,recency 151 >= 45
M0015,C000468,"Dormant,One-time",recency 198 >= 45; frequency == 1
M0015,C000471,"Dormant,One-time",recency 197 >= 45; frequency == 1
M0015,C000916,"Dormant,One-time",recency 195 >= 45; frequency == 1
M0015,C000690,High Value,total_spend 18973.00 >= p75 17488.00
M0015,C000167,Dormant,recency 153 >= 45
M0015,C000008,"Dormant,One-time",recency 188 >= 45; frequency == 1
M0015,C000104,Dormant,recency 146 >= 45
M0015,C000694,"Dormant,One-time",recency 187 >= 45; frequency == 1
M0015,C000899,"Dormant,High Value,Loyal",recency 67 >= 45; total_spend 33927.81 >= p75 17488.00; frequency 8 >= 5
M0015,C000044,Dormant,recency 85 >= 45
M0015,C000030,High Value,total_spend 18317.67 >= p75 17488.00
M0015,C000832,Regular,no rule matched
M0015,C000428,"Dormant,One-time",recency 184 >= 45; frequency == 1
M0015,C000015,"Dormant,One-time",recency 183 >= 45; frequency == 1
M0015,C000005,Regular,no rule matched
M0015,C000016,High Value,total_spend 31932.20 >= p75 17488.00
M0015,C000027,Regular,no rule matched
M0015,C000564,Regular,no rule matched
M0015,C000442,"Dormant,One-time",recency 179 >= 45; frequency == 1
M0015,C000158,Dormant,recency 113 >= 45
M0015,C000444,"Dormant,One-time",recency 178 >= 45; frequency == 1
M0015,C000800,"Dormant,One-time",recency 177 >= 45; frequency == 1
M0015,C000185,"Dormant,One-time",recency 177 >= 45; frequency == 1
M0015,C000064,"Dormant,High Value,Loyal",recency 91 >= 45; total_spend 34185.00 >= p75 17488.00; frequency 5 >= 5
M0015,C000082,"Dormant,One-time",recency 174 >= 45; frequency == 1
M0015,C000129,"Dormant,One-time",recency 173 >= 45; frequency == 1
M0015,C000845,High Value,total_spend 17488.00 >= p75 17488.00
M0015,C000885,Regular,no rule matched
M0015,C000829,"Dormant,One-time",recency 170 >= 45; frequency == 1
M0015,C000475,"Dormant,One-time",recency 169 >= 45; frequency == 1
M0015,C000887,Dormant,recency 49 >= 45
M0015,C000171,"Dormant,One-time",recency 169 >= 45; frequency == 1
M0015,C000103,"Dormant,One-time",recency 168 >= 45; frequency == 1
M0015,C000014,Dormant,recency 45 >= 45
M0015,C000168,"Dormant,One-time",recency 168 >= 45; frequency == 1
M0015,C000837,"Dormant,High Value",recency 51 >= 45; total_spend 24008.72 >= p75 17488.00
M0015,C000450,"Dormant,One-time",recency 165 >= 45; frequency == 1
M0015,C000432,Dormant,recency 140 >= 45
M0015,C000059,"Dormant,One-time",recency 162 >= 45; frequency == 1
M0015,C000883,Dormant,recency 129 >= 45
M0015,C000758,"High Value,Loyal",total_spend 47757.77 >= p75 17488.00; frequency 9 >= 5
M0015,C000087,High Value,total_spend 29721.00 >= p75 17488.00
M0015,C000803,"Dormant,High Value",recency 126 >= 45; total_spend 23364.00 >= p75 17488.00
M0015,C000057,"Dormant,One-time",recency 158 >= 45; frequency == 1
M0015,C000124,"Dormant,One-time",recency 156 >= 45; frequency == 1
M0015,C000817,"Dormant,One-time",recency 154 >= 45; frequency == 1
M0015,C000349,"Dormant,One-time",recency 154 >= 45; frequency == 1
M0015,C000467,"Dormant,One-time",recency 153 >= 45; frequency == 1
M0015,C000446,"Dormant,One-time",recency 152 >= 45; frequency == 1
M0015,C000792,"Dormant,One-time",recency 152 >= 45; frequency == 1
M0015,C000176,"Dormant,One-time",recency 152 >= 45; frequency == 1
M0015,C000068,"Dormant,One-time",recency 151 >= 45; frequency == 1
M0015,C000439,"Dormant,One-time",recency 144 >= 45; frequency == 1
M0015,C000513,"Dormant,One-time",recency 142 >= 45; frequency == 1
M0015,C000603,Regular,no rule matched
M0015,C000499,"Dormant,One-time",recency 142 >= 45; frequency == 1
M0015,C000456,"Dormant,One-time",recency 141 >= 45; frequency == 1
M0015,C000650,"Dormant,High Value",recency 130 >= 45; total_spend 20074.00 >= p75 17488.00
M0015,C000493,"Dormant,One-time",recency 135 >= 45; frequency == 1
M0015,C000882,Dormant,recency 107 >= 45
M0015,C000587,"Dormant,One-time",recency 131 >= 45; frequency == 1
M0015,C000137,"Dormant,One-time",recency 130 >= 45; frequency == 1
M0015,C000699,"Dormant,One-time",recency 126 >= 45; frequency == 1
M0015,C000728,"Dormant,One-time",recency 125 >= 45; frequency == 1
M0015,C000100,"Dormant,One-time",recency 120 >= 45; frequency == 1
M0015,C000028,"High Value,Loyal",total_spend 34042.92 >= p75 17488.00; frequency 5 >= 5
M0015,C000889,"High Value,Loyal",total_spend 43119.45 >= p75 17488.00; frequency 8 >= 5
M0015,C000791,Dormant,recency 70 >= 45
M0015,C000677,"Dormant,One-time",recency 117 >= 45; frequency == 1
M0015,C000063,"Dormant,One-time",recency 116 >= 45; frequency == 1
M0015,C000462,"Dormant,One-time",recency 116 >= 45; frequency == 1
M0015,C000036,"Dormant,One-time",recency 113 >= 45; frequency == 1
M0015,C000431,Regular,no rule matched
M0015,C000874,"Dormant,One-time",recency 102 >= 45; frequency == 1
M0015,C000480,Regular,no rule matched
M0015,C000035,"Dormant,One-time",recency 101 >= 45; frequency == 1
M0015,C000495,Dormant,recency 72 >= 45
M0015,C000126,"Dormant,One-time",recency 98 >= 45; frequency == 1
M0015,C000413,"Dormant,High Value",recency 62 >= 45; total_spend 20721.14 >= p75 17488.00
M0015,C000250,"Dormant,One-time",recency 91 >= 45; frequency == 1
M0015,C000274,"Dormant,One-time",recency 90 >= 45; frequency == 1
M0015,C000857,"Dormant,High Value",recency 50 >= 45; total_spend 19993.00 >= p75 17488.00
M0015,C000698,Regular,no rule matched
M0015,C000848,"Dormant,One-time",recency 89 >= 45; frequency == 1
M0015,C000896,Regular,no rule matched
M0015,C000715,Regular,no rule matched
M0015,C000361,"Dormant,One-time",recency 87 >= 45; frequency == 1
M0015,C000288,"Dormant,One-time",recency 86 >= 45; frequency == 1
M0015,C000029,Dormant,recency 54 >= 45
M0015,C000863,"High Value,Loyal",total_spend 29055.19 >= p75 17488.00; frequency 5 >= 5
M0015,C000484,"Dormant,One-time",recency 85 >= 45; frequency == 1
M0015,C000093,"Dormant,One-time",recency 85 >= 45; frequency == 1
M0015,C000449,"Dormant,One-time",recency 85 >= 45; frequency == 1
M0015,C000437,"Dormant,One-time",recency 84 >= 45; frequency == 1
M0015,C000854,"Dormant,One-time",recency 83 >= 45; frequency == 1
M0015,C000718,Dormant,recency 65 >= 45
M0015,C000760,Regular,no rule matched
M0015,C000205,"Dormant,One-time",recency 78 >= 45; frequency == 1
M0015,C000831,Regular,no rule matched
M0015,C000682,Regular,no rule matched
M0015,C000838,Regular,no rule matched
M0015,C000852,High Value,total_spend 24004.43 >= p75 17488.00
M0015,C000091,Regular,no rule matched
M0015,C000875,Regular,no rule matched
M0015,C000864,Regular,no rule matched
M0015,C000211,"Dormant,One-time",recency 62 >= 45; frequency == 1
M0015,C000557,"Dormant,One-time",recency 62 >= 45; frequency == 1
M0015,C000859,"Dormant,One-time",recency 61 >= 45; frequency == 1
M0015,C000576,Regular,no rule matched
M0015,C000720,"Dormant,One-time",recency 58 >= 45; frequency == 1
M0015,C000207,Regular,no rule matched
M0015,C000217,"Dormant,One-time",recency 58 >= 45; frequency == 1
M0015,C000841,"High Value,Loyal",total_spend 23805.94 >= p75 17488.00; frequency 5 >= 5
M0015,C000894,"Dormant,One-time",recency 57 >= 45; frequency == 1
M0015,C000411,"Dormant,One-time",recency 56 >= 45; frequency == 1
M0015,C000084,Regular,no rule matched
M0015,C000276,"Dormant,One-time",recency 52 >= 45; frequency == 1
M0015,C000847,"Dormant,One-time",recency 51 >= 45; frequency == 1
M0015,C000900,"Dormant,One-time",recency 49 >= 45; frequency == 1
M0015,C000897,Regular,no rule matched
M0015,C000536,"Dormant,One-time",recency 48 >= 45; frequency == 1
M0015,C000590,"Dormant,One-time",recency 48 >= 45; frequency == 1
M0015,C000873,Regular,no rule matched
M0015,C000508,"Dormant,One-time",recency 45 >= 45; frequency == 1
M0015,C000498,One-time,frequency == 1
M0015,C000454,One-time,frequency == 1
M0015,C000231,Regular,no rule matched
M0015,C000259,One-time,frequency == 1
M0015,C000631,Regular,no rule matched
M0015,C000243,One-time,frequency == 1
M0015,C000878,One-time,frequency == 1
M0015,C000890,One-time,frequency == 1
M0015,C000515,One-time,frequency == 1
M0015,C000582,One-time,frequency == 1
M0015,C000074,Regular,no rule matched
M0015,C000252,One-time,frequency == 1
M0015,C000574,One-time,frequency == 1
M0015,C000708,One-time,frequency == 1
M0015,C000474,One-time,frequency == 1
M0015,C000973,Regular,no rule matched
M0015,C000591,Regular,no rule matched
M0015,C000689,One-time,frequency == 1
M0015,C000371,One-time,frequency == 1
M0015,C000424,Regular,no rule matched
M0015,C000228,One-time,frequency == 1
M0015,C000042,One-time,frequency == 1
M0015,C000697,One-time,frequency == 1
M0015,C000669,One-time,frequency == 1
M0015,C000666,One-time,frequency == 1
M0015,C000234,One-time,frequency == 1
M0015,C000962,Regular,no rule matched
M0015,C000023,One-time,frequency == 1
M0015,C000282,One-time,frequency == 1
M0015,C000526,One-time,frequency == 1
M0015,C000675,One-time,frequency == 1
M0015,C000232,One-time,frequency == 1
M0015,C000003,One-time,frequency == 1
M0015,C000703,One-time,frequency == 1
M0016,C000781,Dormant,recency 198 >= 45
M0016,C000736,"High Value,Loyal",total_spend 16960.47 >= p75 6551.14; frequency 9 >= 5
M0016,C000021,Dormant,recency 134 >= 45
M0016,C000822,"Dormant,High Value,Loyal",recency 103 >= 45; total_spend 37513.91 >= p75 6551.14; frequency 21 >= 5
M0016,C000715,"High Value,Loyal",total_spend 28393.19 >= p75 6551.14; frequency 20 >= 5
M0016,C000043,"High Value,Loyal",total_spend 40790.14 >= p75 6551.14; frequency 22 >= 5
M0016,C000774,Dormant,recency 87 >= 45
M0016,C000793,"Dormant,High Value,Loyal",recency 129 >= 45; total_spend 18426.90 >= p75 6551.14; frequency 13 >= 5
M0016,C000816,"Dormant,High Value,Loyal",recency 195 >= 45; total_spend 8745.68 >= p75 6551.14; frequency 6 >= 5
M0016,C000422,Dormant,recency 197 >= 45
M0016,C000783,"Dormant,High Value,Loyal",recency 114 >= 45; total_spend 18347.76 >= p75 6551.14; frequency 10 >= 5
M0016,C000070,Regular,no rule matched
M0016,C000189,"Dormant,One-time",recency 272 >= 45; frequency == 1
M0016,C000153,Dormant,recency 271 >= 45
M0016,C000807,"Dormant,High Value,Loyal",recency 77 >= 45; total_spend 9213.63 >= p75 6551.14; frequency 5 >= 5
M0016,C000151,"Dormant,High Value,Loyal",recency 122 >= 45; total_spend 18741.18 >= p75 6551.14; frequency 10 >= 5
M0016,C000428,Dormant,recency 107 >= 45
M0016,C000432,"High Value,Loyal",total_spend 8210.40 >= p75 6551.14; frequency 9 >= 5
M0016,C000456,Dormant,recency 215 >= 45
M0016,C000863,"Dormant,High Value",recency 95 >= 45; total_spend 8493.21 >= p75 6551.14
M0016,C000943,"Dormant,One-time",recency 271 >= 45; frequency == 1
M0016,C000173,"Dormant,High Value",recency 138 >= 45; total_spend 7582.00 >= p75 6551.14
M0016,C000084,"Dormant,One-time",recency 270 >= 45; frequency == 1
M0016,C000178,"Dormant,High Value,Loyal",recency 135 >= 45; total_spend 7410.14 >= p75 6551.14; frequency 5 >= 5
M0016,C000080,Dormant,recency 258 >= 45
M0016,C000798,"Dormant,High Value",recency 143 >= 45; total_spend 6943.40 >= p75 6551.14
M0016,C000129,"Dormant,One-time",recency 269 >= 45; frequency == 1
M0016,C000821,"Dormant,High Value,Loyal",recency 162 >= 45; total_spend 15235.15 >= p75 6551.14; frequency 7 >= 5
M0016,C000770,"Dormant,High Value,Loyal",recency 151 >= 45; total_spend 7240.81 >= p75 6551.14; frequency 6 >= 5
M0016,C000006,Dormant,recency 131 >= 45
M0016,C000810,"Dormant,High Value,Loyal",recency 87 >= 45; total_spend 24501.74 >= p75 6551.14; frequency 15 >= 5
M0016,C000198,"Dormant,High Value,Loyal",recency 165 >= 45; total_spend 8049.41 >= p75 6551.14; frequency 5 >= 5
M0016,C000819,"Dormant,High Value,Loyal",recency 117 >= 45; total_spend 12266.70 >= p75 6551.14; frequency 6 >= 5
M0016,C000750,"High Value,Loyal",total_spend 36184.85 >= p75 6551.14; frequency 16 >= 5
M0016,C000017,"High Value,Loyal",total_spend 8939.59 >= p75 6551.14; frequency 5 >= 5
M0016,C000709,Dormant,recency 147 >= 45
M0016,C000175,Dormant,recency 167 >= 45
M0016,C000471,Dormant,recency 218 >= 45
M0016,C000160,"Dormant,One-time",recency 265 >= 45; frequency == 1
M0016,C000441,"Dormant,One-time",recency 265 >= 45; frequency == 1
M0016,C000707,"Dormant,High Value,Loyal",recency 45 >= 45; total_spend 10955.00 >= p75 6551.14; frequency 5 >= 5
M0016,C000949,"Dormant,One-time",recency 264 >= 45; frequency == 1
M0016,C000763,"Dormant,High Value",recency 149 >= 45; total_spend 7248.23 >= p75 6551.14
M0016,C000031,"High Value,Loyal",total_spend 43696.64 >= p75 6551.14; frequency 24 >= 5
M0016,C000772,"Dormant,High Value,Loyal",recency 128 >= 45; total_spend 12593.51 >= p75 6551.14; frequency 6 >= 5
M0016,C000182,"Dormant,High Value,Loyal",recency 121 >= 45; total_spend 18072.47 >= p75 6551.14; frequency 11 >= 5
M0016,C000703,"High Value,Loyal",total_spend 22932.36 >= p75 6551.14; frequency 12 >= 5
M0016,C000460,"High Value,Loyal",total_spend 9740.01 >= p75 6551.14; frequency 9 >= 5
M0016,C000673,"High Value,Loyal",total_spend 19419.85 >= p75 6551.14; frequency 9 >= 5
M0016,C000762,"Dormant,High Value,Loyal",recency 177 >= 45; total_spend 10617.44 >= p75 6551.14; frequency 5 >= 5
M0016,C000791,"Dormant,One-time",recency 261 >= 45; frequency == 1
M0016,C000114,Dormant,recency 197 >= 45
M0016,C000693,"Dormant,High Value,Loyal",recency 45 >= 45; total_spend 11364.49 >= p75 6551.14; frequency 7 >= 5
M0016,C000131,"Dormant,High Value,Loyal",recency 148 >= 45; total_spend 21453.39 >= p75 6551.14; frequency 11 >= 5
M0016,C000856,Dormant,recency 81 >= 45
M0016,C000700,"Dormant,High Value",recency 114 >= 45; total_spend 7730.00 >= p75 6551.14
M0016,C000808,Dormant,recency 175 >= 45
M0016,C000007,"High Value,Loyal",total_spend 11608.65 >= p75 6551.14; frequency 8 >= 5
M0016,C000195,Dormant,recency 162 >= 45
M0016,C000692,"Dormant,High Value,Loyal",recency 85 >= 45; total_spend 7850.93 >= p75 6551.14; frequency 5 >= 5
M0016,C000133,Dormant,recency 251 >= 45
M0016,C000786,Dormant,recency 179 >= 45
M0016,C000137,"Dormant,One-time",recency 260 >= 45; frequency == 1
M0016,C000109,Dormant,recency 168 >= 45
M0016,C000473,"Dormant,High Value,Loyal",recency 62 >= 45; total_spend 6601.90 >= p75 6551.14; frequency 5 >= 5
M0016,C000154,"Dormant,One-time",recency 259 >= 45; frequency == 1
M0016,C000438,Loyal,frequency 5 >= 5
M0016,C000723,"High Value,Loyal",total_spend 7564.76 >= p75 6551.14; frequency 5 >= 5
M0016,C000489,"Dormant,High Value,Loyal",recency 123 >= 45; total_spend 7642.88 >= p75 6551.14; frequency 9 >= 5
M0016,C000027,Regular,no rule matched
M0016,C000764,Dormant,recency 196 >= 45
M0016,C000012,"Dormant,High Value",recency 202 >= 45; total_spend 9349.17 >= p75 6551.14
M0016,C000170,"Dormant,High Value,Loyal",recency 139 >= 45; total_spend 18777.48 >= p75 6551.14; frequency 10 >= 5
M0016,C000858,"Dormant,One-time",recency 256 >= 45; frequency == 1
M0016,C000032,"High Value,Loyal",total_spend 21385.24 >= p75 6551.14; frequency 17 >= 5
M0016,C000122,Dormant,recency 127 >= 45
M0016,C000875,Dormant,recency 87 >= 45
M0016,C000777,Dormant,recency 206 >= 45
M0016,C000787,Dormant,recency 166 >= 45
M0016,C000844,"High Value,Loyal",total_spend 30442.90 >= p75 6551.14; frequency 21 >= 5
M0016,C000710,"High Value,Loyal",total_spend 13350.52 >= p75 6551.14; frequency 7 >= 5
M0016,C000423,Dormant,recency 196 >= 45
M0016,C000938,"Dormant,One-time",recency 251 >= 45; frequency == 1
M0016,C000795,Dormant,recency 217 >= 45
M0016,C000005,"High Value,Loyal",total_spend 25383.65 >= p75 6551.14; frequency 11 >= 5
M0016,C000466,Regular,no rule matched
M0016,C000439,Dormant,recency 89 >= 45
M0016,C000469,"High Value,Loyal",total_spend 6609.31 >= p75 6551.14; frequency 7 >= 5
M0016,C000744,"Dormant,One-time",recency 247 >= 45; frequency == 1
M0016,C000613,Dormant,recency 196 >= 45
M0016,C000009,"High Value,Loyal",total_spend 35202.29 >= p75 6551.14; frequency 17 >= 5
M0016,C000094,"Dormant,High Value",recency 109 >= 45; total_spend 7070.08 >= p75 6551.14
M0016,C000811,Dormant,recency 218 >= 45
M0016,C000830,"Dormant,High Value,Loyal",recency 69 >= 45; total_spend 16952.51 >= p75 6551.14; frequency 8 >= 5
M0016,C000148,Dormant,recency 213 >= 45
M0016,C000948,"Dormant,One-time",recency 245 >= 45; frequency == 1
M0016,C000944,"Dormant,One-time",recency 244 >= 45; frequency == 1
M0016,C000029,"High Value,Loyal",total_spend 19855.11 >= p75 6551.14; frequency 11 >= 5
M0016,C000035,"High Value,Loyal",total_spend 29410.94 >= p75 6551.14; frequency 14 >= 5
M0016,C000761,Dormant,recency 162 >= 45
M0016,C000813,"Dormant,One-time",recency 242 >= 45; frequency == 1
M0016,C000462,"High Value,Loyal",total_spend 7407.00 >= p75 6551.14; frequency 7 >= 5
M0016,C000797,Dormant,recency 196 >= 45
M0016,C000118,Dormant,recency 213 >= 45
M0016,C000105,"Dormant,High Value,Loyal",recency 116 >= 45; total_spend 25362.81 >= p75 6551.14; frequency 14 >= 5
M0016,C000743,Dormant,recency 124 >= 45
M0016,C000127,"Dormant,High Value",recency 133 >= 45; total_spend 7584.43 >= p75 6551.14
M0016,C000939,"Dormant,One-time",recency 239 >= 45; frequency == 1
M0016,C000713,"High Value,Loyal",total_spend 11084.43 >= p75 6551.14; frequency 6 >= 5
M0016,C000426,"High Value,Loyal",total_spend 11064.27 >= p75 6551.14; frequency 11 >= 5
M0016,C000771,Dormant,recency 177 >= 45
M0016,C000141,"Dormant,One-time",recency 236 >= 45; frequency == 1
M0016,C000092,Dormant,recency 145 >= 45
M0016,C000161,Dormant,recency 174 >= 45
M0016,C000185,Dormant,recency 129 >= 45
M0016,C000136,Dormant,recency 186 >= 45
M0016,C000773,"Dormant,High Value",recency 180 >= 45; total_spend 9008.45 >= p75 6551.14
M0016,C000186,"Dormant,One-time",recency 233 >= 45; frequency == 1
M0016,C000183,"Dormant,High Value",recency 138 >= 45; total_spend 11197.00 >= p75 6551.14
M0016,C000102,"Dormant,One-time",recency 232 >= 45; frequency == 1
M0016,C000824,"Dormant,One-time",recency 230 >= 45; frequency == 1
M0016,C000074,Dormant,recency 84 >= 45
M0016,C000193,"Dormant,High Value,Loyal",recency 155 >= 45; total_spend 10701.70 >= p75 6551.14; frequency 6 >= 5
M0016,C000898,Regular,no rule matched
M0016,C000823,"Dormant,One-time",recency 229 >= 45; frequency == 1
M0016,C000451,Regular,no rule matched
M0016,C000801,Dormant,recency 193 >= 45
M0016,C000499,"High Value,Loyal",total_spend 14283.92 >= p75 6551.14; frequency 13 >= 5
M0016,C000487,Dormant,recency 193 >= 45
M0016,C000011,Dormant,recency 190 >= 45
M0016,C000453,Dormant,recency 160 >= 45
M0016,C000057,Dormant,recency 62 >= 45
M0016,C000036,Dormant,recency 59 >= 45
M0016,C000014,"High Value,Loyal",total_spend 8239.11 >= p75 6551.14; frequency 5 >= 5
M0016,C000015,Dormant,recency 45 >= 45
M0016,C000463,Dormant,recency 204 >= 45
M0016,C000864,"High Value,Loyal",total_spend 11848.60 >= p75 6551.14; frequency 6 >= 5
M0016,C000724,"Dormant,One-time",recency 222 >= 45; frequency == 1
M0016,C000146,"Dormant,One-time",recency 221 >= 45; frequency == 1
M0016,C000077,"Dormant,One-time",recency 219 >= 45; frequency == 1
M0016,C000716,High Value,total_spend 6551.14 >= p75 6551.14
M0016,C000199,"Dormant,High Value,Loyal",recency 127 >= 45; total_spend 11090.19 >= p75 6551.14; frequency 8 >= 5
M0016,C000023,"Dormant,High Value",recency 82 >= 45; total_spend 7548.00 >= p75 6551.14
M0016,C000806,"Dormant,One-time",recency 216 >= 45; frequency == 1
M0016,C000478,"High Value,Loyal",total_spend 9924.46 >= p75 6551.14; frequency 11 >= 5
M0016,C000038,"High Value,Loyal",total_spend 16854.31 >= p75 6551.14; frequency 7 >= 5
M0016,C000855,"High Value,Loyal",total_spend 28740.53 >= p75 6551.14; frequency 15 >= 5
M0016,C000071,Dormant,recency 65 >= 45
M0016,C000720,Regular,no rule matched
M0016,C000018,"Dormant,One-time",recency 212 >= 45; frequency == 1
M0016,C000776,"Dormant,One-time",recency 211 >= 45; frequency == 1
M0016,C000125,"Dormant,One-time",recency 209 >= 45; frequency == 1
M0016,C000742,"Dormant,One-time",recency 209 >= 45; frequency == 1
M0016,C000905,"Dormant,One-time",recency 208 >= 45; frequency == 1
M0016,C000440,Dormant,recency 97 >= 45
M0016,C000448,"High Value,Loyal",total_spend 11491.93 >= p75 6551.14; frequency 11 >= 5
M0016,C000128,"Dormant,One-time",recency 204 >= 45; frequency == 1
M0016,C000069,"High Value,Loyal",total_spend 25646.57 >= p75 6551.14; frequency 14 >= 5
M0016,C000119,"Dormant,One-time",recency 203 >= 45; frequency == 1
M0016,C000073,Dormant,recency 126 >= 45
M0016,C000046,"Dormant,One-time",recency 202 >= 45; frequency == 1
M0016,C000099,Regular,no rule matched
M0016,C000168,"Dormant,One-time",recency 201 >= 45; frequency == 1
M0016,C000191,Dormant,recency 200 >= 45
M0016,C000704,Dormant,recency 168 >= 45
M0016,C000076,Dormant,recency 123 >= 45
M0016,C000837,Regular,no rule matched
M0016,C000083,"Dormant,One-time",recency 196 >= 45; frequency == 1
M0016,C000139,Dormant,recency 176 >= 45
M0016,C000049,Dormant,recency 51 >= 45
M0016,C000171,Dormant,recency 173 >= 45
M0016,C000111,"Dormant,One-time",recency 193 >= 45; frequency == 1
M0016,C000698,Dormant,recency 100 >= 45
M0016,C000606,"High Value,Loyal",total_spend 13337.13 >= p75 6551.14; frequency 6 >= 5
M0016,C000784,"Dormant,One-time",recency 188 >= 45; frequency == 1
M0016,C000468,Dormant,recency 51 >= 45
M0016,C000699,"Dormant,One-time",recency 187 >= 45; frequency == 1
M0016,C000124,"Dormant,One-time",recency 186 >= 45; frequency == 1
M0016,C000087,Regular,no rule matched
M0016,C000826,"Dormant,One-time",recency 184 >= 45; frequency == 1
M0016,C000866,Regular,no rule matched
M0016,C000310,Dormant,recency 156 >= 45
M0016,C000101,Dormant,recency 131 >= 45
M0016,C000427,"Dormant,One-time",recency 177 >= 45; frequency == 1
M0016,C000144,"Dormant,One-time",recency 177 >= 45; frequency == 1
M0016,C000050,Dormant,recency 57 >= 45
M0016,C000591,Regular,no rule matched
M0016,C000086,"Dormant,High Value",recency 127 >= 45; total_spend 9432.00 >= p75 6551.14
M0016,C000093,Regular,no rule matched
M0016,C000725,Dormant,recency 64 >= 45
M0016,C000162,Dormant,recency 145 >= 45
M0016,C000061,"Dormant,One-time",recency 173 >= 45; frequency == 1
M0016,C000045,"Dormant,One-time",recency 173 >= 45; frequency == 1
M0016,C000097,"Dormant,One-time",recency 172 >= 45; frequency == 1
M0016,C000712,"Dormant,One-time",recency 171 >= 45; frequency == 1
M0016,C000690,"Dormant,One-time",recency 170 >= 45; frequency == 1
M0016,C000106,Dormant,recency 149 >= 45
M0016,C000142,"Dormant,One-time",recency 166 >= 45; frequency == 1
M0016,C000445,Regular,no rule matched
M0016,C000862,Dormant,recency 90 >= 45
M0016,C000731,"Dormant,One-time",recency 154 >= 45; frequency == 1
M0016,C000751,Dormant,recency 136 >= 45
M0016,C000600,"Dormant,One-time",recency 151 >= 45; frequency == 1
M0016,C000872,"High Value,Loyal",total_spend 14450.96 >= p75 6551.14; frequency 7 >= 5
M0016,C000090,Regular,no rule matched
M0016,C000474,"Dormant,One-time",recency 145 >= 45; frequency == 1
M0016,C000603,"Dormant,One-time",recency 144 >= 45; frequency == 1
M0016,C000002,"Dormant,One-time",recency 143 >= 45; frequency == 1
M0016,C000573,"Dormant,One-time",recency 143 >= 45; frequency == 1
M0016,C000138,"Dormant,One-time",recency 142 >= 45; frequency == 1
M0016,C000498,Regular,no rule matched
M0016,C000351,"Dormant,One-time",recency 139 >= 45; frequency == 1
M0016,C000484,Dormant,recency 80 >= 45
M0016,C000507,"Dormant,One-time",recency 136 >= 45; frequency == 1
M0016,C000360,"Dormant,One-time",recency 134 >= 45; frequency == 1
M0016,C000676,"Dormant,One-time",recency 126 >= 45; frequency == 1
M0016,C000100,Regular,no rule matched
M0016,C000089,"Dormant,One-time",recency 121 >= 45; frequency == 1
M0016,C000833,"High Value,Loyal",total_spend 18200.81 >= p75 6551.14; frequency 7 >= 5
M0016,C000681,Regular,no rule matched
M0016,C000838,"Dormant,One-time",recency 110 >= 45; frequency == 1
M0016,C000684,Regular,no rule matched
M0016,C000836,"Dormant,One-time",recency 107 >= 45; frequency == 1
M0016,C000026,"Dormant,High Value",recency 65 >= 45; total_spend 10341.00 >= p75 6551.14
M0016,C000888,Regular,no rule matched
M0016,C000740,"Dormant,One-time",recency 105 >= 45; frequency == 1
M0016,C000730,"Dormant,One-time",recency 104 >= 45; frequency == 1
M0016,C000759,Dormant,recency 68 >= 45
M0016,C000458,"Dormant,One-time",recency 101 >= 45; frequency == 1
M0016,C000739,"Dormant,One-time",recency 100 >= 45; frequency == 1
M0016,C000849,"Dormant,One-time",recency 100 >= 45; frequency == 1
M0016,C000078,"Dormant,One-time",recency 98 >= 45; frequency == 1
M0016,C000060,Dormant,recency 54 >= 45
M0016,C000096,"Dormant,One-time",recency 97 >= 45; frequency == 1
M0016,C000839,"Dormant,One-time",recency 95 >= 45; frequency == 1
M0016,C000818,"Dormant,One-time",recency 93 >= 45; frequency == 1
M0016,C000495,"Dormant,One-time",recency 92 >= 45; frequency == 1
M0016,C000486,"Dormant,One-time",recency 91 >= 45; frequency == 1
M0016,C000887,"High Value,Loyal",total_spend 18073.44 >= p75 6551.14; frequency 9 >= 5
M0016,C000277,Regular,no rule matched
M0016,C000063,Dormant,recency 87 >= 45
M0016,C000369,"Dormant,One-time",recency 89 >= 45; frequency == 1
M0016,C000682,"Dormant,One-time",recency 88 >= 45; frequency == 1
M0016,C000236,"Dormant,One-time",recency 85 >= 45; frequency == 1
M0016,C000266,"Dormant,One-time",recency 85 >= 45; frequency == 1
M0016,C000832,Regular,no rule matched
M0016,C000229,"High Value,Loyal",total_spend 10433.68 >= p75 6551.14; frequency 5 >= 5
M0016,C000240,"Dormant,One-time",recency 83 >= 45; frequency == 1
M0016,C000041,Regular,no rule matched
M0016,C000879,"Dormant,One-time",recency 82 >= 45; frequency == 1
M0016,C000883,"Dormant,One-time",recency 82 >= 45; frequency == 1
M0016,C000494,Regular,no rule matched
M0016,C000889,Regular,no rule matched
M0016,C000799,"Dormant,One-time",recency 80 >= 45; frequency == 1
M0016,C000765,"Dormant,One-time",recency 79 >= 45; frequency == 1
M0016,C000663,"Dormant,One-time",recency 77 >= 45; frequency == 1
M0016,C000533,"Dormant,One-time",recency 77 >= 45; frequency == 1
M0016,C000779,"Dormant,One-time",recency 76 >= 45; frequency == 1
M0016,C000048,"Dormant,One-time",recency 74 >= 45; frequency == 1
M0016,C000857,"Dormant,One-time",recency 74 >= 45; frequency == 1
M0016,C000202,"High Value,Loyal",total_spend 12378.74 >= p75 6551.14; frequency 6 >= 5
M0016,C000255,"Dormant,One-time",recency 70 >= 45; frequency == 1
M0016,C000873,"Dormant,One-time",recency 65 >= 45; frequency == 1
M0016,C000845,High Value,total_spend 8412.07 >= p75 6551.14
M0016,C000375,"Dormant,One-time",recency 63 >= 45; frequency == 1
M0016,C000251,Regular,no rule matched
M0016,C000542,"Dormant,One-time",recency 58 >= 45; frequency == 1
M0016,C000377,"Dormant,One-time",recency 58 >= 45; frequency == 1
M0016,C000062,"Dormant,One-time",recency 58 >= 45; frequency == 1
M0016,C000608,High Value,total_spend 7046.00 >= p75 6551.14
M0016,C000211,Regular,no rule matched
M0016,C000024,"Dormant,One-time",recency 51 >= 45; frequency == 1
M0016,C000852,"Dormant,One-time",recency 50 >= 45; frequency == 1
M0016,C000568,"Dormant,One-time",recency 47 >= 45; frequency == 1
M0016,C000625,"Dormant,One-time",recency 47 >= 45; frequency == 1
M0016,C000848,"Dormant,One-time",recency 45 >= 45; frequency == 1
M0016,C000008,One-time,frequency == 1
M0016,C000850,One-time,frequency == 1
M0016,C000617,One-time,frequency == 1
M0016,C000896,One-time,frequency == 1
M0016,C000480,One-time,frequency == 1
M0016,C000019,One-time,frequency == 1
M0016,C000841,One-time,frequency == 1
M0016,C000878,One-time,frequency == 1
M0016,C000757,One-time,frequency == 1
M0016,C000479,One-time,frequency == 1
M0016,C000599,Regular,no rule matched
M0016,C000446,One-time,frequency == 1
M0016,C000561,One-time,frequency == 1
M0016,C000685,One-time,frequency == 1
M0016,C000667,One-time,frequency == 1
M0016,C000728,One-time,frequency == 1
M0016,C000952,One-time,frequency == 1
M0016,C000490,One-time,frequency == 1
M0016,C000882,One-time,frequency == 1
M0016,C000745,One-time,frequency == 1
M0016,C000540,One-time,frequency == 1
M0016,C000569,Regular,no rule matched
M0016,C000550,One-time,frequency == 1
M0016,C000212,Regular,no rule matched
M0016,C000223,One-time,frequency == 1
M0016,C000900,One-time,frequency == 1
M0016,C000610,One-time,frequency == 1
M0016,C000232,Regular,no rule matched
M0016,C000626,One-time,frequency == 1
M0016,C000885,One-time,frequency == 1
M0016,C000670,One-time,frequency == 1
M0016,C000598,One-time,frequency == 1
M0016,C000581,One-time,frequency == 1
M0016,C000264,One-time,frequency == 1
M0016,C000671,One-time,frequency == 1
M0016,C000206,One-time,frequency == 1
M0016,C000247,One-time,frequency == 1
M0016,C000254,One-time,frequency == 1
M0017,C000135,"Dormant,High Value,Loyal",recency 128 >= 45; total_spend 7170.92 >= p75 1864.62; frequency 13 >= 5
M0017,C000157,"Dormant,One-time",recency 275 >= 45; frequency == 1
M0017,C000178,"Dormant,High Value,Loyal",recency 110 >= 45; total_spend 5626.22 >= p75 1864.62; frequency 11 >= 5
M0017,C000119,"Dormant,High Value,Loyal",recency 137 >= 45; total_spend 8157.92 >= p75 1864.62; frequency 19 >= 5
M0017,C000805,"Dormant,High Value,Loyal",recency 125 >= 45; total_spend 8337.61 >= p75 1864.62; frequency 19 >= 5
M0017,C000773,Dormant,recency 201 >= 45
M0017,C000200,"Dormant,High Value",recency 143 >= 45; total_spend 2198.00 >= p75 1864.62
M0017,C000424,"Dormant,One-time",recency 274 >= 45; frequency == 1
M0017,C000748,"High Value,Loyal",total_spend 6836.90 >= p75 1864.62; frequency 15 >= 5
M0017,C000764,"Dormant,High Value,Loyal",recency 67 >= 45; total_spend 7950.72 >= p75 1864.62; frequency 18 >= 5
M0017,C000075,"High Value,Loyal",total_spend 3940.52 >= p75 1864.62; frequency 8 >= 5
M0017,C000824,"Dormant,High Value,Loyal",recency 153 >= 45; total_spend 1973.81 >= p75 1864.62; frequency 5 >= 5
M0017,C000790,"Dormant,High Value",recency 191 >= 45; total_spend 2278.23 >= p75 1864.62
M0017,C000732,"High Value,Loyal",total_spend 11478.47 >= p75 1864.62; frequency 26 >= 5
M0017,C000889,"High Value,Loyal",total_spend 4501.09 >= p75 1864.62; frequency 9 >= 5
M0017,C000681,"High Value,Loyal",total_spend 5224.45 >= p75 1864.62; frequency 13 >= 5
M0017,C000147,"Dormant,High Value,Loyal",recency 90 >= 45; total_spend 7418.51 >= p75 1864.62; frequency 14 >= 5
M0017,C000761,"Dormant,High Value,Loyal",recency 145 >= 45; total_spend 8367.32 >= p75 1864.62; frequency 19 >= 5
M0017,C000428,"High Value,Loyal",total_spend 2233.50 >= p75 1864.62; frequency 8 >= 5
M0017,C000471,"High Value,Loyal",total_spend 5938.60 >= p75 1864.62; frequency 22 >= 5
M0017,C000127,"Dormant,High Value,Loyal",recency 99 >= 45; total_spend 5925.31 >= p75 1864.62; frequency 11 >= 5
M0017,C000491,"Dormant,High Value,Loyal",recency 75 >= 45; total_spend 4683.90 >= p75 1864.62; frequency 14 >= 5
M0017,C000786,"Dormant,High Value,Loyal",recency 65 >= 45; total_spend 10351.81 >= p75 1864.62; frequency 22 >= 5
M0017,C000071,"High Value,Loyal",total_spend 8267.97 >= p75 1864.62; frequency 17 >= 5
M0017,C000136,"Dormant,High Value,Loyal",recency 127 >= 45; total_spend 7281.04 >= p75 1864.62; frequency 19 >= 5
M0017,C000489,Dormant,recency 157 >= 45
M0017,C000799,"Dormant,One-time",recency 269 >= 45; frequency == 1
M0017,C000446,Regular,no rule matched
M0017,C000431,"High Value,Loyal",total_spend 4833.41 >= p75 1864.62; frequency 15 >= 5
M0017,C000175,Dormant,recency 129 >= 45
M0017,C000114,"Dormant,High Value,Loyal",recency 142 >= 45; total_spend 5445.76 >= p75 1864.62; frequency 12 >= 5
M0017,C000819,"Dormant,High Value,Loyal",recency 88 >= 45; total_spend 7442.52 >= p75 1864.62; frequency 12 >= 5
M0017,C000802,"Dormant,High Value,Loyal",recency 109 >= 45; total_spend 10864.31 >= p75 1864.62; frequency 18 >= 5
M0017,C000832,Loyal,frequency 5 >= 5
M0017,C000466,"High Value,Loyal",total_spend 2669.38 >= p75 1864.62; frequency 11 >= 5
M0017,C000783,Dormant,recency 215 >= 45
M0017,C000173,"Dormant,High Value,Loyal",recency 92 >= 45; total_spend 3856.43 >= p75 1864.62; frequency 6 >= 5
M0017,C000476,"High Value,Loyal",total_spend 3171.85 >= p75 1864.62; frequency 8 >= 5
M0017,C000443,Dormant,recency 106 >= 45
M0017,C000698,"High Value,Loyal",total_spend 8496.82 >= p75 1864.62; frequency 18 >= 5
M0017,C000146,"Dormant,One-time",recency 263 >= 45; frequency == 1
M0017,C000791,"Dormant,One-time",recency 263 >= 45; frequency == 1
M0017,C000808,"Dormant,High Value",recency 230 >= 45; total_spend 1897.00 >= p75 1864.62
M0017,C000812,"Dormant,High Value,Loyal",recency 107 >= 45; total_spend 7090.40 >= p75 1864.62; frequency 13 >= 5
M0017,C000447,Dormant,recency 109 >= 45
M0017,C000856,"High Value,Loyal",total_spend 4736.57 >= p75 1864.62; frequency 9 >= 5
M0017,C000180,"Dormant,One-time",recency 261 >= 45; frequency == 1
M0017,C000766,"Dormant,High Value,Loyal",recency 99 >= 45; total_spend 7433.47 >= p75 1864.62; frequency 18 >= 5
M0017,C000194,"Dormant,High Value",recency 161 >= 45; total_spend 1873.00 >= p75 1864.62
M0017,C000818,"Dormant,High Value,Loyal",recency 147 >= 45; total_spend 4852.91 >= p75 1864.62; frequency 7 >= 5
M0017,C000029,"High Value,Loyal",total_spend 6589.73 >= p75 1864.62; frequency 11 >= 5
M0017,C000169,"Dormant,High Value,Loyal",recency 128 >= 45; total_spend 8988.93 >= p75 1864.62; frequency 17 >= 5
M0017,C000682,"High Value,Loyal",total_spend 12970.36 >= p75 1864.62; frequency 25 >= 5
M0017,C000945,"Dormant,One-time",recency 259 >= 45; frequency == 1
M0017,C000740,"Dormant,One-time",recency 259 >= 45; frequency == 1
M0017,C000826,"Dormant,One-time",recency 258 >= 45; frequency == 1
M0017,C000012,"High Value,Loyal",total_spend 4374.36 >= p75 1864.62; frequency 7 >= 5
M0017,C000192,"Dormant,High Value,Loyal",recency 121 >= 45; total_spend 4619.72 >= p75 1864.62; frequency 10 >= 5
M0017,C000736,Regular,no rule matched
M0017,C000703,"Dormant,High Value",recency 162 >= 45; total_spend 2084.10 >= p75 1864.62
M0017,C000820,Dormant,recency 230 >= 45
M0017,C000078,"High Value,Loyal",total_spend 7450.63 >= p75 1864.62; frequency 12 >= 5
M0017,C000810,"Dormant,High Value,Loyal",recency 64 >= 45; total_spend 1955.25 >= p75 1864.62; frequency 5 >= 5
M0017,C000120,"Dormant,High Value",recency 127 >= 45; total_spend 2189.38 >= p75 1864.62
M0017,C000185,"Dormant,High Value,Loyal",recency 119 >= 45; total_spend 2845.63 >= p75 1864.62; frequency 6 >= 5
M0017,C000495,Regular,no rule matched
M0017,C000873,Regular,no rule matched
M0017,C000438,"High Value,Loyal",total_spend 5834.13 >= p75 1864.62; frequency 17 >= 5
M0017,C000789,"Dormant,One-time",recency 252 >= 45; frequency == 1
M0017,C000059,Regular,no rule matched
M0017,C000707,"Dormant,One-time",recency 252 >= 45; frequency == 1
M0017,C000713,Regular,no rule matched
M0017,C000784,Dormant,recency 195 >= 45
M0017,C000002,"Dormant,High Value,Loyal",recency 110 >= 45; total_spend 4723.74 >= p75 1864.62; frequency 12 >= 5
M0017,C000133,"Dormant,High Value,Loyal",recency 131 >= 45; total_spend 9812.78 >= p75 1864.62; frequency 18 >= 5
M0017,C000426,"Dormant,One-time",recency 251 >= 45; frequency == 1
M0017,C000017,"High Value,Loyal",total_spend 9158.80 >= p75 1864.62; frequency 20 >= 5
M0017,C000076,Dormant,recency 143 >= 45
M0017,C000153,"Dormant,High Value",recency 171 >= 45; total_spend 2081.00 >= p75 1864.62
M0017,C000172,"Dormant,High Value,Loyal",recency 159 >= 45; total_spend 2084.78 >= p75 1864.62; frequency 5 >= 5
M0017,C000846,"Dormant,One-time",recency 248 >= 45; frequency == 1
M0017,C000693,"High Value,Loyal",total_spend 7895.60 >= p75 1864.62; frequency 16 >= 5
M0017,C000053,"Dormant,High Value",recency 79 >= 45; total_spend 2086.38 >= p75 1864.62
M0017,C000158,Dormant,recency 192 >= 45
M0017,C000825,"Dormant,High Value,Loyal",recency 131 >= 45; total_spend 2809.12 >= p75 1864.62; frequency 6 >= 5
M0017,C000104,Dormant,recency 137 >= 45
M0017,C000068,"High Value,Loyal",total_spend 5109.13 >= p75 1864.62; frequency 13 >= 5
M0017,C000098,"High Value,Loyal",total_spend 2672.00 >= p75 1864.62; frequency 5 >= 5
M0017,C000193,Dormant,recency 85 >= 45
M0017,C000184,"Dormant,One-time",recency 241 >= 45; frequency == 1
M0017,C000064,Dormant,recency 192 >= 45
M0017,C000671,"Dormant,One-time",recency 239 >= 45; frequency == 1
M0017,C000176,"Dormant,One-time",recency 238 >= 45; frequency == 1
M0017,C000897,"High Value,Loyal",total_spend 10210.02 >= p75 1864.62; frequency 21 >= 5
M0017,C000132,Dormant,recency 194 >= 45
M0017,C000822,Dormant,recency 158 >= 45
M0017,C000004,"High Value,Loyal",total_spend 13232.02 >= p75 1864.62; frequency 26 >= 5
M0017,C000702,"Dormant,High Value",recency 64 >= 45; total_spend 2628.40 >= p75 1864.62
M0017,C000807,Dormant,recency 160 >= 45
M0017,C000813,Dormant,recency 184 >= 45
M0017,C000179,"Dormant,One-time",recency 231 >= 45; frequency == 1
M0017,C000170,"Dormant,One-time",recency 229 >= 45; frequency == 1
M0017,C000054,"Dormant,One-time",recency 229 >= 45; frequency == 1
M0017,C000795,Dormant,recency 141 >= 45
M0017,C000023,"High Value,Loyal",total_spend 6410.41 >= p75 1864.62; frequency 14 >= 5
M0017,C000099,"Dormant,One-time",recency 228 >= 45; frequency == 1
M0017,C000444,"Dormant,One-time",recency 228 >= 45; frequency == 1
M0017,C000777,Dormant,recency 117 >= 45
M0017,C000884,"High Value,Loyal",total_spend 7110.61 >= p75 1864.62; frequency 15 >= 5
M0017,C000049,Regular,no rule matched
M0017,C000726,"Dormant,One-time",recency 225 >= 45; frequency == 1
M0017,C000160,"Dormant,One-time",recency 225 >= 45; frequency == 1
M0017,C000459,"Dormant,Loyal",recency 130 >= 45; frequency 5 >= 5
M0017,C000007,Dormant,recency 201 >= 45
M0017,C000863,"High Value,Loyal",total_spend 6767.36 >= p75 1864.62; frequency 16 >= 5
M0017,C000079,Dormant,recency 157 >= 45
M0017,C000188,"Dormant,One-time",recency 220 >= 45; frequency == 1
M0017,C000083,"Dormant,One-time",recency 217 >= 45; frequency == 1
M0017,C000182,Dormant,recency 129 >= 45
M0017,C000450,"Dormant,Loyal",recency 94 >= 45; frequency 5 >= 5
M0017,C000124,Dormant,recency 175 >= 45
M0017,C000488,"Dormant,One-time",recency 216 >= 45; frequency == 1
M0017,C000575,"High Value,Loyal",total_spend 2886.53 >= p75 1864.62; frequency 5 >= 5
M0017,C000051,Regular,no rule matched
M0017,C000845,Dormant,recency 93 >= 45
M0017,C000858,"High Value,Loyal",total_spend 5143.74 >= p75 1864.62; frequency 9 >= 5
M0017,C000579,"Dormant,One-time",recency 208 >= 45; frequency == 1
M0017,C000771,Dormant,recency 171 >= 45
M0017,C000762,"Dormant,One-time",recency 205 >= 45; frequency == 1
M0017,C000005,"Dormant,One-time",recency 204 >= 45; frequency == 1
M0017,C000830,"Dormant,One-time",recency 204 >= 45; frequency == 1
M0017,C000091,Dormant,recency 57 >= 45
M0017,C000081,Dormant,recency 172 >= 45
M0017,C000102,Dormant,recency 130 >= 45
M0017,C000026,Dormant,recency 162 >= 45
M0017,C000792,Dormant,recency 191 >= 45
M0017,C000142,"Dormant,One-time",recency 201 >= 45; frequency == 1
M0017,C000072,Regular,no rule matched
M0017,C000143,"Dormant,High Value,Loyal",recency 84 >= 45; total_spend 3443.00 >= p75 1864.62; frequency 5 >= 5
M0017,C000162,"Dormant,One-time",recency 199 >= 45; frequency == 1
M0017,C000100,"Dormant,One-time",recency 198 >= 45; frequency == 1
M0017,C000803,Dormant,recency 153 >= 45
M0017,C000451,Dormant,recency 103 >= 45
M0017,C000055,Dormant,recency 84 >= 45
M0017,C000165,"Dormant,One-time",recency 194 >= 45; frequency == 1
M0017,C000672,"High Value,Loyal",total_spend 2779.24 >= p75 1864.62; frequency 6 >= 5
M0017,C000048,Dormant,recency 89 >= 45
M0017,C000729,"Dormant,One-time",recency 190 >= 45; frequency == 1
M0017,C000661,Dormant,recency 91 >= 45
M0017,C000016,Dormant,recency 58 >= 45
M0017,C000461,Dormant,recency 66 >= 45
M0017,C000891,Regular,no rule matched
M0017,C000019,"Dormant,One-time",recency 180 >= 45; frequency == 1
M0017,C000896,Regular,no rule matched
M0017,C000089,Regular,no rule matched
M0017,C000423,Regular,no rule matched
M0017,C000793,Dormant,recency 144 >= 45
M0017,C000770,Dormant,recency 170 >= 45
M0017,C000837,"High Value,Loyal",total_spend 3244.59 >= p75 1864.62; frequency 6 >= 5
M0017,C000752,Regular,no rule matched
M0017,C000141,"Dormant,High Value",recency 160 >= 45; total_spend 1864.62 >= p75 1864.62
M0017,C000082,Dormant,recency 167 >= 45
M0017,C000088,Regular,no rule matched
M0017,C000576,"Dormant,One-time",recency 172 >= 45; frequency == 1
M0017,C000738,Regular,no rule matched
M0017,C000125,"Dormant,One-time",recency 171 >= 45; frequency == 1
M0017,C000034,Dormant,recency 106 >= 45
M0017,C000107,"Dormant,One-time",recency 169 >= 45; frequency == 1
M0017,C000600,"High Value,Loyal",total_spend 2181.44 >= p75 1864.62; frequency 5 >= 5
M0017,C000111,"Dormant,One-time",recency 168 >= 45; frequency == 1
M0017,C000337,"Dormant,One-time",recency 167 >= 45; frequency == 1
M0017,C000857,Dormant,recency 92 >= 45
M0017,C000827,"Dormant,One-time",recency 164 >= 45; frequency == 1
M0017,C000759,Regular,no rule matched
M0017,C000829,"Dormant,One-time",recency 162 >= 45; frequency == 1
M0017,C000436,"High Value,Loyal",total_spend 2274.45 >= p75 1864.62; frequency 7 >= 5
M0017,C000058,"Dormant,One-time",recency 160 >= 45; frequency == 1
M0017,C000067,"High Value,Loyal",total_spend 2368.00 >= p75 1864.62; frequency 5 >= 5
M0017,C000040,"Dormant,One-time",recency 159 >= 45; frequency == 1
M0017,C000775,"Dormant,One-time",recency 159 >= 45; frequency == 1
M0017,C000719,"Dormant,One-time",recency 157 >= 45; frequency == 1
M0017,C000882,Regular,no rule matched
M0017,C000155,Dormant,recency 89 >= 45
M0017,C000724,High Value,total_spend 1914.80 >= p75 1864.62
M0017,C000765,Dormant,recency 143 >= 45
M0017,C000195,Dormant,recency 146 >= 45
M0017,C000166,"Dormant,One-time",recency 149 >= 45; frequency == 1
M0017,C000186,Dormant,recency 90 >= 45
M0017,C000033,Dormant,recency 53 >= 45
M0017,C000037,"Dormant,One-time",recency 148 >= 45; frequency == 1
M0017,C000311,Dormant,recency 132 >= 45
M0017,C000691,Dormant,recency 47 >= 45
M0017,C000469,Dormant,recency 90 >= 45
M0017,C000156,"Dormant,One-time",recency 142 >= 45; frequency == 1
M0017,C000608,"Dormant,One-time",recency 140 >= 45; frequency == 1
M0017,C000714,High Value,total_spend 1923.10 >= p75 1864.62
M0017,C000032,Dormant,recency 45 >= 45
M0017,C000753,Dormant,recency 67 >= 45
M0017,C000018,Regular,no rule matched
M0017,C000709,"Dormant,High Value",recency 88 >= 45; total_spend 1895.05 >= p75 1864.62
M0017,C000148,"Dormant,One-time",recency 133 >= 45; frequency == 1
M0017,C000435,Regular,no rule matched
M0017,C000834,Regular,no rule matched
M0017,C000561,Regular,no rule matched
M0017,C000780,"Dormant,One-time",recency 129 >= 45; frequency == 1
M0017,C000139,Dormant,recency 84 >= 45
M0017,C000798,Dormant,recency 79 >= 45
M0017,C000433,"Dormant,One-time",recency 126 >= 45; frequency == 1
M0017,C000024,Dormant,recency 85 >= 45
M0017,C000346,Dormant,recency 121 >= 45
M0017,C000838,"Dormant,One-time",recency 120 >= 45; frequency == 1
M0017,C000842,Dormant,recency 102 >= 45
M0017,C000357,"Dormant,One-time",recency 119 >= 45; frequency == 1
M0017,C000618,"Dormant,One-time",recency 117 >= 45; frequency == 1
M0017,C000665,"Dormant,One-time",recency 115 >= 45; frequency == 1
M0017,C000027,"Dormant,One-time",recency 115 >= 45; frequency == 1
M0017,C000422,"Dormant,One-time",recency 114 >= 45; frequency == 1
M0017,C000046,"Dormant,One-time",recency 114 >= 45; frequency == 1
M0017,C000038,Dormant,recency 110 >= 45
M0017,C000806,"Dormant,One-time",recency 112 >= 45; frequency == 1
M0017,C000741,Regular,no rule matched
M0017,C000737,"Dormant,One-time",recency 109 >= 45; frequency == 1
M0017,C000699,"Dormant,One-time",recency 108 >= 45; frequency == 1
M0017,C000853,Dormant,recency 92 >= 45
M0017,C000008,Regular,no rule matched
M0017,C000293,"Dormant,One-time",recency 98 >= 45; frequency == 1
M0017,C000704,"Dormant,One-time",recency 95 >= 45; frequency == 1
M0017,C000302,"Dormant,One-time",recency 94 >= 45; frequency == 1
M0017,C000277,"Dormant,One-time",recency 94 >= 45; frequency == 1
M0017,C000274,Dormant,recency 87 >= 45
M0017,C000233,Regular,no rule matched
M0017,C000472,"Dormant,One-time",recency 93 >= 45; frequency == 1
M0017,C000263,Regular,no rule matched
M0017,C000522,"Dormant,One-time",recency 90 >= 45; frequency == 1
M0017,C000477,"Dormant,One-time",recency 90 >= 45; frequency == 1
M0017,C000031,Dormant,recency 47 >= 45
M0017,C000860,Dormant,recency 75 >= 45
M0017,C000251,"Dormant,One-time",recency 83 >= 45; frequency == 1
M0017,C000211,Regular,no rule matched
M0017,C000305,Dormant,recency 69 >= 45
M0017,C000397,"Dormant,One-time",recency 80 >= 45; frequency == 1
M0017,C000234,Regular,no rule matched
M0017,C000441,"Dormant,One-time",recency 77 >= 45; frequency == 1
M0017,C000840,"Dormant,One-time",recency 75 >= 45; frequency == 1
M0017,C000094,"Dormant,One-time",recency 71 >= 45; frequency == 1
M0017,C000220,Regular,no rule matched
M0017,C000042,"Dormant,High Value",recency 58 >= 45; total_spend 1900.00 >= p75 1864.62
M0017,C000695,"Dormant,One-time",recency 64 >= 45; frequency == 1
M0017,C000224,Regular,no rule matched
M0017,C000836,Regular,no rule matched
M0017,C000206,Regular,no rule matched
M0017,C000281,Regular,no rule matched
M0017,C000887,Dormant,recency 53 >= 45
M0017,C000526,"Dormant,One-time",recency 55 >= 45; frequency == 1
M0017,C000282,"High Value,Loyal",total_spend 2387.40 >= p75 1864.62; frequency 5 >= 5
M0017,C000679,"Dormant,One-time",recency 51 >= 45; frequency == 1
M0017,C000733,"Dormant,One-time",recency 49 >= 45; frequency == 1
M0017,C000429,"Dormant,One-time",recency 49 >= 45; frequency == 1
M0017,C000043,Regular,no rule matched
M0017,C000036,"Dormant,One-time",recency 46 >= 45; frequency == 1
M0017,C000214,One-time,frequency == 1
M0017,C000439,Regular,no rule matched
M0017,C000831,One-time,frequency == 1
M0017,C000084,One-time,frequency == 1
M0017,C000646,One-time,frequency == 1
M0017,C000708,One-time,frequency == 1
M0017,C000843,One-time,frequency == 1
M0017,C000259,Regular,no rule matched
M0017,C000318,One-time,frequency == 1
M0017,C000606,Regular,no rule matched
M0017,C000895,One-time,frequency == 1
M0017,C000878,One-time,frequency == 1
M0017,C000010,Regular,no rule matched
M0017,C000250,Regular,no rule matched
M0017,C000556,One-time,frequency == 1
M0017,C000460,One-time,frequency == 1
M0017,C000868,One-time,frequency == 1
M0017,C000090,One-time,frequency == 1
M0017,C000668,One-time,frequency == 1
M0017,C000278,One-time,frequency == 1
M0017,C000290,One-time,frequency == 1
M0017,C000589,One-time,frequency == 1
M0017,C000247,One-time,frequency == 1
M0017,C000598,One-time,frequency == 1
M0017,C000961,One-time,frequency == 1
M0017,C000694,One-time,frequency == 1
M0017,C000898,One-time,frequency == 1
M0017,C000238,One-time,frequency == 1
M0017,C000021,One-time,frequency == 1
M0017,C000558,One-time,frequency == 1
M0017,C000572,One-time,frequency == 1
M0017,C000632,One-time,frequency == 1
M0017,C000875,One-time,frequency == 1
M0017,C000458,One-time,frequency == 1
M0017,C000217,One-time,frequency == 1
M0017,C000675,One-time,frequency == 1
M0017,C000686,One-time,frequency == 1
M0017,C000095,One-time,frequency == 1
M0017,C000555,One-time,frequency == 1
M0017,C000066,Regular,no rule matched
M0017,C000969,One-time,frequency == 1
M0017,C000735,One-time,frequency == 1
M0017,C000253,One-time,frequency == 1
M0017,C000849,One-time,frequency == 1
M0017,C000267,One-time,frequency == 1
M0018,C000153,"Dormant,High Value",recency 157 >= 45; total_spend 7657.55 >= p75 5805.48
M0018,C000108,"Dormant,High Value,Loyal",recency 146 >= 45; total_spend 10391.76 >= p75 5805.48; frequency 7 >= 5
M0018,C000061,"High Value,Loyal",total_spend 27258.58 >= p75 5805.48; frequency 15 >= 5
M0018,C000803,"Dormant,High Value,Loyal",recency 83 >= 45; total_spend 20370.16 >= p75 5805.48; frequency 12 >= 5
M0018,C000077,"Dormant,High Value,Loyal",recency 97 >= 45; total_spend 16031.26 >= p75 5805.48; frequency 6 >= 5
M0018,C000134,"Dormant,One-time",recency 274 >= 45; frequency == 1
M0018,C000774,"Dormant,High Value,Loyal",recency 107 >= 45; total_spend 14104.28 >= p75 5805.48; frequency 6 >= 5
M0018,C000047,"High Value,Loyal",total_spend 19712.63 >= p75 5805.48; frequency 13 >= 5
M0018,C000828,"Dormant,High Value,Loyal",recency 105 >= 45; total_spend 10630.92 >= p75 5805.48; frequency 8 >= 5
M0018,C000830,Dormant,recency 226 >= 45
M0018,C000175,"Dormant,High Value,Loyal",recency 131 >= 45; total_spend 7614.04 >= p75 5805.48; frequency 5 >= 5
M0018,C000780,"Dormant,High Value,Loyal",recency 78 >= 45; total_spend 24183.11 >= p75 5805.48; frequency 10 >= 5
M0018,C000939,"Dormant,One-time",recency 271 >= 45; frequency == 1
M0018,C000825,Dormant,recency 184 >= 45
M0018,C000711,"Dormant,One-time",recency 271 >= 45; frequency == 1
M0018,C000829,"Dormant,High Value",recency 48 >= 45; total_spend 8510.35 >= p75 5805.48
M0018,C000763,Dormant,recency 121 >= 45
M0018,C000884,"High Value,Loyal",total_spend 12695.68 >= p75 5805.48; frequency 5 >= 5
M0018,C000194,"Dormant,High Value,Loyal",recency 95 >= 45; total_spend 16444.32 >= p75 5805.48; frequency 10 >= 5
M0018,C000101,"Dormant,High Value,Loyal",recency 54 >= 45; total_spend 15433.98 >= p75 5805.48; frequency 11 >= 5
M0018,C000437,"Dormant,One-time",recency 269 >= 45; frequency == 1
M0018,C000084,"Dormant,High Value,Loyal",recency 55 >= 45; total_spend 10814.44 >= p75 5805.48; frequency 8 >= 5
M0018,C000762,"Dormant,High Value,Loyal",recency 73 >= 45; total_spend 27379.79 >= p75 5805.48; frequency 15 >= 5
M0018,C000909,"Dormant,High Value,Loyal",recency 218 >= 45; total_spend 7161.33 >= p75 5805.48; frequency 5 >= 5
M0018,C000810,Dormant,recency 225 >= 45
M0018,C000045,"Dormant,One-time",recency 267 >= 45; frequency == 1
M0018,C000792,"Dormant,High Value,Loyal",recency 99 >= 45; total_spend 5927.58 >= p75 5805.48; frequency 5 >= 5
M0018,C000700,High Value,total_spend 6287.66 >= p75 5805.48
M0018,C000192,Dormant,recency 248 >= 45
M0018,C000944,"Dormant,High Value",recency 219 >= 45; total_spend 10030.51 >= p75 5805.48
M0018,C000081,"High Value,Loyal",total_spend 13430.56 >= p75 5805.48; frequency 9 >= 5
M0018,C000127,Dormant,recency 219 >= 45
M0018,C000096,"High Value,Loyal",total_spend 19284.44 >= p75 5805.48; frequency 10 >= 5
M0018,C000814,"Dormant,High Value",recency 147 >= 45; total_spend 9399.00 >= p75 5805.48
M0018,C000741,"Dormant,High Value,Loyal",recency 130 >= 45; total_spend 10530.73 >= p75 5805.48; frequency 6 >= 5
M0018,C000005,"Dormant,High Value",recency 54 >= 45; total_spend 7139.85 >= p75 5805.48
M0018,C000450,Regular,no rule matched
M0018,C000680,"High Value,Loyal",total_spend 23471.07 >= p75 5805.48; frequency 12 >= 5
M0018,C000158,Dormant,recency 246 >= 45
M0018,C000882,"High Value,Loyal",total_spend 16492.17 >= p75 5805.48; frequency 11 >= 5
M0018,C000489,Dormant,recency 147 >= 45
M0018,C000863,Dormant,recency 225 >= 45
M0018,C000128,"Dormant,High Value",recency 53 >= 45; total_spend 6502.36 >= p75 5805.48
M0018,C000111,"Dormant,High Value,Loyal",recency 101 >= 45; total_spend 6877.00 >= p75 5805.48; frequency 5 >= 5
M0018,C000162,Dormant,recency 242 >= 45
M0018,C000461,"High Value,Loyal",total_spend 6846.74 >= p75 5805.48; frequency 6 >= 5
M0018,C000777,"Dormant,High Value",recency 204 >= 45; total_spend 9850.17 >= p75 5805.48
M0018,C000180,"Dormant,High Value,Loyal",recency 140 >= 45; total_spend 11877.15 >= p75 5805.48; frequency 7 >= 5
M0018,C000075,"Dormant,One-time",recency 257 >= 45; frequency == 1
M0018,C000771,Dormant,recency 123 >= 45
M0018,C000121,"Dormant,High Value,Loyal",recency 125 >= 45; total_spend 18759.42 >= p75 5805.48; frequency 11 >= 5
M0018,C000082,"Dormant,High Value",recency 222 >= 45; total_spend 10457.34 >= p75 5805.48
M0018,C000827,"Dormant,High Value,Loyal",recency 115 >= 45; total_spend 8097.17 >= p75 5805.48; frequency 7 >= 5
M0018,C000695,"Dormant,One-time",recency 256 >= 45; frequency == 1
M0018,C000785,Dormant,recency 195 >= 45
M0018,C000699,"Dormant,High Value,Loyal",recency 81 >= 45; total_spend 13565.00 >= p75 5805.48; frequency 8 >= 5
M0018,C000119,Dormant,recency 255 >= 45
M0018,C000104,"Dormant,High Value,Loyal",recency 170 >= 45; total_spend 9847.00 >= p75 5805.48; frequency 6 >= 5
M0018,C000051,"High Value,Loyal",total_spend 10256.56 >= p75 5805.48; frequency 6 >= 5
M0018,C000946,Dormant,recency 234 >= 45
M0018,C000783,"Dormant,High Value,Loyal",recency 141 >= 45; total_spend 15031.37 >= p75 5805.48; frequency 9 >= 5
M0018,C000674,"Dormant,One-time",recency 254 >= 45; frequency == 1
M0018,C000949,"Dormant,One-time",recency 254 >= 45; frequency == 1
M0018,C000910,"Dormant,One-time",recency 254 >= 45; frequency == 1
M0018,C000794,"Dormant,High Value",recency 163 >= 45; total_spend 5924.72 >= p75 5805.48
M0018,C000169,Dormant,recency 180 >= 45
M0018,C000435,Regular,no rule matched
M0018,C000164,Dormant,recency 184 >= 45
M0018,C000105,"Dormant,One-time",recency 252 >= 45; frequency == 1
M0018,C000866,"High Value,Loyal",total_spend 18695.43 >= p75 5805.48; frequency 9 >= 5
M0018,C000813,"Dormant,One-time",recency 251 >= 45; frequency == 1
M0018,C000732,"Dormant,High Value",recency 51 >= 45; total_spend 8061.00 >= p75 5805.48
M0018,C000735,"Dormant,High Value,Loyal",recency 49 >= 45; total_spend 19511.13 >= p75 5805.48; frequency 12 >= 5
M0018,C000790,Dormant,recency 143 >= 45
M0018,C000071,"Dormant,High Value",recency 68 >= 45; total_spend 9282.00 >= p75 5805.48
M0018,C000117,"Dormant,High Value,Loyal",recency 153 >= 45; total_spend 7916.12 >= p75 5805.48; frequency 5 >= 5
M0018,C000809,Dormant,recency 150 >= 45
M0018,C000816,"Dormant,High Value,Loyal",recency 125 >= 45; total_spend 16238.77 >= p75 5805.48; frequency 9 >= 5
M0018,C000933,Dormant,recency 52 >= 45
M0018,C000428,Dormant,recency 86 >= 45
M0018,C000793,Dormant,recency 220 >= 45
M0018,C000186,"Dormant,High Value,Loyal",recency 125 >= 45; total_spend 11808.43 >= p75 5805.48; frequency 7 >= 5
M0018,C000122,"Dormant,One-time",recency 248 >= 45; frequency == 1
M0018,C000836,Regular,no rule matched
M0018,C000784,Dormant,recency 103 >= 45
M0018,C000765,"Dormant,High Value,Loyal",recency 127 >= 45; total_spend 10002.00 >= p75 5805.48; frequency 6 >= 5
M0018,C000431,Dormant,recency 49 >= 45
M0018,C000017,"High Value,Loyal",total_spend 7815.07 >= p75 5805.48; frequency 5 >= 5
M0018,C000800,"Dormant,One-time",recency 246 >= 45; frequency == 1
M0018,C000775,Dormant,recency 199 >= 45
M0018,C000001,"Dormant,One-time",recency 243 >= 45; frequency == 1
M0018,C000766,Dormant,recency 218 >= 45
M0018,C000820,"Dormant,High Value",recency 51 >= 45; total_spend 6405.10 >= p75 5805.48
M0018,C000904,"Dormant,One-time",recency 239 >= 45; frequency == 1
M0018,C000468,Dormant,recency 86 >= 45
M0018,C000453,Dormant,recency 201 >= 45
M0018,C000776,"Dormant,High Value",recency 69 >= 45; total_spend 5805.48 >= p75 5805.48
M0018,C000692,"Dormant,One-time",recency 238 >= 45; frequency == 1
M0018,C000074,"High Value,Loyal",total_spend 22940.04 >= p75 5805.48; frequency 10 >= 5
M0018,C000057,"High Value,Loyal",total_spend 10588.47 >= p75 5805.48; frequency 8 >= 5
M0018,C000190,Dormant,recency 149 >= 45
M0018,C000823,Dormant,recency 142 >= 45
M0018,C000019,"Dormant,High Value,Loyal",recency 56 >= 45; total_spend 18416.09 >= p75 5805.48; frequency 10 >= 5
M0018,C000488,Dormant,recency 187 >= 45
M0018,C000817,Dormant,recency 192 >= 45
M0018,C000125,"Dormant,High Value,Loyal",recency 103 >= 45; total_spend 10424.60 >= p75 5805.48; frequency 6 >= 5
M0018,C000166,"Dormant,High Value,Loyal",recency 148 >= 45; total_spend 8943.41 >= p75 5805.48; frequency 5 >= 5
M0018,C000133,"Dormant,One-time",recency 234 >= 45; frequency == 1
M0018,C000724,"Dormant,One-time",recency 234 >= 45; frequency == 1
M0018,C000454,Dormant,recency 84 >= 45
M0018,C000067,Dormant,recency 231 >= 45
M0018,C000065,"High Value,Loyal",total_spend 30913.20 >= p75 5805.48; frequency 21 >= 5
M0018,C000806,Dormant,recency 230 >= 45
M0018,C000143,"Dormant,One-time",recency 232 >= 45; frequency == 1
M0018,C000759,"Dormant,High Value",recency 111 >= 45; total_spend 7767.59 >= p75 5805.48
M0018,C000154,Dormant,recency 129 >= 45
M0018,C000494,"Dormant,One-time",recency 230 >= 45; frequency == 1
M0018,C000480,Dormant,recency 58 >= 45
M0018,C000801,Dormant,recency 111 >= 45
M0018,C000471,Dormant,recency 109 >= 45
M0018,C000474,Dormant,recency 150 >= 45
M0018,C000092,"Dormant,High Value,Loyal",recency 45 >= 45; total_spend 11036.33 >= p75 5805.48; frequency 5 >= 5
M0018,C000425,"Dormant,One-time",recency 229 >= 45; frequency == 1
M0018,C000746,Dormant,recency 110 >= 45
M0018,C000744,Dormant,recency 148 >= 45
M0018,C000102,Dormant,recency 106 >= 45
M0018,C000126,Dormant,recency 171 >= 45
M0018,C000042,"Dormant,One-time",recency 224 >= 45; frequency == 1
M0018,C000012,Dormant,recency 140 >= 45
M0018,C000889,"Dormant,High Value,Loyal",recency 66 >= 45; total_spend 7183.81 >= p75 5805.48; frequency 5 >= 5
M0018,C000196,Dormant,recency 189 >= 45
M0018,C000708,"High Value,Loyal",total_spend 9498.06 >= p75 5805.48; frequency 6 >= 5
M0018,C000032,Dormant,recency 103 >= 45
M0018,C000932,"Dormant,One-time",recency 220 >= 45; frequency == 1
M0018,C000723,Dormant,recency 118 >= 45
M0018,C000805,Dormant,recency 144 >= 45
M0018,C000466,"Dormant,One-time",recency 219 >= 45; frequency == 1
M0018,C000686,"Dormant,One-time",recency 219 >= 45; frequency == 1
M0018,C000142,"Dormant,One-time",recency 218 >= 45; frequency == 1
M0018,C000925,Dormant,recency 151 >= 45
M0018,C000804,"Dormant,One-time",recency 218 >= 45; frequency == 1
M0018,C000464,Dormant,recency 145 >= 45
M0018,C000854,"High Value,Loyal",total_spend 31354.51 >= p75 5805.48; frequency 16 >= 5
M0018,C000003,"Dormant,Loyal",recency 80 >= 45; frequency 5 >= 5
M0018,C000041,"High Value,Loyal",total_spend 22840.00 >= p75 5805.48; frequency 11 >= 5
M0018,C000060,Dormant,recency 154 >= 45
M0018,C000890,"High Value,Loyal",total_spend 11387.01 >= p75 5805.48; frequency 7 >= 5
M0018,C000157,"Dormant,One-time",recency 214 >= 45; frequency == 1
M0018,C000856,Dormant,recency 65 >= 45
M0018,C000564,Regular,no rule matched
M0018,C000002,Dormant,recency 151 >= 45
M0018,C000007,Dormant,recency 193 >= 45
M0018,C000440,Dormant,recency 83 >= 45
M0018,C000145,"Dormant,One-time",recency 208 >= 45; frequency == 1
M0018,C000178,Dormant,recency 171 >= 45
M0018,C000167,Dormant,recency 51 >= 45
M0018,C000183,"Dormant,High Value",recency 114 >= 45; total_spend 5972.00 >= p75 5805.48
M0018,C000095,Regular,no rule matched
M0018,C000483,"Dormant,One-time",recency 206 >= 45; frequency == 1
M0018,C000176,"Dormant,High Value",recency 160 >= 45; total_spend 6017.85 >= p75 5805.48
M0018,C000200,Dormant,recency 137 >= 45
M0018,C000136,"Dormant,One-time",recency 201 >= 45; frequency == 1
M0018,C000135,Dormant,recency 144 >= 45
M0018,C000161,"Dormant,High Value",recency 156 >= 45; total_spend 7975.14 >= p75 5805.48
M0018,C000423,"Dormant,One-time",recency 200 >= 45; frequency == 1
M0018,C000663,"Dormant,One-time",recency 200 >= 45; frequency == 1
M0018,C000013,Dormant,recency 126 >= 45
M0018,C000748,"Dormant,One-time",recency 198 >= 45; frequency == 1
M0018,C000156,"Dormant,One-time",recency 198 >= 45; frequency == 1
M0018,C000049,"High Value,Loyal",total_spend 13033.53 >= p75 5805.48; frequency 7 >= 5
M0018,C000672,"Dormant,One-time",recency 196 >= 45; frequency == 1
M0018,C000109,"Dormant,One-time",recency 195 >= 45; frequency == 1
M0018,C000130,"Dormant,One-time",recency 195 >= 45; frequency == 1
M0018,C000053,"Dormant,One-time",recency 195 >= 45; frequency == 1
M0018,C000497,Dormant,recency 172 >= 45
M0018,C000073,"High Value,Loyal",total_spend 7742.00 >= p75 5805.48; frequency 5 >= 5
M0018,C000141,"Dormant,One-time",recency 193 >= 45; frequency == 1
M0018,C000107,"Dormant,One-time",recency 191 >= 45; frequency == 1
M0018,C000876,Dormant,recency 117 >= 45
M0018,C000752,"Dormant,One-time",recency 191 >= 45; frequency == 1
M0018,C000725,Dormant,recency 93 >= 45
M0018,C000140,Dormant,recency 147 >= 45
M0018,C000160,"Dormant,One-time",recency 188 >= 45; frequency == 1
M0018,C000478,Dormant,recency 140 >= 45
M0018,C000797,"Dormant,One-time",recency 186 >= 45; frequency == 1
M0018,C000085,High Value,total_spend 6481.61 >= p75 5805.48
M0018,C000811,Dormant,recency 174 >= 45
M0018,C000114,"Dormant,One-time",recency 182 >= 45; frequency == 1
M0018,C000043,Dormant,recency 134 >= 45
M0018,C000850,"Dormant,One-time",recency 182 >= 45; frequency == 1
M0018,C000079,"Dormant,High Value",recency 49 >= 45; total_spend 7585.00 >= p75 5805.48
M0018,C000308,"Dormant,One-time",recency 181 >= 45; frequency == 1
M0018,C000149,"Dormant,One-time",recency 180 >= 45; frequency == 1
M0018,C000840,Dormant,recency 147 >= 45
M0018,C000772,Dormant,recency 131 >= 45
M0018,C000091,Dormant,recency 47 >= 45
M0018,C000871,Dormant,recency 90 >= 45
M0018,C000873,Dormant,recency 55 >= 45
M0018,C000822,"Dormant,One-time",recency 173 >= 45; frequency == 1
M0018,C000756,Dormant,recency 151 >= 45
M0018,C000036,Dormant,recency 51 >= 45
M0018,C000024,"High Value,Loyal",total_spend 15844.01 >= p75 5805.48; frequency 9 >= 5
M0018,C000151,Dormant,recency 154 >= 45
M0018,C000582,Dormant,recency 47 >= 45
M0018,C000139,Dormant,recency 158 >= 45
M0018,C000090,Regular,no rule matched
M0018,C000846,"Dormant,One-time",recency 163 >= 45; frequency == 1
M0018,C000087,"Dormant,One-time",recency 162 >= 45; frequency == 1
M0018,C000016,"Dormant,One-time",recency 160 >= 45; frequency == 1
M0018,C000565,Dormant,recency 149 >= 45
M0018,C000447,Regular,no rule matched
M0018,C000187,"Dormant,One-time",recency 158 >= 45; frequency == 1
M0018,C000115,"Dormant,One-time",recency 157 >= 45; frequency == 1
M0018,C000048,"Dormant,One-time",recency 155 >= 45; frequency == 1
M0018,C000118,Dormant,recency 143 >= 45
M0018,C000745,Dormant,recency 130 >= 45
M0018,C000608,"Dormant,One-time",recency 152 >= 45; frequency == 1
M0018,C000675,"Dormant,One-time",recency 152 >= 45; frequency == 1
M0018,C000768,Dormant,recency 149 >= 45
M0018,C000577,Regular,no rule matched
M0018,C000531,"Dormant,One-time",recency 149 >= 45; frequency == 1
M0018,C000888,"High Value,Loyal",total_spend 16774.67 >= p75 5805.48; frequency 9 >= 5
M0018,C000146,Dormant,recency 136 >= 45
M0018,C000460,Dormant,recency 47 >= 45
M0018,C000566,"Dormant,One-time",recency 146 >= 45; frequency == 1
M0018,C000441,Dormant,recency 138 >= 45
M0018,C000679,Regular,no rule matched
M0018,C000880,"High Value,Loyal",total_spend 10036.78 >= p75 5805.48; frequency 5 >= 5
M0018,C000031,Regular,no rule matched
M0018,C000879,"High Value,Loyal",total_spend 13859.93 >= p75 5805.48; frequency 9 >= 5
M0018,C000893,Dormant,recency 89 >= 45
M0018,C000894,High Value,total_spend 6455.62 >= p75 5805.48
M0018,C000037,"Dormant,One-time",recency 130 >= 45; frequency == 1
M0018,C000029,Dormant,recency 52 >= 45
M0018,C000553,High Value,total_spend 7348.57 >= p75 5805.48
M0018,C000103,"Dormant,One-time",recency 125 >= 45; frequency == 1
M0018,C000848,Dormant,recency 72 >= 45
M0018,C000837,"Dormant,High Value",recency 49 >= 45; total_spend 8745.43 >= p75 5805.48
M0018,C000434,"Dormant,One-time",recency 121 >= 45; frequency == 1
M0018,C000495,"Dormant,One-time",recency 121 >= 45; frequency == 1
M0018,C000340,"Dormant,One-time",recency 119 >= 45; frequency == 1
M0018,C000498,"Dormant,High Value",recency 49 >= 45; total_spend 5913.00 >= p75 5805.48
M0018,C000769,"Dormant,One-time",recency 111 >= 45; frequency == 1
M0018,C000892,Regular,no rule matched
M0018,C000432,"Dormant,One-time",recency 109 >= 45; frequency == 1
M0018,C000371,"Dormant,One-time",recency 109 >= 45; frequency == 1
M0018,C000886,"Dormant,One-time",recency 108 >= 45; frequency == 1
M0018,C000834,Dormant,recency 74 >= 45
M0018,C000399,"Dormant,One-time",recency 107 >= 45; frequency == 1
M0018,C000097,"Dormant,One-time",recency 106 >= 45; frequency == 1
M0018,C000858,"Dormant,One-time",recency 105 >= 45; frequency == 1
M0018,C000897,"Dormant,One-time",recency 105 >= 45; frequency == 1
M0018,C000055,Dormant,recency 57 >= 45
M0018,C000011,"Dormant,One-time",recency 102 >= 45; frequency == 1
M0018,C000062,Dormant,recency 84 >= 45
M0018,C000864,"Dormant,One-time",recency 100 >= 45; frequency == 1
M0018,C000010,"Dormant,One-time",recency 100 >= 45; frequency == 1
M0018,C000665,"Dormant,One-time",recency 98 >= 45; frequency == 1
M0018,C000709,"Dormant,One-time",recency 95 >= 45; frequency == 1
M0018,C000627,Regular,no rule matched
M0018,C000885,Regular,no rule matched
M0018,C000704,Regular,no rule matched
M0018,C000720,Regular,no rule matched
M0018,C000872,High Value,total_spend 8290.00 >= p75 5805.48
M0018,C000753,"Dormant,One-time",recency 92 >= 45; frequency == 1
M0018,C000545,"Dormant,High Value",recency 73 >= 45; total_spend 6356.00 >= p75 5805.48
M0018,C000069,"Dormant,One-time",recency 91 >= 45; frequency == 1
M0018,C000240,High Value,total_spend 8807.00 >= p75 5805.48
M0018,C000021,Regular,no rule matched
M0018,C000250,"Dormant,One-time",recency 86 >= 45; frequency == 1
M0018,C000685,"Dormant,One-time",recency 85 >= 45; frequency == 1
M0018,C000034,"Dormant,One-time",recency 83 >= 45; frequency == 1
M0018,C000397,"Dormant,One-time",recency 83 >= 45; frequency == 1
M0018,C000749,"Dormant,One-time",recency 81 >= 45; frequency == 1
M0018,C000683,"Dormant,One-time",recency 77 >= 45; frequency == 1
M0018,C000236,Regular,no rule matched
M0018,C000469,Dormant,recency 49 >= 45
M0018,C000358,"Dormant,One-time",recency 76 >= 45; frequency == 1
M0018,C000020,Dormant,recency 47 >= 45
M0018,C000462,Dormant,recency 52 >= 45
M0018,C000038,"Dormant,One-time",recency 72 >= 45; frequency == 1
M0018,C000516,"Dormant,One-time",recency 72 >= 45; frequency == 1
M0018,C000473,"Dormant,One-time",recency 70 >= 45; frequency == 1
M0018,C000648,"Dormant,One-time",recency 70 >= 45; frequency == 1
M0018,C000320,"Dormant,One-time",recency 69 >= 45; frequency == 1
M0018,C000386,"Dormant,One-time",recency 69 >= 45; frequency == 1
M0018,C000852,Regular,no rule matched
M0018,C000867,Regular,no rule matched
M0018,C000230,"Dormant,One-time",recency 65 >= 45; frequency == 1
M0018,C000063,"Dormant,One-time",recency 65 >= 45; frequency == 1
M0018,C000052,High Value,total_spend 9075.69 >= p75 5805.48
M0018,C000899,"Dormant,One-time",recency 63 >= 45; frequency == 1
M0018,C000729,"Dormant,One-time",recency 63 >= 45; frequency == 1
M0018,C000646,"Dormant,One-time",recency 57 >= 45; frequency == 1
M0018,C000369,"Dormant,One-time",recency 56 >= 45; frequency == 1
M0018,C000205,"Dormant,One-time",recency 55 >= 45; frequency == 1
M0018,C000224,Regular,no rule matched
M0018,C000241,Regular,no rule matched
M0018,C000838,Regular,no rule matched
M0018,C000232,"Dormant,One-time",recency 50 >= 45; frequency == 1
M0018,C000677,"Dormant,One-time",recency 50 >= 45; frequency == 1
M0018,C000246,Regular,no rule matched
M0018,C000275,"Dormant,One-time",recency 48 >= 45; frequency == 1
M0018,C000693,"Dormant,One-time",recency 46 >= 45; frequency == 1
M0018,C000253,One-time,frequency == 1
M0018,C000522,One-time,frequency == 1
M0018,C000288,Regular,no rule matched
M0018,C000269,Regular,no rule matched
M0018,C000896,One-time,frequency == 1
M0018,C000875,One-time,frequency == 1
M0018,C000584,One-time,frequency == 1
M0018,C000220,One-time,frequency == 1
M0018,C000688,One-time,frequency == 1
M0018,C000730,One-time,frequency == 1
M0018,C000649,One-time,frequency == 1
M0018,C000233,One-time,frequency == 1
M0018,C000591,One-time,frequency == 1
M0018,C000631,High Value,total_spend 6553.46 >= p75 5805.48
M0018,C000463,One-time,frequency == 1
M0018,C000210,Regular,no rule matched
M0018,C000235,One-time,frequency == 1
M0018,C000579,One-time,frequency == 1
M0018,C000479,One-time,frequency == 1
M0018,C000956,One-time,frequency == 1
M0018,C000444,One-time,frequency == 1
M0018,C000202,One-time,frequency == 1
M0018,C000842,One-time,frequency == 1
M0018,C000839,One-time,frequency == 1
M0018,C000448,One-time,frequency == 1
M0018,C000716,One-time,frequency == 1
M0018,C000742,One-time,frequency == 1
M0018,C000484,One-time,frequency == 1
M0018,C000280,One-time,frequency == 1
M0018,C000282,One-time,frequency == 1
M0019,C000174,"Dormant,High Value,Loyal",recency 169 >= 45; total_spend 169977.16 >= p75 49033.76; frequency 7 >= 5
M0019,C000163,"Dormant,High Value",recency 144 >= 45; total_spend 53010.21 >= p75 49033.76
M0019,C000169,Dormant,recency 171 >= 45
M0019,C000768,"Dormant,High Value,Loyal",recency 125 >= 45; total_spend 132657.46 >= p75 49033.76; frequency 6 >= 5
M0019,C000766,"Dormant,High Value,Loyal",recency 95 >= 45; total_spend 168380.55 >= p75 49033.76; frequency 6 >= 5
M0019,C000773,"Dormant,One-time",recency 272 >= 45; frequency == 1
M0019,C000818,Dormant,recency 248 >= 45
M0019,C000753,High Value,total_spend 61525.95 >= p75 49033.76
M0019,C000012,Dormant,recency 108 >= 45
M0019,C000877,"Dormant,High Value",recency 45 >= 45; total_spend 69759.68 >= p75 49033.76
M0019,C000781,Dormant,recency 178 >= 45
M0019,C000910,"Dormant,One-time",recency 271 >= 45; frequency == 1
M0019,C000706,"Dormant,One-time",recency 270 >= 45; frequency == 1
M0019,C000082,"Dormant,One-time",recency 270 >= 45; frequency == 1
M0019,C000478,"Dormant,One-time",recency 269 >= 45; frequency == 1
M0019,C000443,Dormant,recency 130 >= 45
M0019,C000698,"Dormant,High Value",recency 193 >= 45; total_spend 72601.44 >= p75 49033.76
M0019,C000796,Dormant,recency 172 >= 45
M0019,C000081,Dormant,recency 230 >= 45
M0019,C000199,"Dormant,High Value",recency 130 >= 45; total_spend 74811.78 >= p75 49033.76
M0019,C000496,"Dormant,One-time",recency 265 >= 45; frequency == 1
M0019,C000092,Dormant,recency 238 >= 45
M0019,C000143,Dormant,recency 227 >= 45
M0019,C000821,"Dormant,High Value,Loyal",recency 173 >= 45; total_spend 127893.34 >= p75 49033.76; frequency 5 >= 5
M0019,C000786,Dormant,recency 123 >= 45
M0019,C000026,Dormant,recency 246 >= 45
M0019,C000189,"Dormant,High Value,Loyal",recency 181 >= 45; total_spend 133259.61 >= p75 49033.76; frequency 5 >= 5
M0019,C000783,"Dormant,High Value,Loyal",recency 134 >= 45; total_spend 167989.92 >= p75 49033.76; frequency 8 >= 5
M0019,C000797,Dormant,recency 74 >= 45
M0019,C000770,"Dormant,High Value",recency 112 >= 45; total_spend 81963.12 >= p75 49033.76
M0019,C000437,Dormant,recency 122 >= 45
M0019,C000106,"Dormant,One-time",recency 262 >= 45; frequency == 1
M0019,C000795,"Dormant,One-time",recency 262 >= 45; frequency == 1
M0019,C000676,"Dormant,One-time",recency 261 >= 45; frequency == 1
M0019,C000918,"Dormant,One-time",recency 261 >= 45; frequency == 1
M0019,C000151,"Dormant,One-time",recency 260 >= 45; frequency == 1
M0019,C000764,"Dormant,High Value,Loyal",recency 198 >= 45; total_spend 118434.35 >= p75 49033.76; frequency 5 >= 5
M0019,C000776,"Dormant,One-time",recency 258 >= 45; frequency == 1
M0019,C000726,"Dormant,High Value",recency 181 >= 45; total_spend 61048.00 >= p75 49033.76
M0019,C000176,"Dormant,One-time",recency 258 >= 45; frequency == 1
M0019,C000790,"Dormant,High Value",recency 97 >= 45; total_spend 58197.12 >= p75 49033.76
M0019,C000153,"Dormant,High Value,Loyal",recency 147 >= 45; total_spend 181153.54 >= p75 49033.76; frequency 10 >= 5
M0019,C000734,Dormant,recency 173 >= 45
M0019,C000721,"Dormant,One-time",recency 255 >= 45; frequency == 1
M0019,C000784,"Dormant,One-time",recency 255 >= 45; frequency == 1
M0019,C000115,"Dormant,One-time",recency 255 >= 45; frequency == 1
M0019,C000037,"Dormant,High Value",recency 135 >= 45; total_spend 57725.00 >= p75 49033.76
M0019,C000673,"Dormant,One-time",recency 254 >= 45; frequency == 1
M0019,C000841,"Dormant,One-time",recency 253 >= 45; frequency == 1
M0019,C000859,"Dormant,One-time",recency 252 >= 45; frequency == 1
M0019,C000772,Dormant,recency 238 >= 45
M0019,C000005,"Dormant,High Value",recency 59 >= 45; total_spend 52967.00 >= p75 49033.76
M0019,C000109,Dormant,recency 147 >= 45
M0019,C000700,Dormant,recency 217 >= 45
M0019,C000430,"Dormant,High Value,Loyal",recency 56 >= 45; total_spend 59985.53 >= p75 49033.76; frequency 6 >= 5
M0019,C000460,Dormant,recency 87 >= 45
M0019,C000939,"Dormant,One-time",recency 250 >= 45; frequency == 1
M0019,C000438,Dormant,recency 225 >= 45
M0019,C000935,"Dormant,One-time",recency 249 >= 45; frequency == 1
M0019,C000476,Dormant,recency 58 >= 45
M0019,C000058,Dormant,recency 97 >= 45
M0019,C000097,"Dormant,High Value",recency 204 >= 45; total_spend 57952.90 >= p75 49033.76
M0019,C000762,"Dormant,One-time",recency 248 >= 45; frequency == 1
M0019,C000885,"Dormant,One-time",recency 248 >= 45; frequency == 1
M0019,C000804,"Dormant,One-time",recency 247 >= 45; frequency == 1
M0019,C000874,"Dormant,High Value",recency 45 >= 45; total_spend 93541.38 >= p75 49033.76
M0019,C000724,"Dormant,High Value",recency 127 >= 45; total_spend 92983.04 >= p75 49033.76
M0019,C000133,Dormant,recency 190 >= 45
M0019,C000063,Regular,no rule matched
M0019,C000119,"Dormant,One-time",recency 246 >= 45; frequency == 1
M0019,C000490,"Dormant,One-time",recency 245 >= 45; frequency == 1
M0019,C000193,Dormant,recency 227 >= 45
M0019,C000006,Dormant,recency 236 >= 45
M0019,C000105,"Dormant,One-time",recency 245 >= 45; frequency == 1
M0019,C000103,"Dormant,High Value",recency 147 >= 45; total_spend 75011.75 >= p75 49033.76
M0019,C000142,"Dormant,One-time",recency 244 >= 45; frequency == 1
M0019,C000102,"Dormant,One-time",recency 244 >= 45; frequency == 1
M0019,C000687,"Dormant,One-time",recency 243 >= 45; frequency == 1
M0019,C000720,"Dormant,High Value",recency 153 >= 45; total_spend 68213.00 >= p75 49033.76
M0019,C000809,Dormant,recency 125 >= 45
M0019,C000196,Dormant,recency 126 >= 45
M0019,C000016,"Dormant,One-time",recency 242 >= 45; frequency == 1
M0019,C000164,"Dormant,One-time",recency 241 >= 45; frequency == 1
M0019,C000833,Dormant,recency 90 >= 45
M0019,C000828,Dormant,recency 113 >= 45
M0019,C000124,Dormant,recency 137 >= 45
M0019,C000444,Dormant,recency 55 >= 45
M0019,C000815,"Dormant,One-time",recency 239 >= 45; frequency == 1
M0019,C000051,Dormant,recency 220 >= 45
M0019,C000448,Dormant,recency 98 >= 45
M0019,C000884,"Dormant,High Value",recency 77 >= 45; total_spend 72289.50 >= p75 49033.76
M0019,C000765,"Dormant,High Value,Loyal",recency 174 >= 45; total_spend 84714.40 >= p75 49033.76; frequency 5 >= 5
M0019,C000183,"Dormant,High Value",recency 119 >= 45; total_spend 54614.99 >= p75 49033.76
M0019,C000817,Dormant,recency 129 >= 45
M0019,C000140,"Dormant,High Value",recency 137 >= 45; total_spend 74420.00 >= p75 49033.76
M0019,C000160,"Dormant,One-time",recency 236 >= 45; frequency == 1
M0019,C000451,"Dormant,One-time",recency 235 >= 45; frequency == 1
M0019,C000126,Dormant,recency 103 >= 45
M0019,C000464,Dormant,recency 93 >= 45
M0019,C000932,Dormant,recency 224 >= 45
M0019,C000801,Dormant,recency 216 >= 45
M0019,C000190,Dormant,recency 125 >= 45
M0019,C000025,"Dormant,High Value",recency 58 >= 45; total_spend 87121.62 >= p75 49033.76
M0019,C000811,"Dormant,High Value,Loyal",recency 144 >= 45; total_spend 88459.45 >= p75 49033.76; frequency 5 >= 5
M0019,C000799,Dormant,recency 208 >= 45
M0019,C000808,"Dormant,High Value",recency 201 >= 45; total_spend 65938.75 >= p75 49033.76
M0019,C000710,"Dormant,High Value",recency 64 >= 45; total_spend 78642.00 >= p75 49033.76
M0019,C000707,"Dormant,High Value",recency 67 >= 45; total_spend 58689.13 >= p75 49033.76
M0019,C000132,"Dormant,High Value",recency 226 >= 45; total_spend 55200.00 >= p75 49033.76
M0019,C000099,"Dormant,High Value,Loyal",recency 64 >= 45; total_spend 122503.57 >= p75 49033.76; frequency 5 >= 5
M0019,C000067,High Value,total_spend 95881.38 >= p75 49033.76
M0019,C000054,"Dormant,High Value,Loyal",recency 103 >= 45; total_spend 149880.41 >= p75 49033.76; frequency 6 >= 5
M0019,C000188,"Dormant,High Value",recency 150 >= 45; total_spend 52553.00 >= p75 49033.76
M0019,C000179,"Dormant,High Value",recency 217 >= 45; total_spend 82662.00 >= p75 49033.76
M0019,C000155,"Dormant,One-time",recency 227 >= 45; frequency == 1
M0019,C000827,"Dormant,High Value,Loyal",recency 120 >= 45; total_spend 88190.62 >= p75 49033.76; frequency 5 >= 5
M0019,C000813,Dormant,recency 151 >= 45
M0019,C000107,"Dormant,One-time",recency 225 >= 45; frequency == 1
M0019,C000794,Dormant,recency 137 >= 45
M0019,C000060,"Dormant,High Value",recency 69 >= 45; total_spend 53634.86 >= p75 49033.76
M0019,C000499,Dormant,recency 165 >= 45
M0019,C000703,"Dormant,High Value,Loyal",recency 73 >= 45; total_spend 112660.77 >= p75 49033.76; frequency 6 >= 5
M0019,C000830,"Dormant,High Value",recency 134 >= 45; total_spend 57341.80 >= p75 49033.76
M0019,C000678,"Dormant,High Value",recency 107 >= 45; total_spend 103749.00 >= p75 49033.76
M0019,C000855,"Dormant,High Value",recency 66 >= 45; total_spend 63399.00 >= p75 49033.76
M0019,C000829,"Dormant,One-time",recency 220 >= 45; frequency == 1
M0019,C000127,"Dormant,One-time",recency 218 >= 45; frequency == 1
M0019,C000903,"Dormant,One-time",recency 217 >= 45; frequency == 1
M0019,C000021,"Dormant,One-time",recency 216 >= 45; frequency == 1
M0019,C000031,Dormant,recency 53 >= 45
M0019,C000017,"Dormant,High Value",recency 95 >= 45; total_spend 82257.79 >= p75 49033.76
M0019,C000787,Dormant,recency 86 >= 45
M0019,C000112,"Dormant,One-time",recency 213 >= 45; frequency == 1
M0019,C000803,"Dormant,High Value,Loyal",recency 74 >= 45; total_spend 134678.81 >= p75 49033.76; frequency 5 >= 5
M0019,C000840,"Dormant,One-time",recency 211 >= 45; frequency == 1
M0019,C000161,"Dormant,One-time",recency 211 >= 45; frequency == 1
M0019,C000159,Dormant,recency 127 >= 45
M0019,C000838,"Dormant,High Value",recency 45 >= 45; total_spend 54506.65 >= p75 49033.76
M0019,C000761,Dormant,recency 106 >= 45
M0019,C000036,Dormant,recency 65 >= 45
M0019,C000491,"Dormant,High Value,Loyal",recency 53 >= 45; total_spend 58437.01 >= p75 49033.76; frequency 5 >= 5
M0019,C000068,"Dormant,One-time",recency 208 >= 45; frequency == 1
M0019,C000894,"Dormant,High Value",recency 204 >= 45; total_spend 56573.68 >= p75 49033.76
M0019,C000636,"Dormant,One-time",recency 207 >= 45; frequency == 1
M0019,C000825,"Dormant,One-time",recency 207 >= 45; frequency == 1
M0019,C000495,"Dormant,One-time",recency 207 >= 45; frequency == 1
M0019,C000849,High Value,total_spend 121608.00 >= p75 49033.76
M0019,C000778,"Dormant,One-time",recency 207 >= 45; frequency == 1
M0019,C000792,"Dormant,One-time",recency 205 >= 45; frequency == 1
M0019,C000731,"Dormant,One-time",recency 205 >= 45; frequency == 1
M0019,C000046,"Dormant,High Value,Loyal",recency 46 >= 45; total_spend 109439.00 >= p75 49033.76; frequency 5 >= 5
M0019,C000191,"Dormant,One-time",recency 202 >= 45; frequency == 1
M0019,C000022,"Dormant,High Value",recency 82 >= 45; total_spend 69940.91 >= p75 49033.76
M0019,C000114,"Dormant,High Value",recency 133 >= 45; total_spend 56586.00 >= p75 49033.76
M0019,C000070,"Dormant,High Value,Loyal",recency 57 >= 45; total_spend 122774.55 >= p75 49033.76; frequency 5 >= 5
M0019,C000656,"Dormant,One-time",recency 200 >= 45; frequency == 1
M0019,C000147,"Dormant,One-time",recency 200 >= 45; frequency == 1
M0019,C000029,"Dormant,High Value",recency 108 >= 45; total_spend 76137.89 >= p75 49033.76
M0019,C000691,"Dormant,High Value,Loyal",recency 46 >= 45; total_spend 113433.16 >= p75 49033.76; frequency 5 >= 5
M0019,C000122,"Dormant,One-time",recency 198 >= 45; frequency == 1
M0019,C000130,"Dormant,One-time",recency 198 >= 45; frequency == 1
M0019,C000134,"Dormant,One-time",recency 196 >= 45; frequency == 1
M0019,C000455,Regular,no rule matched
M0019,C000744,"Dormant,One-time",recency 194 >= 45; frequency == 1
M0019,C000713,"Dormant,High Value",recency 71 >= 45; total_spend 57021.00 >= p75 49033.76
M0019,C000071,High Value,total_spend 70676.71 >= p75 49033.76
M0019,C000446,"Dormant,One-time",recency 187 >= 45; frequency == 1
M0019,C000093,"Dormant,One-time",recency 187 >= 45; frequency == 1
M0019,C000027,"Dormant,One-time",recency 186 >= 45; frequency == 1
M0019,C000171,"Dormant,High Value,One-time",recency 186 >= 45; total_spend 50000.00 >= p75 49033.76; frequency == 1
M0019,C000135,"Dormant,One-time",recency 186 >= 45; frequency == 1
M0019,C000782,"Dormant,One-time",recency 185 >= 45; frequency == 1
M0019,C000590,"Dormant,One-time",recency 185 >= 45; frequency == 1
M0019,C000091,"Dormant,One-time",recency 185 >= 45; frequency == 1
M0019,C000185,Dormant,recency 152 >= 45
M0019,C000425,"Dormant,One-time",recency 183 >= 45; frequency == 1
M0019,C000100,Dormant,recency 132 >= 45
M0019,C000123,"Dormant,One-time",recency 182 >= 45; frequency == 1
M0019,C000079,"Dormant,One-time",recency 178 >= 45; frequency == 1
M0019,C000789,Dormant,recency 105 >= 45
M0019,C000057,"Dormant,One-time",recency 174 >= 45; frequency == 1
M0019,C000042,"Dormant,One-time",recency 174 >= 45; frequency == 1
M0019,C000727,"Dormant,One-time",recency 172 >= 45; frequency == 1
M0019,C000475,"Dormant,One-time",recency 170 >= 45; frequency == 1
M0019,C000177,"Dormant,One-time",recency 162 >= 45; frequency == 1
M0019,C000843,"Dormant,One-time",recency 161 >= 45; frequency == 1
M0019,C000900,"Dormant,One-time",recency 161 >= 45; frequency == 1
M0019,C000881,"Dormant,High Value",recency 98 >= 45; total_spend 60115.69 >= p75 49033.76
M0019,C000003,Dormant,recency 137 >= 45
M0019,C000450,"Dormant,One-time",recency 154 >= 45; frequency == 1
M0019,C000846,"Dormant,High Value",recency 152 >= 45; total_spend 60334.11 >= p75 49033.76
M0019,C000439,"Dormant,One-time",recency 153 >= 45; frequency == 1
M0019,C000088,"Dormant,One-time",recency 152 >= 45; frequency == 1
M0019,C000850,"Dormant,One-time",recency 148 >= 45; frequency == 1
M0019,C000083,"Dormant,High Value",recency 54 >= 45; total_spend 77037.47 >= p75 49033.76
M0019,C000128,"Dormant,One-time",recency 145 >= 45; frequency == 1
M0019,C000166,"Dormant,One-time",recency 145 >= 45; frequency == 1
M0019,C000712,Dormant,recency 131 >= 45
M0019,C000432,"Dormant,One-time",recency 144 >= 45; frequency == 1
M0019,C000073,"Dormant,One-time",recency 144 >= 45; frequency == 1
M0019,C000087,"Dormant,High Value",recency 57 >= 45; total_spend 78613.56 >= p75 49033.76
M0019,C000002,"Dormant,High Value",recency 137 >= 45; total_spend 49033.76 >= p75 49033.76
M0019,C000873,Dormant,recency 86 >= 45
M0019,C000863,Dormant,recency 56 >= 45
M0019,C000704,"Dormant,One-time",recency 141 >= 45; frequency == 1
M0019,C000136,"Dormant,One-time",recency 141 >= 45; frequency == 1
M0019,C000839,Dormant,recency 72 >= 45
M0019,C000879,"Dormant,One-time",recency 140 >= 45; frequency == 1
M0019,C000751,"Dormant,High Value",recency 93 >= 45; total_spend 51959.78 >= p75 49033.76
M0019,C000035,"Dormant,One-time",recency 139 >= 45; frequency == 1
M0019,C000470,Dormant,recency 107 >= 45
M0019,C000468,Dormant,recency 80 >= 45
M0019,C000110,"Dormant,One-time",recency 133 >= 45; frequency == 1
M0019,C000343,"Dormant,One-time",recency 133 >= 45; frequency == 1
M0019,C000679,Dormant,recency 63 >= 45
M0019,C000116,"Dormant,One-time",recency 132 >= 45; frequency == 1
M0019,C000771,"Dormant,High Value",recency 108 >= 45; total_spend 69503.00 >= p75 49033.76
M0019,C000483,"Dormant,One-time",recency 126 >= 45; frequency == 1
M0019,C000755,"Dormant,One-time",recency 124 >= 45; frequency == 1
M0019,C000180,"Dormant,One-time",recency 123 >= 45; frequency == 1
M0019,C000592,"Dormant,One-time",recency 121 >= 45; frequency == 1
M0019,C000040,"Dormant,High Value",recency 84 >= 45; total_spend 63824.50 >= p75 49033.76
M0019,C000686,"Dormant,One-time",recency 118 >= 45; frequency == 1
M0019,C000013,Dormant,recency 117 >= 45
M0019,C000777,"Dormant,One-time",recency 118 >= 45; frequency == 1
M0019,C000084,"Dormant,One-time",recency 118 >= 45; frequency == 1
M0019,C000672,"Dormant,One-time",recency 118 >= 45; frequency == 1
M0019,C000893,"Dormant,One-time",recency 115 >= 45; frequency == 1
M0019,C000680,"Dormant,One-time",recency 114 >= 45; frequency == 1
M0019,C000074,"Dormant,One-time",recency 113 >= 45; frequency == 1
M0019,C000077,"Dormant,One-time",recency 112 >= 45; frequency == 1
M0019,C000836,"Dormant,One-time",recency 110 >= 45; frequency == 1
M0019,C000039,"Dormant,One-time",recency 109 >= 45; frequency == 1
M0019,C000061,Dormant,recency 103 >= 45
M0019,C000823,"Dormant,One-time",recency 100 >= 45; frequency == 1
M0019,C000887,"Dormant,High Value",recency 94 >= 45; total_spend 66439.00 >= p75 49033.76
M0019,C000756,"Dormant,One-time",recency 96 >= 45; frequency == 1
M0019,C000033,"Dormant,One-time",recency 96 >= 45; frequency == 1
M0019,C000835,Dormant,recency 64 >= 45
M0019,C000009,"Dormant,One-time",recency 94 >= 45; frequency == 1
M0019,C000871,"Dormant,High Value",recency 62 >= 45; total_spend 91052.00 >= p75 49033.76
M0019,C000019,"Dormant,One-time",recency 91 >= 45; frequency == 1
M0019,C000845,"Dormant,One-time",recency 91 >= 45; frequency == 1
M0019,C000327,Dormant,recency 75 >= 45
M0019,C000305,"Dormant,One-time",recency 89 >= 45; frequency == 1
M0019,C000467,"Dormant,One-time",recency 89 >= 45; frequency == 1
M0019,C000807,"Dormant,One-time",recency 86 >= 45; frequency == 1
M0019,C000820,"Dormant,One-time",recency 85 >= 45; frequency == 1
M0019,C000242,"Dormant,One-time",recency 81 >= 45; frequency == 1
M0019,C000252,"Dormant,One-time",recency 81 >= 45; frequency == 1
M0019,C000732,"Dormant,One-time",recency 80 >= 45; frequency == 1
M0019,C000233,"Dormant,One-time",recency 80 >= 45; frequency == 1
M0019,C000854,"Dormant,One-time",recency 80 >= 45; frequency == 1
M0019,C000053,"Dormant,One-time",recency 74 >= 45; frequency == 1
M0019,C000682,"Dormant,One-time",recency 71 >= 45; frequency == 1
M0019,C000421,"Dormant,One-time",recency 70 >= 45; frequency == 1
M0019,C000008,"Dormant,One-time",recency 65 >= 45; frequency == 1
M0019,C000484,"Dormant,One-time",recency 65 >= 45; frequency == 1
M0019,C000699,"Dormant,One-time",recency 65 >= 45; frequency == 1
M0019,C000411,"Dormant,One-time",recency 63 >= 45; frequency == 1
M0019,C000215,"Dormant,One-time",recency 62 >= 45; frequency == 1
M0019,C000503,"Dormant,One-time",recency 61 >= 45; frequency == 1
M0019,C000044,"Dormant,One-time",recency 61 >= 45; frequency == 1
M0019,C000856,"Dormant,One-time",recency 61 >= 45; frequency == 1
M0019,C000241,High Value,total_spend 50960.00 >= p75 49033.76
M0019,C000424,"Dormant,One-time",recency 56 >= 45; frequency == 1
M0019,C000271,"Dormant,One-time",recency 54 >= 45; frequency == 1
M0019,C000262,"Dormant,One-time",recency 52 >= 45; frequency == 1
M0019,C000575,"Dormant,One-time",recency 51 >= 45; frequency == 1
M0019,C000882,"Dormant,One-time",recency 51 >= 45; frequency == 1
M0019,C000749,"Dormant,One-time",recency 48 >= 45; frequency == 1
M0019,C000225,"Dormant,One-time",recency 47 >= 45; frequency == 1
M0019,C000876,"Dormant,One-time",recency 46 >= 45; frequency == 1
M0019,C000433,One-time,frequency == 1
M0019,C000347,One-time,frequency == 1
M0019,C000889,One-time,frequency == 1
M0019,C000608,One-time,frequency == 1
M0019,C000435,One-time,frequency == 1
M0019,C000282,One-time,frequency == 1
M0019,C000281,One-time,frequency == 1
M0019,C000851,One-time,frequency == 1
M0020,C000785,"Dormant,One-time",recency 275 >= 45; frequency == 1
M0020,C000673,"Dormant,High Value,Loyal",recency 90 >= 45; total_spend 20665.74 >= p75 9260.00; frequency 8 >= 5
M0020,C000791,"Dormant,High Value",recency 259 >= 45; total_spend 17114.00 >= p75 9260.00
M0020,C000430,"Dormant,One-time",recency 274 >= 45; frequency == 1
M0020,C000675,"Dormant,One-time",recency 274 >= 45; frequency == 1
M0020,C000812,"Dormant,High Value",recency 188 >= 45; total_spend 18656.92 >= p75 9260.00
M0020,C000794,"Dormant,High Value",recency 146 >= 45; total_spend 15088.72 >= p75 9260.00
M0020,C000162,Dormant,recency 231 >= 45
M0020,C000016,"Dormant,High Value,Loyal",recency 49 >= 45; total_spend 29140.34 >= p75 9260.00; frequency 8 >= 5
M0020,C000770,"Dormant,High Value",recency 84 >= 45; total_spend 11751.00 >= p75 9260.00
M0020,C000763,Dormant,recency 92 >= 45
M0020,C000100,"Dormant,One-time",recency 271 >= 45; frequency == 1
M0020,C000750,Dormant,recency 128 >= 45
M0020,C000776,Dormant,recency 228 >= 45
M0020,C000113,"Dormant,High Value",recency 143 >= 45; total_spend 10739.00 >= p75 9260.00
M0020,C000827,"Dormant,High Value",recency 174 >= 45; total_spend 12882.86 >= p75 9260.00
M0020,C000186,"Dormant,High Value",recency 217 >= 45; total_spend 12046.00 >= p75 9260.00
M0020,C000118,"Dormant,High Value,Loyal",recency 155 >= 45; total_spend 18046.00 >= p75 9260.00; frequency 5 >= 5
M0020,C000484,"Dormant,One-time",recency 269 >= 45; frequency == 1
M0020,C000490,Dormant,recency 46 >= 45
M0020,C000942,"Dormant,One-time",recency 268 >= 45; frequency == 1
M0020,C000002,"Dormant,High Value",recency 197 >= 45; total_spend 11166.07 >= p75 9260.00
M0020,C000779,"Dormant,High Value",recency 255 >= 45; total_spend 9949.81 >= p75 9260.00
M0020,C000178,Dormant,recency 184 >= 45
M0020,C000146,"Dormant,One-time",recency 266 >= 45; frequency == 1
M0020,C000825,"Dormant,High Value,Loyal",recency 172 >= 45; total_spend 21666.00 >= p75 9260.00; frequency 5 >= 5
M0020,C000035,"Dormant,One-time",recency 266 >= 45; frequency == 1
M0020,C000172,"Dormant,High Value",recency 203 >= 45; total_spend 12946.00 >= p75 9260.00
M0020,C000033,"Dormant,High Value",recency 131 >= 45; total_spend 18925.56 >= p75 9260.00
M0020,C000830,Dormant,recency 152 >= 45
M0020,C000182,Dormant,recency 248 >= 45
M0020,C000709,"Dormant,One-time",recency 264 >= 45; frequency == 1
M0020,C000165,Dormant,recency 247 >= 45
M0020,C000126,"Dormant,One-time",recency 264 >= 45; frequency == 1
M0020,C000829,Dormant,recency 258 >= 45
M0020,C000495,"High Value,Loyal",total_spend 17217.48 >= p75 9260.00; frequency 7 >= 5
M0020,C000442,Dormant,recency 168 >= 45
M0020,C000895,"Dormant,One-time",recency 260 >= 45; frequency == 1
M0020,C000149,"Dormant,High Value",recency 174 >= 45; total_spend 12706.00 >= p75 9260.00
M0020,C000062,"Dormant,High Value",recency 167 >= 45; total_spend 11831.69 >= p75 9260.00
M0020,C000912,Dormant,recency 226 >= 45
M0020,C000059,"Dormant,One-time",recency 257 >= 45; frequency == 1
M0020,C000164,"Dormant,High Value",recency 242 >= 45; total_spend 10506.84 >= p75 9260.00
M0020,C000018,"Dormant,One-time",recency 256 >= 45; frequency == 1
M0020,C000768,Dormant,recency 252 >= 45
M0020,C000150,Dormant,recency 244 >= 45
M0020,C000135,"Dormant,High Value",recency 171 >= 45; total_spend 16768.00 >= p75 9260.00
M0020,C000773,"Dormant,High Value",recency 150 >= 45; total_spend 19527.32 >= p75 9260.00
M0020,C000085,Dormant,recency 130 >= 45
M0020,C000764,Dormant,recency 208 >= 45
M0020,C000811,"Dormant,High Value",recency 177 >= 45; total_spend 18425.60 >= p75 9260.00
M0020,C000151,"Dormant,One-time",recency 253 >= 45; frequency == 1
M0020,C000754,"Dormant,One-time",recency 253 >= 45; frequency == 1
M0020,C000745,High Value,total_spend 9452.00 >= p75 9260.00
M0020,C000136,"Dormant,High Value",recency 139 >= 45; total_spend 18680.79 >= p75 9260.00
M0020,C000816,"Dormant,High Value",recency 101 >= 45; total_spend 11654.95 >= p75 9260.00
M0020,C000689,"Dormant,High Value",recency 73 >= 45; total_spend 10949.00 >= p75 9260.00
M0020,C000771,Dormant,recency 112 >= 45
M0020,C000915,Dormant,recency 250 >= 45
M0020,C000894,"Dormant,High Value",recency 56 >= 45; total_spend 10411.15 >= p75 9260.00
M0020,C000466,Dormant,recency 65 >= 45
M0020,C000197,Dormant,recency 161 >= 45
M0020,C000065,Dormant,recency 142 >= 45
M0020,C000705,"Dormant,One-time",recency 249 >= 45; frequency == 1
M0020,C000678,Dormant,recency 125 >= 45
M0020,C000468,Dormant,recency 121 >= 45
M0020,C000744,"Dormant,One-time",recency 248 >= 45; frequency == 1
M0020,C000494,Dormant,recency 63 >= 45
M0020,C000142,"Dormant,One-time",recency 247 >= 45; frequency == 1
M0020,C000171,"Dormant,One-time",recency 247 >= 45; frequency == 1
M0020,C000124,"Dormant,One-time",recency 247 >= 45; frequency == 1
M0020,C000824,"Dormant,One-time",recency 246 >= 45; frequency == 1
M0020,C000775,"Dormant,One-time",recency 246 >= 45; frequency == 1
M0020,C000110,"Dormant,One-time",recency 246 >= 45; frequency == 1
M0020,C000127,Dormant,recency 158 >= 45
M0020,C000103,"Dormant,High Value",recency 144 >= 45; total_spend 18242.43 >= p75 9260.00
M0020,C000161,Dormant,recency 143 >= 45
M0020,C000460,"Dormant,One-time",recency 243 >= 45; frequency == 1
M0020,C000435,Dormant,recency 193 >= 45
M0020,C000726,Dormant,recency 168 >= 45
M0020,C000141,"Dormant,One-time",recency 242 >= 45; frequency == 1
M0020,C000704,"High Value,Loyal",total_spend 23261.20 >= p75 9260.00; frequency 5 >= 5
M0020,C000786,Dormant,recency 142 >= 45
M0020,C000736,"Dormant,One-time",recency 241 >= 45; frequency == 1
M0020,C000760,Dormant,recency 86 >= 45
M0020,C000005,"Dormant,High Value",recency 85 >= 45; total_spend 13881.00 >= p75 9260.00
M0020,C000714,"Dormant,One-time",recency 239 >= 45; frequency == 1
M0020,C000694,"Dormant,High Value",recency 101 >= 45; total_spend 10165.51 >= p75 9260.00
M0020,C000810,"Dormant,One-time",recency 238 >= 45; frequency == 1
M0020,C000766,"Dormant,High Value",recency 181 >= 45; total_spend 12318.68 >= p75 9260.00
M0020,C000166,"Dormant,One-time",recency 237 >= 45; frequency == 1
M0020,C000188,"Dormant,High Value,Loyal",recency 105 >= 45; total_spend 21281.00 >= p75 9260.00; frequency 5 >= 5
M0020,C000777,"Dormant,High Value",recency 154 >= 45; total_spend 15315.27 >= p75 9260.00
M0020,C000753,Dormant,recency 141 >= 45
M0020,C000075,"Dormant,One-time",recency 235 >= 45; frequency == 1
M0020,C000805,Dormant,recency 110 >= 45
M0020,C000713,Dormant,recency 122 >= 45
M0020,C000137,Dormant,recency 96 >= 45
M0020,C000853,"Dormant,High Value",recency 50 >= 45; total_spend 9648.00 >= p75 9260.00
M0020,C000003,"Dormant,High Value",recency 85 >= 45; total_spend 9260.00 >= p75 9260.00
M0020,C000102,"Dormant,High Value",recency 125 >= 45; total_spend 13556.83 >= p75 9260.00
M0020,C000043,Dormant,recency 117 >= 45
M0020,C000800,"Dormant,High Value,Loyal",recency 95 >= 45; total_spend 11660.86 >= p75 9260.00; frequency 5 >= 5
M0020,C000874,"Dormant,High Value",recency 111 >= 45; total_spend 11505.47 >= p75 9260.00
M0020,C000106,"Dormant,One-time",recency 228 >= 45; frequency == 1
M0020,C000680,"Dormant,One-time",recency 227 >= 45; frequency == 1
M0020,C000444,Dormant,recency 122 >= 45
M0020,C000740,"Dormant,One-time",recency 227 >= 45; frequency == 1
M0020,C000004,Dormant,recency 138 >= 45
M0020,C000010,Dormant,recency 73 >= 45
M0020,C000057,"Dormant,One-time",recency 223 >= 45; frequency == 1
M0020,C000936,"Dormant,One-time",recency 222 >= 45; frequency == 1
M0020,C000809,Dormant,recency 201 >= 45
M0020,C000431,Dormant,recency 126 >= 45
M0020,C000183,"Dormant,One-time",recency 221 >= 45; frequency == 1
M0020,C000133,Dormant,recency 144 >= 45
M0020,C000074,Dormant,recency 124 >= 45
M0020,C000131,"Dormant,High Value",recency 100 >= 45; total_spend 21456.00 >= p75 9260.00
M0020,C000191,Dormant,recency 173 >= 45
M0020,C000041,"Dormant,High Value",recency 47 >= 45; total_spend 15638.28 >= p75 9260.00
M0020,C000707,"High Value,Loyal",total_spend 12710.31 >= p75 9260.00; frequency 5 >= 5
M0020,C000158,"Dormant,High Value",recency 125 >= 45; total_spend 12228.68 >= p75 9260.00
M0020,C000020,"Dormant,High Value",recency 62 >= 45; total_spend 9532.00 >= p75 9260.00
M0020,C000757,Regular,no rule matched
M0020,C000862,"Dormant,High Value",recency 64 >= 45; total_spend 21336.11 >= p75 9260.00
M0020,C000056,Dormant,recency 110 >= 45
M0020,C000724,"Dormant,One-time",recency 214 >= 45; frequency == 1
M0020,C000632,"Dormant,One-time",recency 214 >= 45; frequency == 1
M0020,C000189,"Dormant,One-time",recency 214 >= 45; frequency == 1
M0020,C000867,"Dormant,One-time",recency 212 >= 45; frequency == 1
M0020,C000112,Dormant,recency 165 >= 45
M0020,C000870,"Dormant,High Value,Loyal",recency 52 >= 45; total_spend 18032.41 >= p75 9260.00; frequency 5 >= 5
M0020,C000099,Regular,no rule matched
M0020,C000174,Dormant,recency 131 >= 45
M0020,C000730,High Value,total_spend 20289.00 >= p75 9260.00
M0020,C000583,"Dormant,One-time",recency 202 >= 45; frequency == 1
M0020,C000073,"Dormant,One-time",recency 200 >= 45; frequency == 1
M0020,C000463,Dormant,recency 137 >= 45
M0020,C000454,"Dormant,High Value,Loyal",recency 103 >= 45; total_spend 10103.88 >= p75 9260.00; frequency 5 >= 5
M0020,C000200,"Dormant,One-time",recency 198 >= 45; frequency == 1
M0020,C000015,"Dormant,High Value",recency 75 >= 45; total_spend 11436.54 >= p75 9260.00
M0020,C000157,"Dormant,One-time",recency 197 >= 45; frequency == 1
M0020,C000883,"Dormant,One-time",recency 196 >= 45; frequency == 1
M0020,C000793,"Dormant,One-time",recency 196 >= 45; frequency == 1
M0020,C000111,"Dormant,One-time",recency 195 >= 45; frequency == 1
M0020,C000021,"Dormant,High Value",recency 122 >= 45; total_spend 10812.00 >= p75 9260.00
M0020,C000071,"Dormant,High Value",recency 62 >= 45; total_spend 12032.62 >= p75 9260.00
M0020,C000574,"Dormant,One-time",recency 193 >= 45; frequency == 1
M0020,C000801,"Dormant,One-time",recency 192 >= 45; frequency == 1
M0020,C000849,"Dormant,One-time",recency 191 >= 45; frequency == 1
M0020,C000873,"Dormant,High Value",recency 113 >= 45; total_spend 9328.05 >= p75 9260.00
M0020,C000562,"Dormant,One-time",recency 191 >= 45; frequency == 1
M0020,C000828,"Dormant,One-time",recency 190 >= 45; frequency == 1
M0020,C000470,Dormant,recency 63 >= 45
M0020,C000815,"Dormant,High Value",recency 105 >= 45; total_spend 10797.00 >= p75 9260.00
M0020,C000861,"Dormant,High Value,Loyal",recency 53 >= 45; total_spend 19143.00 >= p75 9260.00; frequency 6 >= 5
M0020,C000720,"Dormant,One-time",recency 188 >= 45; frequency == 1
M0020,C000432,"Dormant,One-time",recency 186 >= 45; frequency == 1
M0020,C000738,"Dormant,One-time",recency 186 >= 45; frequency == 1
M0020,C000792,"Dormant,High Value",recency 150 >= 45; total_spend 10565.00 >= p75 9260.00
M0020,C000115,"Dormant,High Value",recency 131 >= 45; total_spend 12207.00 >= p75 9260.00
M0020,C000050,"Dormant,High Value",recency 136 >= 45; total_spend 20695.46 >= p75 9260.00
M0020,C000727,"Dormant,High Value",recency 92 >= 45; total_spend 12998.27 >= p75 9260.00
M0020,C000758,"Dormant,One-time",recency 181 >= 45; frequency == 1
M0020,C000195,"Dormant,One-time",recency 181 >= 45; frequency == 1
M0020,C000011,"Dormant,One-time",recency 180 >= 45; frequency == 1
M0020,C000880,"Dormant,One-time",recency 178 >= 45; frequency == 1
M0020,C000885,Dormant,recency 111 >= 45
M0020,C000086,Dormant,recency 84 >= 45
M0020,C000042,"Dormant,One-time",recency 176 >= 45; frequency == 1
M0020,C000029,Dormant,recency 104 >= 45
M0020,C000897,Dormant,recency 123 >= 45
M0020,C000052,"Dormant,One-time",recency 174 >= 45; frequency == 1
M0020,C000609,"Dormant,One-time",recency 174 >= 45; frequency == 1
M0020,C000066,"Dormant,One-time",recency 173 >= 45; frequency == 1
M0020,C000681,"Dormant,High Value",recency 95 >= 45; total_spend 10994.76 >= p75 9260.00
M0020,C000718,"Dormant,High Value",recency 103 >= 45; total_spend 10570.00 >= p75 9260.00
M0020,C000820,"Dormant,High Value",recency 121 >= 45; total_spend 13072.00 >= p75 9260.00
M0020,C000844,Regular,no rule matched
M0020,C000781,"Dormant,High Value",recency 139 >= 45; total_spend 9500.00 >= p75 9260.00
M0020,C000461,"Dormant,One-time",recency 167 >= 45; frequency == 1
M0020,C000037,"Dormant,One-time",recency 166 >= 45; frequency == 1
M0020,C000179,Dormant,recency 142 >= 45
M0020,C000552,"Dormant,One-time",recency 166 >= 45; frequency == 1
M0020,C000856,Dormant,recency 151 >= 45
M0020,C000009,"Dormant,High Value",recency 86 >= 45; total_spend 10957.00 >= p75 9260.00
M0020,C000109,"Dormant,One-time",recency 161 >= 45; frequency == 1
M0020,C000079,"Dormant,One-time",recency 159 >= 45; frequency == 1
M0020,C000767,"Dormant,One-time",recency 157 >= 45; frequency == 1
M0020,C000147,"Dormant,One-time",recency 157 >= 45; frequency == 1
M0020,C000039,Dormant,recency 140 >= 45
M0020,C000683,"Dormant,High Value",recency 132 >= 45; total_spend 13356.00 >= p75 9260.00
M0020,C000674,"Dormant,One-time",recency 153 >= 45; frequency == 1
M0020,C000821,"Dormant,High Value",recency 94 >= 45; total_spend 13136.00 >= p75 9260.00
M0020,C000077,"Dormant,High Value",recency 102 >= 45; total_spend 13540.33 >= p75 9260.00
M0020,C000845,Dormant,recency 83 >= 45
M0020,C000143,"Dormant,One-time",recency 147 >= 45; frequency == 1
M0020,C000872,Dormant,recency 66 >= 45
M0020,C000139,"Dormant,One-time",recency 144 >= 45; frequency == 1
M0020,C000676,High Value,total_spend 9554.00 >= p75 9260.00
M0020,C000032,"Dormant,One-time",recency 143 >= 45; frequency == 1
M0020,C000798,"Dormant,One-time",recency 141 >= 45; frequency == 1
M0020,C000701,"Dormant,One-time",recency 141 >= 45; frequency == 1
M0020,C000721,Dormant,recency 110 >= 45
M0020,C000130,"Dormant,One-time",recency 141 >= 45; frequency == 1
M0020,C000193,"Dormant,One-time",recency 140 >= 45; frequency == 1
M0020,C000761,"Dormant,One-time",recency 137 >= 45; frequency == 1
M0020,C000464,"Dormant,One-time",recency 136 >= 45; frequency == 1
M0020,C000012,"Dormant,One-time",recency 133 >= 45; frequency == 1
M0020,C000613,"Dormant,One-time",recency 132 >= 45; frequency == 1
M0020,C000497,"Dormant,One-time",recency 131 >= 45; frequency == 1
M0020,C000329,"Dormant,One-time",recency 129 >= 45; frequency == 1
M0020,C000536,"Dormant,One-time",recency 128 >= 45; frequency == 1
M0020,C000843,"Dormant,One-time",recency 127 >= 45; frequency == 1
M0020,C000093,"Dormant,One-time",recency 127 >= 45; frequency == 1
M0020,C000175,"Dormant,One-time",recency 127 >= 45; frequency == 1
M0020,C000153,"Dormant,One-time",recency 125 >= 45; frequency == 1
M0020,C000743,"Dormant,One-time",recency 121 >= 45; frequency == 1
M0020,C000783,"Dormant,One-time",recency 120 >= 45; frequency == 1
M0020,C000080,"Dormant,One-time",recency 119 >= 45; frequency == 1
M0020,C000807,"Dormant,One-time",recency 119 >= 45; frequency == 1
M0020,C000044,Dormant,recency 115 >= 45
M0020,C000618,"Dormant,One-time",recency 118 >= 45; frequency == 1
M0020,C000081,"Dormant,One-time",recency 117 >= 45; frequency == 1
M0020,C000446,"Dormant,One-time",recency 117 >= 45; frequency == 1
M0020,C000375,"Dormant,One-time",recency 114 >= 45; frequency == 1
M0020,C000024,"Dormant,One-time",recency 113 >= 45; frequency == 1
M0020,C000715,Dormant,recency 85 >= 45
M0020,C000007,"Dormant,High Value",recency 93 >= 45; total_spend 11027.00 >= p75 9260.00
M0020,C000028,"Dormant,One-time",recency 112 >= 45; frequency == 1
M0020,C000837,"Dormant,One-time",recency 110 >= 45; frequency == 1
M0020,C000064,"Dormant,One-time",recency 110 >= 45; frequency == 1
M0020,C000890,"Dormant,High Value",recency 62 >= 45; total_spend 13528.16 >= p75 9260.00
M0020,C000022,"Dormant,One-time",recency 107 >= 45; frequency == 1
M0020,C000690,"Dormant,One-time",recency 105 >= 45; frequency == 1
M0020,C000488,"Dormant,One-time",recency 104 >= 45; frequency == 1
M0020,C000896,Dormant,recency 87 >= 45
M0020,C000058,"Dormant,One-time",recency 102 >= 45; frequency == 1
M0020,C000293,"Dormant,One-time",recency 100 >= 45; frequency == 1
M0020,C000797,"Dormant,One-time",recency 95 >= 45; frequency == 1
M0020,C000364,"Dormant,One-time",recency 94 >= 45; frequency == 1
M0020,C000434,"Dormant,One-time",recency 94 >= 45; frequency == 1
M0020,C000409,Dormant,recency 76 >= 45
M0020,C000428,Dormant,recency 67 >= 45
M0020,C000269,"Dormant,One-time",recency 92 >= 45; frequency == 1
M0020,C000854,"Dormant,One-time",recency 91 >= 45; frequency == 1
M0020,C000471,"Dormant,One-time",recency 86 >= 45; frequency == 1
M0020,C000691,Dormant,recency 76 >= 45
M0020,C000846,Dormant,recency 73 >= 45
M0020,C000046,"Dormant,One-time",recency 84 >= 45; frequency == 1
M0020,C000292,"Dormant,One-time",recency 84 >= 45; frequency == 1
M0020,C000881,"Dormant,One-time",recency 82 >= 45; frequency == 1
M0020,C000749,"Dormant,High Value",recency 67 >= 45; total_spend 10392.19 >= p75 9260.00
M0020,C000089,"Dormant,One-time",recency 78 >= 45; frequency == 1
M0020,C000804,"Dormant,One-time",recency 75 >= 45; frequency == 1
M0020,C000426,"Dormant,One-time",recency 74 >= 45; frequency == 1
M0020,C000096,Dormant,recency 54 >= 45
M0020,C000451,Regular,no rule matched
M0020,C000748,"Dormant,High Value",recency 58 >= 45; total_spend 11735.92 >= p75 9260.00
M0020,C000473,"Dormant,One-time",recency 66 >= 45; frequency == 1
M0020,C000486,"Dormant,One-time",recency 66 >= 45; frequency == 1
M0020,C000441,"Dormant,One-time",recency 64 >= 45; frequency == 1
M0020,C000253,"Dormant,One-time",recency 64 >= 45; frequency == 1
M0020,C000067,"Dormant,One-time",recency 63 >= 45; frequency == 1
M0020,C000070,Regular,no rule matched
M0020,C000878,"Dormant,One-time",recency 61 >= 45; frequency == 1
M0020,C000887,"Dormant,One-time",recency 60 >= 45; frequency == 1
M0020,C000246,"Dormant,One-time",recency 60 >= 45; frequency == 1
M0020,C000577,"Dormant,One-time",recency 58 >= 45; frequency == 1
M0020,C000892,Regular,no rule matched
M0020,C000855,"Dormant,One-time",recency 56 >= 45; frequency == 1
M0020,C000645,"Dormant,One-time",recency 53 >= 45; frequency == 1
M0020,C000090,"Dormant,One-time",recency 53 >= 45; frequency == 1
M0020,C000474,"Dormant,One-time",recency 51 >= 45; frequency == 1
M0020,C000703,"Dormant,One-time",recency 47 >= 45; frequency == 1
M0020,C000091,"Dormant,One-time",recency 45 >= 45; frequency == 1
M0020,C000231,One-time,frequency == 1
M0020,C000838,One-time,frequency == 1
M0020,C000863,One-time,frequency == 1
M0020,C000625,One-time,frequency == 1
M0020,C000480,One-time,frequency == 1
M0020,C000858,One-time,frequency == 1
M0020,C000258,One-time,frequency == 1
